@calls 1 0
@calls 1 1
@calls 2 1
@calls 2 2
@calls 3 2
@calls 3 3
@calls 4 3
@calls 4 4
@calls 5 4
@calls 5 5
@calls 6 5
@calls 6 6
@calls 7 6
@calls 7 7
@calls 8 7
@calls 8 8
@calls 9 8
@calls 9 9
@calls 10 9
@calls 10 10
@calls 11 10
@calls 11 11
@calls 12 11
@calls 12 12
@calls 13 12
@calls 13 13
@calls 14 13
@calls 14 14
@calls 15 14
@calls 15 15
@calls 16 15
@calls 16 16
@calls 17 16
@calls 17 17
@calls 18 17
@calls 18 18
@calls 19 18
@calls 19 19
@calls 20 19
@calls 20 20
@calls 21 20
@calls 21 21
@calls 22 21
@calls 22 22
@calls 23 22
@calls 23 23
@calls 24 23
@calls 24 24
@calls 25 24
@calls 25 25
@calls 26 25
@calls 26 26
@calls 27 26
@calls 27 27
@calls 28 27
@calls 28 28
@calls 29 28
@calls 29 29
@calls 30 29
@calls 30 30
@calls 31 30
@calls 31 31
@calls 32 31
@calls 32 32
@calls 33 32
@calls 33 33
@calls 34 33
@calls 34 34
@calls 35 34
@calls 35 35
@calls 36 35
@calls 36 36
@calls 37 36
@calls 37 37
@calls 38 37
@calls 38 38
@calls 39 38
@calls 39 39
@calls 40 39
@calls 40 40
@calls 41 40
@calls 41 41
@calls 42 41
@calls 42 42
@calls 43 42
@calls 43 43
@calls 44 43
@calls 44 44
@calls 45 44
@calls 45 45
@calls 46 45
@calls 46 46
@calls 47 46
@calls 47 47
@calls 48 47
@calls 48 48
@calls 49 48
@calls 49 49
@calls 50 49
@calls 50 50
@calls 51 50
@calls 51 51
@calls 52 51
@calls 52 52
@calls 53 52
@calls 53 53
@calls 54 53
@calls 54 54
@calls 55 54
@calls 55 55
@calls 56 55
@calls 56 56
@calls 57 56
@calls 57 57
@calls 58 57
@calls 58 58
@calls 59 58
@calls 59 59
@calls 60 59
@calls 60 60
@calls 61 60
@calls 61 61
@calls 62 61
@calls 62 62
@calls 63 62
@calls 63 63
@calls 64 63
@calls 64 64
@calls 65 64
@calls 65 65
@calls 66 65
@calls 66 66
@calls 67 66
@calls 67 67
@calls 68 67
@calls 68 68
@calls 69 68
@calls 69 69
@calls 70 69
@calls 70 70
@calls 71 70
@calls 71 71
@calls 72 71
@calls 72 72
@calls 73 72
@calls 73 73
@calls 74 73
@calls 74 74
@calls 75 74
@calls 75 75
@calls 76 75
@calls 76 76
@calls 77 76
@calls 77 77
@calls 78 77
@calls 78 78
@calls 79 78
@calls 79 79
@calls 80 79
@calls 80 80
@calls 81 80
@calls 81 81
@calls 82 81
@calls 82 82
@calls 83 82
@calls 83 83
@calls 84 83
@calls 84 84
@calls 85 84
@calls 85 85
@calls 86 85
@calls 86 86
@calls 87 86
@calls 87 87
@calls 88 87
@calls 88 88
@calls 89 88
@calls 89 89
@calls 90 89
@calls 90 90
@calls 91 90
@calls 91 91
@calls 92 91
@calls 92 92
@calls 93 92
@calls 93 93
@calls 94 93
@calls 94 94
@calls 95 94
@calls 95 95
@calls 96 95
@calls 96 96
@calls 97 96
@calls 97 97
@calls 98 97
@calls 98 98
@calls 99 98
@calls 99 99
@calls 100 99
@calls 100 100
@calls 101 100
@calls 101 101
@calls 102 101
@calls 102 102
@calls 103 102
@calls 103 103
@calls 104 103
@calls 104 104
@calls 105 104
@calls 105 105
@calls 106 105
@calls 106 106
@calls 107 106
@calls 107 107
@calls 108 107
@calls 108 108
@calls 109 108
@calls 109 109
@calls 110 109
@calls 110 110
@calls 111 110
@calls 111 111
@calls 112 111
@calls 112 112
@calls 113 112
@calls 113 113
@calls 114 113
@calls 114 114
@calls 115 114
@calls 115 115
@calls 116 115
@calls 116 116
@calls 117 116
@calls 117 117
@calls 118 117
@calls 118 118
@calls 119 118
@calls 119 119
@calls 120 119
@calls 120 120
@calls 121 120
@calls 121 121
@calls 122 121
@calls 122 122
@calls 123 122
@calls 123 123
@calls 124 123
@calls 124 124
@calls 125 124
@calls 125 125
@calls 126 125
@calls 126 126
@calls 127 126
@calls 127 127
@calls 128 127
@calls 128 128
@calls 129 128
@calls 129 129
@calls 130 129
@calls 130 130
@calls 131 130
@calls 131 131
@calls 132 131
@calls 132 132
@calls 133 132
@calls 133 133
@calls 134 133
@calls 134 134
@calls 135 134
@calls 135 135
@calls 136 135
@calls 136 136
@calls 137 136
@calls 137 137
@calls 138 137
@calls 138 138
@calls 139 138
@calls 139 139
@calls 140 139
@calls 140 140
@calls 141 140
@calls 141 141
@calls 142 141
@calls 142 142
@calls 143 142
@calls 143 143
@calls 144 143
@calls 144 144
@calls 145 144
@calls 145 145
@calls 146 145
@calls 146 146
@calls 147 146
@calls 147 147
@calls 148 147
@calls 148 148
@calls 149 148
@calls 149 149
@calls 150 149
@calls 150 150
@calls 151 150
@calls 151 151
@calls 152 151
@calls 152 152
@calls 153 152
@calls 153 153
@calls 154 153
@calls 154 154
@calls 155 154
@calls 155 155
@calls 156 155
@calls 156 156
@calls 157 156
@calls 157 157
@calls 158 157
@calls 158 158
@calls 159 158
@calls 159 159
@calls 160 159
@calls 160 160
@calls 161 160
@calls 161 161
@calls 162 161
@calls 162 162
@calls 163 162
@calls 163 163
@calls 164 163
@calls 164 164
@calls 165 164
@calls 165 165
@calls 166 165
@calls 166 166
@calls 167 166
@calls 167 167
@calls 168 167
@calls 168 168
@calls 169 168
@calls 169 169
@calls 170 169
@calls 170 170
@calls 171 170
@calls 171 171
@calls 172 171
@calls 172 172
@calls 173 172
@calls 173 173
@calls 174 173
@calls 174 174
@calls 175 174
@calls 175 175
@calls 176 175
@calls 176 176
@calls 177 176
@calls 177 177
@calls 178 177
@calls 178 178
@calls 179 178
@calls 179 179
@calls 180 179
@calls 180 180
@calls 181 180
@calls 181 181
@calls 182 181
@calls 182 182
@calls 183 182
@calls 183 183
@calls 184 183
@calls 184 184
@calls 185 184
@calls 185 185
@calls 186 185
@calls 186 186
@calls 187 186
@calls 187 187
@calls 188 187
@calls 188 188
@calls 189 188
@calls 189 189
@calls 190 189
@calls 190 190
@calls 191 190
@calls 191 191
@calls 192 191
@calls 192 192
@calls 193 192
@calls 193 193
@calls 194 193
@calls 194 194
@calls 195 194
@calls 195 195
@calls 196 195
@calls 196 196
@calls 197 196
@calls 197 197
@calls 198 197
@calls 198 198
@calls 199 198
@calls 199 199
@calls 200 199
@calls 200 200
@calls 201 200
@calls 201 201
@calls 202 201
@calls 202 202
@calls 203 202
@calls 203 203
@calls 204 203
@calls 204 204
@calls 205 204
@calls 205 205
@calls 206 205
@calls 206 206
@calls 207 206
@calls 207 207
@calls 208 207
@calls 208 208
@calls 209 208
@calls 209 209
@calls 210 209
@calls 210 210
@calls 211 210
@calls 211 211
@calls 212 211
@calls 212 212
@calls 213 212
@calls 213 213
@calls 214 213
@calls 214 214
@calls 215 214
@calls 215 215
@calls 216 215
@calls 216 216
@calls 217 216
@calls 217 217
@calls 218 217
@calls 218 218
@calls 219 218
@calls 219 219
@calls 220 219
@calls 220 220
@calls 221 220
@calls 221 221
@calls 222 221
@calls 222 222
@calls 223 222
@calls 223 223
@calls 224 223
@calls 224 224
@calls 225 224
@calls 225 225
@calls 226 225
@calls 226 226
@calls 227 226
@calls 227 227
@calls 228 227
@calls 228 228
@calls 229 228
@calls 229 229
@calls 230 229
@calls 230 230
@calls 231 230
@calls 231 231
@calls 232 231
@calls 232 232
@calls 233 232
@calls 233 233
@calls 234 233
@calls 234 234
@calls 235 234
@calls 235 235
@calls 236 235
@calls 236 236
@calls 237 236
@calls 237 237
@calls 238 237
@calls 238 238
@calls 239 238
@calls 239 239
@calls 240 239
@calls 240 240
@calls 241 240
@calls 241 241
@calls 242 241
@calls 242 242
@calls 243 242
@calls 243 243
@calls 244 243
@calls 244 244
@calls 245 244
@calls 245 245
@calls 246 245
@calls 246 246
@calls 247 246
@calls 247 247
@calls 248 247
@calls 248 248
@calls 249 248
@calls 249 249
@calls 250 249
@calls 250 250
@calls 251 250
@calls 251 251
@calls 252 251
@calls 252 252
@calls 253 252
@calls 253 253
@calls 254 253
@calls 254 254
@calls 255 254
@calls 255 255
@calls 256 255
@calls 256 256
@calls 257 256
@calls 257 257
@calls 258 257
@calls 258 258
@calls 259 258
@calls 259 259
@calls 260 259
@calls 260 260
@calls 261 260
@calls 261 261
@calls 262 261
@calls 262 262
@calls 263 262
@calls 263 263
@calls 264 263
@calls 264 264
@calls 265 264
@calls 265 265
@calls 266 265
@calls 266 266
@calls 267 266
@calls 267 267
@calls 268 267
@calls 268 268
@calls 269 268
@calls 269 269
@calls 270 269
@calls 270 270
@calls 271 270
@calls 271 271
@calls 272 271
@calls 272 272
@calls 273 272
@calls 273 273
@calls 274 273
@calls 274 274
@calls 275 274
@calls 275 275
@calls 276 275
@calls 276 276
@calls 277 276
@calls 277 277
@calls 278 277
@calls 278 278
@calls 279 278
@calls 279 279
@calls 280 279
@calls 280 280
@calls 281 280
@calls 281 281
@calls 282 281
@calls 282 282
@calls 283 282
@calls 283 283
@calls 284 283
@calls 284 284
@calls 285 284
@calls 285 285
@calls 286 285
@calls 286 286
@calls 287 286
@calls 287 287
@calls 288 287
@calls 288 288
@calls 289 288
@calls 289 289
@calls 290 289
@calls 290 290
@calls 291 290
@calls 291 291
@calls 292 291
@calls 292 292
@calls 293 292
@calls 293 293
@calls 294 293
@calls 294 294
@calls 295 294
@calls 295 295
@calls 296 295
@calls 296 296
@calls 297 296
@calls 297 297
@calls 298 297
@calls 298 298
@calls 299 298
@calls 299 299
@calls 300 299
@calls 300 300
@calls 301 300
@calls 301 301
@calls 302 301
@calls 302 302
@calls 303 302
@calls 303 303
@calls 304 303
@calls 304 304
@calls 305 304
@calls 305 305
@calls 306 305
@calls 306 306
@calls 307 306
@calls 307 307
@calls 308 307
@calls 308 308
@calls 309 308
@calls 309 309
@calls 310 309
@calls 310 310
@calls 311 310
@calls 311 311
@calls 312 311
@calls 312 312
@calls 313 312
@calls 313 313
@calls 314 313
@calls 314 314
@calls 315 314
@calls 315 315
@calls 316 315
@calls 316 316
@calls 317 316
@calls 317 317
@calls 318 317
@calls 318 318
@calls 319 318
@calls 319 319
@calls 320 319
@calls 320 320
@calls 321 320
@calls 321 321
@calls 322 321
@calls 322 322
@calls 323 322
@calls 323 323
@calls 324 323
@calls 324 324
@calls 325 324
@calls 325 325
@calls 326 325
@calls 326 326
@calls 327 326
@calls 327 327
@calls 328 327
@calls 328 328
@calls 329 328
@calls 329 329
@calls 330 329
@calls 330 330
@calls 331 330
@calls 331 331
@calls 332 331
@calls 332 332
@calls 333 332
@calls 333 333
@calls 334 333
@calls 334 334
@calls 335 334
@calls 335 335
@calls 336 335
@calls 336 336
@calls 337 336
@calls 337 337
@calls 338 337
@calls 338 338
@calls 339 338
@calls 339 339
@calls 340 339
@calls 340 340
@calls 341 340
@calls 341 341
@calls 342 341
@calls 342 342
@calls 343 342
@calls 343 343
@calls 344 343
@calls 344 344
@calls 345 344
@calls 345 345
@calls 346 345
@calls 346 346
@calls 347 346
@calls 347 347
@calls 348 347
@calls 348 348
@calls 349 348
@calls 349 349
@calls 350 349
@calls 350 350
@calls 351 350
@calls 351 351
@calls 352 351
@calls 352 352
@calls 353 352
@calls 353 353
@calls 354 353
@calls 354 354
@calls 355 354
@calls 355 355
@calls 356 355
@calls 356 356
@calls 357 356
@calls 357 357
@calls 358 357
@calls 358 358
@calls 359 358
@calls 359 359
@calls 360 359
@calls 360 360
@calls 361 360
@calls 361 361
@calls 362 361
@calls 362 362
@calls 363 362
@calls 363 363
@calls 364 363
@calls 364 364
@calls 365 364
@calls 365 365
@calls 366 365
@calls 366 366
@calls 367 366
@calls 367 367
@calls 368 367
@calls 368 368
@calls 369 368
@calls 369 369
@calls 370 369
@calls 370 370
@calls 371 370
@calls 371 371
@calls 372 371
@calls 372 372
@calls 373 372
@calls 373 373
@calls 374 373
@calls 374 374
@calls 375 374
@calls 375 375
@calls 376 375
@calls 376 376
@calls 377 376
@calls 377 377
@calls 378 377
@calls 378 378
@calls 379 378
@calls 379 379
@calls 380 379
@calls 380 380
@calls 381 380
@calls 381 381
@calls 382 381
@calls 382 382
@calls 383 382
@calls 383 383
@calls 384 383
@calls 384 384
@calls 385 384
@calls 385 385
@calls 386 385
@calls 386 386
@calls 387 386
@calls 387 387
@calls 388 387
@calls 388 388
@calls 389 388
@calls 389 389
@calls 390 389
@calls 390 390
@calls 391 390
@calls 391 391
@calls 392 391
@calls 392 392
@calls 393 392
@calls 393 393
@calls 394 393
@calls 394 394
@calls 395 394
@calls 395 395
@calls 396 395
@calls 396 396
@calls 397 396
@calls 397 397
@calls 398 397
@calls 398 398
@calls 399 398
@calls 399 399
@calls 400 399
@calls 400 400
@calls 401 400
@calls 401 401
@calls 402 401
@calls 402 402
@calls 403 402
@calls 403 403
@calls 404 403
@calls 404 404
@calls 405 404
@calls 405 405
@calls 406 405
@calls 406 406
@calls 407 406
@calls 407 407
@calls 408 407
@calls 408 408
@calls 409 408
@calls 409 409
@calls 410 409
@calls 410 410
@calls 411 410
@calls 411 411
@calls 412 411
@calls 412 412
@calls 413 412
@calls 413 413
@calls 414 413
@calls 414 414
@calls 415 414
@calls 415 415
@calls 416 415
@calls 416 416
@calls 417 416
@calls 417 417
@calls 418 417
@calls 418 418
@calls 419 418
@calls 419 419
@calls 420 419
@calls 420 420
@calls 421 420
@calls 421 421
@calls 422 421
@calls 422 422
@calls 423 422
@calls 423 423
@calls 424 423
@calls 424 424
@calls 425 424
@calls 425 425
@calls 426 425
@calls 426 426
@calls 427 426
@calls 427 427
@calls 428 427
@calls 428 428
@calls 429 428
@calls 429 429
@calls 430 429
@calls 430 430
@calls 431 430
@calls 431 431
@calls 432 431
@calls 432 432
@calls 433 432
@calls 433 433
@calls 434 433
@calls 434 434
@calls 435 434
@calls 435 435
@calls 436 435
@calls 436 436
@calls 437 436
@calls 437 437
@calls 438 437
@calls 438 438
@calls 439 438
@calls 439 439
@calls 440 439
@calls 440 440
@calls 441 440
@calls 441 441
@calls 442 441
@calls 442 442
@calls 443 442
@calls 443 443
@calls 444 443
@calls 444 444
@calls 445 444
@calls 445 445
@calls 446 445
@calls 446 446
@calls 447 446
@calls 447 447
@calls 448 447
@calls 448 448
@calls 449 448
@calls 449 449
@calls 450 449
@calls 450 450
@calls 451 450
@calls 451 451
@calls 452 451
@calls 452 452
@calls 453 452
@calls 453 453
@calls 454 453
@calls 454 454
@calls 455 454
@calls 455 455
@calls 456 455
@calls 456 456
@calls 457 456
@calls 457 457
@calls 458 457
@calls 458 458
@calls 459 458
@calls 459 459
@calls 460 459
@calls 460 460
@calls 461 460
@calls 461 461
@calls 462 461
@calls 462 462
@calls 463 462
@calls 463 463
@calls 464 463
@calls 464 464
@calls 465 464
@calls 465 465
@calls 466 465
@calls 466 466
@calls 467 466
@calls 467 467
@calls 468 467
@calls 468 468
@calls 469 468
@calls 469 469
@calls 470 469
@calls 470 470
@calls 471 470
@calls 471 471
@calls 472 471
@calls 472 472
@calls 473 472
@calls 473 473
@calls 474 473
@calls 474 474
@calls 475 474
@calls 475 475
@calls 476 475
@calls 476 476
@calls 477 476
@calls 477 477
@calls 478 477
@calls 478 478
@calls 479 478
@calls 479 479
@calls 480 479
@calls 480 480
@calls 481 480
@calls 481 481
@calls 482 481
@calls 482 482
@calls 483 482
@calls 483 483
@calls 484 483
@calls 484 484
@calls 485 484
@calls 485 485
@calls 486 485
@calls 486 486
@calls 487 486
@calls 487 487
@calls 488 487
@calls 488 488
@calls 489 488
@calls 489 489
@calls 490 489
@calls 490 490
@calls 491 490
@calls 491 491
@calls 492 491
@calls 492 492
@calls 493 492
@calls 493 493
@calls 494 493
@calls 494 494
@calls 495 494
@calls 495 495
@calls 496 495
@calls 496 496
@calls 497 496
@calls 497 497
@calls 498 497
@calls 498 498
@calls 499 498
@calls 499 499
@calls 500 499
@calls 500 500
@calls 501 500
@calls 501 501
@calls 502 501
@calls 502 502
@calls 503 502
@calls 503 503
@calls 504 503
@calls 504 504
@calls 505 504
@calls 505 505
@calls 506 505
@calls 506 506
@calls 507 506
@calls 507 507
@calls 508 507
@calls 508 508
@calls 509 508
@calls 509 509
@calls 510 509
@calls 510 510
@calls 511 510
@calls 511 511
@calls 512 511
@calls 512 512
@calls 513 512
@calls 513 513
@calls 514 513
@calls 514 514
@calls 515 514
@calls 515 515
@calls 516 515
@calls 516 516
@calls 517 516
@calls 517 517
@calls 518 517
@calls 518 518
@calls 519 518
@calls 519 519
@calls 520 519
@calls 520 520
@calls 521 520
@calls 521 521
@calls 522 521
@calls 522 522
@calls 523 522
@calls 523 523
@calls 524 523
@calls 524 524
@calls 525 524
@calls 525 525
@calls 526 525
@calls 526 526
@calls 527 526
@calls 527 527
@calls 528 527
@calls 528 528
@calls 529 528
@calls 529 529
@calls 530 529
@calls 530 530
@calls 531 530
@calls 531 531
@calls 532 531
@calls 532 532
@calls 533 532
@calls 533 533
@calls 534 533
@calls 534 534
@calls 535 534
@calls 535 535
@calls 536 535
@calls 536 536
@calls 537 536
@calls 537 537
@calls 538 537
@calls 538 538
@calls 539 538
@calls 539 539
@calls 540 539
@calls 540 540
@calls 541 540
@calls 541 541
@calls 542 541
@calls 542 542
@calls 543 542
@calls 543 543
@calls 544 543
@calls 544 544
@calls 545 544
@calls 545 545
@calls 546 545
@calls 546 546
@calls 547 546
@calls 547 547
@calls 548 547
@calls 548 548
@calls 549 548
@calls 549 549
@calls 550 549
@calls 550 550
@calls 551 550
@calls 551 551
@calls 552 551
@calls 552 552
@calls 553 552
@calls 553 553
@calls 554 553
@calls 554 554
@calls 555 554
@calls 555 555
@calls 556 555
@calls 556 556
@calls 557 556
@calls 557 557
@calls 558 557
@calls 558 558
@calls 559 558
@calls 559 559
@calls 560 559
@calls 560 560
@calls 561 560
@calls 561 561
@calls 562 561
@calls 562 562
@calls 563 562
@calls 563 563
@calls 564 563
@calls 564 564
@calls 565 564
@calls 565 565
@calls 566 565
@calls 566 566
@calls 567 566
@calls 567 567
@calls 568 567
@calls 568 568
@calls 569 568
@calls 569 569
@calls 570 569
@calls 570 570
@calls 571 570
@calls 571 571
@calls 572 571
@calls 572 572
@calls 573 572
@calls 573 573
@calls 574 573
@calls 574 574
@calls 575 574
@calls 575 575
@calls 576 575
@calls 576 576
@calls 577 576
@calls 577 577
@calls 578 577
@calls 578 578
@calls 579 578
@calls 579 579
@calls 580 579
@calls 580 580
@calls 581 580
@calls 581 581
@calls 582 581
@calls 582 582
@calls 583 582
@calls 583 583
@calls 584 583
@calls 584 584
@calls 585 584
@calls 585 585
@calls 586 585
@calls 586 586
@calls 587 586
@calls 587 587
@calls 588 587
@calls 588 588
@calls 589 588
@calls 589 589
@calls 590 589
@calls 590 590
@calls 591 590
@calls 591 591
@calls 592 591
@calls 592 592
@calls 593 592
@calls 593 593
@calls 594 593
@calls 594 594
@calls 595 594
@calls 595 595
@calls 596 595
@calls 596 596
@calls 597 596
@calls 597 597
@calls 598 597
@calls 598 598
@calls 599 598
@calls 599 599
@calls 600 599
@calls 600 600
@calls 601 600
@calls 601 601
@calls 602 601
@calls 602 602
@calls 603 602
@calls 603 603
@calls 604 603
@calls 604 604
@calls 605 604
@calls 605 605
@calls 606 605
@calls 606 606
@calls 607 606
@calls 607 607
@calls 608 607
@calls 608 608
@calls 609 608
@calls 609 609
@calls 610 609
@calls 610 610
@calls 611 610
@calls 611 611
@calls 612 611
@calls 612 612
@calls 613 612
@calls 613 613
@calls 614 613
@calls 614 614
@calls 615 614
@calls 615 615
@calls 616 615
@calls 616 616
@calls 617 616
@calls 617 617
@calls 618 617
@calls 618 618
@calls 619 618
@calls 619 619
@calls 620 619
@calls 620 620
@calls 621 620
@calls 621 621
@calls 622 621
@calls 622 622
@calls 623 622
@calls 623 623
@calls 624 623
@calls 624 624
@calls 625 624
@calls 625 625
@calls 626 625
@calls 626 626
@calls 627 626
@calls 627 627
@calls 628 627
@calls 628 628
@calls 629 628
@calls 629 629
@calls 630 629
@calls 630 630
@calls 631 630
@calls 631 631
@calls 632 631
@calls 632 632
@calls 633 632
@calls 633 633
@calls 634 633
@calls 634 634
@calls 635 634
@calls 635 635
@calls 636 635
@calls 636 636
@calls 637 636
@calls 637 637
@calls 638 637
@calls 638 638
@calls 639 638
@calls 639 639
@calls 640 639
@calls 640 640
@calls 641 640
@calls 641 641
@calls 642 641
@calls 642 642
@calls 643 642
@calls 643 643
@calls 644 643
@calls 644 644
@calls 645 644
@calls 645 645
@calls 646 645
@calls 646 646
@calls 647 646
@calls 647 647
@calls 648 647
@calls 648 648
@calls 649 648
@calls 649 649
@calls 650 649
@calls 650 650
@calls 651 650
@calls 651 651
@calls 652 651
@calls 652 652
@calls 653 652
@calls 653 653
@calls 654 653
@calls 654 654
@calls 655 654
@calls 655 655
@calls 656 655
@calls 656 656
@calls 657 656
@calls 657 657
@calls 658 657
@calls 658 658
@calls 659 658
@calls 659 659
@calls 660 659
@calls 660 660
@calls 661 660
@calls 661 661
@calls 662 661
@calls 662 662
@calls 663 662
@calls 663 663
@calls 664 663
@calls 664 664
@calls 665 664
@calls 665 665
@calls 666 665
@calls 666 666
@calls 667 666
@calls 667 667
@calls 668 667
@calls 668 668
@calls 669 668
@calls 669 669
@calls 670 669
@calls 670 670
@calls 671 670
@calls 671 671
@calls 672 671
@calls 672 672
@calls 673 672
@calls 673 673
@calls 674 673
@calls 674 674
@calls 675 674
@calls 675 675
@calls 676 675
@calls 676 676
@calls 677 676
@calls 677 677
@calls 678 677
@calls 678 678
@calls 679 678
@calls 679 679
@calls 680 679
@calls 680 680
@calls 681 680
@calls 681 681
@calls 682 681
@calls 682 682
@calls 683 682
@calls 683 683
@calls 684 683
@calls 684 684
@calls 685 684
@calls 685 685
@calls 686 685
@calls 686 686
@calls 687 686
@calls 687 687
@calls 688 687
@calls 688 688
@calls 689 688
@calls 689 689
@calls 690 689
@calls 690 690
@calls 691 690
@calls 691 691
@calls 692 691
@calls 692 692
@calls 693 692
@calls 693 693
@calls 694 693
@calls 694 694
@calls 695 694
@calls 695 695
@calls 696 695
@calls 696 696
@calls 697 696
@calls 697 697
@calls 698 697
@calls 698 698
@calls 699 698
@calls 699 699
@calls 700 699
@calls 700 700
@calls 701 700
@calls 701 701
@calls 702 701
@calls 702 702
@calls 703 702
@calls 703 703
@calls 704 703
@calls 704 704
@calls 705 704
@calls 705 705
@calls 706 705
@calls 706 706
@calls 707 706
@calls 707 707
@calls 708 707
@calls 708 708
@calls 709 708
@calls 709 709
@calls 710 709
@calls 710 710
@calls 711 710
@calls 711 711
@calls 712 711
@calls 712 712
@calls 713 712
@calls 713 713
@calls 714 713
@calls 714 714
@calls 715 714
@calls 715 715
@calls 716 715
@calls 716 716
@calls 717 716
@calls 717 717
@calls 718 717
@calls 718 718
@calls 719 718
@calls 719 719
@calls 720 719
@calls 720 720
@calls 721 720
@calls 721 721
@calls 722 721
@calls 722 722
@calls 723 722
@calls 723 723
@calls 724 723
@calls 724 724
@calls 725 724
@calls 725 725
@calls 726 725
@calls 726 726
@calls 727 726
@calls 727 727
@calls 728 727
@calls 728 728
@calls 729 728
@calls 729 729
@calls 730 729
@calls 730 730
@calls 731 730
@calls 731 731
@calls 732 731
@calls 732 732
@calls 733 732
@calls 733 733
@calls 734 733
@calls 734 734
@calls 735 734
@calls 735 735
@calls 736 735
@calls 736 736
@calls 737 736
@calls 737 737
@calls 738 737
@calls 738 738
@calls 739 738
@calls 739 739
@calls 740 739
@calls 740 740
@calls 741 740
@calls 741 741
@calls 742 741
@calls 742 742
@calls 743 742
@calls 743 743
@calls 744 743
@calls 744 744
@calls 745 744
@calls 745 745
@calls 746 745
@calls 746 746
@calls 747 746
@calls 747 747
@calls 748 747
@calls 748 748
@calls 749 748
@calls 749 749
@calls 750 749
@calls 750 750
@calls 751 750
@calls 751 751
@calls 752 751
@calls 752 752
@calls 753 752
@calls 753 753
@calls 754 753
@calls 754 754
@calls 755 754
@calls 755 755
@calls 756 755
@calls 756 756
@calls 757 756
@calls 757 757
@calls 758 757
@calls 758 758
@calls 759 758
@calls 759 759
@calls 760 759
@calls 760 760
@calls 761 760
@calls 761 761
@calls 762 761
@calls 762 762
@calls 763 762
@calls 763 763
@calls 764 763
@calls 764 764
@calls 765 764
@calls 765 765
@calls 766 765
@calls 766 766
@calls 767 766
@calls 767 767
@calls 768 767
@calls 768 768
@calls 769 768
@calls 769 769
@calls 770 769
@calls 770 770
@calls 771 770
@calls 771 771
@calls 772 771
@calls 772 772
@calls 773 772
@calls 773 773
@calls 774 773
@calls 774 774
@calls 775 774
@calls 775 775
@calls 776 775
@calls 776 776
@calls 777 776
@calls 777 777
@calls 778 777
@calls 778 778
@calls 779 778
@calls 779 779
@calls 780 779
@calls 780 780
@calls 781 780
@calls 781 781
@calls 782 781
@calls 782 782
@calls 783 782
@calls 783 783
@calls 784 783
@calls 784 784
@calls 785 784
@calls 785 785
@calls 786 785
@calls 786 786
@calls 787 786
@calls 787 787
@calls 788 787
@calls 788 788
@calls 789 788
@calls 789 789
@calls 790 789
@calls 790 790
@calls 791 790
@calls 791 791
@calls 792 791
@calls 792 792
@calls 793 792
@calls 793 793
@calls 794 793
@calls 794 794
@calls 795 794
@calls 795 795
@calls 796 795
@calls 796 796
@calls 797 796
@calls 797 797
@calls 798 797
@calls 798 798
@calls 799 798
@calls 799 799
@calls 800 799
@calls 800 800
@calls 801 800
@calls 801 801
@calls 802 801
@calls 802 802
@calls 803 802
@calls 803 803
@calls 804 803
@calls 804 804
@calls 805 804
@calls 805 805
@calls 806 805
@calls 806 806
@calls 807 806
@calls 807 807
@calls 808 807
@calls 808 808
@calls 809 808
@calls 809 809
@calls 810 809
@calls 810 810
@calls 811 810
@calls 811 811
@calls 812 811
@calls 812 812
@calls 813 812
@calls 813 813
@calls 814 813
@calls 814 814
@calls 815 814
@calls 815 815
@calls 816 815
@calls 816 816
@calls 817 816
@calls 817 817
@calls 818 817
@calls 818 818
@calls 819 818
@calls 819 819
@calls 820 819
@calls 820 820
@calls 821 820
@calls 821 821
@calls 822 821
@calls 822 822
@calls 823 822
@calls 823 823
@calls 824 823
@calls 824 824
@calls 825 824
@calls 825 825
@calls 826 825
@calls 826 826
@calls 827 826
@calls 827 827
@calls 828 827
@calls 828 828
@calls 829 828
@calls 829 829
@calls 830 829
@calls 830 830
@calls 831 830
@calls 831 831
@calls 832 831
@calls 832 832
@calls 833 832
@calls 833 833
@calls 834 833
@calls 834 834
@calls 835 834
@calls 835 835
@calls 836 835
@calls 836 836
@calls 837 836
@calls 837 837
@calls 838 837
@calls 838 838
@calls 839 838
@calls 839 839
@calls 840 839
@calls 840 840
@calls 841 840
@calls 841 841
@calls 842 841
@calls 842 842
@calls 843 842
@calls 843 843
@calls 844 843
@calls 844 844
@calls 845 844
@calls 845 845
@calls 846 845
@calls 846 846
@calls 847 846
@calls 847 847
@calls 848 847
@calls 848 848
@calls 849 848
@calls 849 849
@calls 850 849
@calls 850 850
@calls 851 850
@calls 851 851
@calls 852 851
@calls 852 852
@calls 853 852
@calls 853 853
@calls 854 853
@calls 854 854
@calls 855 854
@calls 855 855
@calls 856 855
@calls 856 856
@calls 857 856
@calls 857 857
@calls 858 857
@calls 858 858
@calls 859 858
@calls 859 859
@calls 860 859
@calls 860 860
@calls 861 860
@calls 861 861
@calls 862 861
@calls 862 862
@calls 863 862
@calls 863 863
@calls 864 863
@calls 864 864
@calls 865 864
@calls 865 865
@calls 866 865
@calls 866 866
@calls 867 866
@calls 867 867
@calls 868 867
@calls 868 868
@calls 869 868
@calls 869 869
@calls 870 869
@calls 870 870
@calls 871 870
@calls 871 871
@calls 872 871
@calls 872 872
@calls 873 872
@calls 873 873
@calls 874 873
@calls 874 874
@calls 875 874
@calls 875 875
@calls 876 875
@calls 876 876
@calls 877 876
@calls 877 877
@calls 878 877
@calls 878 878
@calls 879 878
@calls 879 879
@calls 880 879
@calls 880 880
@calls 881 880
@calls 881 881
@calls 882 881
@calls 882 882
@calls 883 882
@calls 883 883
@calls 884 883
@calls 884 884
@calls 885 884
@calls 885 885
@calls 886 885
@calls 886 886
@calls 887 886
@calls 887 887
@calls 888 887
@calls 888 888
@calls 889 888
@calls 889 889
@calls 890 889
@calls 890 890
@calls 891 890
@calls 891 891
@calls 892 891
@calls 892 892
@calls 893 892
@calls 893 893
@calls 894 893
@calls 894 894
@calls 895 894
@calls 895 895
@calls 896 895
@calls 896 896
@calls 897 896
@calls 897 897
@calls 898 897
@calls 898 898
@calls 899 898
@calls 899 899
@calls 900 899
@calls 900 900
@calls 901 900
@calls 901 901
@calls 902 901
@calls 902 902
@calls 903 902
@calls 903 903
@calls 904 903
@calls 904 904
@calls 905 904
@calls 905 905
@calls 906 905
@calls 906 906
@calls 907 906
@calls 907 907
@calls 908 907
@calls 908 908
@calls 909 908
@calls 909 909
@calls 910 909
@calls 910 910
@calls 911 910
@calls 911 911
@calls 912 911
@calls 912 912
@calls 913 912
@calls 913 913
@calls 914 913
@calls 914 914
@calls 915 914
@calls 915 915
@calls 916 915
@calls 916 916
@calls 917 916
@calls 917 917
@calls 918 917
@calls 918 918
@calls 919 918
@calls 919 919
@calls 920 919
@calls 920 920
@calls 921 920
@calls 921 921
@calls 922 921
@calls 922 922
@calls 923 922
@calls 923 923
@calls 924 923
@calls 924 924
@calls 925 924
@calls 925 925
@calls 926 925
@calls 926 926
@calls 927 926
@calls 927 927
@calls 928 927
@calls 928 928
@calls 929 928
@calls 929 929
@calls 930 929
@calls 930 930
@calls 931 930
@calls 931 931
@calls 932 931
@calls 932 932
@calls 933 932
@calls 933 933
@calls 934 933
@calls 934 934
@calls 935 934
@calls 935 935
@calls 936 935
@calls 936 936
@calls 937 936
@calls 937 937
@calls 938 937
@calls 938 938
@calls 939 938
@calls 939 939
@calls 940 939
@calls 940 940
@calls 941 940
@calls 941 941
@calls 942 941
@calls 942 942
@calls 943 942
@calls 943 943
@calls 944 943
@calls 944 944
@calls 945 944
@calls 945 945
@calls 946 945
@calls 946 946
@calls 947 946
@calls 947 947
@calls 948 947
@calls 948 948
@calls 949 948
@calls 949 949
@calls 950 949
@calls 950 950
@calls 951 950
@calls 951 951
@calls 952 951
@calls 952 952
@calls 953 952
@calls 953 953
@calls 954 953
@calls 954 954
@calls 955 954
@calls 955 955
@calls 956 955
@calls 956 956
@calls 957 956
@calls 957 957
@calls 958 957
@calls 958 958
@calls 959 958
@calls 959 959
@calls 960 959
@calls 960 960
@calls 961 960
@calls 961 961
@calls 962 961
@calls 962 962
@calls 963 962
@calls 963 963
@calls 964 963
@calls 964 964
@calls 965 964
@calls 965 965
@calls 966 965
@calls 966 966
@calls 967 966
@calls 967 967
@calls 968 967
@calls 968 968
@calls 969 968
@calls 969 969
@calls 970 969
@calls 970 970
@calls 971 970
@calls 971 971
@calls 972 971
@calls 972 972
@calls 973 972
@calls 973 973
@calls 974 973
@calls 974 974
@calls 975 974
@calls 975 975
@calls 976 975
@calls 976 976
@calls 977 976
@calls 977 977
@calls 978 977
@calls 978 978
@calls 979 978
@calls 979 979
@calls 980 979
@calls 980 980
@calls 981 980
@calls 981 981
@calls 982 981
@calls 982 982
@calls 983 982
@calls 983 983
@calls 984 983
@calls 984 984
@calls 985 984
@calls 985 985
@calls 986 985
@calls 986 986
@calls 987 986
@calls 987 987
@calls 988 987
@calls 988 988
@calls 989 988
@calls 989 989
@calls 990 989
@calls 990 990
@calls 991 990
@calls 991 991
@calls 992 991
@calls 992 992
@calls 993 992
@calls 993 993
@calls 994 993
@calls 994 994
@calls 995 994
@calls 995 995
@calls 996 995
@calls 996 996
@calls 997 996
@calls 997 997
@calls 998 997
@calls 998 998
@calls 999 998
@calls 999 999
@calls 1000 999
@calls 1000 1000
@calls 1001 1000
@calls 1001 1001
@calls 1002 1001
@calls 1002 1002
@calls 1003 1002
@calls 1003 1003
@calls 1004 1003
@calls 1004 1004
@calls 1005 1004
@calls 1005 1005
@calls 1006 1005
@calls 1006 1006
@calls 1007 1006
@calls 1007 1007
@calls 1008 1007
@calls 1008 1008
@calls 1009 1008
@calls 1009 1009
@calls 1010 1009
@calls 1010 1010
@calls 1011 1010
@calls 1011 1011
@calls 1012 1011
@calls 1012 1012
@calls 1013 1012
@calls 1013 1013
@calls 1014 1013
@calls 1014 1014
@calls 1015 1014
@calls 1015 1015
@calls 1016 1015
@calls 1016 1016
@calls 1017 1016
@calls 1017 1017
@calls 1018 1017
@calls 1018 1018
@calls 1019 1018
@calls 1019 1019
@calls 1020 1019
@calls 1020 1020
@calls 1021 1020
@calls 1021 1021
@calls 1022 1021
@calls 1022 1022
@calls 1023 1022
@calls 1023 1023
@calls 1024 1023
@calls 1024 1024
@calls 1025 1024
@calls 1025 1025
@calls 1026 1025
@calls 1026 1026
@calls 1027 1026
@calls 1027 1027
@calls 1028 1027
@calls 1028 1028
@calls 1029 1028
@calls 1029 1029
@calls 1030 1029
@calls 1030 1030
@calls 1031 1030
@calls 1031 1031
@calls 1032 1031
@calls 1032 1032
@calls 1033 1032
@calls 1033 1033
@calls 1034 1033
@calls 1034 1034
@calls 1035 1034
@calls 1035 1035
@calls 1036 1035
@calls 1036 1036
@calls 1037 1036
@calls 1037 1037
@calls 1038 1037
@calls 1038 1038
@calls 1039 1038
@calls 1039 1039
@calls 1040 1039
@calls 1040 1040
@calls 1041 1040
@calls 1041 1041
@calls 1042 1041
@calls 1042 1042
@calls 1043 1042
@calls 1043 1043
@calls 1044 1043
@calls 1044 1044
@calls 1045 1044
@calls 1045 1045
@calls 1046 1045
@calls 1046 1046
@calls 1047 1046
@calls 1047 1047
@calls 1048 1047
@calls 1048 1048
@calls 1049 1048
@calls 1049 1049
@calls 1050 1049
@calls 1050 1050
@calls 1051 1050
@calls 1051 1051
@calls 1052 1051
@calls 1052 1052
@calls 1053 1052
@calls 1053 1053
@calls 1054 1053
@calls 1054 1054
@calls 1055 1054
@calls 1055 1055
@calls 1056 1055
@calls 1056 1056
@calls 1057 1056
@calls 1057 1057
@calls 1058 1057
@calls 1058 1058
@calls 1059 1058
@calls 1059 1059
@calls 1060 1059
@calls 1060 1060
@calls 1061 1060
@calls 1061 1061
@calls 1062 1061
@calls 1062 1062
@calls 1063 1062
@calls 1063 1063
@calls 1064 1063
@calls 1064 1064
@calls 1065 1064
@calls 1065 1065
@calls 1066 1065
@calls 1066 1066
@calls 1067 1066
@calls 1067 1067
@calls 1068 1067
@calls 1068 1068
@calls 1069 1068
@calls 1069 1069
@calls 1070 1069
@calls 1070 1070
@calls 1071 1070
@calls 1071 1071
@calls 1072 1071
@calls 1072 1072
@calls 1073 1072
@calls 1073 1073
@calls 1074 1073
@calls 1074 1074
@calls 1075 1074
@calls 1075 1075
@calls 1076 1075
@calls 1076 1076
@calls 1077 1076
@calls 1077 1077
@calls 1078 1077
@calls 1078 1078
@calls 1079 1078
@calls 1079 1079
@calls 1080 1079
@calls 1080 1080
@calls 1081 1080
@calls 1081 1081
@calls 1082 1081
@calls 1082 1082
@calls 1083 1082
@calls 1083 1083
@calls 1084 1083
@calls 1084 1084
@calls 1085 1084
@calls 1085 1085
@calls 1086 1085
@calls 1086 1086
@calls 1087 1086
@calls 1087 1087
@calls 1088 1087
@calls 1088 1088
@calls 1089 1088
@calls 1089 1089
@calls 1090 1089
@calls 1090 1090
@calls 1091 1090
@calls 1091 1091
@calls 1092 1091
@calls 1092 1092
@calls 1093 1092
@calls 1093 1093
@calls 1094 1093
@calls 1094 1094
@calls 1095 1094
@calls 1095 1095
@calls 1096 1095
@calls 1096 1096
@calls 1097 1096
@calls 1097 1097
@calls 1098 1097
@calls 1098 1098
@calls 1099 1098
@calls 1099 1099
@calls 1100 1099
@calls 1100 1100
@calls 1101 1100
@calls 1101 1101
@calls 1102 1101
@calls 1102 1102
@calls 1103 1102
@calls 1103 1103
@calls 1104 1103
@calls 1104 1104
@calls 1105 1104
@calls 1105 1105
@calls 1106 1105
@calls 1106 1106
@calls 1107 1106
@calls 1107 1107
@calls 1108 1107
@calls 1108 1108
@calls 1109 1108
@calls 1109 1109
@calls 1110 1109
@calls 1110 1110
@calls 1111 1110
@calls 1111 1111
@calls 1112 1111
@calls 1112 1112
@calls 1113 1112
@calls 1113 1113
@calls 1114 1113
@calls 1114 1114
@calls 1115 1114
@calls 1115 1115
@calls 1116 1115
@calls 1116 1116
@calls 1117 1116
@calls 1117 1117
@calls 1118 1117
@calls 1118 1118
@calls 1119 1118
@calls 1119 1119
@calls 1120 1119
@calls 1120 1120
@calls 1121 1120
@calls 1121 1121
@calls 1122 1121
@calls 1122 1122
@calls 1123 1122
@calls 1123 1123
@calls 1124 1123
@calls 1124 1124
@calls 1125 1124
@calls 1125 1125
@calls 1126 1125
@calls 1126 1126
@calls 1127 1126
@calls 1127 1127
@calls 1128 1127
@calls 1128 1128
@calls 1129 1128
@calls 1129 1129
@calls 1130 1129
@calls 1130 1130
@calls 1131 1130
@calls 1131 1131
@calls 1132 1131
@calls 1132 1132
@calls 1133 1132
@calls 1133 1133
@calls 1134 1133
@calls 1134 1134
@calls 1135 1134
@calls 1135 1135
@calls 1136 1135
@calls 1136 1136
@calls 1137 1136
@calls 1137 1137
@calls 1138 1137
@calls 1138 1138
@calls 1139 1138
@calls 1139 1139
@calls 1140 1139
@calls 1140 1140
@calls 1141 1140
@calls 1141 1141
@calls 1142 1141
@calls 1142 1142
@calls 1143 1142
@calls 1143 1143
@calls 1144 1143
@calls 1144 1144
@calls 1145 1144
@calls 1145 1145
@calls 1146 1145
@calls 1146 1146
@calls 1147 1146
@calls 1147 1147
@calls 1148 1147
@calls 1148 1148
@calls 1149 1148
@calls 1149 1149
@calls 1150 1149
@calls 1150 1150
@calls 1151 1150
@calls 1151 1151
@calls 1152 1151
@calls 1152 1152
@calls 1153 1152
@calls 1153 1153
@calls 1154 1153
@calls 1154 1154
@calls 1155 1154
@calls 1155 1155
@calls 1156 1155
@calls 1156 1156
@calls 1157 1156
@calls 1157 1157
@calls 1158 1157
@calls 1158 1158
@calls 1159 1158
@calls 1159 1159
@calls 1160 1159
@calls 1160 1160
@calls 1161 1160
@calls 1161 1161
@calls 1162 1161
@calls 1162 1162
@calls 1163 1162
@calls 1163 1163
@calls 1164 1163
@calls 1164 1164
@calls 1165 1164
@calls 1165 1165
@calls 1166 1165
@calls 1166 1166
@calls 1167 1166
@calls 1167 1167
@calls 1168 1167
@calls 1168 1168
@calls 1169 1168
@calls 1169 1169
@calls 1170 1169
@calls 1170 1170
@calls 1171 1170
@calls 1171 1171
@calls 1172 1171
@calls 1172 1172
@calls 1173 1172
@calls 1173 1173
@calls 1174 1173
@calls 1174 1174
@calls 1175 1174
@calls 1175 1175
@calls 1176 1175
@calls 1176 1176
@calls 1177 1176
@calls 1177 1177
@calls 1178 1177
@calls 1178 1178
@calls 1179 1178
@calls 1179 1179
@calls 1180 1179
@calls 1180 1180
@calls 1181 1180
@calls 1181 1181
@calls 1182 1181
@calls 1182 1182
@calls 1183 1182
@calls 1183 1183
@calls 1184 1183
@calls 1184 1184
@calls 1185 1184
@calls 1185 1185
@calls 1186 1185
@calls 1186 1186
@calls 1187 1186
@calls 1187 1187
@calls 1188 1187
@calls 1188 1188
@calls 1189 1188
@calls 1189 1189
@calls 1190 1189
@calls 1190 1190
@calls 1191 1190
@calls 1191 1191
@calls 1192 1191
@calls 1192 1192
@calls 1193 1192
@calls 1193 1193
@calls 1194 1193
@calls 1194 1194
@calls 1195 1194
@calls 1195 1195
@calls 1196 1195
@calls 1196 1196
@calls 1197 1196
@calls 1197 1197
@calls 1198 1197
@calls 1198 1198
@calls 1199 1198
@calls 1199 1199
@calls 1200 1199
@calls 1200 1200
@calls 1201 1200
@calls 1201 1201
@calls 1202 1201
@calls 1202 1202
@calls 1203 1202
@calls 1203 1203
@calls 1204 1203
@calls 1204 1204
@calls 1205 1204
@calls 1205 1205
@calls 1206 1205
@calls 1206 1206
@calls 1207 1206
@calls 1207 1207
@calls 1208 1207
@calls 1208 1208
@calls 1209 1208
@calls 1209 1209
@calls 1210 1209
@calls 1210 1210
@calls 1211 1210
@calls 1211 1211
@calls 1212 1211
@calls 1212 1212
@calls 1213 1212
@calls 1213 1213
@calls 1214 1213
@calls 1214 1214
@calls 1215 1214
@calls 1215 1215
@calls 1216 1215
@calls 1216 1216
@calls 1217 1216
@calls 1217 1217
@calls 1218 1217
@calls 1218 1218
@calls 1219 1218
@calls 1219 1219
@calls 1220 1219
@calls 1220 1220
@calls 1221 1220
@calls 1221 1221
@calls 1222 1221
@calls 1222 1222
@calls 1223 1222
@calls 1223 1223
@calls 1224 1223
@calls 1224 1224
@calls 1225 1224
@calls 1225 1225
@calls 1226 1225
@calls 1226 1226
@calls 1227 1226
@calls 1227 1227
@calls 1228 1227
@calls 1228 1228
@calls 1229 1228
@calls 1229 1229
@calls 1230 1229
@calls 1230 1230
@calls 1231 1230
@calls 1231 1231
@calls 1232 1231
@calls 1232 1232
@calls 1233 1232
@calls 1233 1233
@calls 1234 1233
@calls 1234 1234
@calls 1235 1234
@calls 1235 1235
@calls 1236 1235
@calls 1236 1236
@calls 1237 1236
@calls 1237 1237
@calls 1238 1237
@calls 1238 1238
@calls 1239 1238
@calls 1239 1239
@calls 1240 1239
@calls 1240 1240
@calls 1241 1240
@calls 1241 1241
@calls 1242 1241
@calls 1242 1242
@calls 1243 1242
@calls 1243 1243
@calls 1244 1243
@calls 1244 1244
@calls 1245 1244
@calls 1245 1245
@calls 1246 1245
@calls 1246 1246
@calls 1247 1246
@calls 1247 1247
@calls 1248 1247
@calls 1248 1248
@calls 1249 1248
@calls 1249 1249
@calls 1250 1249
@calls 1250 1250
@calls 1251 1250
@calls 1251 1251
@calls 1252 1251
@calls 1252 1252
@calls 1253 1252
@calls 1253 1253
@calls 1254 1253
@calls 1254 1254
@calls 1255 1254
@calls 1255 1255
@calls 1256 1255
@calls 1256 1256
@calls 1257 1256
@calls 1257 1257
@calls 1258 1257
@calls 1258 1258
@calls 1259 1258
@calls 1259 1259
@calls 1260 1259
@calls 1260 1260
@calls 1261 1260
@calls 1261 1261
@calls 1262 1261
@calls 1262 1262
@calls 1263 1262
@calls 1263 1263
@calls 1264 1263
@calls 1264 1264
@calls 1265 1264
@calls 1265 1265
@calls 1266 1265
@calls 1266 1266
@calls 1267 1266
@calls 1267 1267
@calls 1268 1267
@calls 1268 1268
@calls 1269 1268
@calls 1269 1269
@calls 1270 1269
@calls 1270 1270
@calls 1271 1270
@calls 1271 1271
@calls 1272 1271
@calls 1272 1272
@calls 1273 1272
@calls 1273 1273
@calls 1274 1273
@calls 1274 1274
@calls 1275 1274
@calls 1275 1275
@calls 1276 1275
@calls 1276 1276
@calls 1277 1276
@calls 1277 1277
@calls 1278 1277
@calls 1278 1278
@calls 1279 1278
@calls 1279 1279
@calls 1280 1279
@calls 1280 1280
@calls 1281 1280
@calls 1281 1281
@calls 1282 1281
@calls 1282 1282
@calls 1283 1282
@calls 1283 1283
@calls 1284 1283
@calls 1284 1284
@calls 1285 1284
@calls 1285 1285
@calls 1286 1285
@calls 1286 1286
@calls 1287 1286
@calls 1287 1287
@calls 1288 1287
@calls 1288 1288
@calls 1289 1288
@calls 1289 1289
@calls 1290 1289
@calls 1290 1290
@calls 1291 1290
@calls 1291 1291
@calls 1292 1291
@calls 1292 1292
@calls 1293 1292
@calls 1293 1293
@calls 1294 1293
@calls 1294 1294
@calls 1295 1294
@calls 1295 1295
@calls 1296 1295
@calls 1296 1296
@calls 1297 1296
@calls 1297 1297
@calls 1298 1297
@calls 1298 1298
@calls 1299 1298
@calls 1299 1299
@calls 1300 1299
@calls 1300 1300
@calls 1301 1300
@calls 1301 1301
@calls 1302 1301
@calls 1302 1302
@calls 1303 1302
@calls 1303 1303
@calls 1304 1303
@calls 1304 1304
@calls 1305 1304
@calls 1305 1305
@calls 1306 1305
@calls 1306 1306
@calls 1307 1306
@calls 1307 1307
@calls 1308 1307
@calls 1308 1308
@calls 1309 1308
@calls 1309 1309
@calls 1310 1309
@calls 1310 1310
@calls 1311 1310
@calls 1311 1311
@calls 1312 1311
@calls 1312 1312
@calls 1313 1312
@calls 1313 1313
@calls 1314 1313
@calls 1314 1314
@calls 1315 1314
@calls 1315 1315
@calls 1316 1315
@calls 1316 1316
@calls 1317 1316
@calls 1317 1317
@calls 1318 1317
@calls 1318 1318
@calls 1319 1318
@calls 1319 1319
@calls 1320 1319
@calls 1320 1320
@calls 1321 1320
@calls 1321 1321
@calls 1322 1321
@calls 1322 1322
@calls 1323 1322
@calls 1323 1323
@calls 1324 1323
@calls 1324 1324
@calls 1325 1324
@calls 1325 1325
@calls 1326 1325
@calls 1326 1326
@calls 1327 1326
@calls 1327 1327
@calls 1328 1327
@calls 1328 1328
@calls 1329 1328
@calls 1329 1329
@calls 1330 1329
@calls 1330 1330
@calls 1331 1330
@calls 1331 1331
@calls 1332 1331
@calls 1332 1332
@calls 1333 1332
@calls 1333 1333
@calls 1334 1333
@calls 1334 1334
@calls 1335 1334
@calls 1335 1335
@calls 1336 1335
@calls 1336 1336
@calls 1337 1336
@calls 1337 1337
@calls 1338 1337
@calls 1338 1338
@calls 1339 1338
@calls 1339 1339
@calls 1340 1339
@calls 1340 1340
@calls 1341 1340
@calls 1341 1341
@calls 1342 1341
@calls 1342 1342
@calls 1343 1342
@calls 1343 1343
@calls 1344 1343
@calls 1344 1344
@calls 1345 1344
@calls 1345 1345
@calls 1346 1345
@calls 1346 1346
@calls 1347 1346
@calls 1347 1347
@calls 1348 1347
@calls 1348 1348
@calls 1349 1348
@calls 1349 1349
@calls 1350 1349
@calls 1350 1350
@calls 1351 1350
@calls 1351 1351
@calls 1352 1351
@calls 1352 1352
@calls 1353 1352
@calls 1353 1353
@calls 1354 1353
@calls 1354 1354
@calls 1355 1354
@calls 1355 1355
@calls 1356 1355
@calls 1356 1356
@calls 1357 1356
@calls 1357 1357
@calls 1358 1357
@calls 1358 1358
@calls 1359 1358
@calls 1359 1359
@calls 1360 1359
@calls 1360 1360
@calls 1361 1360
@calls 1361 1361
@calls 1362 1361
@calls 1362 1362
@calls 1363 1362
@calls 1363 1363
@calls 1364 1363
@calls 1364 1364
@calls 1365 1364
@calls 1365 1365
@calls 1366 1365
@calls 1366 1366
@calls 1367 1366
@calls 1367 1367
@calls 1368 1367
@calls 1368 1368
@calls 1369 1368
@calls 1369 1369
@calls 1370 1369
@calls 1370 1370
@calls 1371 1370
@calls 1371 1371
@calls 1372 1371
@calls 1372 1372
@calls 1373 1372
@calls 1373 1373
@calls 1374 1373
@calls 1374 1374
@calls 1375 1374
@calls 1375 1375
@calls 1376 1375
@calls 1376 1376
@calls 1377 1376
@calls 1377 1377
@calls 1378 1377
@calls 1378 1378
@calls 1379 1378
@calls 1379 1379
@calls 1380 1379
@calls 1380 1380
@calls 1381 1380
@calls 1381 1381
@calls 1382 1381
@calls 1382 1382
@calls 1383 1382
@calls 1383 1383
@calls 1384 1383
@calls 1384 1384
@calls 1385 1384
@calls 1385 1385
@calls 1386 1385
@calls 1386 1386
@calls 1387 1386
@calls 1387 1387
@calls 1388 1387
@calls 1388 1388
@calls 1389 1388
@calls 1389 1389
@calls 1390 1389
@calls 1390 1390
@calls 1391 1390
@calls 1391 1391
@calls 1392 1391
@calls 1392 1392
@calls 1393 1392
@calls 1393 1393
@calls 1394 1393
@calls 1394 1394
@calls 1395 1394
@calls 1395 1395
@calls 1396 1395
@calls 1396 1396
@calls 1397 1396
@calls 1397 1397
@calls 1398 1397
@calls 1398 1398
@calls 1399 1398
@calls 1399 1399
@calls 1400 1399
@calls 1400 1400
@calls 1401 1400
@calls 1401 1401
@calls 1402 1401
@calls 1402 1402
@calls 1403 1402
@calls 1403 1403
@calls 1404 1403
@calls 1404 1404
@calls 1405 1404
@calls 1405 1405
@calls 1406 1405
@calls 1406 1406
@calls 1407 1406
@calls 1407 1407
@calls 1408 1407
@calls 1408 1408
@calls 1409 1408
@calls 1409 1409
@calls 1410 1409
@calls 1410 1410
@calls 1411 1410
@calls 1411 1411
@calls 1412 1411
@calls 1412 1412
@calls 1413 1412
@calls 1413 1413
@calls 1414 1413
@calls 1414 1414
@calls 1415 1414
@calls 1415 1415
@calls 1416 1415
@calls 1416 1416
@calls 1417 1416
@calls 1417 1417
@calls 1418 1417
@calls 1418 1418
@calls 1419 1418
@calls 1419 1419
@calls 1420 1419
@calls 1420 1420
@calls 1421 1420
@calls 1421 1421
@calls 1422 1421
@calls 1422 1422
@calls 1423 1422
@calls 1423 1423
@calls 1424 1423
@calls 1424 1424
@calls 1425 1424
@calls 1425 1425
@calls 1426 1425
@calls 1426 1426
@calls 1427 1426
@calls 1427 1427
@calls 1428 1427
@calls 1428 1428
@calls 1429 1428
@calls 1429 1429
@calls 1430 1429
@calls 1430 1430
@calls 1431 1430
@calls 1431 1431
@calls 1432 1431
@calls 1432 1432
@calls 1433 1432
@calls 1433 1433
@calls 1434 1433
@calls 1434 1434
@calls 1435 1434
@calls 1435 1435
@calls 1436 1435
@calls 1436 1436
@calls 1437 1436
@calls 1437 1437
@calls 1438 1437
@calls 1438 1438
@calls 1439 1438
@calls 1439 1439
@calls 1440 1439
@calls 1440 1440
@calls 1441 1440
@calls 1441 1441
@calls 1442 1441
@calls 1442 1442
@calls 1443 1442
@calls 1443 1443
@calls 1444 1443
@calls 1444 1444
@calls 1445 1444
@calls 1445 1445
@calls 1446 1445
@calls 1446 1446
@calls 1447 1446
@calls 1447 1447
@calls 1448 1447
@calls 1448 1448
@calls 1449 1448
@calls 1449 1449
@calls 1450 1449
@calls 1450 1450
@calls 1451 1450
@calls 1451 1451
@calls 1452 1451
@calls 1452 1452
@calls 1453 1452
@calls 1453 1453
@calls 1454 1453
@calls 1454 1454
@calls 1455 1454
@calls 1455 1455
@calls 1456 1455
@calls 1456 1456
@calls 1457 1456
@calls 1457 1457
@calls 1458 1457
@calls 1458 1458
@calls 1459 1458
@calls 1459 1459
@calls 1460 1459
@calls 1460 1460
@calls 1461 1460
@calls 1461 1461
@calls 1462 1461
@calls 1462 1462
@calls 1463 1462
@calls 1463 1463
@calls 1464 1463
@calls 1464 1464
@calls 1465 1464
@calls 1465 1465
@calls 1466 1465
@calls 1466 1466
@calls 1467 1466
@calls 1467 1467
@calls 1468 1467
@calls 1468 1468
@calls 1469 1468
@calls 1469 1469
@calls 1470 1469
@calls 1470 1470
@calls 1471 1470
@calls 1471 1471
@calls 1472 1471
@calls 1472 1472
@calls 1473 1472
@calls 1473 1473
@calls 1474 1473
@calls 1474 1474
@calls 1475 1474
@calls 1475 1475
@calls 1476 1475
@calls 1476 1476
@calls 1477 1476
@calls 1477 1477
@calls 1478 1477
@calls 1478 1478
@calls 1479 1478
@calls 1479 1479
@calls 1480 1479
@calls 1480 1480
@calls 1481 1480
@calls 1481 1481
@calls 1482 1481
@calls 1482 1482
@calls 1483 1482
@calls 1483 1483
@calls 1484 1483
@calls 1484 1484
@calls 1485 1484
@calls 1485 1485
@calls 1486 1485
@calls 1486 1486
@calls 1487 1486
@calls 1487 1487
@calls 1488 1487
@calls 1488 1488
@calls 1489 1488
@calls 1489 1489
@calls 1490 1489
@calls 1490 1490
@calls 1491 1490
@calls 1491 1491
@calls 1492 1491
@calls 1492 1492
@calls 1493 1492
@calls 1493 1493
@calls 1494 1493
@calls 1494 1494
@calls 1495 1494
@calls 1495 1495
@calls 1496 1495
@calls 1496 1496
@calls 1497 1496
@calls 1497 1497
@calls 1498 1497
@calls 1498 1498
@calls 1499 1498
@calls 1499 1499
@calls 1500 1499
@calls 1500 1500
@calls 1501 1500
@calls 1501 1501
@calls 1502 1501
@calls 1502 1502
@calls 1503 1502
@calls 1503 1503
@calls 1504 1503
@calls 1504 1504
@calls 1505 1504
@calls 1505 1505
@calls 1506 1505
@calls 1506 1506
@calls 1507 1506
@calls 1507 1507
@calls 1508 1507
@calls 1508 1508
@calls 1509 1508
@calls 1509 1509
@calls 1510 1509
@calls 1510 1510
@calls 1511 1510
@calls 1511 1511
@calls 1512 1511
@calls 1512 1512
@calls 1513 1512
@calls 1513 1513
@calls 1514 1513
@calls 1514 1514
@calls 1515 1514
@calls 1515 1515
@calls 1516 1515
@calls 1516 1516
@calls 1517 1516
@calls 1517 1517
@calls 1518 1517
@calls 1518 1518
@calls 1519 1518
@calls 1519 1519
@calls 1520 1519
@calls 1520 1520
@calls 1521 1520
@calls 1521 1521
@calls 1522 1521
@calls 1522 1522
@calls 1523 1522
@calls 1523 1523
@calls 1524 1523
@calls 1524 1524
@calls 1525 1524
@calls 1525 1525
@calls 1526 1525
@calls 1526 1526
@calls 1527 1526
@calls 1527 1527
@calls 1528 1527
@calls 1528 1528
@calls 1529 1528
@calls 1529 1529
@calls 1530 1529
@calls 1530 1530
@calls 1531 1530
@calls 1531 1531
@calls 1532 1531
@calls 1532 1532
@calls 1533 1532
@calls 1533 1533
@calls 1534 1533
@calls 1534 1534
@calls 1535 1534
@calls 1535 1535
@calls 1536 1535
@calls 1536 1536
@calls 1537 1536
@calls 1537 1537
@calls 1538 1537
@calls 1538 1538
@calls 1539 1538
@calls 1539 1539
@calls 1540 1539
@calls 1540 1540
@calls 1541 1540
@calls 1541 1541
@calls 1542 1541
@calls 1542 1542
@calls 1543 1542
@calls 1543 1543
@calls 1544 1543
@calls 1544 1544
@calls 1545 1544
@calls 1545 1545
@calls 1546 1545
@calls 1546 1546
@calls 1547 1546
@calls 1547 1547
@calls 1548 1547
@calls 1548 1548
@calls 1549 1548
@calls 1549 1549
@calls 1550 1549
@calls 1550 1550
@calls 1551 1550
@calls 1551 1551
@calls 1552 1551
@calls 1552 1552
@calls 1553 1552
@calls 1553 1553
@calls 1554 1553
@calls 1554 1554
@calls 1555 1554
@calls 1555 1555
@calls 1556 1555
@calls 1556 1556
@calls 1557 1556
@calls 1557 1557
@calls 1558 1557
@calls 1558 1558
@calls 1559 1558
@calls 1559 1559
@calls 1560 1559
@calls 1560 1560
@calls 1561 1560
@calls 1561 1561
@calls 1562 1561
@calls 1562 1562
@calls 1563 1562
@calls 1563 1563
@calls 1564 1563
@calls 1564 1564
@calls 1565 1564
@calls 1565 1565
@calls 1566 1565
@calls 1566 1566
@calls 1567 1566
@calls 1567 1567
@calls 1568 1567
@calls 1568 1568
@calls 1569 1568
@calls 1569 1569
@calls 1570 1569
@calls 1570 1570
@calls 1571 1570
@calls 1571 1571
@calls 1572 1571
@calls 1572 1572
@calls 1573 1572
@calls 1573 1573
@calls 1574 1573
@calls 1574 1574
@calls 1575 1574
@calls 1575 1575
@calls 1576 1575
@calls 1576 1576
@calls 1577 1576
@calls 1577 1577
@calls 1578 1577
@calls 1578 1578
@calls 1579 1578
@calls 1579 1579
@calls 1580 1579
@calls 1580 1580
@calls 1581 1580
@calls 1581 1581
@calls 1582 1581
@calls 1582 1582
@calls 1583 1582
@calls 1583 1583
@calls 1584 1583
@calls 1584 1584
@calls 1585 1584
@calls 1585 1585
@calls 1586 1585
@calls 1586 1586
@calls 1587 1586
@calls 1587 1587
@calls 1588 1587
@calls 1588 1588
@calls 1589 1588
@calls 1589 1589
@calls 1590 1589
@calls 1590 1590
@calls 1591 1590
@calls 1591 1591
@calls 1592 1591
@calls 1592 1592
@calls 1593 1592
@calls 1593 1593
@calls 1594 1593
@calls 1594 1594
@calls 1595 1594
@calls 1595 1595
@calls 1596 1595
@calls 1596 1596
@calls 1597 1596
@calls 1597 1597
@calls 1598 1597
@calls 1598 1598
@calls 1599 1598
@calls 1599 1599
@calls 1600 1599
@calls 1600 1600
@calls 1601 1600
@calls 1601 1601
@calls 1602 1601
@calls 1602 1602
@calls 1603 1602
@calls 1603 1603
@calls 1604 1603
@calls 1604 1604
@calls 1605 1604
@calls 1605 1605
@calls 1606 1605
@calls 1606 1606
@calls 1607 1606
@calls 1607 1607
@calls 1608 1607
@calls 1608 1608
@calls 1609 1608
@calls 1609 1609
@calls 1610 1609
@calls 1610 1610
@calls 1611 1610
@calls 1611 1611
@calls 1612 1611
@calls 1612 1612
@calls 1613 1612
@calls 1613 1613
@calls 1614 1613
@calls 1614 1614
@calls 1615 1614
@calls 1615 1615
@calls 1616 1615
@calls 1616 1616
@calls 1617 1616
@calls 1617 1617
@calls 1618 1617
@calls 1618 1618
@calls 1619 1618
@calls 1619 1619
@calls 1620 1619
@calls 1620 1620
@calls 1621 1620
@calls 1621 1621
@calls 1622 1621
@calls 1622 1622
@calls 1623 1622
@calls 1623 1623
@calls 1624 1623
@calls 1624 1624
@calls 1625 1624
@calls 1625 1625
@calls 1626 1625
@calls 1626 1626
@calls 1627 1626
@calls 1627 1627
@calls 1628 1627
@calls 1628 1628
@calls 1629 1628
@calls 1629 1629
@calls 1630 1629
@calls 1630 1630
@calls 1631 1630
@calls 1631 1631
@calls 1632 1631
@calls 1632 1632
@calls 1633 1632
@calls 1633 1633
@calls 1634 1633
@calls 1634 1634
@calls 1635 1634
@calls 1635 1635
@calls 1636 1635
@calls 1636 1636
@calls 1637 1636
@calls 1637 1637
@calls 1638 1637
@calls 1638 1638
@calls 1639 1638
@calls 1639 1639
@calls 1640 1639
@calls 1640 1640
@calls 1641 1640
@calls 1641 1641
@calls 1642 1641
@calls 1642 1642
@calls 1643 1642
@calls 1643 1643
@calls 1644 1643
@calls 1644 1644
@calls 1645 1644
@calls 1645 1645
@calls 1646 1645
@calls 1646 1646
@calls 1647 1646
@calls 1647 1647
@calls 1648 1647
@calls 1648 1648
@calls 1649 1648
@calls 1649 1649
@calls 1650 1649
@calls 1650 1650
@calls 1651 1650
@calls 1651 1651
@calls 1652 1651
@calls 1652 1652
@calls 1653 1652
@calls 1653 1653
@calls 1654 1653
@calls 1654 1654
@calls 1655 1654
@calls 1655 1655
@calls 1656 1655
@calls 1656 1656
@calls 1657 1656
@calls 1657 1657
@calls 1658 1657
@calls 1658 1658
@calls 1659 1658
@calls 1659 1659
@calls 1660 1659
@calls 1660 1660
@calls 1661 1660
@calls 1661 1661
@calls 1662 1661
@calls 1662 1662
@calls 1663 1662
@calls 1663 1663
@calls 1664 1663
@calls 1664 1664
@calls 1665 1664
@calls 1665 1665
@calls 1666 1665
@calls 1666 1666
@calls 1667 1666
@calls 1667 1667
@calls 1668 1667
@calls 1668 1668
@calls 1669 1668
@calls 1669 1669
@calls 1670 1669
@calls 1670 1670
@calls 1671 1670
@calls 1671 1671
@calls 1672 1671
@calls 1672 1672
@calls 1673 1672
@calls 1673 1673
@calls 1674 1673
@calls 1674 1674
@calls 1675 1674
@calls 1675 1675
@calls 1676 1675
@calls 1676 1676
@calls 1677 1676
@calls 1677 1677
@calls 1678 1677
@calls 1678 1678
@calls 1679 1678
@calls 1679 1679
@calls 1680 1679
@calls 1680 1680
@calls 1681 1680
@calls 1681 1681
@calls 1682 1681
@calls 1682 1682
@calls 1683 1682
@calls 1683 1683
@calls 1684 1683
@calls 1684 1684
@calls 1685 1684
@calls 1685 1685
@calls 1686 1685
@calls 1686 1686
@calls 1687 1686
@calls 1687 1687
@calls 1688 1687
@calls 1688 1688
@calls 1689 1688
@calls 1689 1689
@calls 1690 1689
@calls 1690 1690
@calls 1691 1690
@calls 1691 1691
@calls 1692 1691
@calls 1692 1692
@calls 1693 1692
@calls 1693 1693
@calls 1694 1693
@calls 1694 1694
@calls 1695 1694
@calls 1695 1695
@calls 1696 1695
@calls 1696 1696
@calls 1697 1696
@calls 1697 1697
@calls 1698 1697
@calls 1698 1698
@calls 1699 1698
@calls 1699 1699
@calls 1700 1699
@calls 1700 1700
@calls 1701 1700
@calls 1701 1701
@calls 1702 1701
@calls 1702 1702
@calls 1703 1702
@calls 1703 1703
@calls 1704 1703
@calls 1704 1704
@calls 1705 1704
@calls 1705 1705
@calls 1706 1705
@calls 1706 1706
@calls 1707 1706
@calls 1707 1707
@calls 1708 1707
@calls 1708 1708
@calls 1709 1708
@calls 1709 1709
@calls 1710 1709
@calls 1710 1710
@calls 1711 1710
@calls 1711 1711
@calls 1712 1711
@calls 1712 1712
@calls 1713 1712
@calls 1713 1713
@calls 1714 1713
@calls 1714 1714
@calls 1715 1714
@calls 1715 1715
@calls 1716 1715
@calls 1716 1716
@calls 1717 1716
@calls 1717 1717
@calls 1718 1717
@calls 1718 1718
@calls 1719 1718
@calls 1719 1719
@calls 1720 1719
@calls 1720 1720
@calls 1721 1720
@calls 1721 1721
@calls 1722 1721
@calls 1722 1722
@calls 1723 1722
@calls 1723 1723
@calls 1724 1723
@calls 1724 1724
@calls 1725 1724
@calls 1725 1725
@calls 1726 1725
@calls 1726 1726
@calls 1727 1726
@calls 1727 1727
@calls 1728 1727
@calls 1728 1728
@calls 1729 1728
@calls 1729 1729
@calls 1730 1729
@calls 1730 1730
@calls 1731 1730
@calls 1731 1731
@calls 1732 1731
@calls 1732 1732
@calls 1733 1732
@calls 1733 1733
@calls 1734 1733
@calls 1734 1734
@calls 1735 1734
@calls 1735 1735
@calls 1736 1735
@calls 1736 1736
@calls 1737 1736
@calls 1737 1737
@calls 1738 1737
@calls 1738 1738
@calls 1739 1738
@calls 1739 1739
@calls 1740 1739
@calls 1740 1740
@calls 1741 1740
@calls 1741 1741
@calls 1742 1741
@calls 1742 1742
@calls 1743 1742
@calls 1743 1743
@calls 1744 1743
@calls 1744 1744
@calls 1745 1744
@calls 1745 1745
@calls 1746 1745
@calls 1746 1746
@calls 1747 1746
@calls 1747 1747
@calls 1748 1747
@calls 1748 1748
@calls 1749 1748
@calls 1749 1749
@calls 1750 1749
@calls 1750 1750
@calls 1751 1750
@calls 1751 1751
@calls 1752 1751
@calls 1752 1752
@calls 1753 1752
@calls 1753 1753
@calls 1754 1753
@calls 1754 1754
@calls 1755 1754
@calls 1755 1755
@calls 1756 1755
@calls 1756 1756
@calls 1757 1756
@calls 1757 1757
@calls 1758 1757
@calls 1758 1758
@calls 1759 1758
@calls 1759 1759
@calls 1760 1759
@calls 1760 1760
@calls 1761 1760
@calls 1761 1761
@calls 1762 1761
@calls 1762 1762
@calls 1763 1762
@calls 1763 1763
@calls 1764 1763
@calls 1764 1764
@calls 1765 1764
@calls 1765 1765
@calls 1766 1765
@calls 1766 1766
@calls 1767 1766
@calls 1767 1767
@calls 1768 1767
@calls 1768 1768
@calls 1769 1768
@calls 1769 1769
@calls 1770 1769
@calls 1770 1770
@calls 1771 1770
@calls 1771 1771
@calls 1772 1771
@calls 1772 1772
@calls 1773 1772
@calls 1773 1773
@calls 1774 1773
@calls 1774 1774
@calls 1775 1774
@calls 1775 1775
@calls 1776 1775
@calls 1776 1776
@calls 1777 1776
@calls 1777 1777
@calls 1778 1777
@calls 1778 1778
@calls 1779 1778
@calls 1779 1779
@calls 1780 1779
@calls 1780 1780
@calls 1781 1780
@calls 1781 1781
@calls 1782 1781
@calls 1782 1782
@calls 1783 1782
@calls 1783 1783
@calls 1784 1783
@calls 1784 1784
@calls 1785 1784
@calls 1785 1785
@calls 1786 1785
@calls 1786 1786
@calls 1787 1786
@calls 1787 1787
@calls 1788 1787
@calls 1788 1788
@calls 1789 1788
@calls 1789 1789
@calls 1790 1789
@calls 1790 1790
@calls 1791 1790
@calls 1791 1791
@calls 1792 1791
@calls 1792 1792
@calls 1793 1792
@calls 1793 1793
@calls 1794 1793
@calls 1794 1794
@calls 1795 1794
@calls 1795 1795
@calls 1796 1795
@calls 1796 1796
@calls 1797 1796
@calls 1797 1797
@calls 1798 1797
@calls 1798 1798
@calls 1799 1798
@calls 1799 1799
@calls 1800 1799
@calls 1800 1800
@calls 1801 1800
@calls 1801 1801
@calls 1802 1801
@calls 1802 1802
@calls 1803 1802
@calls 1803 1803
@calls 1804 1803
@calls 1804 1804
@calls 1805 1804
@calls 1805 1805
@calls 1806 1805
@calls 1806 1806
@calls 1807 1806
@calls 1807 1807
@calls 1808 1807
@calls 1808 1808
@calls 1809 1808
@calls 1809 1809
@calls 1810 1809
@calls 1810 1810
@calls 1811 1810
@calls 1811 1811
@calls 1812 1811
@calls 1812 1812
@calls 1813 1812
@calls 1813 1813
@calls 1814 1813
@calls 1814 1814
@calls 1815 1814
@calls 1815 1815
@calls 1816 1815
@calls 1816 1816
@calls 1817 1816
@calls 1817 1817
@calls 1818 1817
@calls 1818 1818
@calls 1819 1818
@calls 1819 1819
@calls 1820 1819
@calls 1820 1820
@calls 1821 1820
@calls 1821 1821
@calls 1822 1821
@calls 1822 1822
@calls 1823 1822
@calls 1823 1823
@calls 1824 1823
@calls 1824 1824
@calls 1825 1824
@calls 1825 1825
@calls 1826 1825
@calls 1826 1826
@calls 1827 1826
@calls 1827 1827
@calls 1828 1827
@calls 1828 1828
@calls 1829 1828
@calls 1829 1829
@calls 1830 1829
@calls 1830 1830
@calls 1831 1830
@calls 1831 1831
@calls 1832 1831
@calls 1832 1832
@calls 1833 1832
@calls 1833 1833
@calls 1834 1833
@calls 1834 1834
@calls 1835 1834
@calls 1835 1835
@calls 1836 1835
@calls 1836 1836
@calls 1837 1836
@calls 1837 1837
@calls 1838 1837
@calls 1838 1838
@calls 1839 1838
@calls 1839 1839
@calls 1840 1839
@calls 1840 1840
@calls 1841 1840
@calls 1841 1841
@calls 1842 1841
@calls 1842 1842
@calls 1843 1842
@calls 1843 1843
@calls 1844 1843
@calls 1844 1844
@calls 1845 1844
@calls 1845 1845
@calls 1846 1845
@calls 1846 1846
@calls 1847 1846
@calls 1847 1847
@calls 1848 1847
@calls 1848 1848
@calls 1849 1848
@calls 1849 1849
@calls 1850 1849
@calls 1850 1850
@calls 1851 1850
@calls 1851 1851
@calls 1852 1851
@calls 1852 1852
@calls 1853 1852
@calls 1853 1853
@calls 1854 1853
@calls 1854 1854
@calls 1855 1854
@calls 1855 1855
@calls 1856 1855
@calls 1856 1856
@calls 1857 1856
@calls 1857 1857
@calls 1858 1857
@calls 1858 1858
@calls 1859 1858
@calls 1859 1859
@calls 1860 1859
@calls 1860 1860
@calls 1861 1860
@calls 1861 1861
@calls 1862 1861
@calls 1862 1862
@calls 1863 1862
@calls 1863 1863
@calls 1864 1863
@calls 1864 1864
@calls 1865 1864
@calls 1865 1865
@calls 1866 1865
@calls 1866 1866
@calls 1867 1866
@calls 1867 1867
@calls 1868 1867
@calls 1868 1868
@calls 1869 1868
@calls 1869 1869
@calls 1870 1869
@calls 1870 1870
@calls 1871 1870
@calls 1871 1871
@calls 1872 1871
@calls 1872 1872
@calls 1873 1872
@calls 1873 1873
@calls 1874 1873
@calls 1874 1874
@calls 1875 1874
@calls 1875 1875
@calls 1876 1875
@calls 1876 1876
@calls 1877 1876
@calls 1877 1877
@calls 1878 1877
@calls 1878 1878
@calls 1879 1878
@calls 1879 1879
@calls 1880 1879
@calls 1880 1880
@calls 1881 1880
@calls 1881 1881
@calls 1882 1881
@calls 1882 1882
@calls 1883 1882
@calls 1883 1883
@calls 1884 1883
@calls 1884 1884
@calls 1885 1884
@calls 1885 1885
@calls 1886 1885
@calls 1886 1886
@calls 1887 1886
@calls 1887 1887
@calls 1888 1887
@calls 1888 1888
@calls 1889 1888
@calls 1889 1889
@calls 1890 1889
@calls 1890 1890
@calls 1891 1890
@calls 1891 1891
@calls 1892 1891
@calls 1892 1892
@calls 1893 1892
@calls 1893 1893
@calls 1894 1893
@calls 1894 1894
@calls 1895 1894
@calls 1895 1895
@calls 1896 1895
@calls 1896 1896
@calls 1897 1896
@calls 1897 1897
@calls 1898 1897
@calls 1898 1898
@calls 1899 1898
@calls 1899 1899
@calls 1900 1899
@calls 1900 1900
@calls 1901 1900
@calls 1901 1901
@calls 1902 1901
@calls 1902 1902
@calls 1903 1902
@calls 1903 1903
@calls 1904 1903
@calls 1904 1904
@calls 1905 1904
@calls 1905 1905
@calls 1906 1905
@calls 1906 1906
@calls 1907 1906
@calls 1907 1907
@calls 1908 1907
@calls 1908 1908
@calls 1909 1908
@calls 1909 1909
@calls 1910 1909
@calls 1910 1910
@calls 1911 1910
@calls 1911 1911
@calls 1912 1911
@calls 1912 1912
@calls 1913 1912
@calls 1913 1913
@calls 1914 1913
@calls 1914 1914
@calls 1915 1914
@calls 1915 1915
@calls 1916 1915
@calls 1916 1916
@calls 1917 1916
@calls 1917 1917
@calls 1918 1917
@calls 1918 1918
@calls 1919 1918
@calls 1919 1919
@calls 1920 1919
@calls 1920 1920
@calls 1921 1920
@calls 1921 1921
@calls 1922 1921
@calls 1922 1922
@calls 1923 1922
@calls 1923 1923
@calls 1924 1923
@calls 1924 1924
@calls 1925 1924
@calls 1925 1925
@calls 1926 1925
@calls 1926 1926
@calls 1927 1926
@calls 1927 1927
@calls 1928 1927
@calls 1928 1928
@calls 1929 1928
@calls 1929 1929
@calls 1930 1929
@calls 1930 1930
@calls 1931 1930
@calls 1931 1931
@calls 1932 1931
@calls 1932 1932
@calls 1933 1932
@calls 1933 1933
@calls 1934 1933
@calls 1934 1934
@calls 1935 1934
@calls 1935 1935
@calls 1936 1935
@calls 1936 1936
@calls 1937 1936
@calls 1937 1937
@calls 1938 1937
@calls 1938 1938
@calls 1939 1938
@calls 1939 1939
@calls 1940 1939
@calls 1940 1940
@calls 1941 1940
@calls 1941 1941
@calls 1942 1941
@calls 1942 1942
@calls 1943 1942
@calls 1943 1943
@calls 1944 1943
@calls 1944 1944
@calls 1945 1944
@calls 1945 1945
@calls 1946 1945
@calls 1946 1946
@calls 1947 1946
@calls 1947 1947
@calls 1948 1947
@calls 1948 1948
@calls 1949 1948
@calls 1949 1949
@calls 1950 1949
@calls 1950 1950
@calls 1951 1950
@calls 1951 1951
@calls 1952 1951
@calls 1952 1952
@calls 1953 1952
@calls 1953 1953
@calls 1954 1953
@calls 1954 1954
@calls 1955 1954
@calls 1955 1955
@calls 1956 1955
@calls 1956 1956
@calls 1957 1956
@calls 1957 1957
@calls 1958 1957
@calls 1958 1958
@calls 1959 1958
@calls 1959 1959
@calls 1960 1959
@calls 1960 1960
@calls 1961 1960
@calls 1961 1961
@calls 1962 1961
@calls 1962 1962
@calls 1963 1962
@calls 1963 1963
@calls 1964 1963
@calls 1964 1964
@calls 1965 1964
@calls 1965 1965
@calls 1966 1965
@calls 1966 1966
@calls 1967 1966
@calls 1967 1967
@calls 1968 1967
@calls 1968 1968
@calls 1969 1968
@calls 1969 1969
@calls 1970 1969
@calls 1970 1970
@calls 1971 1970
@calls 1971 1971
@calls 1972 1971
@calls 1972 1972
@calls 1973 1972
@calls 1973 1973
@calls 1974 1973
@calls 1974 1974
@calls 1975 1974
@calls 1975 1975
@calls 1976 1975
@calls 1976 1976
@calls 1977 1976
@calls 1977 1977
@calls 1978 1977
@calls 1978 1978
@calls 1979 1978
@calls 1979 1979
@calls 1980 1979
@calls 1980 1980
@calls 1981 1980
@calls 1981 1981
@calls 1982 1981
@calls 1982 1982
@calls 1983 1982
@calls 1983 1983
@calls 1984 1983
@calls 1984 1984
@calls 1985 1984
@calls 1985 1985
@calls 1986 1985
@calls 1986 1986
@calls 1987 1986
@calls 1987 1987
@calls 1988 1987
@calls 1988 1988
@calls 1989 1988
@calls 1989 1989
@calls 1990 1989
@calls 1990 1990
@calls 1991 1990
@calls 1991 1991
@calls 1992 1991
@calls 1992 1992
@calls 1993 1992
@calls 1993 1993
@calls 1994 1993
@calls 1994 1994
@calls 1995 1994
@calls 1995 1995
@calls 1996 1995
@calls 1996 1996
@calls 1997 1996
@calls 1997 1997
@calls 1998 1997
@calls 1998 1998
@calls 1999 1998
@calls 1999 1999
@calls 2000 1999
@calls 2000 2000
@calls 2001 2000
@calls 2001 2001
@calls 2002 2001
@calls 2002 2002
@calls 2003 2002
@calls 2003 2003
@calls 2004 2003
@calls 2004 2004
@calls 2005 2004
@calls 2005 2005
@calls 2006 2005
@calls 2006 2006
@calls 2007 2006
@calls 2007 2007
@calls 2008 2007
@calls 2008 2008
@calls 2009 2008
@calls 2009 2009
@calls 2010 2009
@calls 2010 2010
@calls 2011 2010
@calls 2011 2011
@calls 2012 2011
@calls 2012 2012
@calls 2013 2012
@calls 2013 2013
@calls 2014 2013
@calls 2014 2014
@calls 2015 2014
@calls 2015 2015
@calls 2016 2015
@calls 2016 2016
@calls 2017 2016
@calls 2017 2017
@calls 2018 2017
@calls 2018 2018
@calls 2019 2018
@calls 2019 2019
@calls 2020 2019
@calls 2020 2020
@calls 2021 2020
@calls 2021 2021
@calls 2022 2021
@calls 2022 2022
@calls 2023 2022
@calls 2023 2023
@calls 2024 2023
@calls 2024 2024
@calls 2025 2024
@calls 2025 2025
@calls 2026 2025
@calls 2026 2026
@calls 2027 2026
@calls 2027 2027
@calls 2028 2027
@calls 2028 2028
@calls 2029 2028
@calls 2029 2029
@calls 2030 2029
@calls 2030 2030
@calls 2031 2030
@calls 2031 2031
@calls 2032 2031
@calls 2032 2032
@calls 2033 2032
@calls 2033 2033
@calls 2034 2033
@calls 2034 2034
@calls 2035 2034
@calls 2035 2035
@calls 2036 2035
@calls 2036 2036
@calls 2037 2036
@calls 2037 2037
@calls 2038 2037
@calls 2038 2038
@calls 2039 2038
@calls 2039 2039
@calls 2040 2039
@calls 2040 2040
@calls 2041 2040
@calls 2041 2041
@calls 2042 2041
@calls 2042 2042
@calls 2043 2042
@calls 2043 2043
@calls 2044 2043
@calls 2044 2044
@calls 2045 2044
@calls 2045 2045
@calls 2046 2045
@calls 2046 2046
@calls 2047 2046
@calls 2047 2047
@calls 2048 2047
@calls 2048 2048
@calls 2049 2048
@calls 2049 2049
@calls 2050 2049
@calls 2050 2050
@calls 2051 2050
@calls 2051 2051
@calls 2052 2051
@calls 2052 2052
@calls 2053 2052
@calls 2053 2053
@calls 2054 2053
@calls 2054 2054
@calls 2055 2054
@calls 2055 2055
@calls 2056 2055
@calls 2056 2056
@calls 2057 2056
@calls 2057 2057
@calls 2058 2057
@calls 2058 2058
@calls 2059 2058
@calls 2059 2059
@calls 2060 2059
@calls 2060 2060
@calls 2061 2060
@calls 2061 2061
@calls 2062 2061
@calls 2062 2062
@calls 2063 2062
@calls 2063 2063
@calls 2064 2063
@calls 2064 2064
@calls 2065 2064
@calls 2065 2065
@calls 2066 2065
@calls 2066 2066
@calls 2067 2066
@calls 2067 2067
@calls 2068 2067
@calls 2068 2068
@calls 2069 2068
@calls 2069 2069
@calls 2070 2069
@calls 2070 2070
@calls 2071 2070
@calls 2071 2071
@calls 2072 2071
@calls 2072 2072
@calls 2073 2072
@calls 2073 2073
@calls 2074 2073
@calls 2074 2074
@calls 2075 2074
@calls 2075 2075
@calls 2076 2075
@calls 2076 2076
@calls 2077 2076
@calls 2077 2077
@calls 2078 2077
@calls 2078 2078
@calls 2079 2078
@calls 2079 2079
@calls 2080 2079
@calls 2080 2080
@calls 2081 2080
@calls 2081 2081
@calls 2082 2081
@calls 2082 2082
@calls 2083 2082
@calls 2083 2083
@calls 2084 2083
@calls 2084 2084
@calls 2085 2084
@calls 2085 2085
@calls 2086 2085
@calls 2086 2086
@calls 2087 2086
@calls 2087 2087
@calls 2088 2087
@calls 2088 2088
@calls 2089 2088
@calls 2089 2089
@calls 2090 2089
@calls 2090 2090
@calls 2091 2090
@calls 2091 2091
@calls 2092 2091
@calls 2092 2092
@calls 2093 2092
@calls 2093 2093
@calls 2094 2093
@calls 2094 2094
@calls 2095 2094
@calls 2095 2095
@calls 2096 2095
@calls 2096 2096
@calls 2097 2096
@calls 2097 2097
@calls 2098 2097
@calls 2098 2098
@calls 2099 2098
@calls 2099 2099
@calls 2100 2099
@calls 2100 2100
@calls 2101 2100
@calls 2101 2101
@calls 2102 2101
@calls 2102 2102
@calls 2103 2102
@calls 2103 2103
@calls 2104 2103
@calls 2104 2104
@calls 2105 2104
@calls 2105 2105
@calls 2106 2105
@calls 2106 2106
@calls 2107 2106
@calls 2107 2107
@calls 2108 2107
@calls 2108 2108
@calls 2109 2108
@calls 2109 2109
@calls 2110 2109
@calls 2110 2110
@calls 2111 2110
@calls 2111 2111
@calls 2112 2111
@calls 2112 2112
@calls 2113 2112
@calls 2113 2113
@calls 2114 2113
@calls 2114 2114
@calls 2115 2114
@calls 2115 2115
@calls 2116 2115
@calls 2116 2116
@calls 2117 2116
@calls 2117 2117
@calls 2118 2117
@calls 2118 2118
@calls 2119 2118
@calls 2119 2119
@calls 2120 2119
@calls 2120 2120
@calls 2121 2120
@calls 2121 2121
@calls 2122 2121
@calls 2122 2122
@calls 2123 2122
@calls 2123 2123
@calls 2124 2123
@calls 2124 2124
@calls 2125 2124
@calls 2125 2125
@calls 2126 2125
@calls 2126 2126
@calls 2127 2126
@calls 2127 2127
@calls 2128 2127
@calls 2128 2128
@calls 2129 2128
@calls 2129 2129
@calls 2130 2129
@calls 2130 2130
@calls 2131 2130
@calls 2131 2131
@calls 2132 2131
@calls 2132 2132
@calls 2133 2132
@calls 2133 2133
@calls 2134 2133
@calls 2134 2134
@calls 2135 2134
@calls 2135 2135
@calls 2136 2135
@calls 2136 2136
@calls 2137 2136
@calls 2137 2137
@calls 2138 2137
@calls 2138 2138
@calls 2139 2138
@calls 2139 2139
@calls 2140 2139
@calls 2140 2140
@calls 2141 2140
@calls 2141 2141
@calls 2142 2141
@calls 2142 2142
@calls 2143 2142
@calls 2143 2143
@calls 2144 2143
@calls 2144 2144
@calls 2145 2144
@calls 2145 2145
@calls 2146 2145
@calls 2146 2146
@calls 2147 2146
@calls 2147 2147
@calls 2148 2147
@calls 2148 2148
@calls 2149 2148
@calls 2149 2149
@calls 2150 2149
@calls 2150 2150
@calls 2151 2150
@calls 2151 2151
@calls 2152 2151
@calls 2152 2152
@calls 2153 2152
@calls 2153 2153
@calls 2154 2153
@calls 2154 2154
@calls 2155 2154
@calls 2155 2155
@calls 2156 2155
@calls 2156 2156
@calls 2157 2156
@calls 2157 2157
@calls 2158 2157
@calls 2158 2158
@calls 2159 2158
@calls 2159 2159
@calls 2160 2159
@calls 2160 2160
@calls 2161 2160
@calls 2161 2161
@calls 2162 2161
@calls 2162 2162
@calls 2163 2162
@calls 2163 2163
@calls 2164 2163
@calls 2164 2164
@calls 2165 2164
@calls 2165 2165
@calls 2166 2165
@calls 2166 2166
@calls 2167 2166
@calls 2167 2167
@calls 2168 2167
@calls 2168 2168
@calls 2169 2168
@calls 2169 2169
@calls 2170 2169
@calls 2170 2170
@calls 2171 2170
@calls 2171 2171
@calls 2172 2171
@calls 2172 2172
@calls 2173 2172
@calls 2173 2173
@calls 2174 2173
@calls 2174 2174
@calls 2175 2174
@calls 2175 2175
@calls 2176 2175
@calls 2176 2176
@calls 2177 2176
@calls 2177 2177
@calls 2178 2177
@calls 2178 2178
@calls 2179 2178
@calls 2179 2179
@calls 2180 2179
@calls 2180 2180
@calls 2181 2180
@calls 2181 2181
@calls 2182 2181
@calls 2182 2182
@calls 2183 2182
@calls 2183 2183
@calls 2184 2183
@calls 2184 2184
@calls 2185 2184
@calls 2185 2185
@calls 2186 2185
@calls 2186 2186
@calls 2187 2186
@calls 2187 2187
@calls 2188 2187
@calls 2188 2188
@calls 2189 2188
@calls 2189 2189
@calls 2190 2189
@calls 2190 2190
@calls 2191 2190
@calls 2191 2191
@calls 2192 2191
@calls 2192 2192
@calls 2193 2192
@calls 2193 2193
@calls 2194 2193
@calls 2194 2194
@calls 2195 2194
@calls 2195 2195
@calls 2196 2195
@calls 2196 2196
@calls 2197 2196
@calls 2197 2197
@calls 2198 2197
@calls 2198 2198
@calls 2199 2198
@calls 2199 2199
@calls 2200 2199
@calls 2200 2200
@calls 2201 2200
@calls 2201 2201
@calls 2202 2201
@calls 2202 2202
@calls 2203 2202
@calls 2203 2203
@calls 2204 2203
@calls 2204 2204
@calls 2205 2204
@calls 2205 2205
@calls 2206 2205
@calls 2206 2206
@calls 2207 2206
@calls 2207 2207
@calls 2208 2207
@calls 2208 2208
@calls 2209 2208
@calls 2209 2209
@calls 2210 2209
@calls 2210 2210
@calls 2211 2210
@calls 2211 2211
@calls 2212 2211
@calls 2212 2212
@calls 2213 2212
@calls 2213 2213
@calls 2214 2213
@calls 2214 2214
@calls 2215 2214
@calls 2215 2215
@calls 2216 2215
@calls 2216 2216
@calls 2217 2216
@calls 2217 2217
@calls 2218 2217
@calls 2218 2218
@calls 2219 2218
@calls 2219 2219
@calls 2220 2219
@calls 2220 2220
@calls 2221 2220
@calls 2221 2221
@calls 2222 2221
@calls 2222 2222
@calls 2223 2222
@calls 2223 2223
@calls 2224 2223
@calls 2224 2224
@calls 2225 2224
@calls 2225 2225
@calls 2226 2225
@calls 2226 2226
@calls 2227 2226
@calls 2227 2227
@calls 2228 2227
@calls 2228 2228
@calls 2229 2228
@calls 2229 2229
@calls 2230 2229
@calls 2230 2230
@calls 2231 2230
@calls 2231 2231
@calls 2232 2231
@calls 2232 2232
@calls 2233 2232
@calls 2233 2233
@calls 2234 2233
@calls 2234 2234
@calls 2235 2234
@calls 2235 2235
@calls 2236 2235
@calls 2236 2236
@calls 2237 2236
@calls 2237 2237
@calls 2238 2237
@calls 2238 2238
@calls 2239 2238
@calls 2239 2239
@calls 2240 2239
@calls 2240 2240
@calls 2241 2240
@calls 2241 2241
@calls 2242 2241
@calls 2242 2242
@calls 2243 2242
@calls 2243 2243
@calls 2244 2243
@calls 2244 2244
@calls 2245 2244
@calls 2245 2245
@calls 2246 2245
@calls 2246 2246
@calls 2247 2246
@calls 2247 2247
@calls 2248 2247
@calls 2248 2248
@calls 2249 2248
@calls 2249 2249
@calls 2250 2249
@calls 2250 2250
@calls 2251 2250
@calls 2251 2251
@calls 2252 2251
@calls 2252 2252
@calls 2253 2252
@calls 2253 2253
@calls 2254 2253
@calls 2254 2254
@calls 2255 2254
@calls 2255 2255
@calls 2256 2255
@calls 2256 2256
@calls 2257 2256
@calls 2257 2257
@calls 2258 2257
@calls 2258 2258
@calls 2259 2258
@calls 2259 2259
@calls 2260 2259
@calls 2260 2260
@calls 2261 2260
@calls 2261 2261
@calls 2262 2261
@calls 2262 2262
@calls 2263 2262
@calls 2263 2263
@calls 2264 2263
@calls 2264 2264
@calls 2265 2264
@calls 2265 2265
@calls 2266 2265
@calls 2266 2266
@calls 2267 2266
@calls 2267 2267
@calls 2268 2267
@calls 2268 2268
@calls 2269 2268
@calls 2269 2269
@calls 2270 2269
@calls 2270 2270
@calls 2271 2270
@calls 2271 2271
@calls 2272 2271
@calls 2272 2272
@calls 2273 2272
@calls 2273 2273
@calls 2274 2273
@calls 2274 2274
@calls 2275 2274
@calls 2275 2275
@calls 2276 2275
@calls 2276 2276
@calls 2277 2276
@calls 2277 2277
@calls 2278 2277
@calls 2278 2278
@calls 2279 2278
@calls 2279 2279
@calls 2280 2279
@calls 2280 2280
@calls 2281 2280
@calls 2281 2281
@calls 2282 2281
@calls 2282 2282
@calls 2283 2282
@calls 2283 2283
@calls 2284 2283
@calls 2284 2284
@calls 2285 2284
@calls 2285 2285
@calls 2286 2285
@calls 2286 2286
@calls 2287 2286
@calls 2287 2287
@calls 2288 2287
@calls 2288 2288
@calls 2289 2288
@calls 2289 2289
@calls 2290 2289
@calls 2290 2290
@calls 2291 2290
@calls 2291 2291
@calls 2292 2291
@calls 2292 2292
@calls 2293 2292
@calls 2293 2293
@calls 2294 2293
@calls 2294 2294
@calls 2295 2294
@calls 2295 2295
@calls 2296 2295
@calls 2296 2296
@calls 2297 2296
@calls 2297 2297
@calls 2298 2297
@calls 2298 2298
@calls 2299 2298
@calls 2299 2299
@calls 2300 2299
@calls 2300 2300
@calls 2301 2300
@calls 2301 2301
@calls 2302 2301
@calls 2302 2302
@calls 2303 2302
@calls 2303 2303
@calls 2304 2303
@calls 2304 2304
@calls 2305 2304
@calls 2305 2305
@calls 2306 2305
@calls 2306 2306
@calls 2307 2306
@calls 2307 2307
@calls 2308 2307
@calls 2308 2308
@calls 2309 2308
@calls 2309 2309
@calls 2310 2309
@calls 2310 2310
@calls 2311 2310
@calls 2311 2311
@calls 2312 2311
@calls 2312 2312
@calls 2313 2312
@calls 2313 2313
@calls 2314 2313
@calls 2314 2314
@calls 2315 2314
@calls 2315 2315
@calls 2316 2315
@calls 2316 2316
@calls 2317 2316
@calls 2317 2317
@calls 2318 2317
@calls 2318 2318
@calls 2319 2318
@calls 2319 2319
@calls 2320 2319
@calls 2320 2320
@calls 2321 2320
@calls 2321 2321
@calls 2322 2321
@calls 2322 2322
@calls 2323 2322
@calls 2323 2323
@calls 2324 2323
@calls 2324 2324
@calls 2325 2324
@calls 2325 2325
@calls 2326 2325
@calls 2326 2326
@calls 2327 2326
@calls 2327 2327
@calls 2328 2327
@calls 2328 2328
@calls 2329 2328
@calls 2329 2329
@calls 2330 2329
@calls 2330 2330
@calls 2331 2330
@calls 2331 2331
@calls 2332 2331
@calls 2332 2332
@calls 2333 2332
@calls 2333 2333
@calls 2334 2333
@calls 2334 2334
@calls 2335 2334
@calls 2335 2335
@calls 2336 2335
@calls 2336 2336
@calls 2337 2336
@calls 2337 2337
@calls 2338 2337
@calls 2338 2338
@calls 2339 2338
@calls 2339 2339
@calls 2340 2339
@calls 2340 2340
@calls 2341 2340
@calls 2341 2341
@calls 2342 2341
@calls 2342 2342
@calls 2343 2342
@calls 2343 2343
@calls 2344 2343
@calls 2344 2344
@calls 2345 2344
@calls 2345 2345
@calls 2346 2345
@calls 2346 2346
@calls 2347 2346
@calls 2347 2347
@calls 2348 2347
@calls 2348 2348
@calls 2349 2348
@calls 2349 2349
@calls 2350 2349
@calls 2350 2350
@calls 2351 2350
@calls 2351 2351
@calls 2352 2351
@calls 2352 2352
@calls 2353 2352
@calls 2353 2353
@calls 2354 2353
@calls 2354 2354
@calls 2355 2354
@calls 2355 2355
@calls 2356 2355
@calls 2356 2356
@calls 2357 2356
@calls 2357 2357
@calls 2358 2357
@calls 2358 2358
@calls 2359 2358
@calls 2359 2359
@calls 2360 2359
@calls 2360 2360
@calls 2361 2360
@calls 2361 2361
@calls 2362 2361
@calls 2362 2362
@calls 2363 2362
@calls 2363 2363
@calls 2364 2363
@calls 2364 2364
@calls 2365 2364
@calls 2365 2365
@calls 2366 2365
@calls 2366 2366
@calls 2367 2366
@calls 2367 2367
@calls 2368 2367
@calls 2368 2368
@calls 2369 2368
@calls 2369 2369
@calls 2370 2369
@calls 2370 2370
@calls 2371 2370
@calls 2371 2371
@calls 2372 2371
@calls 2372 2372
@calls 2373 2372
@calls 2373 2373
@calls 2374 2373
@calls 2374 2374
@calls 2375 2374
@calls 2375 2375
@calls 2376 2375
@calls 2376 2376
@calls 2377 2376
@calls 2377 2377
@calls 2378 2377
@calls 2378 2378
@calls 2379 2378
@calls 2379 2379
@calls 2380 2379
@calls 2380 2380
@calls 2381 2380
@calls 2381 2381
@calls 2382 2381
@calls 2382 2382
@calls 2383 2382
@calls 2383 2383
@calls 2384 2383
@calls 2384 2384
@calls 2385 2384
@calls 2385 2385
@calls 2386 2385
@calls 2386 2386
@calls 2387 2386
@calls 2387 2387
@calls 2388 2387
@calls 2388 2388
@calls 2389 2388
@calls 2389 2389
@calls 2390 2389
@calls 2390 2390
@calls 2391 2390
@calls 2391 2391
@calls 2392 2391
@calls 2392 2392
@calls 2393 2392
@calls 2393 2393
@calls 2394 2393
@calls 2394 2394
@calls 2395 2394
@calls 2395 2395
@calls 2396 2395
@calls 2396 2396
@calls 2397 2396
@calls 2397 2397
@calls 2398 2397
@calls 2398 2398
@calls 2399 2398
@calls 2399 2399
@calls 2400 2399
@calls 2400 2400
@calls 2401 2400
@calls 2401 2401
@calls 2402 2401
@calls 2402 2402
@calls 2403 2402
@calls 2403 2403
@calls 2404 2403
@calls 2404 2404
@calls 2405 2404
@calls 2405 2405
@calls 2406 2405
@calls 2406 2406
@calls 2407 2406
@calls 2407 2407
@calls 2408 2407
@calls 2408 2408
@calls 2409 2408
@calls 2409 2409
@calls 2410 2409
@calls 2410 2410
@calls 2411 2410
@calls 2411 2411
@calls 2412 2411
@calls 2412 2412
@calls 2413 2412
@calls 2413 2413
@calls 2414 2413
@calls 2414 2414
@calls 2415 2414
@calls 2415 2415
@calls 2416 2415
@calls 2416 2416
@calls 2417 2416
@calls 2417 2417
@calls 2418 2417
@calls 2418 2418
@calls 2419 2418
@calls 2419 2419
@calls 2420 2419
@calls 2420 2420
@calls 2421 2420
@calls 2421 2421
@calls 2422 2421
@calls 2422 2422
@calls 2423 2422
@calls 2423 2423
@calls 2424 2423
@calls 2424 2424
@calls 2425 2424
@calls 2425 2425
@calls 2426 2425
@calls 2426 2426
@calls 2427 2426
@calls 2427 2427
@calls 2428 2427
@calls 2428 2428
@calls 2429 2428
@calls 2429 2429
@calls 2430 2429
@calls 2430 2430
@calls 2431 2430
@calls 2431 2431
@calls 2432 2431
@calls 2432 2432
@calls 2433 2432
@calls 2433 2433
@calls 2434 2433
@calls 2434 2434
@calls 2435 2434
@calls 2435 2435
@calls 2436 2435
@calls 2436 2436
@calls 2437 2436
@calls 2437 2437
@calls 2438 2437
@calls 2438 2438
@calls 2439 2438
@calls 2439 2439
@calls 2440 2439
@calls 2440 2440
@calls 2441 2440
@calls 2441 2441
@calls 2442 2441
@calls 2442 2442
@calls 2443 2442
@calls 2443 2443
@calls 2444 2443
@calls 2444 2444
@calls 2445 2444
@calls 2445 2445
@calls 2446 2445
@calls 2446 2446
@calls 2447 2446
@calls 2447 2447
@calls 2448 2447
@calls 2448 2448
@calls 2449 2448
@calls 2449 2449
@calls 2450 2449
@calls 2450 2450
@calls 2451 2450
@calls 2451 2451
@calls 2452 2451
@calls 2452 2452
@calls 2453 2452
@calls 2453 2453
@calls 2454 2453
@calls 2454 2454
@calls 2455 2454
@calls 2455 2455
@calls 2456 2455
@calls 2456 2456
@calls 2457 2456
@calls 2457 2457
@calls 2458 2457
@calls 2458 2458
@calls 2459 2458
@calls 2459 2459
@calls 2460 2459
@calls 2460 2460
@calls 2461 2460
@calls 2461 2461
@calls 2462 2461
@calls 2462 2462
@calls 2463 2462
@calls 2463 2463
@calls 2464 2463
@calls 2464 2464
@calls 2465 2464
@calls 2465 2465
@calls 2466 2465
@calls 2466 2466
@calls 2467 2466
@calls 2467 2467
@calls 2468 2467
@calls 2468 2468
@calls 2469 2468
@calls 2469 2469
@calls 2470 2469
@calls 2470 2470
@calls 2471 2470
@calls 2471 2471
@calls 2472 2471
@calls 2472 2472
@calls 2473 2472
@calls 2473 2473
@calls 2474 2473
@calls 2474 2474
@calls 2475 2474
@calls 2475 2475
@calls 2476 2475
@calls 2476 2476
@calls 2477 2476
@calls 2477 2477
@calls 2478 2477
@calls 2478 2478
@calls 2479 2478
@calls 2479 2479
@calls 2480 2479
@calls 2480 2480
@calls 2481 2480
@calls 2481 2481
@calls 2482 2481
@calls 2482 2482
@calls 2483 2482
@calls 2483 2483
@calls 2484 2483
@calls 2484 2484
@calls 2485 2484
@calls 2485 2485
@calls 2486 2485
@calls 2486 2486
@calls 2487 2486
@calls 2487 2487
@calls 2488 2487
@calls 2488 2488
@calls 2489 2488
@calls 2489 2489
@calls 2490 2489
@calls 2490 2490
@calls 2491 2490
@calls 2491 2491
@calls 2492 2491
@calls 2492 2492
@calls 2493 2492
@calls 2493 2493
@calls 2494 2493
@calls 2494 2494
@calls 2495 2494
@calls 2495 2495
@calls 2496 2495
@calls 2496 2496
@calls 2497 2496
@calls 2497 2497
@calls 2498 2497
@calls 2498 2498
@calls 2499 2498
@calls 2499 2499
@calls 2500 2499
@calls 2500 2500
@calls 2501 2500
@calls 2501 2501
@calls 2502 2501
@calls 2502 2502
@calls 2503 2502
@calls 2503 2503
@calls 2504 2503
@calls 2504 2504
@calls 2505 2504
@calls 2505 2505
@calls 2506 2505
@calls 2506 2506
@calls 2507 2506
@calls 2507 2507
@calls 2508 2507
@calls 2508 2508
@calls 2509 2508
@calls 2509 2509
@calls 2510 2509
@calls 2510 2510
@calls 2511 2510
@calls 2511 2511
@calls 2512 2511
@calls 2512 2512
@calls 2513 2512
@calls 2513 2513
@calls 2514 2513
@calls 2514 2514
@calls 2515 2514
@calls 2515 2515
@calls 2516 2515
@calls 2516 2516
@calls 2517 2516
@calls 2517 2517
@calls 2518 2517
@calls 2518 2518
@calls 2519 2518
@calls 2519 2519
@calls 2520 2519
@calls 2520 2520
@calls 2521 2520
@calls 2521 2521
@calls 2522 2521
@calls 2522 2522
@calls 2523 2522
@calls 2523 2523
@calls 2524 2523
@calls 2524 2524
@calls 2525 2524
@calls 2525 2525
@calls 2526 2525
@calls 2526 2526
@calls 2527 2526
@calls 2527 2527
@calls 2528 2527
@calls 2528 2528
@calls 2529 2528
@calls 2529 2529
@calls 2530 2529
@calls 2530 2530
@calls 2531 2530
@calls 2531 2531
@calls 2532 2531
@calls 2532 2532
@calls 2533 2532
@calls 2533 2533
@calls 2534 2533
@calls 2534 2534
@calls 2535 2534
@calls 2535 2535
@calls 2536 2535
@calls 2536 2536
@calls 2537 2536
@calls 2537 2537
@calls 2538 2537
@calls 2538 2538
@calls 2539 2538
@calls 2539 2539
@calls 2540 2539
@calls 2540 2540
@calls 2541 2540
@calls 2541 2541
@calls 2542 2541
@calls 2542 2542
@calls 2543 2542
@calls 2543 2543
@calls 2544 2543
@calls 2544 2544
@calls 2545 2544
@calls 2545 2545
@calls 2546 2545
@calls 2546 2546
@calls 2547 2546
@calls 2547 2547
@calls 2548 2547
@calls 2548 2548
@calls 2549 2548
@calls 2549 2549
@calls 2550 2549
@calls 2550 2550
@calls 2551 2550
@calls 2551 2551
@calls 2552 2551
@calls 2552 2552
@calls 2553 2552
@calls 2553 2553
@calls 2554 2553
@calls 2554 2554
@calls 2555 2554
@calls 2555 2555
@calls 2556 2555
@calls 2556 2556
@calls 2557 2556
@calls 2557 2557
@calls 2558 2557
@calls 2558 2558
@calls 2559 2558
@calls 2559 2559
@calls 2560 2559
@calls 2560 2560
@calls 2561 2560
@calls 2561 2561
@calls 2562 2561
@calls 2562 2562
@calls 2563 2562
@calls 2563 2563
@calls 2564 2563
@calls 2564 2564
@calls 2565 2564
@calls 2565 2565
@calls 2566 2565
@calls 2566 2566
@calls 2567 2566
@calls 2567 2567
@calls 2568 2567
@calls 2568 2568
@calls 2569 2568
@calls 2569 2569
@calls 2570 2569
@calls 2570 2570
@calls 2571 2570
@calls 2571 2571
@calls 2572 2571
@calls 2572 2572
@calls 2573 2572
@calls 2573 2573
@calls 2574 2573
@calls 2574 2574
@calls 2575 2574
@calls 2575 2575
@calls 2576 2575
@calls 2576 2576
@calls 2577 2576
@calls 2577 2577
@calls 2578 2577
@calls 2578 2578
@calls 2579 2578
@calls 2579 2579
@calls 2580 2579
@calls 2580 2580
@calls 2581 2580
@calls 2581 2581
@calls 2582 2581
@calls 2582 2582
@calls 2583 2582
@calls 2583 2583
@calls 2584 2583
@calls 2584 2584
@calls 2585 2584
@calls 2585 2585
@calls 2586 2585
@calls 2586 2586
@calls 2587 2586
@calls 2587 2587
@calls 2588 2587
@calls 2588 2588
@calls 2589 2588
@calls 2589 2589
@calls 2590 2589
@calls 2590 2590
@calls 2591 2590
@calls 2591 2591
@calls 2592 2591
@calls 2592 2592
@calls 2593 2592
@calls 2593 2593
@calls 2594 2593
@calls 2594 2594
@calls 2595 2594
@calls 2595 2595
@calls 2596 2595
@calls 2596 2596
@calls 2597 2596
@calls 2597 2597
@calls 2598 2597
@calls 2598 2598
@calls 2599 2598
@calls 2599 2599
@calls 2600 2599
@calls 2600 2600
@calls 2601 2600
@calls 2601 2601
@calls 2602 2601
@calls 2602 2602
@calls 2603 2602
@calls 2603 2603
@calls 2604 2603
@calls 2604 2604
@calls 2605 2604
@calls 2605 2605
@calls 2606 2605
@calls 2606 2606
@calls 2607 2606
@calls 2607 2607
@calls 2608 2607
@calls 2608 2608
@calls 2609 2608
@calls 2609 2609
@calls 2610 2609
@calls 2610 2610
@calls 2611 2610
@calls 2611 2611
@calls 2612 2611
@calls 2612 2612
@calls 2613 2612
@calls 2613 2613
@calls 2614 2613
@calls 2614 2614
@calls 2615 2614
@calls 2615 2615
@calls 2616 2615
@calls 2616 2616
@calls 2617 2616
@calls 2617 2617
@calls 2618 2617
@calls 2618 2618
@calls 2619 2618
@calls 2619 2619
@calls 2620 2619
@calls 2620 2620
@calls 2621 2620
@calls 2621 2621
@calls 2622 2621
@calls 2622 2622
@calls 2623 2622
@calls 2623 2623
@calls 2624 2623
@calls 2624 2624
@calls 2625 2624
@calls 2625 2625
@calls 2626 2625
@calls 2626 2626
@calls 2627 2626
@calls 2627 2627
@calls 2628 2627
@calls 2628 2628
@calls 2629 2628
@calls 2629 2629
@calls 2630 2629
@calls 2630 2630
@calls 2631 2630
@calls 2631 2631
@calls 2632 2631
@calls 2632 2632
@calls 2633 2632
@calls 2633 2633
@calls 2634 2633
@calls 2634 2634
@calls 2635 2634
@calls 2635 2635
@calls 2636 2635
@calls 2636 2636
@calls 2637 2636
@calls 2637 2637
@calls 2638 2637
@calls 2638 2638
@calls 2639 2638
@calls 2639 2639
@calls 2640 2639
@calls 2640 2640
@calls 2641 2640
@calls 2641 2641
@calls 2642 2641
@calls 2642 2642
@calls 2643 2642
@calls 2643 2643
@calls 2644 2643
@calls 2644 2644
@calls 2645 2644
@calls 2645 2645
@calls 2646 2645
@calls 2646 2646
@calls 2647 2646
@calls 2647 2647
@calls 2648 2647
@calls 2648 2648
@calls 2649 2648
@calls 2649 2649
@calls 2650 2649
@calls 2650 2650
@calls 2651 2650
@calls 2651 2651
@calls 2652 2651
@calls 2652 2652
@calls 2653 2652
@calls 2653 2653
@calls 2654 2653
@calls 2654 2654
@calls 2655 2654
@calls 2655 2655
@calls 2656 2655
@calls 2656 2656
@calls 2657 2656
@calls 2657 2657
@calls 2658 2657
@calls 2658 2658
@calls 2659 2658
@calls 2659 2659
@calls 2660 2659
@calls 2660 2660
@calls 2661 2660
@calls 2661 2661
@calls 2662 2661
@calls 2662 2662
@calls 2663 2662
@calls 2663 2663
@calls 2664 2663
@calls 2664 2664
@calls 2665 2664
@calls 2665 2665
@calls 2666 2665
@calls 2666 2666
@calls 2667 2666
@calls 2667 2667
@calls 2668 2667
@calls 2668 2668
@calls 2669 2668
@calls 2669 2669
@calls 2670 2669
@calls 2670 2670
@calls 2671 2670
@calls 2671 2671
@calls 2672 2671
@calls 2672 2672
@calls 2673 2672
@calls 2673 2673
@calls 2674 2673
@calls 2674 2674
@calls 2675 2674
@calls 2675 2675
@calls 2676 2675
@calls 2676 2676
@calls 2677 2676
@calls 2677 2677
@calls 2678 2677
@calls 2678 2678
@calls 2679 2678
@calls 2679 2679
@calls 2680 2679
@calls 2680 2680
@calls 2681 2680
@calls 2681 2681
@calls 2682 2681
@calls 2682 2682
@calls 2683 2682
@calls 2683 2683
@calls 2684 2683
@calls 2684 2684
@calls 2685 2684
@calls 2685 2685
@calls 2686 2685
@calls 2686 2686
@calls 2687 2686
@calls 2687 2687
@calls 2688 2687
@calls 2688 2688
@calls 2689 2688
@calls 2689 2689
@calls 2690 2689
@calls 2690 2690
@calls 2691 2690
@calls 2691 2691
@calls 2692 2691
@calls 2692 2692
@calls 2693 2692
@calls 2693 2693
@calls 2694 2693
@calls 2694 2694
@calls 2695 2694
@calls 2695 2695
@calls 2696 2695
@calls 2696 2696
@calls 2697 2696
@calls 2697 2697
@calls 2698 2697
@calls 2698 2698
@calls 2699 2698
@calls 2699 2699
@calls 2700 2699
@calls 2700 2700
@calls 2701 2700
@calls 2701 2701
@calls 2702 2701
@calls 2702 2702
@calls 2703 2702
@calls 2703 2703
@calls 2704 2703
@calls 2704 2704
@calls 2705 2704
@calls 2705 2705
@calls 2706 2705
@calls 2706 2706
@calls 2707 2706
@calls 2707 2707
@calls 2708 2707
@calls 2708 2708
@calls 2709 2708
@calls 2709 2709
@calls 2710 2709
@calls 2710 2710
@calls 2711 2710
@calls 2711 2711
@calls 2712 2711
@calls 2712 2712
@calls 2713 2712
@calls 2713 2713
@calls 2714 2713
@calls 2714 2714
@calls 2715 2714
@calls 2715 2715
@calls 2716 2715
@calls 2716 2716
@calls 2717 2716
@calls 2717 2717
@calls 2718 2717
@calls 2718 2718
@calls 2719 2718
@calls 2719 2719
@calls 2720 2719
@calls 2720 2720
@calls 2721 2720
@calls 2721 2721
@calls 2722 2721
@calls 2722 2722
@calls 2723 2722
@calls 2723 2723
@calls 2724 2723
@calls 2724 2724
@calls 2725 2724
@calls 2725 2725
@calls 2726 2725
@calls 2726 2726
@calls 2727 2726
@calls 2727 2727
@calls 2728 2727
@calls 2728 2728
@calls 2729 2728
@calls 2729 2729
@calls 2730 2729
@calls 2730 2730
@calls 2731 2730
@calls 2731 2731
@calls 2732 2731
@calls 2732 2732
@calls 2733 2732
@calls 2733 2733
@calls 2734 2733
@calls 2734 2734
@calls 2735 2734
@calls 2735 2735
@calls 2736 2735
@calls 2736 2736
@calls 2737 2736
@calls 2737 2737
@calls 2738 2737
@calls 2738 2738
@calls 2739 2738
@calls 2739 2739
@calls 2740 2739
@calls 2740 2740
@calls 2741 2740
@calls 2741 2741
@calls 2742 2741
@calls 2742 2742
@calls 2743 2742
@calls 2743 2743
@calls 2744 2743
@calls 2744 2744
@calls 2745 2744
@calls 2745 2745
@calls 2746 2745
@calls 2746 2746
@calls 2747 2746
@calls 2747 2747
@calls 2748 2747
@calls 2748 2748
@calls 2749 2748
@calls 2749 2749
@calls 2750 2749
@calls 2750 2750
@calls 2751 2750
@calls 2751 2751
@calls 2752 2751
@calls 2752 2752
@calls 2753 2752
@calls 2753 2753
@calls 2754 2753
@calls 2754 2754
@calls 2755 2754
@calls 2755 2755
@calls 2756 2755
@calls 2756 2756
@calls 2757 2756
@calls 2757 2757
@calls 2758 2757
@calls 2758 2758
@calls 2759 2758
@calls 2759 2759
@calls 2760 2759
@calls 2760 2760
@calls 2761 2760
@calls 2761 2761
@calls 2762 2761
@calls 2762 2762
@calls 2763 2762
@calls 2763 2763
@calls 2764 2763
@calls 2764 2764
@calls 2765 2764
@calls 2765 2765
@calls 2766 2765
@calls 2766 2766
@calls 2767 2766
@calls 2767 2767
@calls 2768 2767
@calls 2768 2768
@calls 2769 2768
@calls 2769 2769
@calls 2770 2769
@calls 2770 2770
@calls 2771 2770
@calls 2771 2771
@calls 2772 2771
@calls 2772 2772
@calls 2773 2772
@calls 2773 2773
@calls 2774 2773
@calls 2774 2774
@calls 2775 2774
@calls 2775 2775
@calls 2776 2775
@calls 2776 2776
@calls 2777 2776
@calls 2777 2777
@calls 2778 2777
@calls 2778 2778
@calls 2779 2778
@calls 2779 2779
@calls 2780 2779
@calls 2780 2780
@calls 2781 2780
@calls 2781 2781
@calls 2782 2781
@calls 2782 2782
@calls 2783 2782
@calls 2783 2783
@calls 2784 2783
@calls 2784 2784
@calls 2785 2784
@calls 2785 2785
@calls 2786 2785
@calls 2786 2786
@calls 2787 2786
@calls 2787 2787
@calls 2788 2787
@calls 2788 2788
@calls 2789 2788
@calls 2789 2789
@calls 2790 2789
@calls 2790 2790
@calls 2791 2790
@calls 2791 2791
@calls 2792 2791
@calls 2792 2792
@calls 2793 2792
@calls 2793 2793
@calls 2794 2793
@calls 2794 2794
@calls 2795 2794
@calls 2795 2795
@calls 2796 2795
@calls 2796 2796
@calls 2797 2796
@calls 2797 2797
@calls 2798 2797
@calls 2798 2798
@calls 2799 2798
@calls 2799 2799
@calls 2800 2799
@calls 2800 2800
@calls 2801 2800
@calls 2801 2801
@calls 2802 2801
@calls 2802 2802
@calls 2803 2802
@calls 2803 2803
@calls 2804 2803
@calls 2804 2804
@calls 2805 2804
@calls 2805 2805
@calls 2806 2805
@calls 2806 2806
@calls 2807 2806
@calls 2807 2807
@calls 2808 2807
@calls 2808 2808
@calls 2809 2808
@calls 2809 2809
@calls 2810 2809
@calls 2810 2810
@calls 2811 2810
@calls 2811 2811
@calls 2812 2811
@calls 2812 2812
@calls 2813 2812
@calls 2813 2813
@calls 2814 2813
@calls 2814 2814
@calls 2815 2814
@calls 2815 2815
@calls 2816 2815
@calls 2816 2816
@calls 2817 2816
@calls 2817 2817
@calls 2818 2817
@calls 2818 2818
@calls 2819 2818
@calls 2819 2819
@calls 2820 2819
@calls 2820 2820
@calls 2821 2820
@calls 2821 2821
@calls 2822 2821
@calls 2822 2822
@calls 2823 2822
@calls 2823 2823
@calls 2824 2823
@calls 2824 2824
@calls 2825 2824
@calls 2825 2825
@calls 2826 2825
@calls 2826 2826
@calls 2827 2826
@calls 2827 2827
@calls 2828 2827
@calls 2828 2828
@calls 2829 2828
@calls 2829 2829
@calls 2830 2829
@calls 2830 2830
@calls 2831 2830
@calls 2831 2831
@calls 2832 2831
@calls 2832 2832
@calls 2833 2832
@calls 2833 2833
@calls 2834 2833
@calls 2834 2834
@calls 2835 2834
@calls 2835 2835
@calls 2836 2835
@calls 2836 2836
@calls 2837 2836
@calls 2837 2837
@calls 2838 2837
@calls 2838 2838
@calls 2839 2838
@calls 2839 2839
@calls 2840 2839
@calls 2840 2840
@calls 2841 2840
@calls 2841 2841
@calls 2842 2841
@calls 2842 2842
@calls 2843 2842
@calls 2843 2843
@calls 2844 2843
@calls 2844 2844
@calls 2845 2844
@calls 2845 2845
@calls 2846 2845
@calls 2846 2846
@calls 2847 2846
@calls 2847 2847
@calls 2848 2847
@calls 2848 2848
@calls 2849 2848
@calls 2849 2849
@calls 2850 2849
@calls 2850 2850
@calls 2851 2850
@calls 2851 2851
@calls 2852 2851
@calls 2852 2852
@calls 2853 2852
@calls 2853 2853
@calls 2854 2853
@calls 2854 2854
@calls 2855 2854
@calls 2855 2855
@calls 2856 2855
@calls 2856 2856
@calls 2857 2856
@calls 2857 2857
@calls 2858 2857
@calls 2858 2858
@calls 2859 2858
@calls 2859 2859
@calls 2860 2859
@calls 2860 2860
@calls 2861 2860
@calls 2861 2861
@calls 2862 2861
@calls 2862 2862
@calls 2863 2862
@calls 2863 2863
@calls 2864 2863
@calls 2864 2864
@calls 2865 2864
@calls 2865 2865
@calls 2866 2865
@calls 2866 2866
@calls 2867 2866
@calls 2867 2867
@calls 2868 2867
@calls 2868 2868
@calls 2869 2868
@calls 2869 2869
@calls 2870 2869
@calls 2870 2870
@calls 2871 2870
@calls 2871 2871
@calls 2872 2871
@calls 2872 2872
@calls 2873 2872
@calls 2873 2873
@calls 2874 2873
@calls 2874 2874
@calls 2875 2874
@calls 2875 2875
@calls 2876 2875
@calls 2876 2876
@calls 2877 2876
@calls 2877 2877
@calls 2878 2877
@calls 2878 2878
@calls 2879 2878
@calls 2879 2879
@calls 2880 2879
@calls 2880 2880
@calls 2881 2880
@calls 2881 2881
@calls 2882 2881
@calls 2882 2882
@calls 2883 2882
@calls 2883 2883
@calls 2884 2883
@calls 2884 2884
@calls 2885 2884
@calls 2885 2885
@calls 2886 2885
@calls 2886 2886
@calls 2887 2886
@calls 2887 2887
@calls 2888 2887
@calls 2888 2888
@calls 2889 2888
@calls 2889 2889
@calls 2890 2889
@calls 2890 2890
@calls 2891 2890
@calls 2891 2891
@calls 2892 2891
@calls 2892 2892
@calls 2893 2892
@calls 2893 2893
@calls 2894 2893
@calls 2894 2894
@calls 2895 2894
@calls 2895 2895
@calls 2896 2895
@calls 2896 2896
@calls 2897 2896
@calls 2897 2897
@calls 2898 2897
@calls 2898 2898
@calls 2899 2898
@calls 2899 2899
@calls 2900 2899
@calls 2900 2900
@calls 2901 2900
@calls 2901 2901
@calls 2902 2901
@calls 2902 2902
@calls 2903 2902
@calls 2903 2903
@calls 2904 2903
@calls 2904 2904
@calls 2905 2904
@calls 2905 2905
@calls 2906 2905
@calls 2906 2906
@calls 2907 2906
@calls 2907 2907
@calls 2908 2907
@calls 2908 2908
@calls 2909 2908
@calls 2909 2909
@calls 2910 2909
@calls 2910 2910
@calls 2911 2910
@calls 2911 2911
@calls 2912 2911
@calls 2912 2912
@calls 2913 2912
@calls 2913 2913
@calls 2914 2913
@calls 2914 2914
@calls 2915 2914
@calls 2915 2915
@calls 2916 2915
@calls 2916 2916
@calls 2917 2916
@calls 2917 2917
@calls 2918 2917
@calls 2918 2918
@calls 2919 2918
@calls 2919 2919
@calls 2920 2919
@calls 2920 2920
@calls 2921 2920
@calls 2921 2921
@calls 2922 2921
@calls 2922 2922
@calls 2923 2922
@calls 2923 2923
@calls 2924 2923
@calls 2924 2924
@calls 2925 2924
@calls 2925 2925
@calls 2926 2925
@calls 2926 2926
@calls 2927 2926
@calls 2927 2927
@calls 2928 2927
@calls 2928 2928
@calls 2929 2928
@calls 2929 2929
@calls 2930 2929
@calls 2930 2930
@calls 2931 2930
@calls 2931 2931
@calls 2932 2931
@calls 2932 2932
@calls 2933 2932
@calls 2933 2933
@calls 2934 2933
@calls 2934 2934
@calls 2935 2934
@calls 2935 2935
@calls 2936 2935
@calls 2936 2936
@calls 2937 2936
@calls 2937 2937
@calls 2938 2937
@calls 2938 2938
@calls 2939 2938
@calls 2939 2939
@calls 2940 2939
@calls 2940 2940
@calls 2941 2940
@calls 2941 2941
@calls 2942 2941
@calls 2942 2942
@calls 2943 2942
@calls 2943 2943
@calls 2944 2943
@calls 2944 2944
@calls 2945 2944
@calls 2945 2945
@calls 2946 2945
@calls 2946 2946
@calls 2947 2946
@calls 2947 2947
@calls 2948 2947
@calls 2948 2948
@calls 2949 2948
@calls 2949 2949
@calls 2950 2949
@calls 2950 2950
@calls 2951 2950
@calls 2951 2951
@calls 2952 2951
@calls 2952 2952
@calls 2953 2952
@calls 2953 2953
@calls 2954 2953
@calls 2954 2954
@calls 2955 2954
@calls 2955 2955
@calls 2956 2955
@calls 2956 2956
@calls 2957 2956
@calls 2957 2957
@calls 2958 2957
@calls 2958 2958
@calls 2959 2958
@calls 2959 2959
@calls 2960 2959
@calls 2960 2960
@calls 2961 2960
@calls 2961 2961
@calls 2962 2961
@calls 2962 2962
@calls 2963 2962
@calls 2963 2963
@calls 2964 2963
@calls 2964 2964
@calls 2965 2964
@calls 2965 2965
@calls 2966 2965
@calls 2966 2966
@calls 2967 2966
@calls 2967 2967
@calls 2968 2967
@calls 2968 2968
@calls 2969 2968
@calls 2969 2969
@calls 2970 2969
@calls 2970 2970
@calls 2971 2970
@calls 2971 2971
@calls 2972 2971
@calls 2972 2972
@calls 2973 2972
@calls 2973 2973
@calls 2974 2973
@calls 2974 2974
@calls 2975 2974
@calls 2975 2975
@calls 2976 2975
@calls 2976 2976
@calls 2977 2976
@calls 2977 2977
@calls 2978 2977
@calls 2978 2978
@calls 2979 2978
@calls 2979 2979
@calls 2980 2979
@calls 2980 2980
@calls 2981 2980
@calls 2981 2981
@calls 2982 2981
@calls 2982 2982
@calls 2983 2982
@calls 2983 2983
@calls 2984 2983
@calls 2984 2984
@calls 2985 2984
@calls 2985 2985
@calls 2986 2985
@calls 2986 2986
@calls 2987 2986
@calls 2987 2987
@calls 2988 2987
@calls 2988 2988
@calls 2989 2988
@calls 2989 2989
@calls 2990 2989
@calls 2990 2990
@calls 2991 2990
@calls 2991 2991
@calls 2992 2991
@calls 2992 2992
@calls 2993 2992
@calls 2993 2993
@calls 2994 2993
@calls 2994 2994
@calls 2995 2994
@calls 2995 2995
@calls 2996 2995
@calls 2996 2996
@calls 2997 2996
@calls 2997 2997
@calls 2998 2997
@calls 2998 2998
@calls 2999 2998
@calls 2999 2999
@calls 3000 2999
@calls 3000 3000
@calls 3001 3000
@calls 3001 3001
@calls 3002 3001
@calls 3002 3002
@calls 3003 3002
@calls 3003 3003
@calls 3004 3003
@calls 3004 3004
@calls 3005 3004
@calls 3005 3005
@calls 3006 3005
@calls 3006 3006
@calls 3007 3006
@calls 3007 3007
@calls 3008 3007
@calls 3008 3008
@calls 3009 3008
@calls 3009 3009
@calls 3010 3009
@calls 3010 3010
@calls 3011 3010
@calls 3011 3011
@calls 3012 3011
@calls 3012 3012
@calls 3013 3012
@calls 3013 3013
@calls 3014 3013
@calls 3014 3014
@calls 3015 3014
@calls 3015 3015
@calls 3016 3015
@calls 3016 3016
@calls 3017 3016
@calls 3017 3017
@calls 3018 3017
@calls 3018 3018
@calls 3019 3018
@calls 3019 3019
@calls 3020 3019
@calls 3020 3020
@calls 3021 3020
@calls 3021 3021
@calls 3022 3021
@calls 3022 3022
@calls 3023 3022
@calls 3023 3023
@calls 3024 3023
@calls 3024 3024
@calls 3025 3024
@calls 3025 3025
@calls 3026 3025
@calls 3026 3026
@calls 3027 3026
@calls 3027 3027
@calls 3028 3027
@calls 3028 3028
@calls 3029 3028
@calls 3029 3029
@calls 3030 3029
@calls 3030 3030
@calls 3031 3030
@calls 3031 3031
@calls 3032 3031
@calls 3032 3032
@calls 3033 3032
@calls 3033 3033
@calls 3034 3033
@calls 3034 3034
@calls 3035 3034
@calls 3035 3035
@calls 3036 3035
@calls 3036 3036
@calls 3037 3036
@calls 3037 3037
@calls 3038 3037
@calls 3038 3038
@calls 3039 3038
@calls 3039 3039
@calls 3040 3039
@calls 3040 3040
@calls 3041 3040
@calls 3041 3041
@calls 3042 3041
@calls 3042 3042
@calls 3043 3042
@calls 3043 3043
@calls 3044 3043
@calls 3044 3044
@calls 3045 3044
@calls 3045 3045
@calls 3046 3045
@calls 3046 3046
@calls 3047 3046
@calls 3047 3047
@calls 3048 3047
@calls 3048 3048
@calls 3049 3048
@calls 3049 3049
@calls 3050 3049
@calls 3050 3050
@calls 3051 3050
@calls 3051 3051
@calls 3052 3051
@calls 3052 3052
@calls 3053 3052
@calls 3053 3053
@calls 3054 3053
@calls 3054 3054
@calls 3055 3054
@calls 3055 3055
@calls 3056 3055
@calls 3056 3056
@calls 3057 3056
@calls 3057 3057
@calls 3058 3057
@calls 3058 3058
@calls 3059 3058
@calls 3059 3059
@calls 3060 3059
@calls 3060 3060
@calls 3061 3060
@calls 3061 3061
@calls 3062 3061
@calls 3062 3062
@calls 3063 3062
@calls 3063 3063
@calls 3064 3063
@calls 3064 3064
@calls 3065 3064
@calls 3065 3065
@calls 3066 3065
@calls 3066 3066
@calls 3067 3066
@calls 3067 3067
@calls 3068 3067
@calls 3068 3068
@calls 3069 3068
@calls 3069 3069
@calls 3070 3069
@calls 3070 3070
@calls 3071 3070
@calls 3071 3071
@calls 3072 3071
@calls 3072 3072
@calls 3073 3072
@calls 3073 3073
@calls 3074 3073
@calls 3074 3074
@calls 3075 3074
@calls 3075 3075
@calls 3076 3075
@calls 3076 3076
@calls 3077 3076
@calls 3077 3077
@calls 3078 3077
@calls 3078 3078
@calls 3079 3078
@calls 3079 3079
@calls 3080 3079
@calls 3080 3080
@calls 3081 3080
@calls 3081 3081
@calls 3082 3081
@calls 3082 3082
@calls 3083 3082
@calls 3083 3083
@calls 3084 3083
@calls 3084 3084
@calls 3085 3084
@calls 3085 3085
@calls 3086 3085
@calls 3086 3086
@calls 3087 3086
@calls 3087 3087
@calls 3088 3087
@calls 3088 3088
@calls 3089 3088
@calls 3089 3089
@calls 3090 3089
@calls 3090 3090
@calls 3091 3090
@calls 3091 3091
@calls 3092 3091
@calls 3092 3092
@calls 3093 3092
@calls 3093 3093
@calls 3094 3093
@calls 3094 3094
@calls 3095 3094
@calls 3095 3095
@calls 3096 3095
@calls 3096 3096
@calls 3097 3096
@calls 3097 3097
@calls 3098 3097
@calls 3098 3098
@calls 3099 3098
@calls 3099 3099
@calls 3100 3099
@calls 3100 3100
@calls 3101 3100
@calls 3101 3101
@calls 3102 3101
@calls 3102 3102
@calls 3103 3102
@calls 3103 3103
@calls 3104 3103
@calls 3104 3104
@calls 3105 3104
@calls 3105 3105
@calls 3106 3105
@calls 3106 3106
@calls 3107 3106
@calls 3107 3107
@calls 3108 3107
@calls 3108 3108
@calls 3109 3108
@calls 3109 3109
@calls 3110 3109
@calls 3110 3110
@calls 3111 3110
@calls 3111 3111
@calls 3112 3111
@calls 3112 3112
@calls 3113 3112
@calls 3113 3113
@calls 3114 3113
@calls 3114 3114
@calls 3115 3114
@calls 3115 3115
@calls 3116 3115
@calls 3116 3116
@calls 3117 3116
@calls 3117 3117
@calls 3118 3117
@calls 3118 3118
@calls 3119 3118
@calls 3119 3119
@calls 3120 3119
@calls 3120 3120
@calls 3121 3120
@calls 3121 3121
@calls 3122 3121
@calls 3122 3122
@calls 3123 3122
@calls 3123 3123
@calls 3124 3123
@calls 3124 3124
@calls 3125 3124
@calls 3125 3125
@calls 3126 3125
@calls 3126 3126
@calls 3127 3126
@calls 3127 3127
@calls 3128 3127
@calls 3128 3128
@calls 3129 3128
@calls 3129 3129
@calls 3130 3129
@calls 3130 3130
@calls 3131 3130
@calls 3131 3131
@calls 3132 3131
@calls 3132 3132
@calls 3133 3132
@calls 3133 3133
@calls 3134 3133
@calls 3134 3134
@calls 3135 3134
@calls 3135 3135
@calls 3136 3135
@calls 3136 3136
@calls 3137 3136
@calls 3137 3137
@calls 3138 3137
@calls 3138 3138
@calls 3139 3138
@calls 3139 3139
@calls 3140 3139
@calls 3140 3140
@calls 3141 3140
@calls 3141 3141
@calls 3142 3141
@calls 3142 3142
@calls 3143 3142
@calls 3143 3143
@calls 3144 3143
@calls 3144 3144
@calls 3145 3144
@calls 3145 3145
@calls 3146 3145
@calls 3146 3146
@calls 3147 3146
@calls 3147 3147
@calls 3148 3147
@calls 3148 3148
@calls 3149 3148
@calls 3149 3149
@calls 3150 3149
@calls 3150 3150
@calls 3151 3150
@calls 3151 3151
@calls 3152 3151
@calls 3152 3152
@calls 3153 3152
@calls 3153 3153
@calls 3154 3153
@calls 3154 3154
@calls 3155 3154
@calls 3155 3155
@calls 3156 3155
@calls 3156 3156
@calls 3157 3156
@calls 3157 3157
@calls 3158 3157
@calls 3158 3158
@calls 3159 3158
@calls 3159 3159
@calls 3160 3159
@calls 3160 3160
@calls 3161 3160
@calls 3161 3161
@calls 3162 3161
@calls 3162 3162
@calls 3163 3162
@calls 3163 3163
@calls 3164 3163
@calls 3164 3164
@calls 3165 3164
@calls 3165 3165
@calls 3166 3165
@calls 3166 3166
@calls 3167 3166
@calls 3167 3167
@calls 3168 3167
@calls 3168 3168
@calls 3169 3168
@calls 3169 3169
@calls 3170 3169
@calls 3170 3170
@calls 3171 3170
@calls 3171 3171
@calls 3172 3171
@calls 3172 3172
@calls 3173 3172
@calls 3173 3173
@calls 3174 3173
@calls 3174 3174
@calls 3175 3174
@calls 3175 3175
@calls 3176 3175
@calls 3176 3176
@calls 3177 3176
@calls 3177 3177
@calls 3178 3177
@calls 3178 3178
@calls 3179 3178
@calls 3179 3179
@calls 3180 3179
@calls 3180 3180
@calls 3181 3180
@calls 3181 3181
@calls 3182 3181
@calls 3182 3182
@calls 3183 3182
@calls 3183 3183
@calls 3184 3183
@calls 3184 3184
@calls 3185 3184
@calls 3185 3185
@calls 3186 3185
@calls 3186 3186
@calls 3187 3186
@calls 3187 3187
@calls 3188 3187
@calls 3188 3188
@calls 3189 3188
@calls 3189 3189
@calls 3190 3189
@calls 3190 3190
@calls 3191 3190
@calls 3191 3191
@calls 3192 3191
@calls 3192 3192
@calls 3193 3192
@calls 3193 3193
@calls 3194 3193
@calls 3194 3194
@calls 3195 3194
@calls 3195 3195
@calls 3196 3195
@calls 3196 3196
@calls 3197 3196
@calls 3197 3197
@calls 3198 3197
@calls 3198 3198
@calls 3199 3198
@calls 3199 3199
@calls 3200 3199
@calls 3200 3200
@calls 3201 3200
@calls 3201 3201
@calls 3202 3201
@calls 3202 3202
@calls 3203 3202
@calls 3203 3203
@calls 3204 3203
@calls 3204 3204
@calls 3205 3204
@calls 3205 3205
@calls 3206 3205
@calls 3206 3206
@calls 3207 3206
@calls 3207 3207
@calls 3208 3207
@calls 3208 3208
@calls 3209 3208
@calls 3209 3209
@calls 3210 3209
@calls 3210 3210
@calls 3211 3210
@calls 3211 3211
@calls 3212 3211
@calls 3212 3212
@calls 3213 3212
@calls 3213 3213
@calls 3214 3213
@calls 3214 3214
@calls 3215 3214
@calls 3215 3215
@calls 3216 3215
@calls 3216 3216
@calls 3217 3216
@calls 3217 3217
@calls 3218 3217
@calls 3218 3218
@calls 3219 3218
@calls 3219 3219
@calls 3220 3219
@calls 3220 3220
@calls 3221 3220
@calls 3221 3221
@calls 3222 3221
@calls 3222 3222
@calls 3223 3222
@calls 3223 3223
@calls 3224 3223
@calls 3224 3224
@calls 3225 3224
@calls 3225 3225
@calls 3226 3225
@calls 3226 3226
@calls 3227 3226
@calls 3227 3227
@calls 3228 3227
@calls 3228 3228
@calls 3229 3228
@calls 3229 3229
@calls 3230 3229
@calls 3230 3230
@calls 3231 3230
@calls 3231 3231
@calls 3232 3231
@calls 3232 3232
@calls 3233 3232
@calls 3233 3233
@calls 3234 3233
@calls 3234 3234
@calls 3235 3234
@calls 3235 3235
@calls 3236 3235
@calls 3236 3236
@calls 3237 3236
@calls 3237 3237
@calls 3238 3237
@calls 3238 3238
@calls 3239 3238
@calls 3239 3239
@calls 3240 3239
@calls 3240 3240
@calls 3241 3240
@calls 3241 3241
@calls 3242 3241
@calls 3242 3242
@calls 3243 3242
@calls 3243 3243
@calls 3244 3243
@calls 3244 3244
@calls 3245 3244
@calls 3245 3245
@calls 3246 3245
@calls 3246 3246
@calls 3247 3246
@calls 3247 3247
@calls 3248 3247
@calls 3248 3248
@calls 3249 3248
@calls 3249 3249
@calls 3250 3249
@calls 3250 3250
@calls 3251 3250
@calls 3251 3251
@calls 3252 3251
@calls 3252 3252
@calls 3253 3252
@calls 3253 3253
@calls 3254 3253
@calls 3254 3254
@calls 3255 3254
@calls 3255 3255
@calls 3256 3255
@calls 3256 3256
@calls 3257 3256
@calls 3257 3257
@calls 3258 3257
@calls 3258 3258
@calls 3259 3258
@calls 3259 3259
@calls 3260 3259
@calls 3260 3260
@calls 3261 3260
@calls 3261 3261
@calls 3262 3261
@calls 3262 3262
@calls 3263 3262
@calls 3263 3263
@calls 3264 3263
@calls 3264 3264
@calls 3265 3264
@calls 3265 3265
@calls 3266 3265
@calls 3266 3266
@calls 3267 3266
@calls 3267 3267
@calls 3268 3267
@calls 3268 3268
@calls 3269 3268
@calls 3269 3269
@calls 3270 3269
@calls 3270 3270
@calls 3271 3270
@calls 3271 3271
@calls 3272 3271
@calls 3272 3272
@calls 3273 3272
@calls 3273 3273
@calls 3274 3273
@calls 3274 3274
@calls 3275 3274
@calls 3275 3275
@calls 3276 3275
@calls 3276 3276
@calls 3277 3276
@calls 3277 3277
@calls 3278 3277
@calls 3278 3278
@calls 3279 3278
@calls 3279 3279
@calls 3280 3279
@calls 3280 3280
@calls 3281 3280
@calls 3281 3281
@calls 3282 3281
@calls 3282 3282
@calls 3283 3282
@calls 3283 3283
@calls 3284 3283
@calls 3284 3284
@calls 3285 3284
@calls 3285 3285
@calls 3286 3285
@calls 3286 3286
@calls 3287 3286
@calls 3287 3287
@calls 3288 3287
@calls 3288 3288
@calls 3289 3288
@calls 3289 3289
@calls 3290 3289
@calls 3290 3290
@calls 3291 3290
@calls 3291 3291
@calls 3292 3291
@calls 3292 3292
@calls 3293 3292
@calls 3293 3293
@calls 3294 3293
@calls 3294 3294
@calls 3295 3294
@calls 3295 3295
@calls 3296 3295
@calls 3296 3296
@calls 3297 3296
@calls 3297 3297
@calls 3298 3297
@calls 3298 3298
@calls 3299 3298
@calls 3299 3299
@calls 3300 3299
@calls 3300 3300
@calls 3301 3300
@calls 3301 3301
@calls 3302 3301
@calls 3302 3302
@calls 3303 3302
@calls 3303 3303
@calls 3304 3303
@calls 3304 3304
@calls 3305 3304
@calls 3305 3305
@calls 3306 3305
@calls 3306 3306
@calls 3307 3306
@calls 3307 3307
@calls 3308 3307
@calls 3308 3308
@calls 3309 3308
@calls 3309 3309
@calls 3310 3309
@calls 3310 3310
@calls 3311 3310
@calls 3311 3311
@calls 3312 3311
@calls 3312 3312
@calls 3313 3312
@calls 3313 3313
@calls 3314 3313
@calls 3314 3314
@calls 3315 3314
@calls 3315 3315
@calls 3316 3315
@calls 3316 3316
@calls 3317 3316
@calls 3317 3317
@calls 3318 3317
@calls 3318 3318
@calls 3319 3318
@calls 3319 3319
@calls 3320 3319
@calls 3320 3320
@calls 3321 3320
@calls 3321 3321
@calls 3322 3321
@calls 3322 3322
@calls 3323 3322
@calls 3323 3323
@calls 3324 3323
@calls 3324 3324
@calls 3325 3324
@calls 3325 3325
@calls 3326 3325
@calls 3326 3326
@calls 3327 3326
@calls 3327 3327
@calls 3328 3327
@calls 3328 3328
@calls 3329 3328
@calls 3329 3329
@calls 3330 3329
@calls 3330 3330
@calls 3331 3330
@calls 3331 3331
@calls 3332 3331
@calls 3332 3332
@calls 3333 3332
@calls 3333 3333
@calls 3334 3333
@calls 3334 3334
@calls 3335 3334
@calls 3335 3335
@calls 3336 3335
@calls 3336 3336
@calls 3337 3336
@calls 3337 3337
@calls 3338 3337
@calls 3338 3338
@calls 3339 3338
@calls 3339 3339
@calls 3340 3339
@calls 3340 3340
@calls 3341 3340
@calls 3341 3341
@calls 3342 3341
@calls 3342 3342
@calls 3343 3342
@calls 3343 3343
@calls 3344 3343
@calls 3344 3344
@calls 3345 3344
@calls 3345 3345
@calls 3346 3345
@calls 3346 3346
@calls 3347 3346
@calls 3347 3347
@calls 3348 3347
@calls 3348 3348
@calls 3349 3348
@calls 3349 3349
@calls 3350 3349
@calls 3350 3350
@calls 3351 3350
@calls 3351 3351
@calls 3352 3351
@calls 3352 3352
@calls 3353 3352
@calls 3353 3353
@calls 3354 3353
@calls 3354 3354
@calls 3355 3354
@calls 3355 3355
@calls 3356 3355
@calls 3356 3356
@calls 3357 3356
@calls 3357 3357
@calls 3358 3357
@calls 3358 3358
@calls 3359 3358
@calls 3359 3359
@calls 3360 3359
@calls 3360 3360
@calls 3361 3360
@calls 3361 3361
@calls 3362 3361
@calls 3362 3362
@calls 3363 3362
@calls 3363 3363
@calls 3364 3363
@calls 3364 3364
@calls 3365 3364
@calls 3365 3365
@calls 3366 3365
@calls 3366 3366
@calls 3367 3366
@calls 3367 3367
@calls 3368 3367
@calls 3368 3368
@calls 3369 3368
@calls 3369 3369
@calls 3370 3369
@calls 3370 3370
@calls 3371 3370
@calls 3371 3371
@calls 3372 3371
@calls 3372 3372
@calls 3373 3372
@calls 3373 3373
@calls 3374 3373
@calls 3374 3374
@calls 3375 3374
@calls 3375 3375
@calls 3376 3375
@calls 3376 3376
@calls 3377 3376
@calls 3377 3377
@calls 3378 3377
@calls 3378 3378
@calls 3379 3378
@calls 3379 3379
@calls 3380 3379
@calls 3380 3380
@calls 3381 3380
@calls 3381 3381
@calls 3382 3381
@calls 3382 3382
@calls 3383 3382
@calls 3383 3383
@calls 3384 3383
@calls 3384 3384
@calls 3385 3384
@calls 3385 3385
@calls 3386 3385
@calls 3386 3386
@calls 3387 3386
@calls 3387 3387
@calls 3388 3387
@calls 3388 3388
@calls 3389 3388
@calls 3389 3389
@calls 3390 3389
@calls 3390 3390
@calls 3391 3390
@calls 3391 3391
@calls 3392 3391
@calls 3392 3392
@calls 3393 3392
@calls 3393 3393
@calls 3394 3393
@calls 3394 3394
@calls 3395 3394
@calls 3395 3395
@calls 3396 3395
@calls 3396 3396
@calls 3397 3396
@calls 3397 3397
@calls 3398 3397
@calls 3398 3398
@calls 3399 3398
@calls 3399 3399
@calls 3400 3399
@calls 3400 3400
@calls 3401 3400
@calls 3401 3401
@calls 3402 3401
@calls 3402 3402
@calls 3403 3402
@calls 3403 3403
@calls 3404 3403
@calls 3404 3404
@calls 3405 3404
@calls 3405 3405
@calls 3406 3405
@calls 3406 3406
@calls 3407 3406
@calls 3407 3407
@calls 3408 3407
@calls 3408 3408
@calls 3409 3408
@calls 3409 3409
@calls 3410 3409
@calls 3410 3410
@calls 3411 3410
@calls 3411 3411
@calls 3412 3411
@calls 3412 3412
@calls 3413 3412
@calls 3413 3413
@calls 3414 3413
@calls 3414 3414
@calls 3415 3414
@calls 3415 3415
@calls 3416 3415
@calls 3416 3416
@calls 3417 3416
@calls 3417 3417
@calls 3418 3417
@calls 3418 3418
@calls 3419 3418
@calls 3419 3419
@calls 3420 3419
@calls 3420 3420
@calls 3421 3420
@calls 3421 3421
@calls 3422 3421
@calls 3422 3422
@calls 3423 3422
@calls 3423 3423
@calls 3424 3423
@calls 3424 3424
@calls 3425 3424
@calls 3425 3425
@calls 3426 3425
@calls 3426 3426
@calls 3427 3426
@calls 3427 3427
@calls 3428 3427
@calls 3428 3428
@calls 3429 3428
@calls 3429 3429
@calls 3430 3429
@calls 3430 3430
@calls 3431 3430
@calls 3431 3431
@calls 3432 3431
@calls 3432 3432
@calls 3433 3432
@calls 3433 3433
@calls 3434 3433
@calls 3434 3434
@calls 3435 3434
@calls 3435 3435
@calls 3436 3435
@calls 3436 3436
@calls 3437 3436
@calls 3437 3437
@calls 3438 3437
@calls 3438 3438
@calls 3439 3438
@calls 3439 3439
@calls 3440 3439
@calls 3440 3440
@calls 3441 3440
@calls 3441 3441
@calls 3442 3441
@calls 3442 3442
@calls 3443 3442
@calls 3443 3443
@calls 3444 3443
@calls 3444 3444
@calls 3445 3444
@calls 3445 3445
@calls 3446 3445
@calls 3446 3446
@calls 3447 3446
@calls 3447 3447
@calls 3448 3447
@calls 3448 3448
@calls 3449 3448
@calls 3449 3449
@calls 3450 3449
@calls 3450 3450
@calls 3451 3450
@calls 3451 3451
@calls 3452 3451
@calls 3452 3452
@calls 3453 3452
@calls 3453 3453
@calls 3454 3453
@calls 3454 3454
@calls 3455 3454
@calls 3455 3455
@calls 3456 3455
@calls 3456 3456
@calls 3457 3456
@calls 3457 3457
@calls 3458 3457
@calls 3458 3458
@calls 3459 3458
@calls 3459 3459
@calls 3460 3459
@calls 3460 3460
@calls 3461 3460
@calls 3461 3461
@calls 3462 3461
@calls 3462 3462
@calls 3463 3462
@calls 3463 3463
@calls 3464 3463
@calls 3464 3464
@calls 3465 3464
@calls 3465 3465
@calls 3466 3465
@calls 3466 3466
@calls 3467 3466
@calls 3467 3467
@calls 3468 3467
@calls 3468 3468
@calls 3469 3468
@calls 3469 3469
@calls 3470 3469
@calls 3470 3470
@calls 3471 3470
@calls 3471 3471
@calls 3472 3471
@calls 3472 3472
@calls 3473 3472
@calls 3473 3473
@calls 3474 3473
@calls 3474 3474
@calls 3475 3474
@calls 3475 3475
@calls 3476 3475
@calls 3476 3476
@calls 3477 3476
@calls 3477 3477
@calls 3478 3477
@calls 3478 3478
@calls 3479 3478
@calls 3479 3479
@calls 3480 3479
@calls 3480 3480
@calls 3481 3480
@calls 3481 3481
@calls 3482 3481
@calls 3482 3482
@calls 3483 3482
@calls 3483 3483
@calls 3484 3483
@calls 3484 3484
@calls 3485 3484
@calls 3485 3485
@calls 3486 3485
@calls 3486 3486
@calls 3487 3486
@calls 3487 3487
@calls 3488 3487
@calls 3488 3488
@calls 3489 3488
@calls 3489 3489
@calls 3490 3489
@calls 3490 3490
@calls 3491 3490
@calls 3491 3491
@calls 3492 3491
@calls 3492 3492
@calls 3493 3492
@calls 3493 3493
@calls 3494 3493
@calls 3494 3494
@calls 3495 3494
@calls 3495 3495
@calls 3496 3495
@calls 3496 3496
@calls 3497 3496
@calls 3497 3497
@calls 3498 3497
@calls 3498 3498
@calls 3499 3498
@calls 3499 3499
@calls 3500 3499
@calls 3500 3500
@calls 3501 3500
@calls 3501 3501
@calls 3502 3501
@calls 3502 3502
@calls 3503 3502
@calls 3503 3503
@calls 3504 3503
@calls 3504 3504
@calls 3505 3504
@calls 3505 3505
@calls 3506 3505
@calls 3506 3506
@calls 3507 3506
@calls 3507 3507
@calls 3508 3507
@calls 3508 3508
@calls 3509 3508
@calls 3509 3509
@calls 3510 3509
@calls 3510 3510
@calls 3511 3510
@calls 3511 3511
@calls 3512 3511
@calls 3512 3512
@calls 3513 3512
@calls 3513 3513
@calls 3514 3513
@calls 3514 3514
@calls 3515 3514
@calls 3515 3515
@calls 3516 3515
@calls 3516 3516
@calls 3517 3516
@calls 3517 3517
@calls 3518 3517
@calls 3518 3518
@calls 3519 3518
@calls 3519 3519
@calls 3520 3519
@calls 3520 3520
@calls 3521 3520
@calls 3521 3521
@calls 3522 3521
@calls 3522 3522
@calls 3523 3522
@calls 3523 3523
@calls 3524 3523
@calls 3524 3524
@calls 3525 3524
@calls 3525 3525
@calls 3526 3525
@calls 3526 3526
@calls 3527 3526
@calls 3527 3527
@calls 3528 3527
@calls 3528 3528
@calls 3529 3528
@calls 3529 3529
@calls 3530 3529
@calls 3530 3530
@calls 3531 3530
@calls 3531 3531
@calls 3532 3531
@calls 3532 3532
@calls 3533 3532
@calls 3533 3533
@calls 3534 3533
@calls 3534 3534
@calls 3535 3534
@calls 3535 3535
@calls 3536 3535
@calls 3536 3536
@calls 3537 3536
@calls 3537 3537
@calls 3538 3537
@calls 3538 3538
@calls 3539 3538
@calls 3539 3539
@calls 3540 3539
@calls 3540 3540
@calls 3541 3540
@calls 3541 3541
@calls 3542 3541
@calls 3542 3542
@calls 3543 3542
@calls 3543 3543
@calls 3544 3543
@calls 3544 3544
@calls 3545 3544
@calls 3545 3545
@calls 3546 3545
@calls 3546 3546
@calls 3547 3546
@calls 3547 3547
@calls 3548 3547
@calls 3548 3548
@calls 3549 3548
@calls 3549 3549
@calls 3550 3549
@calls 3550 3550
@calls 3551 3550
@calls 3551 3551
@calls 3552 3551
@calls 3552 3552
@calls 3553 3552
@calls 3553 3553
@calls 3554 3553
@calls 3554 3554
@calls 3555 3554
@calls 3555 3555
@calls 3556 3555
@calls 3556 3556
@calls 3557 3556
@calls 3557 3557
@calls 3558 3557
@calls 3558 3558
@calls 3559 3558
@calls 3559 3559
@calls 3560 3559
@calls 3560 3560
@calls 3561 3560
@calls 3561 3561
@calls 3562 3561
@calls 3562 3562
@calls 3563 3562
@calls 3563 3563
@calls 3564 3563
@calls 3564 3564
@calls 3565 3564
@calls 3565 3565
@calls 3566 3565
@calls 3566 3566
@calls 3567 3566
@calls 3567 3567
@calls 3568 3567
@calls 3568 3568
@calls 3569 3568
@calls 3569 3569
@calls 3570 3569
@calls 3570 3570
@calls 3571 3570
@calls 3571 3571
@calls 3572 3571
@calls 3572 3572
@calls 3573 3572
@calls 3573 3573
@calls 3574 3573
@calls 3574 3574
@calls 3575 3574
@calls 3575 3575
@calls 3576 3575
@calls 3576 3576
@calls 3577 3576
@calls 3577 3577
@calls 3578 3577
@calls 3578 3578
@calls 3579 3578
@calls 3579 3579
@calls 3580 3579
@calls 3580 3580
@calls 3581 3580
@calls 3581 3581
@calls 3582 3581
@calls 3582 3582
@calls 3583 3582
@calls 3583 3583
@calls 3584 3583
@calls 3584 3584
@calls 3585 3584
@calls 3585 3585
@calls 3586 3585
@calls 3586 3586
@calls 3587 3586
@calls 3587 3587
@calls 3588 3587
@calls 3588 3588
@calls 3589 3588
@calls 3589 3589
@calls 3590 3589
@calls 3590 3590
@calls 3591 3590
@calls 3591 3591
@calls 3592 3591
@calls 3592 3592
@calls 3593 3592
@calls 3593 3593
@calls 3594 3593
@calls 3594 3594
@calls 3595 3594
@calls 3595 3595
@calls 3596 3595
@calls 3596 3596
@calls 3597 3596
@calls 3597 3597
@calls 3598 3597
@calls 3598 3598
@calls 3599 3598
@calls 3599 3599
@calls 3600 3599
@calls 3600 3600
@calls 3601 3600
@calls 3601 3601
@calls 3602 3601
@calls 3602 3602
@calls 3603 3602
@calls 3603 3603
@calls 3604 3603
@calls 3604 3604
@calls 3605 3604
@calls 3605 3605
@calls 3606 3605
@calls 3606 3606
@calls 3607 3606
@calls 3607 3607
@calls 3608 3607
@calls 3608 3608
@calls 3609 3608
@calls 3609 3609
@calls 3610 3609
@calls 3610 3610
@calls 3611 3610
@calls 3611 3611
@calls 3612 3611
@calls 3612 3612
@calls 3613 3612
@calls 3613 3613
@calls 3614 3613
@calls 3614 3614
@calls 3615 3614
@calls 3615 3615
@calls 3616 3615
@calls 3616 3616
@calls 3617 3616
@calls 3617 3617
@calls 3618 3617
@calls 3618 3618
@calls 3619 3618
@calls 3619 3619
@calls 3620 3619
@calls 3620 3620
@calls 3621 3620
@calls 3621 3621
@calls 3622 3621
@calls 3622 3622
@calls 3623 3622
@calls 3623 3623
@calls 3624 3623
@calls 3624 3624
@calls 3625 3624
@calls 3625 3625
@calls 3626 3625
@calls 3626 3626
@calls 3627 3626
@calls 3627 3627
@calls 3628 3627
@calls 3628 3628
@calls 3629 3628
@calls 3629 3629
@calls 3630 3629
@calls 3630 3630
@calls 3631 3630
@calls 3631 3631
@calls 3632 3631
@calls 3632 3632
@calls 3633 3632
@calls 3633 3633
@calls 3634 3633
@calls 3634 3634
@calls 3635 3634
@calls 3635 3635
@calls 3636 3635
@calls 3636 3636
@calls 3637 3636
@calls 3637 3637
@calls 3638 3637
@calls 3638 3638
@calls 3639 3638
@calls 3639 3639
@calls 3640 3639
@calls 3640 3640
@calls 3641 3640
@calls 3641 3641
@calls 3642 3641
@calls 3642 3642
@calls 3643 3642
@calls 3643 3643
@calls 3644 3643
@calls 3644 3644
@calls 3645 3644
@calls 3645 3645
@calls 3646 3645
@calls 3646 3646
@calls 3647 3646
@calls 3647 3647
@calls 3648 3647
@calls 3648 3648
@calls 3649 3648
@calls 3649 3649
@calls 3650 3649
@calls 3650 3650
@calls 3651 3650
@calls 3651 3651
@calls 3652 3651
@calls 3652 3652
@calls 3653 3652
@calls 3653 3653
@calls 3654 3653
@calls 3654 3654
@calls 3655 3654
@calls 3655 3655
@calls 3656 3655
@calls 3656 3656
@calls 3657 3656
@calls 3657 3657
@calls 3658 3657
@calls 3658 3658
@calls 3659 3658
@calls 3659 3659
@calls 3660 3659
@calls 3660 3660
@calls 3661 3660
@calls 3661 3661
@calls 3662 3661
@calls 3662 3662
@calls 3663 3662
@calls 3663 3663
@calls 3664 3663
@calls 3664 3664
@calls 3665 3664
@calls 3665 3665
@calls 3666 3665
@calls 3666 3666
@calls 3667 3666
@calls 3667 3667
@calls 3668 3667
@calls 3668 3668
@calls 3669 3668
@calls 3669 3669
@calls 3670 3669
@calls 3670 3670
@calls 3671 3670
@calls 3671 3671
@calls 3672 3671
@calls 3672 3672
@calls 3673 3672
@calls 3673 3673
@calls 3674 3673
@calls 3674 3674
@calls 3675 3674
@calls 3675 3675
@calls 3676 3675
@calls 3676 3676
@calls 3677 3676
@calls 3677 3677
@calls 3678 3677
@calls 3678 3678
@calls 3679 3678
@calls 3679 3679
@calls 3680 3679
@calls 3680 3680
@calls 3681 3680
@calls 3681 3681
@calls 3682 3681
@calls 3682 3682
@calls 3683 3682
@calls 3683 3683
@calls 3684 3683
@calls 3684 3684
@calls 3685 3684
@calls 3685 3685
@calls 3686 3685
@calls 3686 3686
@calls 3687 3686
@calls 3687 3687
@calls 3688 3687
@calls 3688 3688
@calls 3689 3688
@calls 3689 3689
@calls 3690 3689
@calls 3690 3690
@calls 3691 3690
@calls 3691 3691
@calls 3692 3691
@calls 3692 3692
@calls 3693 3692
@calls 3693 3693
@calls 3694 3693
@calls 3694 3694
@calls 3695 3694
@calls 3695 3695
@calls 3696 3695
@calls 3696 3696
@calls 3697 3696
@calls 3697 3697
@calls 3698 3697
@calls 3698 3698
@calls 3699 3698
@calls 3699 3699
@calls 3700 3699
@calls 3700 3700
@calls 3701 3700
@calls 3701 3701
@calls 3702 3701
@calls 3702 3702
@calls 3703 3702
@calls 3703 3703
@calls 3704 3703
@calls 3704 3704
@calls 3705 3704
@calls 3705 3705
@calls 3706 3705
@calls 3706 3706
@calls 3707 3706
@calls 3707 3707
@calls 3708 3707
@calls 3708 3708
@calls 3709 3708
@calls 3709 3709
@calls 3710 3709
@calls 3710 3710
@calls 3711 3710
@calls 3711 3711
@calls 3712 3711
@calls 3712 3712
@calls 3713 3712
@calls 3713 3713
@calls 3714 3713
@calls 3714 3714
@calls 3715 3714
@calls 3715 3715
@calls 3716 3715
@calls 3716 3716
@calls 3717 3716
@calls 3717 3717
@calls 3718 3717
@calls 3718 3718
@calls 3719 3718
@calls 3719 3719
@calls 3720 3719
@calls 3720 3720
@calls 3721 3720
@calls 3721 3721
@calls 3722 3721
@calls 3722 3722
@calls 3723 3722
@calls 3723 3723
@calls 3724 3723
@calls 3724 3724
@calls 3725 3724
@calls 3725 3725
@calls 3726 3725
@calls 3726 3726
@calls 3727 3726
@calls 3727 3727
@calls 3728 3727
@calls 3728 3728
@calls 3729 3728
@calls 3729 3729
@calls 3730 3729
@calls 3730 3730
@calls 3731 3730
@calls 3731 3731
@calls 3732 3731
@calls 3732 3732
@calls 3733 3732
@calls 3733 3733
@calls 3734 3733
@calls 3734 3734
@calls 3735 3734
@calls 3735 3735
@calls 3736 3735
@calls 3736 3736
@calls 3737 3736
@calls 3737 3737
@calls 3738 3737
@calls 3738 3738
@calls 3739 3738
@calls 3739 3739
@calls 3740 3739
@calls 3740 3740
@calls 3741 3740
@calls 3741 3741
@calls 3742 3741
@calls 3742 3742
@calls 3743 3742
@calls 3743 3743
@calls 3744 3743
@calls 3744 3744
@calls 3745 3744
@calls 3745 3745
@calls 3746 3745
@calls 3746 3746
@calls 3747 3746
@calls 3747 3747
@calls 3748 3747
@calls 3748 3748
@calls 3749 3748
@calls 3749 3749
@calls 3750 3749
@calls 3750 3750
@calls 3751 3750
@calls 3751 3751
@calls 3752 3751
@calls 3752 3752
@calls 3753 3752
@calls 3753 3753
@calls 3754 3753
@calls 3754 3754
@calls 3755 3754
@calls 3755 3755
@calls 3756 3755
@calls 3756 3756
@calls 3757 3756
@calls 3757 3757
@calls 3758 3757
@calls 3758 3758
@calls 3759 3758
@calls 3759 3759
@calls 3760 3759
@calls 3760 3760
@calls 3761 3760
@calls 3761 3761
@calls 3762 3761
@calls 3762 3762
@calls 3763 3762
@calls 3763 3763
@calls 3764 3763
@calls 3764 3764
@calls 3765 3764
@calls 3765 3765
@calls 3766 3765
@calls 3766 3766
@calls 3767 3766
@calls 3767 3767
@calls 3768 3767
@calls 3768 3768
@calls 3769 3768
@calls 3769 3769
@calls 3770 3769
@calls 3770 3770
@calls 3771 3770
@calls 3771 3771
@calls 3772 3771
@calls 3772 3772
@calls 3773 3772
@calls 3773 3773
@calls 3774 3773
@calls 3774 3774
@calls 3775 3774
@calls 3775 3775
@calls 3776 3775
@calls 3776 3776
@calls 3777 3776
@calls 3777 3777
@calls 3778 3777
@calls 3778 3778
@calls 3779 3778
@calls 3779 3779
@calls 3780 3779
@calls 3780 3780
@calls 3781 3780
@calls 3781 3781
@calls 3782 3781
@calls 3782 3782
@calls 3783 3782
@calls 3783 3783
@calls 3784 3783
@calls 3784 3784
@calls 3785 3784
@calls 3785 3785
@calls 3786 3785
@calls 3786 3786
@calls 3787 3786
@calls 3787 3787
@calls 3788 3787
@calls 3788 3788
@calls 3789 3788
@calls 3789 3789
@calls 3790 3789
@calls 3790 3790
@calls 3791 3790
@calls 3791 3791
@calls 3792 3791
@calls 3792 3792
@calls 3793 3792
@calls 3793 3793
@calls 3794 3793
@calls 3794 3794
@calls 3795 3794
@calls 3795 3795
@calls 3796 3795
@calls 3796 3796
@calls 3797 3796
@calls 3797 3797
@calls 3798 3797
@calls 3798 3798
@calls 3799 3798
@calls 3799 3799
@calls 3800 3799
@calls 3800 3800
@calls 3801 3800
@calls 3801 3801
@calls 3802 3801
@calls 3802 3802
@calls 3803 3802
@calls 3803 3803
@calls 3804 3803
@calls 3804 3804
@calls 3805 3804
@calls 3805 3805
@calls 3806 3805
@calls 3806 3806
@calls 3807 3806
@calls 3807 3807
@calls 3808 3807
@calls 3808 3808
@calls 3809 3808
@calls 3809 3809
@calls 3810 3809
@calls 3810 3810
@calls 3811 3810
@calls 3811 3811
@calls 3812 3811
@calls 3812 3812
@calls 3813 3812
@calls 3813 3813
@calls 3814 3813
@calls 3814 3814
@calls 3815 3814
@calls 3815 3815
@calls 3816 3815
@calls 3816 3816
@calls 3817 3816
@calls 3817 3817
@calls 3818 3817
@calls 3818 3818
@calls 3819 3818
@calls 3819 3819
@calls 3820 3819
@calls 3820 3820
@calls 3821 3820
@calls 3821 3821
@calls 3822 3821
@calls 3822 3822
@calls 3823 3822
@calls 3823 3823
@calls 3824 3823
@calls 3824 3824
@calls 3825 3824
@calls 3825 3825
@calls 3826 3825
@calls 3826 3826
@calls 3827 3826
@calls 3827 3827
@calls 3828 3827
@calls 3828 3828
@calls 3829 3828
@calls 3829 3829
@calls 3830 3829
@calls 3830 3830
@calls 3831 3830
@calls 3831 3831
@calls 3832 3831
@calls 3832 3832
@calls 3833 3832
@calls 3833 3833
@calls 3834 3833
@calls 3834 3834
@calls 3835 3834
@calls 3835 3835
@calls 3836 3835
@calls 3836 3836
@calls 3837 3836
@calls 3837 3837
@calls 3838 3837
@calls 3838 3838
@calls 3839 3838
@calls 3839 3839
@calls 3840 3839
@calls 3840 3840
@calls 3841 3840
@calls 3841 3841
@calls 3842 3841
@calls 3842 3842
@calls 3843 3842
@calls 3843 3843
@calls 3844 3843
@calls 3844 3844
@calls 3845 3844
@calls 3845 3845
@calls 3846 3845
@calls 3846 3846
@calls 3847 3846
@calls 3847 3847
@calls 3848 3847
@calls 3848 3848
@calls 3849 3848
@calls 3849 3849
@calls 3850 3849
@calls 3850 3850
@calls 3851 3850
@calls 3851 3851
@calls 3852 3851
@calls 3852 3852
@calls 3853 3852
@calls 3853 3853
@calls 3854 3853
@calls 3854 3854
@calls 3855 3854
@calls 3855 3855
@calls 3856 3855
@calls 3856 3856
@calls 3857 3856
@calls 3857 3857
@calls 3858 3857
@calls 3858 3858
@calls 3859 3858
@calls 3859 3859
@calls 3860 3859
@calls 3860 3860
@calls 3861 3860
@calls 3861 3861
@calls 3862 3861
@calls 3862 3862
@calls 3863 3862
@calls 3863 3863
@calls 3864 3863
@calls 3864 3864
@calls 3865 3864
@calls 3865 3865
@calls 3866 3865
@calls 3866 3866
@calls 3867 3866
@calls 3867 3867
@calls 3868 3867
@calls 3868 3868
@calls 3869 3868
@calls 3869 3869
@calls 3870 3869
@calls 3870 3870
@calls 3871 3870
@calls 3871 3871
@calls 3872 3871
@calls 3872 3872
@calls 3873 3872
@calls 3873 3873
@calls 3874 3873
@calls 3874 3874
@calls 3875 3874
@calls 3875 3875
@calls 3876 3875
@calls 3876 3876
@calls 3877 3876
@calls 3877 3877
@calls 3878 3877
@calls 3878 3878
@calls 3879 3878
@calls 3879 3879
@calls 3880 3879
@calls 3880 3880
@calls 3881 3880
@calls 3881 3881
@calls 3882 3881
@calls 3882 3882
@calls 3883 3882
@calls 3883 3883
@calls 3884 3883
@calls 3884 3884
@calls 3885 3884
@calls 3885 3885
@calls 3886 3885
@calls 3886 3886
@calls 3887 3886
@calls 3887 3887
@calls 3888 3887
@calls 3888 3888
@calls 3889 3888
@calls 3889 3889
@calls 3890 3889
@calls 3890 3890
@calls 3891 3890
@calls 3891 3891
@calls 3892 3891
@calls 3892 3892
@calls 3893 3892
@calls 3893 3893
@calls 3894 3893
@calls 3894 3894
@calls 3895 3894
@calls 3895 3895
@calls 3896 3895
@calls 3896 3896
@calls 3897 3896
@calls 3897 3897
@calls 3898 3897
@calls 3898 3898
@calls 3899 3898
@calls 3899 3899
@calls 3900 3899
@calls 3900 3900
@calls 3901 3900
@calls 3901 3901
@calls 3902 3901
@calls 3902 3902
@calls 3903 3902
@calls 3903 3903
@calls 3904 3903
@calls 3904 3904
@calls 3905 3904
@calls 3905 3905
@calls 3906 3905
@calls 3906 3906
@calls 3907 3906
@calls 3907 3907
@calls 3908 3907
@calls 3908 3908
@calls 3909 3908
@calls 3909 3909
@calls 3910 3909
@calls 3910 3910
@calls 3911 3910
@calls 3911 3911
@calls 3912 3911
@calls 3912 3912
@calls 3913 3912
@calls 3913 3913
@calls 3914 3913
@calls 3914 3914
@calls 3915 3914
@calls 3915 3915
@calls 3916 3915
@calls 3916 3916
@calls 3917 3916
@calls 3917 3917
@calls 3918 3917
@calls 3918 3918
@calls 3919 3918
@calls 3919 3919
@calls 3920 3919
@calls 3920 3920
@calls 3921 3920
@calls 3921 3921
@calls 3922 3921
@calls 3922 3922
@calls 3923 3922
@calls 3923 3923
@calls 3924 3923
@calls 3924 3924
@calls 3925 3924
@calls 3925 3925
@calls 3926 3925
@calls 3926 3926
@calls 3927 3926
@calls 3927 3927
@calls 3928 3927
@calls 3928 3928
@calls 3929 3928
@calls 3929 3929
@calls 3930 3929
@calls 3930 3930
@calls 3931 3930
@calls 3931 3931
@calls 3932 3931
@calls 3932 3932
@calls 3933 3932
@calls 3933 3933
@calls 3934 3933
@calls 3934 3934
@calls 3935 3934
@calls 3935 3935
@calls 3936 3935
@calls 3936 3936
@calls 3937 3936
@calls 3937 3937
@calls 3938 3937
@calls 3938 3938
@calls 3939 3938
@calls 3939 3939
@calls 3940 3939
@calls 3940 3940
@calls 3941 3940
@calls 3941 3941
@calls 3942 3941
@calls 3942 3942
@calls 3943 3942
@calls 3943 3943
@calls 3944 3943
@calls 3944 3944
@calls 3945 3944
@calls 3945 3945
@calls 3946 3945
@calls 3946 3946
@calls 3947 3946
@calls 3947 3947
@calls 3948 3947
@calls 3948 3948
@calls 3949 3948
@calls 3949 3949
@calls 3950 3949
@calls 3950 3950
@calls 3951 3950
@calls 3951 3951
@calls 3952 3951
@calls 3952 3952
@calls 3953 3952
@calls 3953 3953
@calls 3954 3953
@calls 3954 3954
@calls 3955 3954
@calls 3955 3955
@calls 3956 3955
@calls 3956 3956
@calls 3957 3956
@calls 3957 3957
@calls 3958 3957
@calls 3958 3958
@calls 3959 3958
@calls 3959 3959
@calls 3960 3959
@calls 3960 3960
@calls 3961 3960
@calls 3961 3961
@calls 3962 3961
@calls 3962 3962
@calls 3963 3962
@calls 3963 3963
@calls 3964 3963
@calls 3964 3964
@calls 3965 3964
@calls 3965 3965
@calls 3966 3965
@calls 3966 3966
@calls 3967 3966
@calls 3967 3967
@calls 3968 3967
@calls 3968 3968
@calls 3969 3968
@calls 3969 3969
@calls 3970 3969
@calls 3970 3970
@calls 3971 3970
@calls 3971 3971
@calls 3972 3971
@calls 3972 3972
@calls 3973 3972
@calls 3973 3973
@calls 3974 3973
@calls 3974 3974
@calls 3975 3974
@calls 3975 3975
@calls 3976 3975
@calls 3976 3976
@calls 3977 3976
@calls 3977 3977
@calls 3978 3977
@calls 3978 3978
@calls 3979 3978
@calls 3979 3979
@calls 3980 3979
@calls 3980 3980
@calls 3981 3980
@calls 3981 3981
@calls 3982 3981
@calls 3982 3982
@calls 3983 3982
@calls 3983 3983
@calls 3984 3983
@calls 3984 3984
@calls 3985 3984
@calls 3985 3985
@calls 3986 3985
@calls 3986 3986
@calls 3987 3986
@calls 3987 3987
@calls 3988 3987
@calls 3988 3988
@calls 3989 3988
@calls 3989 3989
@calls 3990 3989
@calls 3990 3990
@calls 3991 3990
@calls 3991 3991
@calls 3992 3991
@calls 3992 3992
@calls 3993 3992
@calls 3993 3993
@calls 3994 3993
@calls 3994 3994
@calls 3995 3994
@calls 3995 3995
@calls 3996 3995
@calls 3996 3996
@calls 3997 3996
@calls 3997 3997
@calls 3998 3997
@calls 3998 3998
@calls 3999 3998
@calls 3999 3999
@calls 4000 3999
@calls 4000 4000
@calls 4001 4000
@calls 4001 4001
@calls 4002 4001
@calls 4002 4002
@calls 4003 4002
@calls 4003 4003
@calls 4004 4003
@calls 4004 4004
@calls 4005 4004
@calls 4005 4005
@calls 4006 4005
@calls 4006 4006
@calls 4007 4006
@calls 4007 4007
@calls 4008 4007
@calls 4008 4008
@calls 4009 4008
@calls 4009 4009
@calls 4010 4009
@calls 4010 4010
@calls 4011 4010
@calls 4011 4011
@calls 4012 4011
@calls 4012 4012
@calls 4013 4012
@calls 4013 4013
@calls 4014 4013
@calls 4014 4014
@calls 4015 4014
@calls 4015 4015
@calls 4016 4015
@calls 4016 4016
@calls 4017 4016
@calls 4017 4017
@calls 4018 4017
@calls 4018 4018
@calls 4019 4018
@calls 4019 4019
@calls 4020 4019
@calls 4020 4020
@calls 4021 4020
@calls 4021 4021
@calls 4022 4021
@calls 4022 4022
@calls 4023 4022
@calls 4023 4023
@calls 4024 4023
@calls 4024 4024
@calls 4025 4024
@calls 4025 4025
@calls 4026 4025
@calls 4026 4026
@calls 4027 4026
@calls 4027 4027
@calls 4028 4027
@calls 4028 4028
@calls 4029 4028
@calls 4029 4029
@calls 4030 4029
@calls 4030 4030
@calls 4031 4030
@calls 4031 4031
@calls 4032 4031
@calls 4032 4032
@calls 4033 4032
@calls 4033 4033
@calls 4034 4033
@calls 4034 4034
@calls 4035 4034
@calls 4035 4035
@calls 4036 4035
@calls 4036 4036
@calls 4037 4036
@calls 4037 4037
@calls 4038 4037
@calls 4038 4038
@calls 4039 4038
@calls 4039 4039
@calls 4040 4039
@calls 4040 4040
@calls 4041 4040
@calls 4041 4041
@calls 4042 4041
@calls 4042 4042
@calls 4043 4042
@calls 4043 4043
@calls 4044 4043
@calls 4044 4044
@calls 4045 4044
@calls 4045 4045
@calls 4046 4045
@calls 4046 4046
@calls 4047 4046
@calls 4047 4047
@calls 4048 4047
@calls 4048 4048
@calls 4049 4048
@calls 4049 4049
@calls 4050 4049
@calls 4050 4050
@calls 4051 4050
@calls 4051 4051
@calls 4052 4051
@calls 4052 4052
@calls 4053 4052
@calls 4053 4053
@calls 4054 4053
@calls 4054 4054
@calls 4055 4054
@calls 4055 4055
@calls 4056 4055
@calls 4056 4056
@calls 4057 4056
@calls 4057 4057
@calls 4058 4057
@calls 4058 4058
@calls 4059 4058
@calls 4059 4059
@calls 4060 4059
@calls 4060 4060
@calls 4061 4060
@calls 4061 4061
@calls 4062 4061
@calls 4062 4062
@calls 4063 4062
@calls 4063 4063
@calls 4064 4063
@calls 4064 4064
@calls 4065 4064
@calls 4065 4065
@calls 4066 4065
@calls 4066 4066
@calls 4067 4066
@calls 4067 4067
@calls 4068 4067
@calls 4068 4068
@calls 4069 4068
@calls 4069 4069
@calls 4070 4069
@calls 4070 4070
@calls 4071 4070
@calls 4071 4071
@calls 4072 4071
@calls 4072 4072
@calls 4073 4072
@calls 4073 4073
@calls 4074 4073
@calls 4074 4074
@calls 4075 4074
@calls 4075 4075
@calls 4076 4075
@calls 4076 4076
@calls 4077 4076
@calls 4077 4077
@calls 4078 4077
@calls 4078 4078
@calls 4079 4078
@calls 4079 4079
@calls 4080 4079
@calls 4080 4080
@calls 4081 4080
@calls 4081 4081
@calls 4082 4081
@calls 4082 4082
@calls 4083 4082
@calls 4083 4083
@calls 4084 4083
@calls 4084 4084
@calls 4085 4084
@calls 4085 4085
@calls 4086 4085
@calls 4086 4086
@calls 4087 4086
@calls 4087 4087
@calls 4088 4087
@calls 4088 4088
@calls 4089 4088
@calls 4089 4089
@calls 4090 4089
@calls 4090 4090
@calls 4091 4090
@calls 4091 4091
@calls 4092 4091
@calls 4092 4092
@calls 4093 4092
@calls 4093 4093
@calls 4094 4093
@calls 4094 4094
@calls 4095 4094
@calls 4095 4095
@calls 4096 4095
@calls 4096 4096
@calls 4097 4096
@calls 4097 4097
@calls 4098 4097
@calls 4098 4098
@calls 4099 4098
@calls 4099 4099
@calls 4100 4099
@calls 4100 4100
@calls 4101 4100
@calls 4101 4101
@calls 4102 4101
@calls 4102 4102
@calls 4103 4102
@calls 4103 4103
@calls 4104 4103
@calls 4104 4104
@calls 4105 4104
@calls 4105 4105
@calls 4106 4105
@calls 4106 4106
@calls 4107 4106
@calls 4107 4107
@calls 4108 4107
@calls 4108 4108
@calls 4109 4108
@calls 4109 4109
@calls 4110 4109
@calls 4110 4110
@calls 4111 4110
@calls 4111 4111
@calls 4112 4111
@calls 4112 4112
@calls 4113 4112
@calls 4113 4113
@calls 4114 4113
@calls 4114 4114
@calls 4115 4114
@calls 4115 4115
@calls 4116 4115
@calls 4116 4116
@calls 4117 4116
@calls 4117 4117
@calls 4118 4117
@calls 4118 4118
@calls 4119 4118
@calls 4119 4119
@calls 4120 4119
@calls 4120 4120
@calls 4121 4120
@calls 4121 4121
@calls 4122 4121
@calls 4122 4122
@calls 4123 4122
@calls 4123 4123
@calls 4124 4123
@calls 4124 4124
@calls 4125 4124
@calls 4125 4125
@calls 4126 4125
@calls 4126 4126
@calls 4127 4126
@calls 4127 4127
@calls 4128 4127
@calls 4128 4128
@calls 4129 4128
@calls 4129 4129
@calls 4130 4129
@calls 4130 4130
@calls 4131 4130
@calls 4131 4131
@calls 4132 4131
@calls 4132 4132
@calls 4133 4132
@calls 4133 4133
@calls 4134 4133
@calls 4134 4134
@calls 4135 4134
@calls 4135 4135
@calls 4136 4135
@calls 4136 4136
@calls 4137 4136
@calls 4137 4137
@calls 4138 4137
@calls 4138 4138
@calls 4139 4138
@calls 4139 4139
@calls 4140 4139
@calls 4140 4140
@calls 4141 4140
@calls 4141 4141
@calls 4142 4141
@calls 4142 4142
@calls 4143 4142
@calls 4143 4143
@calls 4144 4143
@calls 4144 4144
@calls 4145 4144
@calls 4145 4145
@calls 4146 4145
@calls 4146 4146
@calls 4147 4146
@calls 4147 4147
@calls 4148 4147
@calls 4148 4148
@calls 4149 4148
@calls 4149 4149
@calls 4150 4149
@calls 4150 4150
@calls 4151 4150
@calls 4151 4151
@calls 4152 4151
@calls 4152 4152
@calls 4153 4152
@calls 4153 4153
@calls 4154 4153
@calls 4154 4154
@calls 4155 4154
@calls 4155 4155
@calls 4156 4155
@calls 4156 4156
@calls 4157 4156
@calls 4157 4157
@calls 4158 4157
@calls 4158 4158
@calls 4159 4158
@calls 4159 4159
@calls 4160 4159
@calls 4160 4160
@calls 4161 4160
@calls 4161 4161
@calls 4162 4161
@calls 4162 4162
@calls 4163 4162
@calls 4163 4163
@calls 4164 4163
@calls 4164 4164
@calls 4165 4164
@calls 4165 4165
@calls 4166 4165
@calls 4166 4166
@calls 4167 4166
@calls 4167 4167
@calls 4168 4167
@calls 4168 4168
@calls 4169 4168
@calls 4169 4169
@calls 4170 4169
@calls 4170 4170
@calls 4171 4170
@calls 4171 4171
@calls 4172 4171
@calls 4172 4172
@calls 4173 4172
@calls 4173 4173
@calls 4174 4173
@calls 4174 4174
@calls 4175 4174
@calls 4175 4175
@calls 4176 4175
@calls 4176 4176
@calls 4177 4176
@calls 4177 4177
@calls 4178 4177
@calls 4178 4178
@calls 4179 4178
@calls 4179 4179
@calls 4180 4179
@calls 4180 4180
@calls 4181 4180
@calls 4181 4181
@calls 4182 4181
@calls 4182 4182
@calls 4183 4182
@calls 4183 4183
@calls 4184 4183
@calls 4184 4184
@calls 4185 4184
@calls 4185 4185
@calls 4186 4185
@calls 4186 4186
@calls 4187 4186
@calls 4187 4187
@calls 4188 4187
@calls 4188 4188
@calls 4189 4188
@calls 4189 4189
@calls 4190 4189
@calls 4190 4190
@calls 4191 4190
@calls 4191 4191
@calls 4192 4191
@calls 4192 4192
@calls 4193 4192
@calls 4193 4193
@calls 4194 4193
@calls 4194 4194
@calls 4195 4194
@calls 4195 4195
@calls 4196 4195
@calls 4196 4196
@calls 4197 4196
@calls 4197 4197
@calls 4198 4197
@calls 4198 4198
@calls 4199 4198
@calls 4199 4199
@calls 4200 4199
@calls 4200 4200
@calls 4201 4200
@calls 4201 4201
@calls 4202 4201
@calls 4202 4202
@calls 4203 4202
@calls 4203 4203
@calls 4204 4203
@calls 4204 4204
@calls 4205 4204
@calls 4205 4205
@calls 4206 4205
@calls 4206 4206
@calls 4207 4206
@calls 4207 4207
@calls 4208 4207
@calls 4208 4208
@calls 4209 4208
@calls 4209 4209
@calls 4210 4209
@calls 4210 4210
@calls 4211 4210
@calls 4211 4211
@calls 4212 4211
@calls 4212 4212
@calls 4213 4212
@calls 4213 4213
@calls 4214 4213
@calls 4214 4214
@calls 4215 4214
@calls 4215 4215
@calls 4216 4215
@calls 4216 4216
@calls 4217 4216
@calls 4217 4217
@calls 4218 4217
@calls 4218 4218
@calls 4219 4218
@calls 4219 4219
@calls 4220 4219
@calls 4220 4220
@calls 4221 4220
@calls 4221 4221
@calls 4222 4221
@calls 4222 4222
@calls 4223 4222
@calls 4223 4223
@calls 4224 4223
@calls 4224 4224
@calls 4225 4224
@calls 4225 4225
@calls 4226 4225
@calls 4226 4226
@calls 4227 4226
@calls 4227 4227
@calls 4228 4227
@calls 4228 4228
@calls 4229 4228
@calls 4229 4229
@calls 4230 4229
@calls 4230 4230
@calls 4231 4230
@calls 4231 4231
@calls 4232 4231
@calls 4232 4232
@calls 4233 4232
@calls 4233 4233
@calls 4234 4233
@calls 4234 4234
@calls 4235 4234
@calls 4235 4235
@calls 4236 4235
@calls 4236 4236
@calls 4237 4236
@calls 4237 4237
@calls 4238 4237
@calls 4238 4238
@calls 4239 4238
@calls 4239 4239
@calls 4240 4239
@calls 4240 4240
@calls 4241 4240
@calls 4241 4241
@calls 4242 4241
@calls 4242 4242
@calls 4243 4242
@calls 4243 4243
@calls 4244 4243
@calls 4244 4244
@calls 4245 4244
@calls 4245 4245
@calls 4246 4245
@calls 4246 4246
@calls 4247 4246
@calls 4247 4247
@calls 4248 4247
@calls 4248 4248
@calls 4249 4248
@calls 4249 4249
@calls 4250 4249
@calls 4250 4250
@calls 4251 4250
@calls 4251 4251
@calls 4252 4251
@calls 4252 4252
@calls 4253 4252
@calls 4253 4253
@calls 4254 4253
@calls 4254 4254
@calls 4255 4254
@calls 4255 4255
@calls 4256 4255
@calls 4256 4256
@calls 4257 4256
@calls 4257 4257
@calls 4258 4257
@calls 4258 4258
@calls 4259 4258
@calls 4259 4259
@calls 4260 4259
@calls 4260 4260
@calls 4261 4260
@calls 4261 4261
@calls 4262 4261
@calls 4262 4262
@calls 4263 4262
@calls 4263 4263
@calls 4264 4263
@calls 4264 4264
@calls 4265 4264
@calls 4265 4265
@calls 4266 4265
@calls 4266 4266
@calls 4267 4266
@calls 4267 4267
@calls 4268 4267
@calls 4268 4268
@calls 4269 4268
@calls 4269 4269
@calls 4270 4269
@calls 4270 4270
@calls 4271 4270
@calls 4271 4271
@calls 4272 4271
@calls 4272 4272
@calls 4273 4272
@calls 4273 4273
@calls 4274 4273
@calls 4274 4274
@calls 4275 4274
@calls 4275 4275
@calls 4276 4275
@calls 4276 4276
@calls 4277 4276
@calls 4277 4277
@calls 4278 4277
@calls 4278 4278
@calls 4279 4278
@calls 4279 4279
@calls 4280 4279
@calls 4280 4280
@calls 4281 4280
@calls 4281 4281
@calls 4282 4281
@calls 4282 4282
@calls 4283 4282
@calls 4283 4283
@calls 4284 4283
@calls 4284 4284
@calls 4285 4284
@calls 4285 4285
@calls 4286 4285
@calls 4286 4286
@calls 4287 4286
@calls 4287 4287
@calls 4288 4287
@calls 4288 4288
@calls 4289 4288
@calls 4289 4289
@calls 4290 4289
@calls 4290 4290
@calls 4291 4290
@calls 4291 4291
@calls 4292 4291
@calls 4292 4292
@calls 4293 4292
@calls 4293 4293
@calls 4294 4293
@calls 4294 4294
@calls 4295 4294
@calls 4295 4295
@calls 4296 4295
@calls 4296 4296
@calls 4297 4296
@calls 4297 4297
@calls 4298 4297
@calls 4298 4298
@calls 4299 4298
@calls 4299 4299
@calls 4300 4299
@calls 4300 4300
@calls 4301 4300
@calls 4301 4301
@calls 4302 4301
@calls 4302 4302
@calls 4303 4302
@calls 4303 4303
@calls 4304 4303
@calls 4304 4304
@calls 4305 4304
@calls 4305 4305
@calls 4306 4305
@calls 4306 4306
@calls 4307 4306
@calls 4307 4307
@calls 4308 4307
@calls 4308 4308
@calls 4309 4308
@calls 4309 4309
@calls 4310 4309
@calls 4310 4310
@calls 4311 4310
@calls 4311 4311
@calls 4312 4311
@calls 4312 4312
@calls 4313 4312
@calls 4313 4313
@calls 4314 4313
@calls 4314 4314
@calls 4315 4314
@calls 4315 4315
@calls 4316 4315
@calls 4316 4316
@calls 4317 4316
@calls 4317 4317
@calls 4318 4317
@calls 4318 4318
@calls 4319 4318
@calls 4319 4319
@calls 4320 4319
@calls 4320 4320
@calls 4321 4320
@calls 4321 4321
@calls 4322 4321
@calls 4322 4322
@calls 4323 4322
@calls 4323 4323
@calls 4324 4323
@calls 4324 4324
@calls 4325 4324
@calls 4325 4325
@calls 4326 4325
@calls 4326 4326
@calls 4327 4326
@calls 4327 4327
@calls 4328 4327
@calls 4328 4328
@calls 4329 4328
@calls 4329 4329
@calls 4330 4329
@calls 4330 4330
@calls 4331 4330
@calls 4331 4331
@calls 4332 4331
@calls 4332 4332
@calls 4333 4332
@calls 4333 4333
@calls 4334 4333
@calls 4334 4334
@calls 4335 4334
@calls 4335 4335
@calls 4336 4335
@calls 4336 4336
@calls 4337 4336
@calls 4337 4337
@calls 4338 4337
@calls 4338 4338
@calls 4339 4338
@calls 4339 4339
@calls 4340 4339
@calls 4340 4340
@calls 4341 4340
@calls 4341 4341
@calls 4342 4341
@calls 4342 4342
@calls 4343 4342
@calls 4343 4343
@calls 4344 4343
@calls 4344 4344
@calls 4345 4344
@calls 4345 4345
@calls 4346 4345
@calls 4346 4346
@calls 4347 4346
@calls 4347 4347
@calls 4348 4347
@calls 4348 4348
@calls 4349 4348
@calls 4349 4349
@calls 4350 4349
@calls 4350 4350
@calls 4351 4350
@calls 4351 4351
@calls 4352 4351
@calls 4352 4352
@calls 4353 4352
@calls 4353 4353
@calls 4354 4353
@calls 4354 4354
@calls 4355 4354
@calls 4355 4355
@calls 4356 4355
@calls 4356 4356
@calls 4357 4356
@calls 4357 4357
@calls 4358 4357
@calls 4358 4358
@calls 4359 4358
@calls 4359 4359
@calls 4360 4359
@calls 4360 4360
@calls 4361 4360
@calls 4361 4361
@calls 4362 4361
@calls 4362 4362
@calls 4363 4362
@calls 4363 4363
@calls 4364 4363
@calls 4364 4364
@calls 4365 4364
@calls 4365 4365
@calls 4366 4365
@calls 4366 4366
@calls 4367 4366
@calls 4367 4367
@calls 4368 4367
@calls 4368 4368
@calls 4369 4368
@calls 4369 4369
@calls 4370 4369
@calls 4370 4370
@calls 4371 4370
@calls 4371 4371
@calls 4372 4371
@calls 4372 4372
@calls 4373 4372
@calls 4373 4373
@calls 4374 4373
@calls 4374 4374
@calls 4375 4374
@calls 4375 4375
@calls 4376 4375
@calls 4376 4376
@calls 4377 4376
@calls 4377 4377
@calls 4378 4377
@calls 4378 4378
@calls 4379 4378
@calls 4379 4379
@calls 4380 4379
@calls 4380 4380
@calls 4381 4380
@calls 4381 4381
@calls 4382 4381
@calls 4382 4382
@calls 4383 4382
@calls 4383 4383
@calls 4384 4383
@calls 4384 4384
@calls 4385 4384
@calls 4385 4385
@calls 4386 4385
@calls 4386 4386
@calls 4387 4386
@calls 4387 4387
@calls 4388 4387
@calls 4388 4388
@calls 4389 4388
@calls 4389 4389
@calls 4390 4389
@calls 4390 4390
@calls 4391 4390
@calls 4391 4391
@calls 4392 4391
@calls 4392 4392
@calls 4393 4392
@calls 4393 4393
@calls 4394 4393
@calls 4394 4394
@calls 4395 4394
@calls 4395 4395
@calls 4396 4395
@calls 4396 4396
@calls 4397 4396
@calls 4397 4397
@calls 4398 4397
@calls 4398 4398
@calls 4399 4398
@calls 4399 4399
@calls 4400 4399
@calls 4400 4400
@calls 4401 4400
@calls 4401 4401
@calls 4402 4401
@calls 4402 4402
@calls 4403 4402
@calls 4403 4403
@calls 4404 4403
@calls 4404 4404
@calls 4405 4404
@calls 4405 4405
@calls 4406 4405
@calls 4406 4406
@calls 4407 4406
@calls 4407 4407
@calls 4408 4407
@calls 4408 4408
@calls 4409 4408
@calls 4409 4409
@calls 4410 4409
@calls 4410 4410
@calls 4411 4410
@calls 4411 4411
@calls 4412 4411
@calls 4412 4412
@calls 4413 4412
@calls 4413 4413
@calls 4414 4413
@calls 4414 4414
@calls 4415 4414
@calls 4415 4415
@calls 4416 4415
@calls 4416 4416
@calls 4417 4416
@calls 4417 4417
@calls 4418 4417
@calls 4418 4418
@calls 4419 4418
@calls 4419 4419
@calls 4420 4419
@calls 4420 4420
@calls 4421 4420
@calls 4421 4421
@calls 4422 4421
@calls 4422 4422
@calls 4423 4422
@calls 4423 4423
@calls 4424 4423
@calls 4424 4424
@calls 4425 4424
@calls 4425 4425
@calls 4426 4425
@calls 4426 4426
@calls 4427 4426
@calls 4427 4427
@calls 4428 4427
@calls 4428 4428
@calls 4429 4428
@calls 4429 4429
@calls 4430 4429
@calls 4430 4430
@calls 4431 4430
@calls 4431 4431
@calls 4432 4431
@calls 4432 4432
@calls 4433 4432
@calls 4433 4433
@calls 4434 4433
@calls 4434 4434
@calls 4435 4434
@calls 4435 4435
@calls 4436 4435
@calls 4436 4436
@calls 4437 4436
@calls 4437 4437
@calls 4438 4437
@calls 4438 4438
@calls 4439 4438
@calls 4439 4439
@calls 4440 4439
@calls 4440 4440
@calls 4441 4440
@calls 4441 4441
@calls 4442 4441
@calls 4442 4442
@calls 4443 4442
@calls 4443 4443
@calls 4444 4443
@calls 4444 4444
@calls 4445 4444
@calls 4445 4445
@calls 4446 4445
@calls 4446 4446
@calls 4447 4446
@calls 4447 4447
@calls 4448 4447
@calls 4448 4448
@calls 4449 4448
@calls 4449 4449
@calls 4450 4449
@calls 4450 4450
@calls 4451 4450
@calls 4451 4451
@calls 4452 4451
@calls 4452 4452
@calls 4453 4452
@calls 4453 4453
@calls 4454 4453
@calls 4454 4454
@calls 4455 4454
@calls 4455 4455
@calls 4456 4455
@calls 4456 4456
@calls 4457 4456
@calls 4457 4457
@calls 4458 4457
@calls 4458 4458
@calls 4459 4458
@calls 4459 4459
@calls 4460 4459
@calls 4460 4460
@calls 4461 4460
@calls 4461 4461
@calls 4462 4461
@calls 4462 4462
@calls 4463 4462
@calls 4463 4463
@calls 4464 4463
@calls 4464 4464
@calls 4465 4464
@calls 4465 4465
@calls 4466 4465
@calls 4466 4466
@calls 4467 4466
@calls 4467 4467
@calls 4468 4467
@calls 4468 4468
@calls 4469 4468
@calls 4469 4469
@calls 4470 4469
@calls 4470 4470
@calls 4471 4470
@calls 4471 4471
@calls 4472 4471
@calls 4472 4472
@calls 4473 4472
@calls 4473 4473
@calls 4474 4473
@calls 4474 4474
@calls 4475 4474
@calls 4475 4475
@calls 4476 4475
@calls 4476 4476
@calls 4477 4476
@calls 4477 4477
@calls 4478 4477
@calls 4478 4478
@calls 4479 4478
@calls 4479 4479
@calls 4480 4479
@calls 4480 4480
@calls 4481 4480
@calls 4481 4481
@calls 4482 4481
@calls 4482 4482
@calls 4483 4482
@calls 4483 4483
@calls 4484 4483
@calls 4484 4484
@calls 4485 4484
@calls 4485 4485
@calls 4486 4485
@calls 4486 4486
@calls 4487 4486
@calls 4487 4487
@calls 4488 4487
@calls 4488 4488
@calls 4489 4488
@calls 4489 4489
@calls 4490 4489
@calls 4490 4490
@calls 4491 4490
@calls 4491 4491
@calls 4492 4491
@calls 4492 4492
@calls 4493 4492
@calls 4493 4493
@calls 4494 4493
@calls 4494 4494
@calls 4495 4494
@calls 4495 4495
@calls 4496 4495
@calls 4496 4496
@calls 4497 4496
@calls 4497 4497
@calls 4498 4497
@calls 4498 4498
@calls 4499 4498
@calls 4499 4499
@calls 4500 4499
@calls 4500 4500
@calls 4501 4500
@calls 4501 4501
@calls 4502 4501
@calls 4502 4502
@calls 4503 4502
@calls 4503 4503
@calls 4504 4503
@calls 4504 4504
@calls 4505 4504
@calls 4505 4505
@calls 4506 4505
@calls 4506 4506
@calls 4507 4506
@calls 4507 4507
@calls 4508 4507
@calls 4508 4508
@calls 4509 4508
@calls 4509 4509
@calls 4510 4509
@calls 4510 4510
@calls 4511 4510
@calls 4511 4511
@calls 4512 4511
@calls 4512 4512
@calls 4513 4512
@calls 4513 4513
@calls 4514 4513
@calls 4514 4514
@calls 4515 4514
@calls 4515 4515
@calls 4516 4515
@calls 4516 4516
@calls 4517 4516
@calls 4517 4517
@calls 4518 4517
@calls 4518 4518
@calls 4519 4518
@calls 4519 4519
@calls 4520 4519
@calls 4520 4520
@calls 4521 4520
@calls 4521 4521
@calls 4522 4521
@calls 4522 4522
@calls 4523 4522
@calls 4523 4523
@calls 4524 4523
@calls 4524 4524
@calls 4525 4524
@calls 4525 4525
@calls 4526 4525
@calls 4526 4526
@calls 4527 4526
@calls 4527 4527
@calls 4528 4527
@calls 4528 4528
@calls 4529 4528
@calls 4529 4529
@calls 4530 4529
@calls 4530 4530
@calls 4531 4530
@calls 4531 4531
@calls 4532 4531
@calls 4532 4532
@calls 4533 4532
@calls 4533 4533
@calls 4534 4533
@calls 4534 4534
@calls 4535 4534
@calls 4535 4535
@calls 4536 4535
@calls 4536 4536
@calls 4537 4536
@calls 4537 4537
@calls 4538 4537
@calls 4538 4538
@calls 4539 4538
@calls 4539 4539
@calls 4540 4539
@calls 4540 4540
@calls 4541 4540
@calls 4541 4541
@calls 4542 4541
@calls 4542 4542
@calls 4543 4542
@calls 4543 4543
@calls 4544 4543
@calls 4544 4544
@calls 4545 4544
@calls 4545 4545
@calls 4546 4545
@calls 4546 4546
@calls 4547 4546
@calls 4547 4547
@calls 4548 4547
@calls 4548 4548
@calls 4549 4548
@calls 4549 4549
@calls 4550 4549
@calls 4550 4550
@calls 4551 4550
@calls 4551 4551
@calls 4552 4551
@calls 4552 4552
@calls 4553 4552
@calls 4553 4553
@calls 4554 4553
@calls 4554 4554
@calls 4555 4554
@calls 4555 4555
@calls 4556 4555
@calls 4556 4556
@calls 4557 4556
@calls 4557 4557
@calls 4558 4557
@calls 4558 4558
@calls 4559 4558
@calls 4559 4559
@calls 4560 4559
@calls 4560 4560
@calls 4561 4560
@calls 4561 4561
@calls 4562 4561
@calls 4562 4562
@calls 4563 4562
@calls 4563 4563
@calls 4564 4563
@calls 4564 4564
@calls 4565 4564
@calls 4565 4565
@calls 4566 4565
@calls 4566 4566
@calls 4567 4566
@calls 4567 4567
@calls 4568 4567
@calls 4568 4568
@calls 4569 4568
@calls 4569 4569
@calls 4570 4569
@calls 4570 4570
@calls 4571 4570
@calls 4571 4571
@calls 4572 4571
@calls 4572 4572
@calls 4573 4572
@calls 4573 4573
@calls 4574 4573
@calls 4574 4574
@calls 4575 4574
@calls 4575 4575
@calls 4576 4575
@calls 4576 4576
@calls 4577 4576
@calls 4577 4577
@calls 4578 4577
@calls 4578 4578
@calls 4579 4578
@calls 4579 4579
@calls 4580 4579
@calls 4580 4580
@calls 4581 4580
@calls 4581 4581
@calls 4582 4581
@calls 4582 4582
@calls 4583 4582
@calls 4583 4583
@calls 4584 4583
@calls 4584 4584
@calls 4585 4584
@calls 4585 4585
@calls 4586 4585
@calls 4586 4586
@calls 4587 4586
@calls 4587 4587
@calls 4588 4587
@calls 4588 4588
@calls 4589 4588
@calls 4589 4589
@calls 4590 4589
@calls 4590 4590
@calls 4591 4590
@calls 4591 4591
@calls 4592 4591
@calls 4592 4592
@calls 4593 4592
@calls 4593 4593
@calls 4594 4593
@calls 4594 4594
@calls 4595 4594
@calls 4595 4595
@calls 4596 4595
@calls 4596 4596
@calls 4597 4596
@calls 4597 4597
@calls 4598 4597
@calls 4598 4598
@calls 4599 4598
@calls 4599 4599
@calls 4600 4599
@calls 4600 4600
@calls 4601 4600
@calls 4601 4601
@calls 4602 4601
@calls 4602 4602
@calls 4603 4602
@calls 4603 4603
@calls 4604 4603
@calls 4604 4604
@calls 4605 4604
@calls 4605 4605
@calls 4606 4605
@calls 4606 4606
@calls 4607 4606
@calls 4607 4607
@calls 4608 4607
@calls 4608 4608
@calls 4609 4608
@calls 4609 4609
@calls 4610 4609
@calls 4610 4610
@calls 4611 4610
@calls 4611 4611
@calls 4612 4611
@calls 4612 4612
@calls 4613 4612
@calls 4613 4613
@calls 4614 4613
@calls 4614 4614
@calls 4615 4614
@calls 4615 4615
@calls 4616 4615
@calls 4616 4616
@calls 4617 4616
@calls 4617 4617
@calls 4618 4617
@calls 4618 4618
@calls 4619 4618
@calls 4619 4619
@calls 4620 4619
@calls 4620 4620
@calls 4621 4620
@calls 4621 4621
@calls 4622 4621
@calls 4622 4622
@calls 4623 4622
@calls 4623 4623
@calls 4624 4623
@calls 4624 4624
@calls 4625 4624
@calls 4625 4625
@calls 4626 4625
@calls 4626 4626
@calls 4627 4626
@calls 4627 4627
@calls 4628 4627
@calls 4628 4628
@calls 4629 4628
@calls 4629 4629
@calls 4630 4629
@calls 4630 4630
@calls 4631 4630
@calls 4631 4631
@calls 4632 4631
@calls 4632 4632
@calls 4633 4632
@calls 4633 4633
@calls 4634 4633
@calls 4634 4634
@calls 4635 4634
@calls 4635 4635
@calls 4636 4635
@calls 4636 4636
@calls 4637 4636
@calls 4637 4637
@calls 4638 4637
@calls 4638 4638
@calls 4639 4638
@calls 4639 4639
@calls 4640 4639
@calls 4640 4640
@calls 4641 4640
@calls 4641 4641
@calls 4642 4641
@calls 4642 4642
@calls 4643 4642
@calls 4643 4643
@calls 4644 4643
@calls 4644 4644
@calls 4645 4644
@calls 4645 4645
@calls 4646 4645
@calls 4646 4646
@calls 4647 4646
@calls 4647 4647
@calls 4648 4647
@calls 4648 4648
@calls 4649 4648
@calls 4649 4649
@calls 4650 4649
@calls 4650 4650
@calls 4651 4650
@calls 4651 4651
@calls 4652 4651
@calls 4652 4652
@calls 4653 4652
@calls 4653 4653
@calls 4654 4653
@calls 4654 4654
@calls 4655 4654
@calls 4655 4655
@calls 4656 4655
@calls 4656 4656
@calls 4657 4656
@calls 4657 4657
@calls 4658 4657
@calls 4658 4658
@calls 4659 4658
@calls 4659 4659
@calls 4660 4659
@calls 4660 4660
@calls 4661 4660
@calls 4661 4661
@calls 4662 4661
@calls 4662 4662
@calls 4663 4662
@calls 4663 4663
@calls 4664 4663
@calls 4664 4664
@calls 4665 4664
@calls 4665 4665
@calls 4666 4665
@calls 4666 4666
@calls 4667 4666
@calls 4667 4667
@calls 4668 4667
@calls 4668 4668
@calls 4669 4668
@calls 4669 4669
@calls 4670 4669
@calls 4670 4670
@calls 4671 4670
@calls 4671 4671
@calls 4672 4671
@calls 4672 4672
@calls 4673 4672
@calls 4673 4673
@calls 4674 4673
@calls 4674 4674
@calls 4675 4674
@calls 4675 4675
@calls 4676 4675
@calls 4676 4676
@calls 4677 4676
@calls 4677 4677
@calls 4678 4677
@calls 4678 4678
@calls 4679 4678
@calls 4679 4679
@calls 4680 4679
@calls 4680 4680
@calls 4681 4680
@calls 4681 4681
@calls 4682 4681
@calls 4682 4682
@calls 4683 4682
@calls 4683 4683
@calls 4684 4683
@calls 4684 4684
@calls 4685 4684
@calls 4685 4685
@calls 4686 4685
@calls 4686 4686
@calls 4687 4686
@calls 4687 4687
@calls 4688 4687
@calls 4688 4688
@calls 4689 4688
@calls 4689 4689
@calls 4690 4689
@calls 4690 4690
@calls 4691 4690
@calls 4691 4691
@calls 4692 4691
@calls 4692 4692
@calls 4693 4692
@calls 4693 4693
@calls 4694 4693
@calls 4694 4694
@calls 4695 4694
@calls 4695 4695
@calls 4696 4695
@calls 4696 4696
@calls 4697 4696
@calls 4697 4697
@calls 4698 4697
@calls 4698 4698
@calls 4699 4698
@calls 4699 4699
@calls 4700 4699
@calls 4700 4700
@calls 4701 4700
@calls 4701 4701
@calls 4702 4701
@calls 4702 4702
@calls 4703 4702
@calls 4703 4703
@calls 4704 4703
@calls 4704 4704
@calls 4705 4704
@calls 4705 4705
@calls 4706 4705
@calls 4706 4706
@calls 4707 4706
@calls 4707 4707
@calls 4708 4707
@calls 4708 4708
@calls 4709 4708
@calls 4709 4709
@calls 4710 4709
@calls 4710 4710
@calls 4711 4710
@calls 4711 4711
@calls 4712 4711
@calls 4712 4712
@calls 4713 4712
@calls 4713 4713
@calls 4714 4713
@calls 4714 4714
@calls 4715 4714
@calls 4715 4715
@calls 4716 4715
@calls 4716 4716
@calls 4717 4716
@calls 4717 4717
@calls 4718 4717
@calls 4718 4718
@calls 4719 4718
@calls 4719 4719
@calls 4720 4719
@calls 4720 4720
@calls 4721 4720
@calls 4721 4721
@calls 4722 4721
@calls 4722 4722
@calls 4723 4722
@calls 4723 4723
@calls 4724 4723
@calls 4724 4724
@calls 4725 4724
@calls 4725 4725
@calls 4726 4725
@calls 4726 4726
@calls 4727 4726
@calls 4727 4727
@calls 4728 4727
@calls 4728 4728
@calls 4729 4728
@calls 4729 4729
@calls 4730 4729
@calls 4730 4730
@calls 4731 4730
@calls 4731 4731
@calls 4732 4731
@calls 4732 4732
@calls 4733 4732
@calls 4733 4733
@calls 4734 4733
@calls 4734 4734
@calls 4735 4734
@calls 4735 4735
@calls 4736 4735
@calls 4736 4736
@calls 4737 4736
@calls 4737 4737
@calls 4738 4737
@calls 4738 4738
@calls 4739 4738
@calls 4739 4739
@calls 4740 4739
@calls 4740 4740
@calls 4741 4740
@calls 4741 4741
@calls 4742 4741
@calls 4742 4742
@calls 4743 4742
@calls 4743 4743
@calls 4744 4743
@calls 4744 4744
@calls 4745 4744
@calls 4745 4745
@calls 4746 4745
@calls 4746 4746
@calls 4747 4746
@calls 4747 4747
@calls 4748 4747
@calls 4748 4748
@calls 4749 4748
@calls 4749 4749
@calls 4750 4749
@calls 4750 4750
@calls 4751 4750
@calls 4751 4751
@calls 4752 4751
@calls 4752 4752
@calls 4753 4752
@calls 4753 4753
@calls 4754 4753
@calls 4754 4754
@calls 4755 4754
@calls 4755 4755
@calls 4756 4755
@calls 4756 4756
@calls 4757 4756
@calls 4757 4757
@calls 4758 4757
@calls 4758 4758
@calls 4759 4758
@calls 4759 4759
@calls 4760 4759
@calls 4760 4760
@calls 4761 4760
@calls 4761 4761
@calls 4762 4761
@calls 4762 4762
@calls 4763 4762
@calls 4763 4763
@calls 4764 4763
@calls 4764 4764
@calls 4765 4764
@calls 4765 4765
@calls 4766 4765
@calls 4766 4766
@calls 4767 4766
@calls 4767 4767
@calls 4768 4767
@calls 4768 4768
@calls 4769 4768
@calls 4769 4769
@calls 4770 4769
@calls 4770 4770
@calls 4771 4770
@calls 4771 4771
@calls 4772 4771
@calls 4772 4772
@calls 4773 4772
@calls 4773 4773
@calls 4774 4773
@calls 4774 4774
@calls 4775 4774
@calls 4775 4775
@calls 4776 4775
@calls 4776 4776
@calls 4777 4776
@calls 4777 4777
@calls 4778 4777
@calls 4778 4778
@calls 4779 4778
@calls 4779 4779
@calls 4780 4779
@calls 4780 4780
@calls 4781 4780
@calls 4781 4781
@calls 4782 4781
@calls 4782 4782
@calls 4783 4782
@calls 4783 4783
@calls 4784 4783
@calls 4784 4784
@calls 4785 4784
@calls 4785 4785
@calls 4786 4785
@calls 4786 4786
@calls 4787 4786
@calls 4787 4787
@calls 4788 4787
@calls 4788 4788
@calls 4789 4788
@calls 4789 4789
@calls 4790 4789
@calls 4790 4790
@calls 4791 4790
@calls 4791 4791
@calls 4792 4791
@calls 4792 4792
@calls 4793 4792
@calls 4793 4793
@calls 4794 4793
@calls 4794 4794
@calls 4795 4794
@calls 4795 4795
@calls 4796 4795
@calls 4796 4796
@calls 4797 4796
@calls 4797 4797
@calls 4798 4797
@calls 4798 4798
@calls 4799 4798
@calls 4799 4799
@calls 4800 4799
@calls 4800 4800
@calls 4801 4800
@calls 4801 4801
@calls 4802 4801
@calls 4802 4802
@calls 4803 4802
@calls 4803 4803
@calls 4804 4803
@calls 4804 4804
@calls 4805 4804
@calls 4805 4805
@calls 4806 4805
@calls 4806 4806
@calls 4807 4806
@calls 4807 4807
@calls 4808 4807
@calls 4808 4808
@calls 4809 4808
@calls 4809 4809
@calls 4810 4809
@calls 4810 4810
@calls 4811 4810
@calls 4811 4811
@calls 4812 4811
@calls 4812 4812
@calls 4813 4812
@calls 4813 4813
@calls 4814 4813
@calls 4814 4814
@calls 4815 4814
@calls 4815 4815
@calls 4816 4815
@calls 4816 4816
@calls 4817 4816
@calls 4817 4817
@calls 4818 4817
@calls 4818 4818
@calls 4819 4818
@calls 4819 4819
@calls 4820 4819
@calls 4820 4820
@calls 4821 4820
@calls 4821 4821
@calls 4822 4821
@calls 4822 4822
@calls 4823 4822
@calls 4823 4823
@calls 4824 4823
@calls 4824 4824
@calls 4825 4824
@calls 4825 4825
@calls 4826 4825
@calls 4826 4826
@calls 4827 4826
@calls 4827 4827
@calls 4828 4827
@calls 4828 4828
@calls 4829 4828
@calls 4829 4829
@calls 4830 4829
@calls 4830 4830
@calls 4831 4830
@calls 4831 4831
@calls 4832 4831
@calls 4832 4832
@calls 4833 4832
@calls 4833 4833
@calls 4834 4833
@calls 4834 4834
@calls 4835 4834
@calls 4835 4835
@calls 4836 4835
@calls 4836 4836
@calls 4837 4836
@calls 4837 4837
@calls 4838 4837
@calls 4838 4838
@calls 4839 4838
@calls 4839 4839
@calls 4840 4839
@calls 4840 4840
@calls 4841 4840
@calls 4841 4841
@calls 4842 4841
@calls 4842 4842
@calls 4843 4842
@calls 4843 4843
@calls 4844 4843
@calls 4844 4844
@calls 4845 4844
@calls 4845 4845
@calls 4846 4845
@calls 4846 4846
@calls 4847 4846
@calls 4847 4847
@calls 4848 4847
@calls 4848 4848
@calls 4849 4848
@calls 4849 4849
@calls 4850 4849
@calls 4850 4850
@calls 4851 4850
@calls 4851 4851
@calls 4852 4851
@calls 4852 4852
@calls 4853 4852
@calls 4853 4853
@calls 4854 4853
@calls 4854 4854
@calls 4855 4854
@calls 4855 4855
@calls 4856 4855
@calls 4856 4856
@calls 4857 4856
@calls 4857 4857
@calls 4858 4857
@calls 4858 4858
@calls 4859 4858
@calls 4859 4859
@calls 4860 4859
@calls 4860 4860
@calls 4861 4860
@calls 4861 4861
@calls 4862 4861
@calls 4862 4862
@calls 4863 4862
@calls 4863 4863
@calls 4864 4863
@calls 4864 4864
@calls 4865 4864
@calls 4865 4865
@calls 4866 4865
@calls 4866 4866
@calls 4867 4866
@calls 4867 4867
@calls 4868 4867
@calls 4868 4868
@calls 4869 4868
@calls 4869 4869
@calls 4870 4869
@calls 4870 4870
@calls 4871 4870
@calls 4871 4871
@calls 4872 4871
@calls 4872 4872
@calls 4873 4872
@calls 4873 4873
@calls 4874 4873
@calls 4874 4874
@calls 4875 4874
@calls 4875 4875
@calls 4876 4875
@calls 4876 4876
@calls 4877 4876
@calls 4877 4877
@calls 4878 4877
@calls 4878 4878
@calls 4879 4878
@calls 4879 4879
@calls 4880 4879
@calls 4880 4880
@calls 4881 4880
@calls 4881 4881
@calls 4882 4881
@calls 4882 4882
@calls 4883 4882
@calls 4883 4883
@calls 4884 4883
@calls 4884 4884
@calls 4885 4884
@calls 4885 4885
@calls 4886 4885
@calls 4886 4886
@calls 4887 4886
@calls 4887 4887
@calls 4888 4887
@calls 4888 4888
@calls 4889 4888
@calls 4889 4889
@calls 4890 4889
@calls 4890 4890
@calls 4891 4890
@calls 4891 4891
@calls 4892 4891
@calls 4892 4892
@calls 4893 4892
@calls 4893 4893
@calls 4894 4893
@calls 4894 4894
@calls 4895 4894
@calls 4895 4895
@calls 4896 4895
@calls 4896 4896
@calls 4897 4896
@calls 4897 4897
@calls 4898 4897
@calls 4898 4898
@calls 4899 4898
@calls 4899 4899
@calls 4900 4899
@calls 4900 4900
@calls 4901 4900
@calls 4901 4901
@calls 4902 4901
@calls 4902 4902
@calls 4903 4902
@calls 4903 4903
@calls 4904 4903
@calls 4904 4904
@calls 4905 4904
@calls 4905 4905
@calls 4906 4905
@calls 4906 4906
@calls 4907 4906
@calls 4907 4907
@calls 4908 4907
@calls 4908 4908
@calls 4909 4908
@calls 4909 4909
@calls 4910 4909
@calls 4910 4910
@calls 4911 4910
@calls 4911 4911
@calls 4912 4911
@calls 4912 4912
@calls 4913 4912
@calls 4913 4913
@calls 4914 4913
@calls 4914 4914
@calls 4915 4914
@calls 4915 4915
@calls 4916 4915
@calls 4916 4916
@calls 4917 4916
@calls 4917 4917
@calls 4918 4917
@calls 4918 4918
@calls 4919 4918
@calls 4919 4919
@calls 4920 4919
@calls 4920 4920
@calls 4921 4920
@calls 4921 4921
@calls 4922 4921
@calls 4922 4922
@calls 4923 4922
@calls 4923 4923
@calls 4924 4923
@calls 4924 4924
@calls 4925 4924
@calls 4925 4925
@calls 4926 4925
@calls 4926 4926
@calls 4927 4926
@calls 4927 4927
@calls 4928 4927
@calls 4928 4928
@calls 4929 4928
@calls 4929 4929
@calls 4930 4929
@calls 4930 4930
@calls 4931 4930
@calls 4931 4931
@calls 4932 4931
@calls 4932 4932
@calls 4933 4932
@calls 4933 4933
@calls 4934 4933
@calls 4934 4934
@calls 4935 4934
@calls 4935 4935
@calls 4936 4935
@calls 4936 4936
@calls 4937 4936
@calls 4937 4937
@calls 4938 4937
@calls 4938 4938
@calls 4939 4938
@calls 4939 4939
@calls 4940 4939
@calls 4940 4940
@calls 4941 4940
@calls 4941 4941
@calls 4942 4941
@calls 4942 4942
@calls 4943 4942
@calls 4943 4943
@calls 4944 4943
@calls 4944 4944
@calls 4945 4944
@calls 4945 4945
@calls 4946 4945
@calls 4946 4946
@calls 4947 4946
@calls 4947 4947
@calls 4948 4947
@calls 4948 4948
@calls 4949 4948
@calls 4949 4949
@calls 4950 4949
@calls 4950 4950
@calls 4951 4950
@calls 4951 4951
@calls 4952 4951
@calls 4952 4952
@calls 4953 4952
@calls 4953 4953
@calls 4954 4953
@calls 4954 4954
@calls 4955 4954
@calls 4955 4955
@calls 4956 4955
@calls 4956 4956
@calls 4957 4956
@calls 4957 4957
@calls 4958 4957
@calls 4958 4958
@calls 4959 4958
@calls 4959 4959
@calls 4960 4959
@calls 4960 4960
@calls 4961 4960
@calls 4961 4961
@calls 4962 4961
@calls 4962 4962
@calls 4963 4962
@calls 4963 4963
@calls 4964 4963
@calls 4964 4964
@calls 4965 4964
@calls 4965 4965
@calls 4966 4965
@calls 4966 4966
@calls 4967 4966
@calls 4967 4967
@calls 4968 4967
@calls 4968 4968
@calls 4969 4968
@calls 4969 4969
@calls 4970 4969
@calls 4970 4970
@calls 4971 4970
@calls 4971 4971
@calls 4972 4971
@calls 4972 4972
@calls 4973 4972
@calls 4973 4973
@calls 4974 4973
@calls 4974 4974
@calls 4975 4974
@calls 4975 4975
@calls 4976 4975
@calls 4976 4976
@calls 4977 4976
@calls 4977 4977
@calls 4978 4977
@calls 4978 4978
@calls 4979 4978
@calls 4979 4979
@calls 4980 4979
@calls 4980 4980
@calls 4981 4980
@calls 4981 4981
@calls 4982 4981
@calls 4982 4982
@calls 4983 4982
@calls 4983 4983
@calls 4984 4983
@calls 4984 4984
@calls 4985 4984
@calls 4985 4985
@calls 4986 4985
@calls 4986 4986
@calls 4987 4986
@calls 4987 4987
@calls 4988 4987
@calls 4988 4988
@calls 4989 4988
@calls 4989 4989
@calls 4990 4989
@calls 4990 4990
@calls 4991 4990
@calls 4991 4991
@calls 4992 4991
@calls 4992 4992
@calls 4993 4992
@calls 4993 4993
@calls 4994 4993
@calls 4994 4994
@calls 4995 4994
@calls 4995 4995
@calls 4996 4995
@calls 4996 4996
@calls 4997 4996
@calls 4997 4997
@calls 4998 4997
@calls 4998 4998
@calls 4999 4998
@calls 4999 4999
@calls 5000 4999
@calls 5000 5000
@calls 5001 5000
@calls 5001 5001
@calls 5002 5001
@calls 5002 5002
@calls 5003 5002
@calls 5003 5003
@calls 5004 5003
@calls 5004 5004
@calls 5005 5004
@calls 5005 5005
@calls 5006 5005
@calls 5006 5006
@calls 5007 5006
@calls 5007 5007
@calls 5008 5007
@calls 5008 5008
@calls 5009 5008
@calls 5009 5009
@calls 5010 5009
@calls 5010 5010
@calls 5011 5010
@calls 5011 5011
@calls 5012 5011
@calls 5012 5012
@calls 5013 5012
@calls 5013 5013
@calls 5014 5013
@calls 5014 5014
@calls 5015 5014
@calls 5015 5015
@calls 5016 5015
@calls 5016 5016
@calls 5017 5016
@calls 5017 5017
@calls 5018 5017
@calls 5018 5018
@calls 5019 5018
@calls 5019 5019
@calls 5020 5019
@calls 5020 5020
@calls 5021 5020
@calls 5021 5021
@calls 5022 5021
@calls 5022 5022
@calls 5023 5022
@calls 5023 5023
@calls 5024 5023
@calls 5024 5024
@calls 5025 5024
@calls 5025 5025
@calls 5026 5025
@calls 5026 5026
@calls 5027 5026
@calls 5027 5027
@calls 5028 5027
@calls 5028 5028
@calls 5029 5028
@calls 5029 5029
@calls 5030 5029
@calls 5030 5030
@calls 5031 5030
@calls 5031 5031
@calls 5032 5031
@calls 5032 5032
@calls 5033 5032
@calls 5033 5033
@calls 5034 5033
@calls 5034 5034
@calls 5035 5034
@calls 5035 5035
@calls 5036 5035
@calls 5036 5036
@calls 5037 5036
@calls 5037 5037
@calls 5038 5037
@calls 5038 5038
@calls 5039 5038
@calls 5039 5039
@calls 5040 5039
@calls 5040 5040
@calls 5041 5040
@calls 5041 5041
@calls 5042 5041
@calls 5042 5042
@calls 5043 5042
@calls 5043 5043
@calls 5044 5043
@calls 5044 5044
@calls 5045 5044
@calls 5045 5045
@calls 5046 5045
@calls 5046 5046
@calls 5047 5046
@calls 5047 5047
@calls 5048 5047
@calls 5048 5048
@calls 5049 5048
@calls 5049 5049
@calls 5050 5049
@calls 5050 5050
@calls 5051 5050
@calls 5051 5051
@calls 5052 5051
@calls 5052 5052
@calls 5053 5052
@calls 5053 5053
@calls 5054 5053
@calls 5054 5054
@calls 5055 5054
@calls 5055 5055
@calls 5056 5055
@calls 5056 5056
@calls 5057 5056
@calls 5057 5057
@calls 5058 5057
@calls 5058 5058
@calls 5059 5058
@calls 5059 5059
@calls 5060 5059
@calls 5060 5060
@calls 5061 5060
@calls 5061 5061
@calls 5062 5061
@calls 5062 5062
@calls 5063 5062
@calls 5063 5063
@calls 5064 5063
@calls 5064 5064
@calls 5065 5064
@calls 5065 5065
@calls 5066 5065
@calls 5066 5066
@calls 5067 5066
@calls 5067 5067
@calls 5068 5067
@calls 5068 5068
@calls 5069 5068
@calls 5069 5069
@calls 5070 5069
@calls 5070 5070
@calls 5071 5070
@calls 5071 5071
@calls 5072 5071
@calls 5072 5072
@calls 5073 5072
@calls 5073 5073
@calls 5074 5073
@calls 5074 5074
@calls 5075 5074
@calls 5075 5075
@calls 5076 5075
@calls 5076 5076
@calls 5077 5076
@calls 5077 5077
@calls 5078 5077
@calls 5078 5078
@calls 5079 5078
@calls 5079 5079
@calls 5080 5079
@calls 5080 5080
@calls 5081 5080
@calls 5081 5081
@calls 5082 5081
@calls 5082 5082
@calls 5083 5082
@calls 5083 5083
@calls 5084 5083
@calls 5084 5084
@calls 5085 5084
@calls 5085 5085
@calls 5086 5085
@calls 5086 5086
@calls 5087 5086
@calls 5087 5087
@calls 5088 5087
@calls 5088 5088
@calls 5089 5088
@calls 5089 5089
@calls 5090 5089
@calls 5090 5090
@calls 5091 5090
@calls 5091 5091
@calls 5092 5091
@calls 5092 5092
@calls 5093 5092
@calls 5093 5093
@calls 5094 5093
@calls 5094 5094
@calls 5095 5094
@calls 5095 5095
@calls 5096 5095
@calls 5096 5096
@calls 5097 5096
@calls 5097 5097
@calls 5098 5097
@calls 5098 5098
@calls 5099 5098
@calls 5099 5099
@calls 5100 5099
@calls 5100 5100
@calls 5101 5100
@calls 5101 5101
@calls 5102 5101
@calls 5102 5102
@calls 5103 5102
@calls 5103 5103
@calls 5104 5103
@calls 5104 5104
@calls 5105 5104
@calls 5105 5105
@calls 5106 5105
@calls 5106 5106
@calls 5107 5106
@calls 5107 5107
@calls 5108 5107
@calls 5108 5108
@calls 5109 5108
@calls 5109 5109
@calls 5110 5109
@calls 5110 5110
@calls 5111 5110
@calls 5111 5111
@calls 5112 5111
@calls 5112 5112
@calls 5113 5112
@calls 5113 5113
@calls 5114 5113
@calls 5114 5114
@calls 5115 5114
@calls 5115 5115
@calls 5116 5115
@calls 5116 5116
@calls 5117 5116
@calls 5117 5117
@calls 5118 5117
@calls 5118 5118
@calls 5119 5118
@calls 5119 5119
@calls 5120 5119
@calls 5120 5120
@calls 5121 5120
@calls 5121 5121
@calls 5122 5121
@calls 5122 5122
@calls 5123 5122
@calls 5123 5123
@calls 5124 5123
@calls 5124 5124
@calls 5125 5124
@calls 5125 5125
@calls 5126 5125
@calls 5126 5126
@calls 5127 5126
@calls 5127 5127
@calls 5128 5127
@calls 5128 5128
@calls 5129 5128
@calls 5129 5129
@calls 5130 5129
@calls 5130 5130
@calls 5131 5130
@calls 5131 5131
@calls 5132 5131
@calls 5132 5132
@calls 5133 5132
@calls 5133 5133
@calls 5134 5133
@calls 5134 5134
@calls 5135 5134
@calls 5135 5135
@calls 5136 5135
@calls 5136 5136
@calls 5137 5136
@calls 5137 5137
@calls 5138 5137
@calls 5138 5138
@calls 5139 5138
@calls 5139 5139
@calls 5140 5139
@calls 5140 5140
@calls 5141 5140
@calls 5141 5141
@calls 5142 5141
@calls 5142 5142
@calls 5143 5142
@calls 5143 5143
@calls 5144 5143
@calls 5144 5144
@calls 5145 5144
@calls 5145 5145
@calls 5146 5145
@calls 5146 5146
@calls 5147 5146
@calls 5147 5147
@calls 5148 5147
@calls 5148 5148
@calls 5149 5148
@calls 5149 5149
@calls 5150 5149
@calls 5150 5150
@calls 5151 5150
@calls 5151 5151
@calls 5152 5151
@calls 5152 5152
@calls 5153 5152
@calls 5153 5153
@calls 5154 5153
@calls 5154 5154
@calls 5155 5154
@calls 5155 5155
@calls 5156 5155
@calls 5156 5156
@calls 5157 5156
@calls 5157 5157
@calls 5158 5157
@calls 5158 5158
@calls 5159 5158
@calls 5159 5159
@calls 5160 5159
@calls 5160 5160
@calls 5161 5160
@calls 5161 5161
@calls 5162 5161
@calls 5162 5162
@calls 5163 5162
@calls 5163 5163
@calls 5164 5163
@calls 5164 5164
@calls 5165 5164
@calls 5165 5165
@calls 5166 5165
@calls 5166 5166
@calls 5167 5166
@calls 5167 5167
@calls 5168 5167
@calls 5168 5168
@calls 5169 5168
@calls 5169 5169
@calls 5170 5169
@calls 5170 5170
@calls 5171 5170
@calls 5171 5171
@calls 5172 5171
@calls 5172 5172
@calls 5173 5172
@calls 5173 5173
@calls 5174 5173
@calls 5174 5174
@calls 5175 5174
@calls 5175 5175
@calls 5176 5175
@calls 5176 5176
@calls 5177 5176
@calls 5177 5177
@calls 5178 5177
@calls 5178 5178
@calls 5179 5178
@calls 5179 5179
@calls 5180 5179
@calls 5180 5180
@calls 5181 5180
@calls 5181 5181
@calls 5182 5181
@calls 5182 5182
@calls 5183 5182
@calls 5183 5183
@calls 5184 5183
@calls 5184 5184
@calls 5185 5184
@calls 5185 5185
@calls 5186 5185
@calls 5186 5186
@calls 5187 5186
@calls 5187 5187
@calls 5188 5187
@calls 5188 5188
@calls 5189 5188
@calls 5189 5189
@calls 5190 5189
@calls 5190 5190
@calls 5191 5190
@calls 5191 5191
@calls 5192 5191
@calls 5192 5192
@calls 5193 5192
@calls 5193 5193
@calls 5194 5193
@calls 5194 5194
@calls 5195 5194
@calls 5195 5195
@calls 5196 5195
@calls 5196 5196
@calls 5197 5196
@calls 5197 5197
@calls 5198 5197
@calls 5198 5198
@calls 5199 5198
@calls 5199 5199
@calls 5200 5199
@calls 5200 5200
@calls 5201 5200
@calls 5201 5201
@calls 5202 5201
@calls 5202 5202
@calls 5203 5202
@calls 5203 5203
@calls 5204 5203
@calls 5204 5204
@calls 5205 5204
@calls 5205 5205
@calls 5206 5205
@calls 5206 5206
@calls 5207 5206
@calls 5207 5207
@calls 5208 5207
@calls 5208 5208
@calls 5209 5208
@calls 5209 5209
@calls 5210 5209
@calls 5210 5210
@calls 5211 5210
@calls 5211 5211
@calls 5212 5211
@calls 5212 5212
@calls 5213 5212
@calls 5213 5213
@calls 5214 5213
@calls 5214 5214
@calls 5215 5214
@calls 5215 5215
@calls 5216 5215
@calls 5216 5216
@calls 5217 5216
@calls 5217 5217
@calls 5218 5217
@calls 5218 5218
@calls 5219 5218
@calls 5219 5219
@calls 5220 5219
@calls 5220 5220
@calls 5221 5220
@calls 5221 5221
@calls 5222 5221
@calls 5222 5222
@calls 5223 5222
@calls 5223 5223
@calls 5224 5223
@calls 5224 5224
@calls 5225 5224
@calls 5225 5225
@calls 5226 5225
@calls 5226 5226
@calls 5227 5226
@calls 5227 5227
@calls 5228 5227
@calls 5228 5228
@calls 5229 5228
@calls 5229 5229
@calls 5230 5229
@calls 5230 5230
@calls 5231 5230
@calls 5231 5231
@calls 5232 5231
@calls 5232 5232
@calls 5233 5232
@calls 5233 5233
@calls 5234 5233
@calls 5234 5234
@calls 5235 5234
@calls 5235 5235
@calls 5236 5235
@calls 5236 5236
@calls 5237 5236
@calls 5237 5237
@calls 5238 5237
@calls 5238 5238
@calls 5239 5238
@calls 5239 5239
@calls 5240 5239
@calls 5240 5240
@calls 5241 5240
@calls 5241 5241
@calls 5242 5241
@calls 5242 5242
@calls 5243 5242
@calls 5243 5243
@calls 5244 5243
@calls 5244 5244
@calls 5245 5244
@calls 5245 5245
@calls 5246 5245
@calls 5246 5246
@calls 5247 5246
@calls 5247 5247
@calls 5248 5247
@calls 5248 5248
@calls 5249 5248
@calls 5249 5249
@calls 5250 5249
@calls 5250 5250
@calls 5251 5250
@calls 5251 5251
@calls 5252 5251
@calls 5252 5252
@calls 5253 5252
@calls 5253 5253
@calls 5254 5253
@calls 5254 5254
@calls 5255 5254
@calls 5255 5255
@calls 5256 5255
@calls 5256 5256
@calls 5257 5256
@calls 5257 5257
@calls 5258 5257
@calls 5258 5258
@calls 5259 5258
@calls 5259 5259
@calls 5260 5259
@calls 5260 5260
@calls 5261 5260
@calls 5261 5261
@calls 5262 5261
@calls 5262 5262
@calls 5263 5262
@calls 5263 5263
@calls 5264 5263
@calls 5264 5264
@calls 5265 5264
@calls 5265 5265
@calls 5266 5265
@calls 5266 5266
@calls 5267 5266
@calls 5267 5267
@calls 5268 5267
@calls 5268 5268
@calls 5269 5268
@calls 5269 5269
@calls 5270 5269
@calls 5270 5270
@calls 5271 5270
@calls 5271 5271
@calls 5272 5271
@calls 5272 5272
@calls 5273 5272
@calls 5273 5273
@calls 5274 5273
@calls 5274 5274
@calls 5275 5274
@calls 5275 5275
@calls 5276 5275
@calls 5276 5276
@calls 5277 5276
@calls 5277 5277
@calls 5278 5277
@calls 5278 5278
@calls 5279 5278
@calls 5279 5279
@calls 5280 5279
@calls 5280 5280
@calls 5281 5280
@calls 5281 5281
@calls 5282 5281
@calls 5282 5282
@calls 5283 5282
@calls 5283 5283
@calls 5284 5283
@calls 5284 5284
@calls 5285 5284
@calls 5285 5285
@calls 5286 5285
@calls 5286 5286
@calls 5287 5286
@calls 5287 5287
@calls 5288 5287
@calls 5288 5288
@calls 5289 5288
@calls 5289 5289
@calls 5290 5289
@calls 5290 5290
@calls 5291 5290
@calls 5291 5291
@calls 5292 5291
@calls 5292 5292
@calls 5293 5292
@calls 5293 5293
@calls 5294 5293
@calls 5294 5294
@calls 5295 5294
@calls 5295 5295
@calls 5296 5295
@calls 5296 5296
@calls 5297 5296
@calls 5297 5297
@calls 5298 5297
@calls 5298 5298
@calls 5299 5298
@calls 5299 5299
@calls 5300 5299
@calls 5300 5300
@calls 5301 5300
@calls 5301 5301
@calls 5302 5301
@calls 5302 5302
@calls 5303 5302
@calls 5303 5303
@calls 5304 5303
@calls 5304 5304
@calls 5305 5304
@calls 5305 5305
@calls 5306 5305
@calls 5306 5306
@calls 5307 5306
@calls 5307 5307
@calls 5308 5307
@calls 5308 5308
@calls 5309 5308
@calls 5309 5309
@calls 5310 5309
@calls 5310 5310
@calls 5311 5310
@calls 5311 5311
@calls 5312 5311
@calls 5312 5312
@calls 5313 5312
@calls 5313 5313
@calls 5314 5313
@calls 5314 5314
@calls 5315 5314
@calls 5315 5315
@calls 5316 5315
@calls 5316 5316
@calls 5317 5316
@calls 5317 5317
@calls 5318 5317
@calls 5318 5318
@calls 5319 5318
@calls 5319 5319
@calls 5320 5319
@calls 5320 5320
@calls 5321 5320
@calls 5321 5321
@calls 5322 5321
@calls 5322 5322
@calls 5323 5322
@calls 5323 5323
@calls 5324 5323
@calls 5324 5324
@calls 5325 5324
@calls 5325 5325
@calls 5326 5325
@calls 5326 5326
@calls 5327 5326
@calls 5327 5327
@calls 5328 5327
@calls 5328 5328
@calls 5329 5328
@calls 5329 5329
@calls 5330 5329
@calls 5330 5330
@calls 5331 5330
@calls 5331 5331
@calls 5332 5331
@calls 5332 5332
@calls 5333 5332
@calls 5333 5333
@calls 5334 5333
@calls 5334 5334
@calls 5335 5334
@calls 5335 5335
@calls 5336 5335
@calls 5336 5336
@calls 5337 5336
@calls 5337 5337
@calls 5338 5337
@calls 5338 5338
@calls 5339 5338
@calls 5339 5339
@calls 5340 5339
@calls 5340 5340
@calls 5341 5340
@calls 5341 5341
@calls 5342 5341
@calls 5342 5342
@calls 5343 5342
@calls 5343 5343
@calls 5344 5343
@calls 5344 5344
@calls 5345 5344
@calls 5345 5345
@calls 5346 5345
@calls 5346 5346
@calls 5347 5346
@calls 5347 5347
@calls 5348 5347
@calls 5348 5348
@calls 5349 5348
@calls 5349 5349
@calls 5350 5349
@calls 5350 5350
@calls 5351 5350
@calls 5351 5351
@calls 5352 5351
@calls 5352 5352
@calls 5353 5352
@calls 5353 5353
@calls 5354 5353
@calls 5354 5354
@calls 5355 5354
@calls 5355 5355
@calls 5356 5355
@calls 5356 5356
@calls 5357 5356
@calls 5357 5357
@calls 5358 5357
@calls 5358 5358
@calls 5359 5358
@calls 5359 5359
@calls 5360 5359
@calls 5360 5360
@calls 5361 5360
@calls 5361 5361
@calls 5362 5361
@calls 5362 5362
@calls 5363 5362
@calls 5363 5363
@calls 5364 5363
@calls 5364 5364
@calls 5365 5364
@calls 5365 5365
@calls 5366 5365
@calls 5366 5366
@calls 5367 5366
@calls 5367 5367
@calls 5368 5367
@calls 5368 5368
@calls 5369 5368
@calls 5369 5369
@calls 5370 5369
@calls 5370 5370
@calls 5371 5370
@calls 5371 5371
@calls 5372 5371
@calls 5372 5372
@calls 5373 5372
@calls 5373 5373
@calls 5374 5373
@calls 5374 5374
@calls 5375 5374
@calls 5375 5375
@calls 5376 5375
@calls 5376 5376
@calls 5377 5376
@calls 5377 5377
@calls 5378 5377
@calls 5378 5378
@calls 5379 5378
@calls 5379 5379
@calls 5380 5379
@calls 5380 5380
@calls 5381 5380
@calls 5381 5381
@calls 5382 5381
@calls 5382 5382
@calls 5383 5382
@calls 5383 5383
@calls 5384 5383
@calls 5384 5384
@calls 5385 5384
@calls 5385 5385
@calls 5386 5385
@calls 5386 5386
@calls 5387 5386
@calls 5387 5387
@calls 5388 5387
@calls 5388 5388
@calls 5389 5388
@calls 5389 5389
@calls 5390 5389
@calls 5390 5390
@calls 5391 5390
@calls 5391 5391
@calls 5392 5391
@calls 5392 5392
@calls 5393 5392
@calls 5393 5393
@calls 5394 5393
@calls 5394 5394
@calls 5395 5394
@calls 5395 5395
@calls 5396 5395
@calls 5396 5396
@calls 5397 5396
@calls 5397 5397
@calls 5398 5397
@calls 5398 5398
@calls 5399 5398
@calls 5399 5399
@calls 5400 5399
@calls 5400 5400
@calls 5401 5400
@calls 5401 5401
@calls 5402 5401
@calls 5402 5402
@calls 5403 5402
@calls 5403 5403
@calls 5404 5403
@calls 5404 5404
@calls 5405 5404
@calls 5405 5405
@calls 5406 5405
@calls 5406 5406
@calls 5407 5406
@calls 5407 5407
@calls 5408 5407
@calls 5408 5408
@calls 5409 5408
@calls 5409 5409
@calls 5410 5409
@calls 5410 5410
@calls 5411 5410
@calls 5411 5411
@calls 5412 5411
@calls 5412 5412
@calls 5413 5412
@calls 5413 5413
@calls 5414 5413
@calls 5414 5414
@calls 5415 5414
@calls 5415 5415
@calls 5416 5415
@calls 5416 5416
@calls 5417 5416
@calls 5417 5417
@calls 5418 5417
@calls 5418 5418
@calls 5419 5418
@calls 5419 5419
@calls 5420 5419
@calls 5420 5420
@calls 5421 5420
@calls 5421 5421
@calls 5422 5421
@calls 5422 5422
@calls 5423 5422
@calls 5423 5423
@calls 5424 5423
@calls 5424 5424
@calls 5425 5424
@calls 5425 5425
@calls 5426 5425
@calls 5426 5426
@calls 5427 5426
@calls 5427 5427
@calls 5428 5427
@calls 5428 5428
@calls 5429 5428
@calls 5429 5429
@calls 5430 5429
@calls 5430 5430
@calls 5431 5430
@calls 5431 5431
@calls 5432 5431
@calls 5432 5432
@calls 5433 5432
@calls 5433 5433
@calls 5434 5433
@calls 5434 5434
@calls 5435 5434
@calls 5435 5435
@calls 5436 5435
@calls 5436 5436
@calls 5437 5436
@calls 5437 5437
@calls 5438 5437
@calls 5438 5438
@calls 5439 5438
@calls 5439 5439
@calls 5440 5439
@calls 5440 5440
@calls 5441 5440
@calls 5441 5441
@calls 5442 5441
@calls 5442 5442
@calls 5443 5442
@calls 5443 5443
@calls 5444 5443
@calls 5444 5444
@calls 5445 5444
@calls 5445 5445
@calls 5446 5445
@calls 5446 5446
@calls 5447 5446
@calls 5447 5447
@calls 5448 5447
@calls 5448 5448
@calls 5449 5448
@calls 5449 5449
@calls 5450 5449
@calls 5450 5450
@calls 5451 5450
@calls 5451 5451
@calls 5452 5451
@calls 5452 5452
@calls 5453 5452
@calls 5453 5453
@calls 5454 5453
@calls 5454 5454
@calls 5455 5454
@calls 5455 5455
@calls 5456 5455
@calls 5456 5456
@calls 5457 5456
@calls 5457 5457
@calls 5458 5457
@calls 5458 5458
@calls 5459 5458
@calls 5459 5459
@calls 5460 5459
@calls 5460 5460
@calls 5461 5460
@calls 5461 5461
@calls 5462 5461
@calls 5462 5462
@calls 5463 5462
@calls 5463 5463
@calls 5464 5463
@calls 5464 5464
@calls 5465 5464
@calls 5465 5465
@calls 5466 5465
@calls 5466 5466
@calls 5467 5466
@calls 5467 5467
@calls 5468 5467
@calls 5468 5468
@calls 5469 5468
@calls 5469 5469
@calls 5470 5469
@calls 5470 5470
@calls 5471 5470
@calls 5471 5471
@calls 5472 5471
@calls 5472 5472
@calls 5473 5472
@calls 5473 5473
@calls 5474 5473
@calls 5474 5474
@calls 5475 5474
@calls 5475 5475
@calls 5476 5475
@calls 5476 5476
@calls 5477 5476
@calls 5477 5477
@calls 5478 5477
@calls 5478 5478
@calls 5479 5478
@calls 5479 5479
@calls 5480 5479
@calls 5480 5480
@calls 5481 5480
@calls 5481 5481
@calls 5482 5481
@calls 5482 5482
@calls 5483 5482
@calls 5483 5483
@calls 5484 5483
@calls 5484 5484
@calls 5485 5484
@calls 5485 5485
@calls 5486 5485
@calls 5486 5486
@calls 5487 5486
@calls 5487 5487
@calls 5488 5487
@calls 5488 5488
@calls 5489 5488
@calls 5489 5489
@calls 5490 5489
@calls 5490 5490
@calls 5491 5490
@calls 5491 5491
@calls 5492 5491
@calls 5492 5492
@calls 5493 5492
@calls 5493 5493
@calls 5494 5493
@calls 5494 5494
@calls 5495 5494
@calls 5495 5495
@calls 5496 5495
@calls 5496 5496
@calls 5497 5496
@calls 5497 5497
@calls 5498 5497
@calls 5498 5498
@calls 5499 5498
@calls 5499 5499
@calls 5500 5499
@calls 5500 5500
@calls 5501 5500
@calls 5501 5501
@calls 5502 5501
@calls 5502 5502
@calls 5503 5502
@calls 5503 5503
@calls 5504 5503
@calls 5504 5504
@calls 5505 5504
@calls 5505 5505
@calls 5506 5505
@calls 5506 5506
@calls 5507 5506
@calls 5507 5507
@calls 5508 5507
@calls 5508 5508
@calls 5509 5508
@calls 5509 5509
@calls 5510 5509
@calls 5510 5510
@calls 5511 5510
@calls 5511 5511
@calls 5512 5511
@calls 5512 5512
@calls 5513 5512
@calls 5513 5513
@calls 5514 5513
@calls 5514 5514
@calls 5515 5514
@calls 5515 5515
@calls 5516 5515
@calls 5516 5516
@calls 5517 5516
@calls 5517 5517
@calls 5518 5517
@calls 5518 5518
@calls 5519 5518
@calls 5519 5519
@calls 5520 5519
@calls 5520 5520
@calls 5521 5520
@calls 5521 5521
@calls 5522 5521
@calls 5522 5522
@calls 5523 5522
@calls 5523 5523
@calls 5524 5523
@calls 5524 5524
@calls 5525 5524
@calls 5525 5525
@calls 5526 5525
@calls 5526 5526
@calls 5527 5526
@calls 5527 5527
@calls 5528 5527
@calls 5528 5528
@calls 5529 5528
@calls 5529 5529
@calls 5530 5529
@calls 5530 5530
@calls 5531 5530
@calls 5531 5531
@calls 5532 5531
@calls 5532 5532
@calls 5533 5532
@calls 5533 5533
@calls 5534 5533
@calls 5534 5534
@calls 5535 5534
@calls 5535 5535
@calls 5536 5535
@calls 5536 5536
@calls 5537 5536
@calls 5537 5537
@calls 5538 5537
@calls 5538 5538
@calls 5539 5538
@calls 5539 5539
@calls 5540 5539
@calls 5540 5540
@calls 5541 5540
@calls 5541 5541
@calls 5542 5541
@calls 5542 5542
@calls 5543 5542
@calls 5543 5543
@calls 5544 5543
@calls 5544 5544
@calls 5545 5544
@calls 5545 5545
@calls 5546 5545
@calls 5546 5546
@calls 5547 5546
@calls 5547 5547
@calls 5548 5547
@calls 5548 5548
@calls 5549 5548
@calls 5549 5549
@calls 5550 5549
@calls 5550 5550
@calls 5551 5550
@calls 5551 5551
@calls 5552 5551
@calls 5552 5552
@calls 5553 5552
@calls 5553 5553
@calls 5554 5553
@calls 5554 5554
@calls 5555 5554
@calls 5555 5555
@calls 5556 5555
@calls 5556 5556
@calls 5557 5556
@calls 5557 5557
@calls 5558 5557
@calls 5558 5558
@calls 5559 5558
@calls 5559 5559
@calls 5560 5559
@calls 5560 5560
@calls 5561 5560
@calls 5561 5561
@calls 5562 5561
@calls 5562 5562
@calls 5563 5562
@calls 5563 5563
@calls 5564 5563
@calls 5564 5564
@calls 5565 5564
@calls 5565 5565
@calls 5566 5565
@calls 5566 5566
@calls 5567 5566
@calls 5567 5567
@calls 5568 5567
@calls 5568 5568
@calls 5569 5568
@calls 5569 5569
@calls 5570 5569
@calls 5570 5570
@calls 5571 5570
@calls 5571 5571
@calls 5572 5571
@calls 5572 5572
@calls 5573 5572
@calls 5573 5573
@calls 5574 5573
@calls 5574 5574
@calls 5575 5574
@calls 5575 5575
@calls 5576 5575
@calls 5576 5576
@calls 5577 5576
@calls 5577 5577
@calls 5578 5577
@calls 5578 5578
@calls 5579 5578
@calls 5579 5579
@calls 5580 5579
@calls 5580 5580
@calls 5581 5580
@calls 5581 5581
@calls 5582 5581
@calls 5582 5582
@calls 5583 5582
@calls 5583 5583
@calls 5584 5583
@calls 5584 5584
@calls 5585 5584
@calls 5585 5585
@calls 5586 5585
@calls 5586 5586
@calls 5587 5586
@calls 5587 5587
@calls 5588 5587
@calls 5588 5588
@calls 5589 5588
@calls 5589 5589
@calls 5590 5589
@calls 5590 5590
@calls 5591 5590
@calls 5591 5591
@calls 5592 5591
@calls 5592 5592
@calls 5593 5592
@calls 5593 5593
@calls 5594 5593
@calls 5594 5594
@calls 5595 5594
@calls 5595 5595
@calls 5596 5595
@calls 5596 5596
@calls 5597 5596
@calls 5597 5597
@calls 5598 5597
@calls 5598 5598
@calls 5599 5598
@calls 5599 5599
@calls 5600 5599
@calls 5600 5600
@calls 5601 5600
@calls 5601 5601
@calls 5602 5601
@calls 5602 5602
@calls 5603 5602
@calls 5603 5603
@calls 5604 5603
@calls 5604 5604
@calls 5605 5604
@calls 5605 5605
@calls 5606 5605
@calls 5606 5606
@calls 5607 5606
@calls 5607 5607
@calls 5608 5607
@calls 5608 5608
@calls 5609 5608
@calls 5609 5609
@calls 5610 5609
@calls 5610 5610
@calls 5611 5610
@calls 5611 5611
@calls 5612 5611
@calls 5612 5612
@calls 5613 5612
@calls 5613 5613
@calls 5614 5613
@calls 5614 5614
@calls 5615 5614
@calls 5615 5615
@calls 5616 5615
@calls 5616 5616
@calls 5617 5616
@calls 5617 5617
@calls 5618 5617
@calls 5618 5618
@calls 5619 5618
@calls 5619 5619
@calls 5620 5619
@calls 5620 5620
@calls 5621 5620
@calls 5621 5621
@calls 5622 5621
@calls 5622 5622
@calls 5623 5622
@calls 5623 5623
@calls 5624 5623
@calls 5624 5624
@calls 5625 5624
@calls 5625 5625
@calls 5626 5625
@calls 5626 5626
@calls 5627 5626
@calls 5627 5627
@calls 5628 5627
@calls 5628 5628
@calls 5629 5628
@calls 5629 5629
@calls 5630 5629
@calls 5630 5630
@calls 5631 5630
@calls 5631 5631
@calls 5632 5631
@calls 5632 5632
@calls 5633 5632
@calls 5633 5633
@calls 5634 5633
@calls 5634 5634
@calls 5635 5634
@calls 5635 5635
@calls 5636 5635
@calls 5636 5636
@calls 5637 5636
@calls 5637 5637
@calls 5638 5637
@calls 5638 5638
@calls 5639 5638
@calls 5639 5639
@calls 5640 5639
@calls 5640 5640
@calls 5641 5640
@calls 5641 5641
@calls 5642 5641
@calls 5642 5642
@calls 5643 5642
@calls 5643 5643
@calls 5644 5643
@calls 5644 5644
@calls 5645 5644
@calls 5645 5645
@calls 5646 5645
@calls 5646 5646
@calls 5647 5646
@calls 5647 5647
@calls 5648 5647
@calls 5648 5648
@calls 5649 5648
@calls 5649 5649
@calls 5650 5649
@calls 5650 5650
@calls 5651 5650
@calls 5651 5651
@calls 5652 5651
@calls 5652 5652
@calls 5653 5652
@calls 5653 5653
@calls 5654 5653
@calls 5654 5654
@calls 5655 5654
@calls 5655 5655
@calls 5656 5655
@calls 5656 5656
@calls 5657 5656
@calls 5657 5657
@calls 5658 5657
@calls 5658 5658
@calls 5659 5658
@calls 5659 5659
@calls 5660 5659
@calls 5660 5660
@calls 5661 5660
@calls 5661 5661
@calls 5662 5661
@calls 5662 5662
@calls 5663 5662
@calls 5663 5663
@calls 5664 5663
@calls 5664 5664
@calls 5665 5664
@calls 5665 5665
@calls 5666 5665
@calls 5666 5666
@calls 5667 5666
@calls 5667 5667
@calls 5668 5667
@calls 5668 5668
@calls 5669 5668
@calls 5669 5669
@calls 5670 5669
@calls 5670 5670
@calls 5671 5670
@calls 5671 5671
@calls 5672 5671
@calls 5672 5672
@calls 5673 5672
@calls 5673 5673
@calls 5674 5673
@calls 5674 5674
@calls 5675 5674
@calls 5675 5675
@calls 5676 5675
@calls 5676 5676
@calls 5677 5676
@calls 5677 5677
@calls 5678 5677
@calls 5678 5678
@calls 5679 5678
@calls 5679 5679
@calls 5680 5679
@calls 5680 5680
@calls 5681 5680
@calls 5681 5681
@calls 5682 5681
@calls 5682 5682
@calls 5683 5682
@calls 5683 5683
@calls 5684 5683
@calls 5684 5684
@calls 5685 5684
@calls 5685 5685
@calls 5686 5685
@calls 5686 5686
@calls 5687 5686
@calls 5687 5687
@calls 5688 5687
@calls 5688 5688
@calls 5689 5688
@calls 5689 5689
@calls 5690 5689
@calls 5690 5690
@calls 5691 5690
@calls 5691 5691
@calls 5692 5691
@calls 5692 5692
@calls 5693 5692
@calls 5693 5693
@calls 5694 5693
@calls 5694 5694
@calls 5695 5694
@calls 5695 5695
@calls 5696 5695
@calls 5696 5696
@calls 5697 5696
@calls 5697 5697
@calls 5698 5697
@calls 5698 5698
@calls 5699 5698
@calls 5699 5699
@calls 5700 5699
@calls 5700 5700
@calls 5701 5700
@calls 5701 5701
@calls 5702 5701
@calls 5702 5702
@calls 5703 5702
@calls 5703 5703
@calls 5704 5703
@calls 5704 5704
@calls 5705 5704
@calls 5705 5705
@calls 5706 5705
@calls 5706 5706
@calls 5707 5706
@calls 5707 5707
@calls 5708 5707
@calls 5708 5708
@calls 5709 5708
@calls 5709 5709
@calls 5710 5709
@calls 5710 5710
@calls 5711 5710
@calls 5711 5711
@calls 5712 5711
@calls 5712 5712
@calls 5713 5712
@calls 5713 5713
@calls 5714 5713
@calls 5714 5714
@calls 5715 5714
@calls 5715 5715
@calls 5716 5715
@calls 5716 5716
@calls 5717 5716
@calls 5717 5717
@calls 5718 5717
@calls 5718 5718
@calls 5719 5718
@calls 5719 5719
@calls 5720 5719
@calls 5720 5720
@calls 5721 5720
@calls 5721 5721
@calls 5722 5721
@calls 5722 5722
@calls 5723 5722
@calls 5723 5723
@calls 5724 5723
@calls 5724 5724
@calls 5725 5724
@calls 5725 5725
@calls 5726 5725
@calls 5726 5726
@calls 5727 5726
@calls 5727 5727
@calls 5728 5727
@calls 5728 5728
@calls 5729 5728
@calls 5729 5729
@calls 5730 5729
@calls 5730 5730
@calls 5731 5730
@calls 5731 5731
@calls 5732 5731
@calls 5732 5732
@calls 5733 5732
@calls 5733 5733
@calls 5734 5733
@calls 5734 5734
@calls 5735 5734
@calls 5735 5735
@calls 5736 5735
@calls 5736 5736
@calls 5737 5736
@calls 5737 5737
@calls 5738 5737
@calls 5738 5738
@calls 5739 5738
@calls 5739 5739
@calls 5740 5739
@calls 5740 5740
@calls 5741 5740
@calls 5741 5741
@calls 5742 5741
@calls 5742 5742
@calls 5743 5742
@calls 5743 5743
@calls 5744 5743
@calls 5744 5744
@calls 5745 5744
@calls 5745 5745
@calls 5746 5745
@calls 5746 5746
@calls 5747 5746
@calls 5747 5747
@calls 5748 5747
@calls 5748 5748
@calls 5749 5748
@calls 5749 5749
@calls 5750 5749
@calls 5750 5750
@calls 5751 5750
@calls 5751 5751
@calls 5752 5751
@calls 5752 5752
@calls 5753 5752
@calls 5753 5753
@calls 5754 5753
@calls 5754 5754
@calls 5755 5754
@calls 5755 5755
@calls 5756 5755
@calls 5756 5756
@calls 5757 5756
@calls 5757 5757
@calls 5758 5757
@calls 5758 5758
@calls 5759 5758
@calls 5759 5759
@calls 5760 5759
@calls 5760 5760
@calls 5761 5760
@calls 5761 5761
@calls 5762 5761
@calls 5762 5762
@calls 5763 5762
@calls 5763 5763
@calls 5764 5763
@calls 5764 5764
@calls 5765 5764
@calls 5765 5765
@calls 5766 5765
@calls 5766 5766
@calls 5767 5766
@calls 5767 5767
@calls 5768 5767
@calls 5768 5768
@calls 5769 5768
@calls 5769 5769
@calls 5770 5769
@calls 5770 5770
@calls 5771 5770
@calls 5771 5771
@calls 5772 5771
@calls 5772 5772
@calls 5773 5772
@calls 5773 5773
@calls 5774 5773
@calls 5774 5774
@calls 5775 5774
@calls 5775 5775
@calls 5776 5775
@calls 5776 5776
@calls 5777 5776
@calls 5777 5777
@calls 5778 5777
@calls 5778 5778
@calls 5779 5778
@calls 5779 5779
@calls 5780 5779
@calls 5780 5780
@calls 5781 5780
@calls 5781 5781
@calls 5782 5781
@calls 5782 5782
@calls 5783 5782
@calls 5783 5783
@calls 5784 5783
@calls 5784 5784
@calls 5785 5784
@calls 5785 5785
@calls 5786 5785
@calls 5786 5786
@calls 5787 5786
@calls 5787 5787
@calls 5788 5787
@calls 5788 5788
@calls 5789 5788
@calls 5789 5789
@calls 5790 5789
@calls 5790 5790
@calls 5791 5790
@calls 5791 5791
@calls 5792 5791
@calls 5792 5792
@calls 5793 5792
@calls 5793 5793
@calls 5794 5793
@calls 5794 5794
@calls 5795 5794
@calls 5795 5795
@calls 5796 5795
@calls 5796 5796
@calls 5797 5796
@calls 5797 5797
@calls 5798 5797
@calls 5798 5798
@calls 5799 5798
@calls 5799 5799
@calls 5800 5799
@calls 5800 5800
@calls 5801 5800
@calls 5801 5801
@calls 5802 5801
@calls 5802 5802
@calls 5803 5802
@calls 5803 5803
@calls 5804 5803
@calls 5804 5804
@calls 5805 5804
@calls 5805 5805
@calls 5806 5805
@calls 5806 5806
@calls 5807 5806
@calls 5807 5807
@calls 5808 5807
@calls 5808 5808
@calls 5809 5808
@calls 5809 5809
@calls 5810 5809
@calls 5810 5810
@calls 5811 5810
@calls 5811 5811
@calls 5812 5811
@calls 5812 5812
@calls 5813 5812
@calls 5813 5813
@calls 5814 5813
@calls 5814 5814
@calls 5815 5814
@calls 5815 5815
@calls 5816 5815
@calls 5816 5816
@calls 5817 5816
@calls 5817 5817
@calls 5818 5817
@calls 5818 5818
@calls 5819 5818
@calls 5819 5819
@calls 5820 5819
@calls 5820 5820
@calls 5821 5820
@calls 5821 5821
@calls 5822 5821
@calls 5822 5822
@calls 5823 5822
@calls 5823 5823
@calls 5824 5823
@calls 5824 5824
@calls 5825 5824
@calls 5825 5825
@calls 5826 5825
@calls 5826 5826
@calls 5827 5826
@calls 5827 5827
@calls 5828 5827
@calls 5828 5828
@calls 5829 5828
@calls 5829 5829
@calls 5830 5829
@calls 5830 5830
@calls 5831 5830
@calls 5831 5831
@calls 5832 5831
@calls 5832 5832
@calls 5833 5832
@calls 5833 5833
@calls 5834 5833
@calls 5834 5834
@calls 5835 5834
@calls 5835 5835
@calls 5836 5835
@calls 5836 5836
@calls 5837 5836
@calls 5837 5837
@calls 5838 5837
@calls 5838 5838
@calls 5839 5838
@calls 5839 5839
@calls 5840 5839
@calls 5840 5840
@calls 5841 5840
@calls 5841 5841
@calls 5842 5841
@calls 5842 5842
@calls 5843 5842
@calls 5843 5843
@calls 5844 5843
@calls 5844 5844
@calls 5845 5844
@calls 5845 5845
@calls 5846 5845
@calls 5846 5846
@calls 5847 5846
@calls 5847 5847
@calls 5848 5847
@calls 5848 5848
@calls 5849 5848
@calls 5849 5849
@calls 5850 5849
@calls 5850 5850
@calls 5851 5850
@calls 5851 5851
@calls 5852 5851
@calls 5852 5852
@calls 5853 5852
@calls 5853 5853
@calls 5854 5853
@calls 5854 5854
@calls 5855 5854
@calls 5855 5855
@calls 5856 5855
@calls 5856 5856
@calls 5857 5856
@calls 5857 5857
@calls 5858 5857
@calls 5858 5858
@calls 5859 5858
@calls 5859 5859
@calls 5860 5859
@calls 5860 5860
@calls 5861 5860
@calls 5861 5861
@calls 5862 5861
@calls 5862 5862
@calls 5863 5862
@calls 5863 5863
@calls 5864 5863
@calls 5864 5864
@calls 5865 5864
@calls 5865 5865
@calls 5866 5865
@calls 5866 5866
@calls 5867 5866
@calls 5867 5867
@calls 5868 5867
@calls 5868 5868
@calls 5869 5868
@calls 5869 5869
@calls 5870 5869
@calls 5870 5870
@calls 5871 5870
@calls 5871 5871
@calls 5872 5871
@calls 5872 5872
@calls 5873 5872
@calls 5873 5873
@calls 5874 5873
@calls 5874 5874
@calls 5875 5874
@calls 5875 5875
@calls 5876 5875
@calls 5876 5876
@calls 5877 5876
@calls 5877 5877
@calls 5878 5877
@calls 5878 5878
@calls 5879 5878
@calls 5879 5879
@calls 5880 5879
@calls 5880 5880
@calls 5881 5880
@calls 5881 5881
@calls 5882 5881
@calls 5882 5882
@calls 5883 5882
@calls 5883 5883
@calls 5884 5883
@calls 5884 5884
@calls 5885 5884
@calls 5885 5885
@calls 5886 5885
@calls 5886 5886
@calls 5887 5886
@calls 5887 5887
@calls 5888 5887
@calls 5888 5888
@calls 5889 5888
@calls 5889 5889
@calls 5890 5889
@calls 5890 5890
@calls 5891 5890
@calls 5891 5891
@calls 5892 5891
@calls 5892 5892
@calls 5893 5892
@calls 5893 5893
@calls 5894 5893
@calls 5894 5894
@calls 5895 5894
@calls 5895 5895
@calls 5896 5895
@calls 5896 5896
@calls 5897 5896
@calls 5897 5897
@calls 5898 5897
@calls 5898 5898
@calls 5899 5898
@calls 5899 5899
@calls 5900 5899
@calls 5900 5900
@calls 5901 5900
@calls 5901 5901
@calls 5902 5901
@calls 5902 5902
@calls 5903 5902
@calls 5903 5903
@calls 5904 5903
@calls 5904 5904
@calls 5905 5904
@calls 5905 5905
@calls 5906 5905
@calls 5906 5906
@calls 5907 5906
@calls 5907 5907
@calls 5908 5907
@calls 5908 5908
@calls 5909 5908
@calls 5909 5909
@calls 5910 5909
@calls 5910 5910
@calls 5911 5910
@calls 5911 5911
@calls 5912 5911
@calls 5912 5912
@calls 5913 5912
@calls 5913 5913
@calls 5914 5913
@calls 5914 5914
@calls 5915 5914
@calls 5915 5915
@calls 5916 5915
@calls 5916 5916
@calls 5917 5916
@calls 5917 5917
@calls 5918 5917
@calls 5918 5918
@calls 5919 5918
@calls 5919 5919
@calls 5920 5919
@calls 5920 5920
@calls 5921 5920
@calls 5921 5921
@calls 5922 5921
@calls 5922 5922
@calls 5923 5922
@calls 5923 5923
@calls 5924 5923
@calls 5924 5924
@calls 5925 5924
@calls 5925 5925
@calls 5926 5925
@calls 5926 5926
@calls 5927 5926
@calls 5927 5927
@calls 5928 5927
@calls 5928 5928
@calls 5929 5928
@calls 5929 5929
@calls 5930 5929
@calls 5930 5930
@calls 5931 5930
@calls 5931 5931
@calls 5932 5931
@calls 5932 5932
@calls 5933 5932
@calls 5933 5933
@calls 5934 5933
@calls 5934 5934
@calls 5935 5934
@calls 5935 5935
@calls 5936 5935
@calls 5936 5936
@calls 5937 5936
@calls 5937 5937
@calls 5938 5937
@calls 5938 5938
@calls 5939 5938
@calls 5939 5939
@calls 5940 5939
@calls 5940 5940
@calls 5941 5940
@calls 5941 5941
@calls 5942 5941
@calls 5942 5942
@calls 5943 5942
@calls 5943 5943
@calls 5944 5943
@calls 5944 5944
@calls 5945 5944
@calls 5945 5945
@calls 5946 5945
@calls 5946 5946
@calls 5947 5946
@calls 5947 5947
@calls 5948 5947
@calls 5948 5948
@calls 5949 5948
@calls 5949 5949
@calls 5950 5949
@calls 5950 5950
@calls 5951 5950
@calls 5951 5951
@calls 5952 5951
@calls 5952 5952
@calls 5953 5952
@calls 5953 5953
@calls 5954 5953
@calls 5954 5954
@calls 5955 5954
@calls 5955 5955
@calls 5956 5955
@calls 5956 5956
@calls 5957 5956
@calls 5957 5957
@calls 5958 5957
@calls 5958 5958
@calls 5959 5958
@calls 5959 5959
@calls 5960 5959
@calls 5960 5960
@calls 5961 5960
@calls 5961 5961
@calls 5962 5961
@calls 5962 5962
@calls 5963 5962
@calls 5963 5963
@calls 5964 5963
@calls 5964 5964
@calls 5965 5964
@calls 5965 5965
@calls 5966 5965
@calls 5966 5966
@calls 5967 5966
@calls 5967 5967
@calls 5968 5967
@calls 5968 5968
@calls 5969 5968
@calls 5969 5969
@calls 5970 5969
@calls 5970 5970
@calls 5971 5970
@calls 5971 5971
@calls 5972 5971
@calls 5972 5972
@calls 5973 5972
@calls 5973 5973
@calls 5974 5973
@calls 5974 5974
@calls 5975 5974
@calls 5975 5975
@calls 5976 5975
@calls 5976 5976
@calls 5977 5976
@calls 5977 5977
@calls 5978 5977
@calls 5978 5978
@calls 5979 5978
@calls 5979 5979
@calls 5980 5979
@calls 5980 5980
@calls 5981 5980
@calls 5981 5981
@calls 5982 5981
@calls 5982 5982
@calls 5983 5982
@calls 5983 5983
@calls 5984 5983
@calls 5984 5984
@calls 5985 5984
@calls 5985 5985
@calls 5986 5985
@calls 5986 5986
@calls 5987 5986
@calls 5987 5987
@calls 5988 5987
@calls 5988 5988
@calls 5989 5988
@calls 5989 5989
@calls 5990 5989
@calls 5990 5990
@calls 5991 5990
@calls 5991 5991
@calls 5992 5991
@calls 5992 5992
@calls 5993 5992
@calls 5993 5993
@calls 5994 5993
@calls 5994 5994
@calls 5995 5994
@calls 5995 5995
@calls 5996 5995
@calls 5996 5996
@calls 5997 5996
@calls 5997 5997
@calls 5998 5997
@calls 5998 5998
@calls 5999 5998
@calls 5999 5999
@calls 6000 5999
@calls 6000 6000
@calls 6001 6000
@calls 6001 6001
@calls 6002 6001
@calls 6002 6002
@calls 6003 6002
@calls 6003 6003
@calls 6004 6003
@calls 6004 6004
@calls 6005 6004
@calls 6005 6005
@calls 6006 6005
@calls 6006 6006
@calls 6007 6006
@calls 6007 6007
@calls 6008 6007
@calls 6008 6008
@calls 6009 6008
@calls 6009 6009
@calls 6010 6009
@calls 6010 6010
@calls 6011 6010
@calls 6011 6011
@calls 6012 6011
@calls 6012 6012
@calls 6013 6012
@calls 6013 6013
@calls 6014 6013
@calls 6014 6014
@calls 6015 6014
@calls 6015 6015
@calls 6016 6015
@calls 6016 6016
@calls 6017 6016
@calls 6017 6017
@calls 6018 6017
@calls 6018 6018
@calls 6019 6018
@calls 6019 6019
@calls 6020 6019
@calls 6020 6020
@calls 6021 6020
@calls 6021 6021
@calls 6022 6021
@calls 6022 6022
@calls 6023 6022
@calls 6023 6023
@calls 6024 6023
@calls 6024 6024
@calls 6025 6024
@calls 6025 6025
@calls 6026 6025
@calls 6026 6026
@calls 6027 6026
@calls 6027 6027
@calls 6028 6027
@calls 6028 6028
@calls 6029 6028
@calls 6029 6029
@calls 6030 6029
@calls 6030 6030
@calls 6031 6030
@calls 6031 6031
@calls 6032 6031
@calls 6032 6032
@calls 6033 6032
@calls 6033 6033
@calls 6034 6033
@calls 6034 6034
@calls 6035 6034
@calls 6035 6035
@calls 6036 6035
@calls 6036 6036
@calls 6037 6036
@calls 6037 6037
@calls 6038 6037
@calls 6038 6038
@calls 6039 6038
@calls 6039 6039
@calls 6040 6039
@calls 6040 6040
@calls 6041 6040
@calls 6041 6041
@calls 6042 6041
@calls 6042 6042
@calls 6043 6042
@calls 6043 6043
@calls 6044 6043
@calls 6044 6044
@calls 6045 6044
@calls 6045 6045
@calls 6046 6045
@calls 6046 6046
@calls 6047 6046
@calls 6047 6047
@calls 6048 6047
@calls 6048 6048
@calls 6049 6048
@calls 6049 6049
@calls 6050 6049
@calls 6050 6050
@calls 6051 6050
@calls 6051 6051
@calls 6052 6051
@calls 6052 6052
@calls 6053 6052
@calls 6053 6053
@calls 6054 6053
@calls 6054 6054
@calls 6055 6054
@calls 6055 6055
@calls 6056 6055
@calls 6056 6056
@calls 6057 6056
@calls 6057 6057
@calls 6058 6057
@calls 6058 6058
@calls 6059 6058
@calls 6059 6059
@calls 6060 6059
@calls 6060 6060
@calls 6061 6060
@calls 6061 6061
@calls 6062 6061
@calls 6062 6062
@calls 6063 6062
@calls 6063 6063
@calls 6064 6063
@calls 6064 6064
@calls 6065 6064
@calls 6065 6065
@calls 6066 6065
@calls 6066 6066
@calls 6067 6066
@calls 6067 6067
@calls 6068 6067
@calls 6068 6068
@calls 6069 6068
@calls 6069 6069
@calls 6070 6069
@calls 6070 6070
@calls 6071 6070
@calls 6071 6071
@calls 6072 6071
@calls 6072 6072
@calls 6073 6072
@calls 6073 6073
@calls 6074 6073
@calls 6074 6074
@calls 6075 6074
@calls 6075 6075
@calls 6076 6075
@calls 6076 6076
@calls 6077 6076
@calls 6077 6077
@calls 6078 6077
@calls 6078 6078
@calls 6079 6078
@calls 6079 6079
@calls 6080 6079
@calls 6080 6080
@calls 6081 6080
@calls 6081 6081
@calls 6082 6081
@calls 6082 6082
@calls 6083 6082
@calls 6083 6083
@calls 6084 6083
@calls 6084 6084
@calls 6085 6084
@calls 6085 6085
@calls 6086 6085
@calls 6086 6086
@calls 6087 6086
@calls 6087 6087
@calls 6088 6087
@calls 6088 6088
@calls 6089 6088
@calls 6089 6089
@calls 6090 6089
@calls 6090 6090
@calls 6091 6090
@calls 6091 6091
@calls 6092 6091
@calls 6092 6092
@calls 6093 6092
@calls 6093 6093
@calls 6094 6093
@calls 6094 6094
@calls 6095 6094
@calls 6095 6095
@calls 6096 6095
@calls 6096 6096
@calls 6097 6096
@calls 6097 6097
@calls 6098 6097
@calls 6098 6098
@calls 6099 6098
@calls 6099 6099
@calls 6100 6099
@calls 6100 6100
@calls 6101 6100
@calls 6101 6101
@calls 6102 6101
@calls 6102 6102
@calls 6103 6102
@calls 6103 6103
@calls 6104 6103
@calls 6104 6104
@calls 6105 6104
@calls 6105 6105
@calls 6106 6105
@calls 6106 6106
@calls 6107 6106
@calls 6107 6107
@calls 6108 6107
@calls 6108 6108
@calls 6109 6108
@calls 6109 6109
@calls 6110 6109
@calls 6110 6110
@calls 6111 6110
@calls 6111 6111
@calls 6112 6111
@calls 6112 6112
@calls 6113 6112
@calls 6113 6113
@calls 6114 6113
@calls 6114 6114
@calls 6115 6114
@calls 6115 6115
@calls 6116 6115
@calls 6116 6116
@calls 6117 6116
@calls 6117 6117
@calls 6118 6117
@calls 6118 6118
@calls 6119 6118
@calls 6119 6119
@calls 6120 6119
@calls 6120 6120
@calls 6121 6120
@calls 6121 6121
@calls 6122 6121
@calls 6122 6122
@calls 6123 6122
@calls 6123 6123
@calls 6124 6123
@calls 6124 6124
@calls 6125 6124
@calls 6125 6125
@calls 6126 6125
@calls 6126 6126
@calls 6127 6126
@calls 6127 6127
@calls 6128 6127
@calls 6128 6128
@calls 6129 6128
@calls 6129 6129
@calls 6130 6129
@calls 6130 6130
@calls 6131 6130
@calls 6131 6131
@calls 6132 6131
@calls 6132 6132
@calls 6133 6132
@calls 6133 6133
@calls 6134 6133
@calls 6134 6134
@calls 6135 6134
@calls 6135 6135
@calls 6136 6135
@calls 6136 6136
@calls 6137 6136
@calls 6137 6137
@calls 6138 6137
@calls 6138 6138
@calls 6139 6138
@calls 6139 6139
@calls 6140 6139
@calls 6140 6140
@calls 6141 6140
@calls 6141 6141
@calls 6142 6141
@calls 6142 6142
@calls 6143 6142
@calls 6143 6143
@calls 6144 6143
@calls 6144 6144
@calls 6145 6144
@calls 6145 6145
@calls 6146 6145
@calls 6146 6146
@calls 6147 6146
@calls 6147 6147
@calls 6148 6147
@calls 6148 6148
@calls 6149 6148
@calls 6149 6149
@calls 6150 6149
@calls 6150 6150
@calls 6151 6150
@calls 6151 6151
@calls 6152 6151
@calls 6152 6152
@calls 6153 6152
@calls 6153 6153
@calls 6154 6153
@calls 6154 6154
@calls 6155 6154
@calls 6155 6155
@calls 6156 6155
@calls 6156 6156
@calls 6157 6156
@calls 6157 6157
@calls 6158 6157
@calls 6158 6158
@calls 6159 6158
@calls 6159 6159
@calls 6160 6159
@calls 6160 6160
@calls 6161 6160
@calls 6161 6161
@calls 6162 6161
@calls 6162 6162
@calls 6163 6162
@calls 6163 6163
@calls 6164 6163
@calls 6164 6164
@calls 6165 6164
@calls 6165 6165
@calls 6166 6165
@calls 6166 6166
@calls 6167 6166
@calls 6167 6167
@calls 6168 6167
@calls 6168 6168
@calls 6169 6168
@calls 6169 6169
@calls 6170 6169
@calls 6170 6170
@calls 6171 6170
@calls 6171 6171
@calls 6172 6171
@calls 6172 6172
@calls 6173 6172
@calls 6173 6173
@calls 6174 6173
@calls 6174 6174
@calls 6175 6174
@calls 6175 6175
@calls 6176 6175
@calls 6176 6176
@calls 6177 6176
@calls 6177 6177
@calls 6178 6177
@calls 6178 6178
@calls 6179 6178
@calls 6179 6179
@calls 6180 6179
@calls 6180 6180
@calls 6181 6180
@calls 6181 6181
@calls 6182 6181
@calls 6182 6182
@calls 6183 6182
@calls 6183 6183
@calls 6184 6183
@calls 6184 6184
@calls 6185 6184
@calls 6185 6185
@calls 6186 6185
@calls 6186 6186
@calls 6187 6186
@calls 6187 6187
@calls 6188 6187
@calls 6188 6188
@calls 6189 6188
@calls 6189 6189
@calls 6190 6189
@calls 6190 6190
@calls 6191 6190
@calls 6191 6191
@calls 6192 6191
@calls 6192 6192
@calls 6193 6192
@calls 6193 6193
@calls 6194 6193
@calls 6194 6194
@calls 6195 6194
@calls 6195 6195
@calls 6196 6195
@calls 6196 6196
@calls 6197 6196
@calls 6197 6197
@calls 6198 6197
@calls 6198 6198
@calls 6199 6198
@calls 6199 6199
@calls 6200 6199
@calls 6200 6200
@calls 6201 6200
@calls 6201 6201
@calls 6202 6201
@calls 6202 6202
@calls 6203 6202
@calls 6203 6203
@calls 6204 6203
@calls 6204 6204
@calls 6205 6204
@calls 6205 6205
@calls 6206 6205
@calls 6206 6206
@calls 6207 6206
@calls 6207 6207
@calls 6208 6207
@calls 6208 6208
@calls 6209 6208
@calls 6209 6209
@calls 6210 6209
@calls 6210 6210
@calls 6211 6210
@calls 6211 6211
@calls 6212 6211
@calls 6212 6212
@calls 6213 6212
@calls 6213 6213
@calls 6214 6213
@calls 6214 6214
@calls 6215 6214
@calls 6215 6215
@calls 6216 6215
@calls 6216 6216
@calls 6217 6216
@calls 6217 6217
@calls 6218 6217
@calls 6218 6218
@calls 6219 6218
@calls 6219 6219
@calls 6220 6219
@calls 6220 6220
@calls 6221 6220
@calls 6221 6221
@calls 6222 6221
@calls 6222 6222
@calls 6223 6222
@calls 6223 6223
@calls 6224 6223
@calls 6224 6224
@calls 6225 6224
@calls 6225 6225
@calls 6226 6225
@calls 6226 6226
@calls 6227 6226
@calls 6227 6227
@calls 6228 6227
@calls 6228 6228
@calls 6229 6228
@calls 6229 6229
@calls 6230 6229
@calls 6230 6230
@calls 6231 6230
@calls 6231 6231
@calls 6232 6231
@calls 6232 6232
@calls 6233 6232
@calls 6233 6233
@calls 6234 6233
@calls 6234 6234
@calls 6235 6234
@calls 6235 6235
@calls 6236 6235
@calls 6236 6236
@calls 6237 6236
@calls 6237 6237
@calls 6238 6237
@calls 6238 6238
@calls 6239 6238
@calls 6239 6239
@calls 6240 6239
@calls 6240 6240
@calls 6241 6240
@calls 6241 6241
@calls 6242 6241
@calls 6242 6242
@calls 6243 6242
@calls 6243 6243
@calls 6244 6243
@calls 6244 6244
@calls 6245 6244
@calls 6245 6245
@calls 6246 6245
@calls 6246 6246
@calls 6247 6246
@calls 6247 6247
@calls 6248 6247
@calls 6248 6248
@calls 6249 6248
@calls 6249 6249
@calls 6250 6249
@calls 6250 6250
@calls 6251 6250
@calls 6251 6251
@calls 6252 6251
@calls 6252 6252
@calls 6253 6252
@calls 6253 6253
@calls 6254 6253
@calls 6254 6254
@calls 6255 6254
@calls 6255 6255
@calls 6256 6255
@calls 6256 6256
@calls 6257 6256
@calls 6257 6257
@calls 6258 6257
@calls 6258 6258
@calls 6259 6258
@calls 6259 6259
@calls 6260 6259
@calls 6260 6260
@calls 6261 6260
@calls 6261 6261
@calls 6262 6261
@calls 6262 6262
@calls 6263 6262
@calls 6263 6263
@calls 6264 6263
@calls 6264 6264
@calls 6265 6264
@calls 6265 6265
@calls 6266 6265
@calls 6266 6266
@calls 6267 6266
@calls 6267 6267
@calls 6268 6267
@calls 6268 6268
@calls 6269 6268
@calls 6269 6269
@calls 6270 6269
@calls 6270 6270
@calls 6271 6270
@calls 6271 6271
@calls 6272 6271
@calls 6272 6272
@calls 6273 6272
@calls 6273 6273
@calls 6274 6273
@calls 6274 6274
@calls 6275 6274
@calls 6275 6275
@calls 6276 6275
@calls 6276 6276
@calls 6277 6276
@calls 6277 6277
@calls 6278 6277
@calls 6278 6278
@calls 6279 6278
@calls 6279 6279
@calls 6280 6279
@calls 6280 6280
@calls 6281 6280
@calls 6281 6281
@calls 6282 6281
@calls 6282 6282
@calls 6283 6282
@calls 6283 6283
@calls 6284 6283
@calls 6284 6284
@calls 6285 6284
@calls 6285 6285
@calls 6286 6285
@calls 6286 6286
@calls 6287 6286
@calls 6287 6287
@calls 6288 6287
@calls 6288 6288
@calls 6289 6288
@calls 6289 6289
@calls 6290 6289
@calls 6290 6290
@calls 6291 6290
@calls 6291 6291
@calls 6292 6291
@calls 6292 6292
@calls 6293 6292
@calls 6293 6293
@calls 6294 6293
@calls 6294 6294
@calls 6295 6294
@calls 6295 6295
@calls 6296 6295
@calls 6296 6296
@calls 6297 6296
@calls 6297 6297
@calls 6298 6297
@calls 6298 6298
@calls 6299 6298
@calls 6299 6299
@calls 6300 6299
@calls 6300 6300
@calls 6301 6300
@calls 6301 6301
@calls 6302 6301
@calls 6302 6302
@calls 6303 6302
@calls 6303 6303
@calls 6304 6303
@calls 6304 6304
@calls 6305 6304
@calls 6305 6305
@calls 6306 6305
@calls 6306 6306
@calls 6307 6306
@calls 6307 6307
@calls 6308 6307
@calls 6308 6308
@calls 6309 6308
@calls 6309 6309
@calls 6310 6309
@calls 6310 6310
@calls 6311 6310
@calls 6311 6311
@calls 6312 6311
@calls 6312 6312
@calls 6313 6312
@calls 6313 6313
@calls 6314 6313
@calls 6314 6314
@calls 6315 6314
@calls 6315 6315
@calls 6316 6315
@calls 6316 6316
@calls 6317 6316
@calls 6317 6317
@calls 6318 6317
@calls 6318 6318
@calls 6319 6318
@calls 6319 6319
@calls 6320 6319
@calls 6320 6320
@calls 6321 6320
@calls 6321 6321
@calls 6322 6321
@calls 6322 6322
@calls 6323 6322
@calls 6323 6323
@calls 6324 6323
@calls 6324 6324
@calls 6325 6324
@calls 6325 6325
@calls 6326 6325
@calls 6326 6326
@calls 6327 6326
@calls 6327 6327
@calls 6328 6327
@calls 6328 6328
@calls 6329 6328
@calls 6329 6329
@calls 6330 6329
@calls 6330 6330
@calls 6331 6330
@calls 6331 6331
@calls 6332 6331
@calls 6332 6332
@calls 6333 6332
@calls 6333 6333
@calls 6334 6333
@calls 6334 6334
@calls 6335 6334
@calls 6335 6335
@calls 6336 6335
@calls 6336 6336
@calls 6337 6336
@calls 6337 6337
@calls 6338 6337
@calls 6338 6338
@calls 6339 6338
@calls 6339 6339
@calls 6340 6339
@calls 6340 6340
@calls 6341 6340
@calls 6341 6341
@calls 6342 6341
@calls 6342 6342
@calls 6343 6342
@calls 6343 6343
@calls 6344 6343
@calls 6344 6344
@calls 6345 6344
@calls 6345 6345
@calls 6346 6345
@calls 6346 6346
@calls 6347 6346
@calls 6347 6347
@calls 6348 6347
@calls 6348 6348
@calls 6349 6348
@calls 6349 6349
@calls 6350 6349
@calls 6350 6350
@calls 6351 6350
@calls 6351 6351
@calls 6352 6351
@calls 6352 6352
@calls 6353 6352
@calls 6353 6353
@calls 6354 6353
@calls 6354 6354
@calls 6355 6354
@calls 6355 6355
@calls 6356 6355
@calls 6356 6356
@calls 6357 6356
@calls 6357 6357
@calls 6358 6357
@calls 6358 6358
@calls 6359 6358
@calls 6359 6359
@calls 6360 6359
@calls 6360 6360
@calls 6361 6360
@calls 6361 6361
@calls 6362 6361
@calls 6362 6362
@calls 6363 6362
@calls 6363 6363
@calls 6364 6363
@calls 6364 6364
@calls 6365 6364
@calls 6365 6365
@calls 6366 6365
@calls 6366 6366
@calls 6367 6366
@calls 6367 6367
@calls 6368 6367
@calls 6368 6368
@calls 6369 6368
@calls 6369 6369
@calls 6370 6369
@calls 6370 6370
@calls 6371 6370
@calls 6371 6371
@calls 6372 6371
@calls 6372 6372
@calls 6373 6372
@calls 6373 6373
@calls 6374 6373
@calls 6374 6374
@calls 6375 6374
@calls 6375 6375
@calls 6376 6375
@calls 6376 6376
@calls 6377 6376
@calls 6377 6377
@calls 6378 6377
@calls 6378 6378
@calls 6379 6378
@calls 6379 6379
@calls 6380 6379
@calls 6380 6380
@calls 6381 6380
@calls 6381 6381
@calls 6382 6381
@calls 6382 6382
@calls 6383 6382
@calls 6383 6383
@calls 6384 6383
@calls 6384 6384
@calls 6385 6384
@calls 6385 6385
@calls 6386 6385
@calls 6386 6386
@calls 6387 6386
@calls 6387 6387
@calls 6388 6387
@calls 6388 6388
@calls 6389 6388
@calls 6389 6389
@calls 6390 6389
@calls 6390 6390
@calls 6391 6390
@calls 6391 6391
@calls 6392 6391
@calls 6392 6392
@calls 6393 6392
@calls 6393 6393
@calls 6394 6393
@calls 6394 6394
@calls 6395 6394
@calls 6395 6395
@calls 6396 6395
@calls 6396 6396
@calls 6397 6396
@calls 6397 6397
@calls 6398 6397
@calls 6398 6398
@calls 6399 6398
@calls 6399 6399
@calls 6400 6399
@calls 6400 6400
@calls 6401 6400
@calls 6401 6401
@calls 6402 6401
@calls 6402 6402
@calls 6403 6402
@calls 6403 6403
@calls 6404 6403
@calls 6404 6404
@calls 6405 6404
@calls 6405 6405
@calls 6406 6405
@calls 6406 6406
@calls 6407 6406
@calls 6407 6407
@calls 6408 6407
@calls 6408 6408
@calls 6409 6408
@calls 6409 6409
@calls 6410 6409
@calls 6410 6410
@calls 6411 6410
@calls 6411 6411
@calls 6412 6411
@calls 6412 6412
@calls 6413 6412
@calls 6413 6413
@calls 6414 6413
@calls 6414 6414
@calls 6415 6414
@calls 6415 6415
@calls 6416 6415
@calls 6416 6416
@calls 6417 6416
@calls 6417 6417
@calls 6418 6417
@calls 6418 6418
@calls 6419 6418
@calls 6419 6419
@calls 6420 6419
@calls 6420 6420
@calls 6421 6420
@calls 6421 6421
@calls 6422 6421
@calls 6422 6422
@calls 6423 6422
@calls 6423 6423
@calls 6424 6423
@calls 6424 6424
@calls 6425 6424
@calls 6425 6425
@calls 6426 6425
@calls 6426 6426
@calls 6427 6426
@calls 6427 6427
@calls 6428 6427
@calls 6428 6428
@calls 6429 6428
@calls 6429 6429
@calls 6430 6429
@calls 6430 6430
@calls 6431 6430
@calls 6431 6431
@calls 6432 6431
@calls 6432 6432
@calls 6433 6432
@calls 6433 6433
@calls 6434 6433
@calls 6434 6434
@calls 6435 6434
@calls 6435 6435
@calls 6436 6435
@calls 6436 6436
@calls 6437 6436
@calls 6437 6437
@calls 6438 6437
@calls 6438 6438
@calls 6439 6438
@calls 6439 6439
@calls 6440 6439
@calls 6440 6440
@calls 6441 6440
@calls 6441 6441
@calls 6442 6441
@calls 6442 6442
@calls 6443 6442
@calls 6443 6443
@calls 6444 6443
@calls 6444 6444
@calls 6445 6444
@calls 6445 6445
@calls 6446 6445
@calls 6446 6446
@calls 6447 6446
@calls 6447 6447
@calls 6448 6447
@calls 6448 6448
@calls 6449 6448
@calls 6449 6449
@calls 6450 6449
@calls 6450 6450
@calls 6451 6450
@calls 6451 6451
@calls 6452 6451
@calls 6452 6452
@calls 6453 6452
@calls 6453 6453
@calls 6454 6453
@calls 6454 6454
@calls 6455 6454
@calls 6455 6455
@calls 6456 6455
@calls 6456 6456
@calls 6457 6456
@calls 6457 6457
@calls 6458 6457
@calls 6458 6458
@calls 6459 6458
@calls 6459 6459
@calls 6460 6459
@calls 6460 6460
@calls 6461 6460
@calls 6461 6461
@calls 6462 6461
@calls 6462 6462
@calls 6463 6462
@calls 6463 6463
@calls 6464 6463
@calls 6464 6464
@calls 6465 6464
@calls 6465 6465
@calls 6466 6465
@calls 6466 6466
@calls 6467 6466
@calls 6467 6467
@calls 6468 6467
@calls 6468 6468
@calls 6469 6468
@calls 6469 6469
@calls 6470 6469
@calls 6470 6470
@calls 6471 6470
@calls 6471 6471
@calls 6472 6471
@calls 6472 6472
@calls 6473 6472
@calls 6473 6473
@calls 6474 6473
@calls 6474 6474
@calls 6475 6474
@calls 6475 6475
@calls 6476 6475
@calls 6476 6476
@calls 6477 6476
@calls 6477 6477
@calls 6478 6477
@calls 6478 6478
@calls 6479 6478
@calls 6479 6479
@calls 6480 6479
@calls 6480 6480
@calls 6481 6480
@calls 6481 6481
@calls 6482 6481
@calls 6482 6482
@calls 6483 6482
@calls 6483 6483
@calls 6484 6483
@calls 6484 6484
@calls 6485 6484
@calls 6485 6485
@calls 6486 6485
@calls 6486 6486
@calls 6487 6486
@calls 6487 6487
@calls 6488 6487
@calls 6488 6488
@calls 6489 6488
@calls 6489 6489
@calls 6490 6489
@calls 6490 6490
@calls 6491 6490
@calls 6491 6491
@calls 6492 6491
@calls 6492 6492
@calls 6493 6492
@calls 6493 6493
@calls 6494 6493
@calls 6494 6494
@calls 6495 6494
@calls 6495 6495
@calls 6496 6495
@calls 6496 6496
@calls 6497 6496
@calls 6497 6497
@calls 6498 6497
@calls 6498 6498
@calls 6499 6498
@calls 6499 6499
@calls 6500 6499
@calls 6500 6500
@calls 6501 6500
@calls 6501 6501
@calls 6502 6501
@calls 6502 6502
@calls 6503 6502
@calls 6503 6503
@calls 6504 6503
@calls 6504 6504
@calls 6505 6504
@calls 6505 6505
@calls 6506 6505
@calls 6506 6506
@calls 6507 6506
@calls 6507 6507
@calls 6508 6507
@calls 6508 6508
@calls 6509 6508
@calls 6509 6509
@calls 6510 6509
@calls 6510 6510
@calls 6511 6510
@calls 6511 6511
@calls 6512 6511
@calls 6512 6512
@calls 6513 6512
@calls 6513 6513
@calls 6514 6513
@calls 6514 6514
@calls 6515 6514
@calls 6515 6515
@calls 6516 6515
@calls 6516 6516
@calls 6517 6516
@calls 6517 6517
@calls 6518 6517
@calls 6518 6518
@calls 6519 6518
@calls 6519 6519
@calls 6520 6519
@calls 6520 6520
@calls 6521 6520
@calls 6521 6521
@calls 6522 6521
@calls 6522 6522
@calls 6523 6522
@calls 6523 6523
@calls 6524 6523
@calls 6524 6524
@calls 6525 6524
@calls 6525 6525
@calls 6526 6525
@calls 6526 6526
@calls 6527 6526
@calls 6527 6527
@calls 6528 6527
@calls 6528 6528
@calls 6529 6528
@calls 6529 6529
@calls 6530 6529
@calls 6530 6530
@calls 6531 6530
@calls 6531 6531
@calls 6532 6531
@calls 6532 6532
@calls 6533 6532
@calls 6533 6533
@calls 6534 6533
@calls 6534 6534
@calls 6535 6534
@calls 6535 6535
@calls 6536 6535
@calls 6536 6536
@calls 6537 6536
@calls 6537 6537
@calls 6538 6537
@calls 6538 6538
@calls 6539 6538
@calls 6539 6539
@calls 6540 6539
@calls 6540 6540
@calls 6541 6540
@calls 6541 6541
@calls 6542 6541
@calls 6542 6542
@calls 6543 6542
@calls 6543 6543
@calls 6544 6543
@calls 6544 6544
@calls 6545 6544
@calls 6545 6545
@calls 6546 6545
@calls 6546 6546
@calls 6547 6546
@calls 6547 6547
@calls 6548 6547
@calls 6548 6548
@calls 6549 6548
@calls 6549 6549
@calls 6550 6549
@calls 6550 6550
@calls 6551 6550
@calls 6551 6551
@calls 6552 6551
@calls 6552 6552
@calls 6553 6552
@calls 6553 6553
@calls 6554 6553
@calls 6554 6554
@calls 6555 6554
@calls 6555 6555
@calls 6556 6555
@calls 6556 6556
@calls 6557 6556
@calls 6557 6557
@calls 6558 6557
@calls 6558 6558
@calls 6559 6558
@calls 6559 6559
@calls 6560 6559
@calls 6560 6560
@calls 6561 6560
@calls 6561 6561
@calls 6562 6561
@calls 6562 6562
@calls 6563 6562
@calls 6563 6563
@calls 6564 6563
@calls 6564 6564
@calls 6565 6564
@calls 6565 6565
@calls 6566 6565
@calls 6566 6566
@calls 6567 6566
@calls 6567 6567
@calls 6568 6567
@calls 6568 6568
@calls 6569 6568
@calls 6569 6569
@calls 6570 6569
@calls 6570 6570
@calls 6571 6570
@calls 6571 6571
@calls 6572 6571
@calls 6572 6572
@calls 6573 6572
@calls 6573 6573
@calls 6574 6573
@calls 6574 6574
@calls 6575 6574
@calls 6575 6575
@calls 6576 6575
@calls 6576 6576
@calls 6577 6576
@calls 6577 6577
@calls 6578 6577
@calls 6578 6578
@calls 6579 6578
@calls 6579 6579
@calls 6580 6579
@calls 6580 6580
@calls 6581 6580
@calls 6581 6581
@calls 6582 6581
@calls 6582 6582
@calls 6583 6582
@calls 6583 6583
@calls 6584 6583
@calls 6584 6584
@calls 6585 6584
@calls 6585 6585
@calls 6586 6585
@calls 6586 6586
@calls 6587 6586
@calls 6587 6587
@calls 6588 6587
@calls 6588 6588
@calls 6589 6588
@calls 6589 6589
@calls 6590 6589
@calls 6590 6590
@calls 6591 6590
@calls 6591 6591
@calls 6592 6591
@calls 6592 6592
@calls 6593 6592
@calls 6593 6593
@calls 6594 6593
@calls 6594 6594
@calls 6595 6594
@calls 6595 6595
@calls 6596 6595
@calls 6596 6596
@calls 6597 6596
@calls 6597 6597
@calls 6598 6597
@calls 6598 6598
@calls 6599 6598
@calls 6599 6599
@calls 6600 6599
@calls 6600 6600
@calls 6601 6600
@calls 6601 6601
@calls 6602 6601
@calls 6602 6602
@calls 6603 6602
@calls 6603 6603
@calls 6604 6603
@calls 6604 6604
@calls 6605 6604
@calls 6605 6605
@calls 6606 6605
@calls 6606 6606
@calls 6607 6606
@calls 6607 6607
@calls 6608 6607
@calls 6608 6608
@calls 6609 6608
@calls 6609 6609
@calls 6610 6609
@calls 6610 6610
@calls 6611 6610
@calls 6611 6611
@calls 6612 6611
@calls 6612 6612
@calls 6613 6612
@calls 6613 6613
@calls 6614 6613
@calls 6614 6614
@calls 6615 6614
@calls 6615 6615
@calls 6616 6615
@calls 6616 6616
@calls 6617 6616
@calls 6617 6617
@calls 6618 6617
@calls 6618 6618
@calls 6619 6618
@calls 6619 6619
@calls 6620 6619
@calls 6620 6620
@calls 6621 6620
@calls 6621 6621
@calls 6622 6621
@calls 6622 6622
@calls 6623 6622
@calls 6623 6623
@calls 6624 6623
@calls 6624 6624
@calls 6625 6624
@calls 6625 6625
@calls 6626 6625
@calls 6626 6626
@calls 6627 6626
@calls 6627 6627
@calls 6628 6627
@calls 6628 6628
@calls 6629 6628
@calls 6629 6629
@calls 6630 6629
@calls 6630 6630
@calls 6631 6630
@calls 6631 6631
@calls 6632 6631
@calls 6632 6632
@calls 6633 6632
@calls 6633 6633
@calls 6634 6633
@calls 6634 6634
@calls 6635 6634
@calls 6635 6635
@calls 6636 6635
@calls 6636 6636
@calls 6637 6636
@calls 6637 6637
@calls 6638 6637
@calls 6638 6638
@calls 6639 6638
@calls 6639 6639
@calls 6640 6639
@calls 6640 6640
@calls 6641 6640
@calls 6641 6641
@calls 6642 6641
@calls 6642 6642
@calls 6643 6642
@calls 6643 6643
@calls 6644 6643
@calls 6644 6644
@calls 6645 6644
@calls 6645 6645
@calls 6646 6645
@calls 6646 6646
@calls 6647 6646
@calls 6647 6647
@calls 6648 6647
@calls 6648 6648
@calls 6649 6648
@calls 6649 6649
@calls 6650 6649
@calls 6650 6650
@calls 6651 6650
@calls 6651 6651
@calls 6652 6651
@calls 6652 6652
@calls 6653 6652
@calls 6653 6653
@calls 6654 6653
@calls 6654 6654
@calls 6655 6654
@calls 6655 6655
@calls 6656 6655
@calls 6656 6656
@calls 6657 6656
@calls 6657 6657
@calls 6658 6657
@calls 6658 6658
@calls 6659 6658
@calls 6659 6659
@calls 6660 6659
@calls 6660 6660
@calls 6661 6660
@calls 6661 6661
@calls 6662 6661
@calls 6662 6662
@calls 6663 6662
@calls 6663 6663
@calls 6664 6663
@calls 6664 6664
@calls 6665 6664
@calls 6665 6665
@calls 6666 6665
@calls 6666 6666
@calls 6667 6666
@calls 6667 6667
@calls 6668 6667
@calls 6668 6668
@calls 6669 6668
@calls 6669 6669
@calls 6670 6669
@calls 6670 6670
@calls 6671 6670
@calls 6671 6671
@calls 6672 6671
@calls 6672 6672
@calls 6673 6672
@calls 6673 6673
@calls 6674 6673
@calls 6674 6674
@calls 6675 6674
@calls 6675 6675
@calls 6676 6675
@calls 6676 6676
@calls 6677 6676
@calls 6677 6677
@calls 6678 6677
@calls 6678 6678
@calls 6679 6678
@calls 6679 6679
@calls 6680 6679
@calls 6680 6680
@calls 6681 6680
@calls 6681 6681
@calls 6682 6681
@calls 6682 6682
@calls 6683 6682
@calls 6683 6683
@calls 6684 6683
@calls 6684 6684
@calls 6685 6684
@calls 6685 6685
@calls 6686 6685
@calls 6686 6686
@calls 6687 6686
@calls 6687 6687
@calls 6688 6687
@calls 6688 6688
@calls 6689 6688
@calls 6689 6689
@calls 6690 6689
@calls 6690 6690
@calls 6691 6690
@calls 6691 6691
@calls 6692 6691
@calls 6692 6692
@calls 6693 6692
@calls 6693 6693
@calls 6694 6693
@calls 6694 6694
@calls 6695 6694
@calls 6695 6695
@calls 6696 6695
@calls 6696 6696
@calls 6697 6696
@calls 6697 6697
@calls 6698 6697
@calls 6698 6698
@calls 6699 6698
@calls 6699 6699
@calls 6700 6699
@calls 6700 6700
@calls 6701 6700
@calls 6701 6701
@calls 6702 6701
@calls 6702 6702
@calls 6703 6702
@calls 6703 6703
@calls 6704 6703
@calls 6704 6704
@calls 6705 6704
@calls 6705 6705
@calls 6706 6705
@calls 6706 6706
@calls 6707 6706
@calls 6707 6707
@calls 6708 6707
@calls 6708 6708
@calls 6709 6708
@calls 6709 6709
@calls 6710 6709
@calls 6710 6710
@calls 6711 6710
@calls 6711 6711
@calls 6712 6711
@calls 6712 6712
@calls 6713 6712
@calls 6713 6713
@calls 6714 6713
@calls 6714 6714
@calls 6715 6714
@calls 6715 6715
@calls 6716 6715
@calls 6716 6716
@calls 6717 6716
@calls 6717 6717
@calls 6718 6717
@calls 6718 6718
@calls 6719 6718
@calls 6719 6719
@calls 6720 6719
@calls 6720 6720
@calls 6721 6720
@calls 6721 6721
@calls 6722 6721
@calls 6722 6722
@calls 6723 6722
@calls 6723 6723
@calls 6724 6723
@calls 6724 6724
@calls 6725 6724
@calls 6725 6725
@calls 6726 6725
@calls 6726 6726
@calls 6727 6726
@calls 6727 6727
@calls 6728 6727
@calls 6728 6728
@calls 6729 6728
@calls 6729 6729
@calls 6730 6729
@calls 6730 6730
@calls 6731 6730
@calls 6731 6731
@calls 6732 6731
@calls 6732 6732
@calls 6733 6732
@calls 6733 6733
@calls 6734 6733
@calls 6734 6734
@calls 6735 6734
@calls 6735 6735
@calls 6736 6735
@calls 6736 6736
@calls 6737 6736
@calls 6737 6737
@calls 6738 6737
@calls 6738 6738
@calls 6739 6738
@calls 6739 6739
@calls 6740 6739
@calls 6740 6740
@calls 6741 6740
@calls 6741 6741
@calls 6742 6741
@calls 6742 6742
@calls 6743 6742
@calls 6743 6743
@calls 6744 6743
@calls 6744 6744
@calls 6745 6744
@calls 6745 6745
@calls 6746 6745
@calls 6746 6746
@calls 6747 6746
@calls 6747 6747
@calls 6748 6747
@calls 6748 6748
@calls 6749 6748
@calls 6749 6749
@calls 6750 6749
@calls 6750 6750
@calls 6751 6750
@calls 6751 6751
@calls 6752 6751
@calls 6752 6752
@calls 6753 6752
@calls 6753 6753
@calls 6754 6753
@calls 6754 6754
@calls 6755 6754
@calls 6755 6755
@calls 6756 6755
@calls 6756 6756
@calls 6757 6756
@calls 6757 6757
@calls 6758 6757
@calls 6758 6758
@calls 6759 6758
@calls 6759 6759
@calls 6760 6759
@calls 6760 6760
@calls 6761 6760
@calls 6761 6761
@calls 6762 6761
@calls 6762 6762
@calls 6763 6762
@calls 6763 6763
@calls 6764 6763
@calls 6764 6764
@calls 6765 6764
@calls 6765 6765
@calls 6766 6765
@calls 6766 6766
@calls 6767 6766
@calls 6767 6767
@calls 6768 6767
@calls 6768 6768
@calls 6769 6768
@calls 6769 6769
@calls 6770 6769
@calls 6770 6770
@calls 6771 6770
@calls 6771 6771
@calls 6772 6771
@calls 6772 6772
@calls 6773 6772
@calls 6773 6773
@calls 6774 6773
@calls 6774 6774
@calls 6775 6774
@calls 6775 6775
@calls 6776 6775
@calls 6776 6776
@calls 6777 6776
@calls 6777 6777
@calls 6778 6777
@calls 6778 6778
@calls 6779 6778
@calls 6779 6779
@calls 6780 6779
@calls 6780 6780
@calls 6781 6780
@calls 6781 6781
@calls 6782 6781
@calls 6782 6782
@calls 6783 6782
@calls 6783 6783
@calls 6784 6783
@calls 6784 6784
@calls 6785 6784
@calls 6785 6785
@calls 6786 6785
@calls 6786 6786
@calls 6787 6786
@calls 6787 6787
@calls 6788 6787
@calls 6788 6788
@calls 6789 6788
@calls 6789 6789
@calls 6790 6789
@calls 6790 6790
@calls 6791 6790
@calls 6791 6791
@calls 6792 6791
@calls 6792 6792
@calls 6793 6792
@calls 6793 6793
@calls 6794 6793
@calls 6794 6794
@calls 6795 6794
@calls 6795 6795
@calls 6796 6795
@calls 6796 6796
@calls 6797 6796
@calls 6797 6797
@calls 6798 6797
@calls 6798 6798
@calls 6799 6798
@calls 6799 6799
@calls 6800 6799
@calls 6800 6800
@calls 6801 6800
@calls 6801 6801
@calls 6802 6801
@calls 6802 6802
@calls 6803 6802
@calls 6803 6803
@calls 6804 6803
@calls 6804 6804
@calls 6805 6804
@calls 6805 6805
@calls 6806 6805
@calls 6806 6806
@calls 6807 6806
@calls 6807 6807
@calls 6808 6807
@calls 6808 6808
@calls 6809 6808
@calls 6809 6809
@calls 6810 6809
@calls 6810 6810
@calls 6811 6810
@calls 6811 6811
@calls 6812 6811
@calls 6812 6812
@calls 6813 6812
@calls 6813 6813
@calls 6814 6813
@calls 6814 6814
@calls 6815 6814
@calls 6815 6815
@calls 6816 6815
@calls 6816 6816
@calls 6817 6816
@calls 6817 6817
@calls 6818 6817
@calls 6818 6818
@calls 6819 6818
@calls 6819 6819
@calls 6820 6819
@calls 6820 6820
@calls 6821 6820
@calls 6821 6821
@calls 6822 6821
@calls 6822 6822
@calls 6823 6822
@calls 6823 6823
@calls 6824 6823
@calls 6824 6824
@calls 6825 6824
@calls 6825 6825
@calls 6826 6825
@calls 6826 6826
@calls 6827 6826
@calls 6827 6827
@calls 6828 6827
@calls 6828 6828
@calls 6829 6828
@calls 6829 6829
@calls 6830 6829
@calls 6830 6830
@calls 6831 6830
@calls 6831 6831
@calls 6832 6831
@calls 6832 6832
@calls 6833 6832
@calls 6833 6833
@calls 6834 6833
@calls 6834 6834
@calls 6835 6834
@calls 6835 6835
@calls 6836 6835
@calls 6836 6836
@calls 6837 6836
@calls 6837 6837
@calls 6838 6837
@calls 6838 6838
@calls 6839 6838
@calls 6839 6839
@calls 6840 6839
@calls 6840 6840
@calls 6841 6840
@calls 6841 6841
@calls 6842 6841
@calls 6842 6842
@calls 6843 6842
@calls 6843 6843
@calls 6844 6843
@calls 6844 6844
@calls 6845 6844
@calls 6845 6845
@calls 6846 6845
@calls 6846 6846
@calls 6847 6846
@calls 6847 6847
@calls 6848 6847
@calls 6848 6848
@calls 6849 6848
@calls 6849 6849
@calls 6850 6849
@calls 6850 6850
@calls 6851 6850
@calls 6851 6851
@calls 6852 6851
@calls 6852 6852
@calls 6853 6852
@calls 6853 6853
@calls 6854 6853
@calls 6854 6854
@calls 6855 6854
@calls 6855 6855
@calls 6856 6855
@calls 6856 6856
@calls 6857 6856
@calls 6857 6857
@calls 6858 6857
@calls 6858 6858
@calls 6859 6858
@calls 6859 6859
@calls 6860 6859
@calls 6860 6860
@calls 6861 6860
@calls 6861 6861
@calls 6862 6861
@calls 6862 6862
@calls 6863 6862
@calls 6863 6863
@calls 6864 6863
@calls 6864 6864
@calls 6865 6864
@calls 6865 6865
@calls 6866 6865
@calls 6866 6866
@calls 6867 6866
@calls 6867 6867
@calls 6868 6867
@calls 6868 6868
@calls 6869 6868
@calls 6869 6869
@calls 6870 6869
@calls 6870 6870
@calls 6871 6870
@calls 6871 6871
@calls 6872 6871
@calls 6872 6872
@calls 6873 6872
@calls 6873 6873
@calls 6874 6873
@calls 6874 6874
@calls 6875 6874
@calls 6875 6875
@calls 6876 6875
@calls 6876 6876
@calls 6877 6876
@calls 6877 6877
@calls 6878 6877
@calls 6878 6878
@calls 6879 6878
@calls 6879 6879
@calls 6880 6879
@calls 6880 6880
@calls 6881 6880
@calls 6881 6881
@calls 6882 6881
@calls 6882 6882
@calls 6883 6882
@calls 6883 6883
@calls 6884 6883
@calls 6884 6884
@calls 6885 6884
@calls 6885 6885
@calls 6886 6885
@calls 6886 6886
@calls 6887 6886
@calls 6887 6887
@calls 6888 6887
@calls 6888 6888
@calls 6889 6888
@calls 6889 6889
@calls 6890 6889
@calls 6890 6890
@calls 6891 6890
@calls 6891 6891
@calls 6892 6891
@calls 6892 6892
@calls 6893 6892
@calls 6893 6893
@calls 6894 6893
@calls 6894 6894
@calls 6895 6894
@calls 6895 6895
@calls 6896 6895
@calls 6896 6896
@calls 6897 6896
@calls 6897 6897
@calls 6898 6897
@calls 6898 6898
@calls 6899 6898
@calls 6899 6899
@calls 6900 6899
@calls 6900 6900
@calls 6901 6900
@calls 6901 6901
@calls 6902 6901
@calls 6902 6902
@calls 6903 6902
@calls 6903 6903
@calls 6904 6903
@calls 6904 6904
@calls 6905 6904
@calls 6905 6905
@calls 6906 6905
@calls 6906 6906
@calls 6907 6906
@calls 6907 6907
@calls 6908 6907
@calls 6908 6908
@calls 6909 6908
@calls 6909 6909
@calls 6910 6909
@calls 6910 6910
@calls 6911 6910
@calls 6911 6911
@calls 6912 6911
@calls 6912 6912
@calls 6913 6912
@calls 6913 6913
@calls 6914 6913
@calls 6914 6914
@calls 6915 6914
@calls 6915 6915
@calls 6916 6915
@calls 6916 6916
@calls 6917 6916
@calls 6917 6917
@calls 6918 6917
@calls 6918 6918
@calls 6919 6918
@calls 6919 6919
@calls 6920 6919
@calls 6920 6920
@calls 6921 6920
@calls 6921 6921
@calls 6922 6921
@calls 6922 6922
@calls 6923 6922
@calls 6923 6923
@calls 6924 6923
@calls 6924 6924
@calls 6925 6924
@calls 6925 6925
@calls 6926 6925
@calls 6926 6926
@calls 6927 6926
@calls 6927 6927
@calls 6928 6927
@calls 6928 6928
@calls 6929 6928
@calls 6929 6929
@calls 6930 6929
@calls 6930 6930
@calls 6931 6930
@calls 6931 6931
@calls 6932 6931
@calls 6932 6932
@calls 6933 6932
@calls 6933 6933
@calls 6934 6933
@calls 6934 6934
@calls 6935 6934
@calls 6935 6935
@calls 6936 6935
@calls 6936 6936
@calls 6937 6936
@calls 6937 6937
@calls 6938 6937
@calls 6938 6938
@calls 6939 6938
@calls 6939 6939
@calls 6940 6939
@calls 6940 6940
@calls 6941 6940
@calls 6941 6941
@calls 6942 6941
@calls 6942 6942
@calls 6943 6942
@calls 6943 6943
@calls 6944 6943
@calls 6944 6944
@calls 6945 6944
@calls 6945 6945
@calls 6946 6945
@calls 6946 6946
@calls 6947 6946
@calls 6947 6947
@calls 6948 6947
@calls 6948 6948
@calls 6949 6948
@calls 6949 6949
@calls 6950 6949
@calls 6950 6950
@calls 6951 6950
@calls 6951 6951
@calls 6952 6951
@calls 6952 6952
@calls 6953 6952
@calls 6953 6953
@calls 6954 6953
@calls 6954 6954
@calls 6955 6954
@calls 6955 6955
@calls 6956 6955
@calls 6956 6956
@calls 6957 6956
@calls 6957 6957
@calls 6958 6957
@calls 6958 6958
@calls 6959 6958
@calls 6959 6959
@calls 6960 6959
@calls 6960 6960
@calls 6961 6960
@calls 6961 6961
@calls 6962 6961
@calls 6962 6962
@calls 6963 6962
@calls 6963 6963
@calls 6964 6963
@calls 6964 6964
@calls 6965 6964
@calls 6965 6965
@calls 6966 6965
@calls 6966 6966
@calls 6967 6966
@calls 6967 6967
@calls 6968 6967
@calls 6968 6968
@calls 6969 6968
@calls 6969 6969
@calls 6970 6969
@calls 6970 6970
@calls 6971 6970
@calls 6971 6971
@calls 6972 6971
@calls 6972 6972
@calls 6973 6972
@calls 6973 6973
@calls 6974 6973
@calls 6974 6974
@calls 6975 6974
@calls 6975 6975
@calls 6976 6975
@calls 6976 6976
@calls 6977 6976
@calls 6977 6977
@calls 6978 6977
@calls 6978 6978
@calls 6979 6978
@calls 6979 6979
@calls 6980 6979
@calls 6980 6980
@calls 6981 6980
@calls 6981 6981
@calls 6982 6981
@calls 6982 6982
@calls 6983 6982
@calls 6983 6983
@calls 6984 6983
@calls 6984 6984
@calls 6985 6984
@calls 6985 6985
@calls 6986 6985
@calls 6986 6986
@calls 6987 6986
@calls 6987 6987
@calls 6988 6987
@calls 6988 6988
@calls 6989 6988
@calls 6989 6989
@calls 6990 6989
@calls 6990 6990
@calls 6991 6990
@calls 6991 6991
@calls 6992 6991
@calls 6992 6992
@calls 6993 6992
@calls 6993 6993
@calls 6994 6993
@calls 6994 6994
@calls 6995 6994
@calls 6995 6995
@calls 6996 6995
@calls 6996 6996
@calls 6997 6996
@calls 6997 6997
@calls 6998 6997
@calls 6998 6998
@calls 6999 6998
@calls 6999 6999
@calls 7000 6999
@calls 7000 7000
@calls 7001 7000
@calls 7001 7001
@calls 7002 7001
@calls 7002 7002
@calls 7003 7002
@calls 7003 7003
@calls 7004 7003
@calls 7004 7004
@calls 7005 7004
@calls 7005 7005
@calls 7006 7005
@calls 7006 7006
@calls 7007 7006
@calls 7007 7007
@calls 7008 7007
@calls 7008 7008
@calls 7009 7008
@calls 7009 7009
@calls 7010 7009
@calls 7010 7010
@calls 7011 7010
@calls 7011 7011
@calls 7012 7011
@calls 7012 7012
@calls 7013 7012
@calls 7013 7013
@calls 7014 7013
@calls 7014 7014
@calls 7015 7014
@calls 7015 7015
@calls 7016 7015
@calls 7016 7016
@calls 7017 7016
@calls 7017 7017
@calls 7018 7017
@calls 7018 7018
@calls 7019 7018
@calls 7019 7019
@calls 7020 7019
@calls 7020 7020
@calls 7021 7020
@calls 7021 7021
@calls 7022 7021
@calls 7022 7022
@calls 7023 7022
@calls 7023 7023
@calls 7024 7023
@calls 7024 7024
@calls 7025 7024
@calls 7025 7025
@calls 7026 7025
@calls 7026 7026
@calls 7027 7026
@calls 7027 7027
@calls 7028 7027
@calls 7028 7028
@calls 7029 7028
@calls 7029 7029
@calls 7030 7029
@calls 7030 7030
@calls 7031 7030
@calls 7031 7031
@calls 7032 7031
@calls 7032 7032
@calls 7033 7032
@calls 7033 7033
@calls 7034 7033
@calls 7034 7034
@calls 7035 7034
@calls 7035 7035
@calls 7036 7035
@calls 7036 7036
@calls 7037 7036
@calls 7037 7037
@calls 7038 7037
@calls 7038 7038
@calls 7039 7038
@calls 7039 7039
@calls 7040 7039
@calls 7040 7040
@calls 7041 7040
@calls 7041 7041
@calls 7042 7041
@calls 7042 7042
@calls 7043 7042
@calls 7043 7043
@calls 7044 7043
@calls 7044 7044
@calls 7045 7044
@calls 7045 7045
@calls 7046 7045
@calls 7046 7046
@calls 7047 7046
@calls 7047 7047
@calls 7048 7047
@calls 7048 7048
@calls 7049 7048
@calls 7049 7049
@calls 7050 7049
@calls 7050 7050
@calls 7051 7050
@calls 7051 7051
@calls 7052 7051
@calls 7052 7052
@calls 7053 7052
@calls 7053 7053
@calls 7054 7053
@calls 7054 7054
@calls 7055 7054
@calls 7055 7055
@calls 7056 7055
@calls 7056 7056
@calls 7057 7056
@calls 7057 7057
@calls 7058 7057
@calls 7058 7058
@calls 7059 7058
@calls 7059 7059
@calls 7060 7059
@calls 7060 7060
@calls 7061 7060
@calls 7061 7061
@calls 7062 7061
@calls 7062 7062
@calls 7063 7062
@calls 7063 7063
@calls 7064 7063
@calls 7064 7064
@calls 7065 7064
@calls 7065 7065
@calls 7066 7065
@calls 7066 7066
@calls 7067 7066
@calls 7067 7067
@calls 7068 7067
@calls 7068 7068
@calls 7069 7068
@calls 7069 7069
@calls 7070 7069
@calls 7070 7070
@calls 7071 7070
@calls 7071 7071
@calls 7072 7071
@calls 7072 7072
@calls 7073 7072
@calls 7073 7073
@calls 7074 7073
@calls 7074 7074
@calls 7075 7074
@calls 7075 7075
@calls 7076 7075
@calls 7076 7076
@calls 7077 7076
@calls 7077 7077
@calls 7078 7077
@calls 7078 7078
@calls 7079 7078
@calls 7079 7079
@calls 7080 7079
@calls 7080 7080
@calls 7081 7080
@calls 7081 7081
@calls 7082 7081
@calls 7082 7082
@calls 7083 7082
@calls 7083 7083
@calls 7084 7083
@calls 7084 7084
@calls 7085 7084
@calls 7085 7085
@calls 7086 7085
@calls 7086 7086
@calls 7087 7086
@calls 7087 7087
@calls 7088 7087
@calls 7088 7088
@calls 7089 7088
@calls 7089 7089
@calls 7090 7089
@calls 7090 7090
@calls 7091 7090
@calls 7091 7091
@calls 7092 7091
@calls 7092 7092
@calls 7093 7092
@calls 7093 7093
@calls 7094 7093
@calls 7094 7094
@calls 7095 7094
@calls 7095 7095
@calls 7096 7095
@calls 7096 7096
@calls 7097 7096
@calls 7097 7097
@calls 7098 7097
@calls 7098 7098
@calls 7099 7098
@calls 7099 7099
@calls 7100 7099
@calls 7100 7100
@calls 7101 7100
@calls 7101 7101
@calls 7102 7101
@calls 7102 7102
@calls 7103 7102
@calls 7103 7103
@calls 7104 7103
@calls 7104 7104
@calls 7105 7104
@calls 7105 7105
@calls 7106 7105
@calls 7106 7106
@calls 7107 7106
@calls 7107 7107
@calls 7108 7107
@calls 7108 7108
@calls 7109 7108
@calls 7109 7109
@calls 7110 7109
@calls 7110 7110
@calls 7111 7110
@calls 7111 7111
@calls 7112 7111
@calls 7112 7112
@calls 7113 7112
@calls 7113 7113
@calls 7114 7113
@calls 7114 7114
@calls 7115 7114
@calls 7115 7115
@calls 7116 7115
@calls 7116 7116
@calls 7117 7116
@calls 7117 7117
@calls 7118 7117
@calls 7118 7118
@calls 7119 7118
@calls 7119 7119
@calls 7120 7119
@calls 7120 7120
@calls 7121 7120
@calls 7121 7121
@calls 7122 7121
@calls 7122 7122
@calls 7123 7122
@calls 7123 7123
@calls 7124 7123
@calls 7124 7124
@calls 7125 7124
@calls 7125 7125
@calls 7126 7125
@calls 7126 7126
@calls 7127 7126
@calls 7127 7127
@calls 7128 7127
@calls 7128 7128
@calls 7129 7128
@calls 7129 7129
@calls 7130 7129
@calls 7130 7130
@calls 7131 7130
@calls 7131 7131
@calls 7132 7131
@calls 7132 7132
@calls 7133 7132
@calls 7133 7133
@calls 7134 7133
@calls 7134 7134
@calls 7135 7134
@calls 7135 7135
@calls 7136 7135
@calls 7136 7136
@calls 7137 7136
@calls 7137 7137
@calls 7138 7137
@calls 7138 7138
@calls 7139 7138
@calls 7139 7139
@calls 7140 7139
@calls 7140 7140
@calls 7141 7140
@calls 7141 7141
@calls 7142 7141
@calls 7142 7142
@calls 7143 7142
@calls 7143 7143
@calls 7144 7143
@calls 7144 7144
@calls 7145 7144
@calls 7145 7145
@calls 7146 7145
@calls 7146 7146
@calls 7147 7146
@calls 7147 7147
@calls 7148 7147
@calls 7148 7148
@calls 7149 7148
@calls 7149 7149
@calls 7150 7149
@calls 7150 7150
@calls 7151 7150
@calls 7151 7151
@calls 7152 7151
@calls 7152 7152
@calls 7153 7152
@calls 7153 7153
@calls 7154 7153
@calls 7154 7154
@calls 7155 7154
@calls 7155 7155
@calls 7156 7155
@calls 7156 7156
@calls 7157 7156
@calls 7157 7157
@calls 7158 7157
@calls 7158 7158
@calls 7159 7158
@calls 7159 7159
@calls 7160 7159
@calls 7160 7160
@calls 7161 7160
@calls 7161 7161
@calls 7162 7161
@calls 7162 7162
@calls 7163 7162
@calls 7163 7163
@calls 7164 7163
@calls 7164 7164
@calls 7165 7164
@calls 7165 7165
@calls 7166 7165
@calls 7166 7166
@calls 7167 7166
@calls 7167 7167
@calls 7168 7167
@calls 7168 7168
@calls 7169 7168
@calls 7169 7169
@calls 7170 7169
@calls 7170 7170
@calls 7171 7170
@calls 7171 7171
@calls 7172 7171
@calls 7172 7172
@calls 7173 7172
@calls 7173 7173
@calls 7174 7173
@calls 7174 7174
@calls 7175 7174
@calls 7175 7175
@calls 7176 7175
@calls 7176 7176
@calls 7177 7176
@calls 7177 7177
@calls 7178 7177
@calls 7178 7178
@calls 7179 7178
@calls 7179 7179
@calls 7180 7179
@calls 7180 7180
@calls 7181 7180
@calls 7181 7181
@calls 7182 7181
@calls 7182 7182
@calls 7183 7182
@calls 7183 7183
@calls 7184 7183
@calls 7184 7184
@calls 7185 7184
@calls 7185 7185
@calls 7186 7185
@calls 7186 7186
@calls 7187 7186
@calls 7187 7187
@calls 7188 7187
@calls 7188 7188
@calls 7189 7188
@calls 7189 7189
@calls 7190 7189
@calls 7190 7190
@calls 7191 7190
@calls 7191 7191
@calls 7192 7191
@calls 7192 7192
@calls 7193 7192
@calls 7193 7193
@calls 7194 7193
@calls 7194 7194
@calls 7195 7194
@calls 7195 7195
@calls 7196 7195
@calls 7196 7196
@calls 7197 7196
@calls 7197 7197
@calls 7198 7197
@calls 7198 7198
@calls 7199 7198
@calls 7199 7199
@calls 7200 7199
@calls 7200 7200
@calls 7201 7200
@calls 7201 7201
@calls 7202 7201
@calls 7202 7202
@calls 7203 7202
@calls 7203 7203
@calls 7204 7203
@calls 7204 7204
@calls 7205 7204
@calls 7205 7205
@calls 7206 7205
@calls 7206 7206
@calls 7207 7206
@calls 7207 7207
@calls 7208 7207
@calls 7208 7208
@calls 7209 7208
@calls 7209 7209
@calls 7210 7209
@calls 7210 7210
@calls 7211 7210
@calls 7211 7211
@calls 7212 7211
@calls 7212 7212
@calls 7213 7212
@calls 7213 7213
@calls 7214 7213
@calls 7214 7214
@calls 7215 7214
@calls 7215 7215
@calls 7216 7215
@calls 7216 7216
@calls 7217 7216
@calls 7217 7217
@calls 7218 7217
@calls 7218 7218
@calls 7219 7218
@calls 7219 7219
@calls 7220 7219
@calls 7220 7220
@calls 7221 7220
@calls 7221 7221
@calls 7222 7221
@calls 7222 7222
@calls 7223 7222
@calls 7223 7223
@calls 7224 7223
@calls 7224 7224
@calls 7225 7224
@calls 7225 7225
@calls 7226 7225
@calls 7226 7226
@calls 7227 7226
@calls 7227 7227
@calls 7228 7227
@calls 7228 7228
@calls 7229 7228
@calls 7229 7229
@calls 7230 7229
@calls 7230 7230
@calls 7231 7230
@calls 7231 7231
@calls 7232 7231
@calls 7232 7232
@calls 7233 7232
@calls 7233 7233
@calls 7234 7233
@calls 7234 7234
@calls 7235 7234
@calls 7235 7235
@calls 7236 7235
@calls 7236 7236
@calls 7237 7236
@calls 7237 7237
@calls 7238 7237
@calls 7238 7238
@calls 7239 7238
@calls 7239 7239
@calls 7240 7239
@calls 7240 7240
@calls 7241 7240
@calls 7241 7241
@calls 7242 7241
@calls 7242 7242
@calls 7243 7242
@calls 7243 7243
@calls 7244 7243
@calls 7244 7244
@calls 7245 7244
@calls 7245 7245
@calls 7246 7245
@calls 7246 7246
@calls 7247 7246
@calls 7247 7247
@calls 7248 7247
@calls 7248 7248
@calls 7249 7248
@calls 7249 7249
@calls 7250 7249
@calls 7250 7250
@calls 7251 7250
@calls 7251 7251
@calls 7252 7251
@calls 7252 7252
@calls 7253 7252
@calls 7253 7253
@calls 7254 7253
@calls 7254 7254
@calls 7255 7254
@calls 7255 7255
@calls 7256 7255
@calls 7256 7256
@calls 7257 7256
@calls 7257 7257
@calls 7258 7257
@calls 7258 7258
@calls 7259 7258
@calls 7259 7259
@calls 7260 7259
@calls 7260 7260
@calls 7261 7260
@calls 7261 7261
@calls 7262 7261
@calls 7262 7262
@calls 7263 7262
@calls 7263 7263
@calls 7264 7263
@calls 7264 7264
@calls 7265 7264
@calls 7265 7265
@calls 7266 7265
@calls 7266 7266
@calls 7267 7266
@calls 7267 7267
@calls 7268 7267
@calls 7268 7268
@calls 7269 7268
@calls 7269 7269
@calls 7270 7269
@calls 7270 7270
@calls 7271 7270
@calls 7271 7271
@calls 7272 7271
@calls 7272 7272
@calls 7273 7272
@calls 7273 7273
@calls 7274 7273
@calls 7274 7274
@calls 7275 7274
@calls 7275 7275
@calls 7276 7275
@calls 7276 7276
@calls 7277 7276
@calls 7277 7277
@calls 7278 7277
@calls 7278 7278
@calls 7279 7278
@calls 7279 7279
@calls 7280 7279
@calls 7280 7280
@calls 7281 7280
@calls 7281 7281
@calls 7282 7281
@calls 7282 7282
@calls 7283 7282
@calls 7283 7283
@calls 7284 7283
@calls 7284 7284
@calls 7285 7284
@calls 7285 7285
@calls 7286 7285
@calls 7286 7286
@calls 7287 7286
@calls 7287 7287
@calls 7288 7287
@calls 7288 7288
@calls 7289 7288
@calls 7289 7289
@calls 7290 7289
@calls 7290 7290
@calls 7291 7290
@calls 7291 7291
@calls 7292 7291
@calls 7292 7292
@calls 7293 7292
@calls 7293 7293
@calls 7294 7293
@calls 7294 7294
@calls 7295 7294
@calls 7295 7295
@calls 7296 7295
@calls 7296 7296
@calls 7297 7296
@calls 7297 7297
@calls 7298 7297
@calls 7298 7298
@calls 7299 7298
@calls 7299 7299
@calls 7300 7299
@calls 7300 7300
@calls 7301 7300
@calls 7301 7301
@calls 7302 7301
@calls 7302 7302
@calls 7303 7302
@calls 7303 7303
@calls 7304 7303
@calls 7304 7304
@calls 7305 7304
@calls 7305 7305
@calls 7306 7305
@calls 7306 7306
@calls 7307 7306
@calls 7307 7307
@calls 7308 7307
@calls 7308 7308
@calls 7309 7308
@calls 7309 7309
@calls 7310 7309
@calls 7310 7310
@calls 7311 7310
@calls 7311 7311
@calls 7312 7311
@calls 7312 7312
@calls 7313 7312
@calls 7313 7313
@calls 7314 7313
@calls 7314 7314
@calls 7315 7314
@calls 7315 7315
@calls 7316 7315
@calls 7316 7316
@calls 7317 7316
@calls 7317 7317
@calls 7318 7317
@calls 7318 7318
@calls 7319 7318
@calls 7319 7319
@calls 7320 7319
@calls 7320 7320
@calls 7321 7320
@calls 7321 7321
@calls 7322 7321
@calls 7322 7322
@calls 7323 7322
@calls 7323 7323
@calls 7324 7323
@calls 7324 7324
@calls 7325 7324
@calls 7325 7325
@calls 7326 7325
@calls 7326 7326
@calls 7327 7326
@calls 7327 7327
@calls 7328 7327
@calls 7328 7328
@calls 7329 7328
@calls 7329 7329
@calls 7330 7329
@calls 7330 7330
@calls 7331 7330
@calls 7331 7331
@calls 7332 7331
@calls 7332 7332
@calls 7333 7332
@calls 7333 7333
@calls 7334 7333
@calls 7334 7334
@calls 7335 7334
@calls 7335 7335
@calls 7336 7335
@calls 7336 7336
@calls 7337 7336
@calls 7337 7337
@calls 7338 7337
@calls 7338 7338
@calls 7339 7338
@calls 7339 7339
@calls 7340 7339
@calls 7340 7340
@calls 7341 7340
@calls 7341 7341
@calls 7342 7341
@calls 7342 7342
@calls 7343 7342
@calls 7343 7343
@calls 7344 7343
@calls 7344 7344
@calls 7345 7344
@calls 7345 7345
@calls 7346 7345
@calls 7346 7346
@calls 7347 7346
@calls 7347 7347
@calls 7348 7347
@calls 7348 7348
@calls 7349 7348
@calls 7349 7349
@calls 7350 7349
@calls 7350 7350
@calls 7351 7350
@calls 7351 7351
@calls 7352 7351
@calls 7352 7352
@calls 7353 7352
@calls 7353 7353
@calls 7354 7353
@calls 7354 7354
@calls 7355 7354
@calls 7355 7355
@calls 7356 7355
@calls 7356 7356
@calls 7357 7356
@calls 7357 7357
@calls 7358 7357
@calls 7358 7358
@calls 7359 7358
@calls 7359 7359
@calls 7360 7359
@calls 7360 7360
@calls 7361 7360
@calls 7361 7361
@calls 7362 7361
@calls 7362 7362
@calls 7363 7362
@calls 7363 7363
@calls 7364 7363
@calls 7364 7364
@calls 7365 7364
@calls 7365 7365
@calls 7366 7365
@calls 7366 7366
@calls 7367 7366
@calls 7367 7367
@calls 7368 7367
@calls 7368 7368
@calls 7369 7368
@calls 7369 7369
@calls 7370 7369
@calls 7370 7370
@calls 7371 7370
@calls 7371 7371
@calls 7372 7371
@calls 7372 7372
@calls 7373 7372
@calls 7373 7373
@calls 7374 7373
@calls 7374 7374
@calls 7375 7374
@calls 7375 7375
@calls 7376 7375
@calls 7376 7376
@calls 7377 7376
@calls 7377 7377
@calls 7378 7377
@calls 7378 7378
@calls 7379 7378
@calls 7379 7379
@calls 7380 7379
@calls 7380 7380
@calls 7381 7380
@calls 7381 7381
@calls 7382 7381
@calls 7382 7382
@calls 7383 7382
@calls 7383 7383
@calls 7384 7383
@calls 7384 7384
@calls 7385 7384
@calls 7385 7385
@calls 7386 7385
@calls 7386 7386
@calls 7387 7386
@calls 7387 7387
@calls 7388 7387
@calls 7388 7388
@calls 7389 7388
@calls 7389 7389
@calls 7390 7389
@calls 7390 7390
@calls 7391 7390
@calls 7391 7391
@calls 7392 7391
@calls 7392 7392
@calls 7393 7392
@calls 7393 7393
@calls 7394 7393
@calls 7394 7394
@calls 7395 7394
@calls 7395 7395
@calls 7396 7395
@calls 7396 7396
@calls 7397 7396
@calls 7397 7397
@calls 7398 7397
@calls 7398 7398
@calls 7399 7398
@calls 7399 7399
@calls 7400 7399
@calls 7400 7400
@calls 7401 7400
@calls 7401 7401
@calls 7402 7401
@calls 7402 7402
@calls 7403 7402
@calls 7403 7403
@calls 7404 7403
@calls 7404 7404
@calls 7405 7404
@calls 7405 7405
@calls 7406 7405
@calls 7406 7406
@calls 7407 7406
@calls 7407 7407
@calls 7408 7407
@calls 7408 7408
@calls 7409 7408
@calls 7409 7409
@calls 7410 7409
@calls 7410 7410
@calls 7411 7410
@calls 7411 7411
@calls 7412 7411
@calls 7412 7412
@calls 7413 7412
@calls 7413 7413
@calls 7414 7413
@calls 7414 7414
@calls 7415 7414
@calls 7415 7415
@calls 7416 7415
@calls 7416 7416
@calls 7417 7416
@calls 7417 7417
@calls 7418 7417
@calls 7418 7418
@calls 7419 7418
@calls 7419 7419
@calls 7420 7419
@calls 7420 7420
@calls 7421 7420
@calls 7421 7421
@calls 7422 7421
@calls 7422 7422
@calls 7423 7422
@calls 7423 7423
@calls 7424 7423
@calls 7424 7424
@calls 7425 7424
@calls 7425 7425
@calls 7426 7425
@calls 7426 7426
@calls 7427 7426
@calls 7427 7427
@calls 7428 7427
@calls 7428 7428
@calls 7429 7428
@calls 7429 7429
@calls 7430 7429
@calls 7430 7430
@calls 7431 7430
@calls 7431 7431
@calls 7432 7431
@calls 7432 7432
@calls 7433 7432
@calls 7433 7433
@calls 7434 7433
@calls 7434 7434
@calls 7435 7434
@calls 7435 7435
@calls 7436 7435
@calls 7436 7436
@calls 7437 7436
@calls 7437 7437
@calls 7438 7437
@calls 7438 7438
@calls 7439 7438
@calls 7439 7439
@calls 7440 7439
@calls 7440 7440
@calls 7441 7440
@calls 7441 7441
@calls 7442 7441
@calls 7442 7442
@calls 7443 7442
@calls 7443 7443
@calls 7444 7443
@calls 7444 7444
@calls 7445 7444
@calls 7445 7445
@calls 7446 7445
@calls 7446 7446
@calls 7447 7446
@calls 7447 7447
@calls 7448 7447
@calls 7448 7448
@calls 7449 7448
@calls 7449 7449
@calls 7450 7449
@calls 7450 7450
@calls 7451 7450
@calls 7451 7451
@calls 7452 7451
@calls 7452 7452
@calls 7453 7452
@calls 7453 7453
@calls 7454 7453
@calls 7454 7454
@calls 7455 7454
@calls 7455 7455
@calls 7456 7455
@calls 7456 7456
@calls 7457 7456
@calls 7457 7457
@calls 7458 7457
@calls 7458 7458
@calls 7459 7458
@calls 7459 7459
@calls 7460 7459
@calls 7460 7460
@calls 7461 7460
@calls 7461 7461
@calls 7462 7461
@calls 7462 7462
@calls 7463 7462
@calls 7463 7463
@calls 7464 7463
@calls 7464 7464
@calls 7465 7464
@calls 7465 7465
@calls 7466 7465
@calls 7466 7466
@calls 7467 7466
@calls 7467 7467
@calls 7468 7467
@calls 7468 7468
@calls 7469 7468
@calls 7469 7469
@calls 7470 7469
@calls 7470 7470
@calls 7471 7470
@calls 7471 7471
@calls 7472 7471
@calls 7472 7472
@calls 7473 7472
@calls 7473 7473
@calls 7474 7473
@calls 7474 7474
@calls 7475 7474
@calls 7475 7475
@calls 7476 7475
@calls 7476 7476
@calls 7477 7476
@calls 7477 7477
@calls 7478 7477
@calls 7478 7478
@calls 7479 7478
@calls 7479 7479
@calls 7480 7479
@calls 7480 7480
@calls 7481 7480
@calls 7481 7481
@calls 7482 7481
@calls 7482 7482
@calls 7483 7482
@calls 7483 7483
@calls 7484 7483
@calls 7484 7484
@calls 7485 7484
@calls 7485 7485
@calls 7486 7485
@calls 7486 7486
@calls 7487 7486
@calls 7487 7487
@calls 7488 7487
@calls 7488 7488
@calls 7489 7488
@calls 7489 7489
@calls 7490 7489
@calls 7490 7490
@calls 7491 7490
@calls 7491 7491
@calls 7492 7491
@calls 7492 7492
@calls 7493 7492
@calls 7493 7493
@calls 7494 7493
@calls 7494 7494
@calls 7495 7494
@calls 7495 7495
@calls 7496 7495
@calls 7496 7496
@calls 7497 7496
@calls 7497 7497
@calls 7498 7497
@calls 7498 7498
@calls 7499 7498
@calls 7499 7499
@calls 7500 7499
@calls 7500 7500
@calls 7501 7500
@calls 7501 7501
@calls 7502 7501
@calls 7502 7502
@calls 7503 7502
@calls 7503 7503
@calls 7504 7503
@calls 7504 7504
@calls 7505 7504
@calls 7505 7505
@calls 7506 7505
@calls 7506 7506
@calls 7507 7506
@calls 7507 7507
@calls 7508 7507
@calls 7508 7508
@calls 7509 7508
@calls 7509 7509
@calls 7510 7509
@calls 7510 7510
@calls 7511 7510
@calls 7511 7511
@calls 7512 7511
@calls 7512 7512
@calls 7513 7512
@calls 7513 7513
@calls 7514 7513
@calls 7514 7514
@calls 7515 7514
@calls 7515 7515
@calls 7516 7515
@calls 7516 7516
@calls 7517 7516
@calls 7517 7517
@calls 7518 7517
@calls 7518 7518
@calls 7519 7518
@calls 7519 7519
@calls 7520 7519
@calls 7520 7520
@calls 7521 7520
@calls 7521 7521
@calls 7522 7521
@calls 7522 7522
@calls 7523 7522
@calls 7523 7523
@calls 7524 7523
@calls 7524 7524
@calls 7525 7524
@calls 7525 7525
@calls 7526 7525
@calls 7526 7526
@calls 7527 7526
@calls 7527 7527
@calls 7528 7527
@calls 7528 7528
@calls 7529 7528
@calls 7529 7529
@calls 7530 7529
@calls 7530 7530
@calls 7531 7530
@calls 7531 7531
@calls 7532 7531
@calls 7532 7532
@calls 7533 7532
@calls 7533 7533
@calls 7534 7533
@calls 7534 7534
@calls 7535 7534
@calls 7535 7535
@calls 7536 7535
@calls 7536 7536
@calls 7537 7536
@calls 7537 7537
@calls 7538 7537
@calls 7538 7538
@calls 7539 7538
@calls 7539 7539
@calls 7540 7539
@calls 7540 7540
@calls 7541 7540
@calls 7541 7541
@calls 7542 7541
@calls 7542 7542
@calls 7543 7542
@calls 7543 7543
@calls 7544 7543
@calls 7544 7544
@calls 7545 7544
@calls 7545 7545
@calls 7546 7545
@calls 7546 7546
@calls 7547 7546
@calls 7547 7547
@calls 7548 7547
@calls 7548 7548
@calls 7549 7548
@calls 7549 7549
@calls 7550 7549
@calls 7550 7550
@calls 7551 7550
@calls 7551 7551
@calls 7552 7551
@calls 7552 7552
@calls 7553 7552
@calls 7553 7553
@calls 7554 7553
@calls 7554 7554
@calls 7555 7554
@calls 7555 7555
@calls 7556 7555
@calls 7556 7556
@calls 7557 7556
@calls 7557 7557
@calls 7558 7557
@calls 7558 7558
@calls 7559 7558
@calls 7559 7559
@calls 7560 7559
@calls 7560 7560
@calls 7561 7560
@calls 7561 7561
@calls 7562 7561
@calls 7562 7562
@calls 7563 7562
@calls 7563 7563
@calls 7564 7563
@calls 7564 7564
@calls 7565 7564
@calls 7565 7565
@calls 7566 7565
@calls 7566 7566
@calls 7567 7566
@calls 7567 7567
@calls 7568 7567
@calls 7568 7568
@calls 7569 7568
@calls 7569 7569
@calls 7570 7569
@calls 7570 7570
@calls 7571 7570
@calls 7571 7571
@calls 7572 7571
@calls 7572 7572
@calls 7573 7572
@calls 7573 7573
@calls 7574 7573
@calls 7574 7574
@calls 7575 7574
@calls 7575 7575
@calls 7576 7575
@calls 7576 7576
@calls 7577 7576
@calls 7577 7577
@calls 7578 7577
@calls 7578 7578
@calls 7579 7578
@calls 7579 7579
@calls 7580 7579
@calls 7580 7580
@calls 7581 7580
@calls 7581 7581
@calls 7582 7581
@calls 7582 7582
@calls 7583 7582
@calls 7583 7583
@calls 7584 7583
@calls 7584 7584
@calls 7585 7584
@calls 7585 7585
@calls 7586 7585
@calls 7586 7586
@calls 7587 7586
@calls 7587 7587
@calls 7588 7587
@calls 7588 7588
@calls 7589 7588
@calls 7589 7589
@calls 7590 7589
@calls 7590 7590
@calls 7591 7590
@calls 7591 7591
@calls 7592 7591
@calls 7592 7592
@calls 7593 7592
@calls 7593 7593
@calls 7594 7593
@calls 7594 7594
@calls 7595 7594
@calls 7595 7595
@calls 7596 7595
@calls 7596 7596
@calls 7597 7596
@calls 7597 7597
@calls 7598 7597
@calls 7598 7598
@calls 7599 7598
@calls 7599 7599
@calls 7600 7599
@calls 7600 7600
@calls 7601 7600
@calls 7601 7601
@calls 7602 7601
@calls 7602 7602
@calls 7603 7602
@calls 7603 7603
@calls 7604 7603
@calls 7604 7604
@calls 7605 7604
@calls 7605 7605
@calls 7606 7605
@calls 7606 7606
@calls 7607 7606
@calls 7607 7607
@calls 7608 7607
@calls 7608 7608
@calls 7609 7608
@calls 7609 7609
@calls 7610 7609
@calls 7610 7610
@calls 7611 7610
@calls 7611 7611
@calls 7612 7611
@calls 7612 7612
@calls 7613 7612
@calls 7613 7613
@calls 7614 7613
@calls 7614 7614
@calls 7615 7614
@calls 7615 7615
@calls 7616 7615
@calls 7616 7616
@calls 7617 7616
@calls 7617 7617
@calls 7618 7617
@calls 7618 7618
@calls 7619 7618
@calls 7619 7619
@calls 7620 7619
@calls 7620 7620
@calls 7621 7620
@calls 7621 7621
@calls 7622 7621
@calls 7622 7622
@calls 7623 7622
@calls 7623 7623
@calls 7624 7623
@calls 7624 7624
@calls 7625 7624
@calls 7625 7625
@calls 7626 7625
@calls 7626 7626
@calls 7627 7626
@calls 7627 7627
@calls 7628 7627
@calls 7628 7628
@calls 7629 7628
@calls 7629 7629
@calls 7630 7629
@calls 7630 7630
@calls 7631 7630
@calls 7631 7631
@calls 7632 7631
@calls 7632 7632
@calls 7633 7632
@calls 7633 7633
@calls 7634 7633
@calls 7634 7634
@calls 7635 7634
@calls 7635 7635
@calls 7636 7635
@calls 7636 7636
@calls 7637 7636
@calls 7637 7637
@calls 7638 7637
@calls 7638 7638
@calls 7639 7638
@calls 7639 7639
@calls 7640 7639
@calls 7640 7640
@calls 7641 7640
@calls 7641 7641
@calls 7642 7641
@calls 7642 7642
@calls 7643 7642
@calls 7643 7643
@calls 7644 7643
@calls 7644 7644
@calls 7645 7644
@calls 7645 7645
@calls 7646 7645
@calls 7646 7646
@calls 7647 7646
@calls 7647 7647
@calls 7648 7647
@calls 7648 7648
@calls 7649 7648
@calls 7649 7649
@calls 7650 7649
@calls 7650 7650
@calls 7651 7650
@calls 7651 7651
@calls 7652 7651
@calls 7652 7652
@calls 7653 7652
@calls 7653 7653
@calls 7654 7653
@calls 7654 7654
@calls 7655 7654
@calls 7655 7655
@calls 7656 7655
@calls 7656 7656
@calls 7657 7656
@calls 7657 7657
@calls 7658 7657
@calls 7658 7658
@calls 7659 7658
@calls 7659 7659
@calls 7660 7659
@calls 7660 7660
@calls 7661 7660
@calls 7661 7661
@calls 7662 7661
@calls 7662 7662
@calls 7663 7662
@calls 7663 7663
@calls 7664 7663
@calls 7664 7664
@calls 7665 7664
@calls 7665 7665
@calls 7666 7665
@calls 7666 7666
@calls 7667 7666
@calls 7667 7667
@calls 7668 7667
@calls 7668 7668
@calls 7669 7668
@calls 7669 7669
@calls 7670 7669
@calls 7670 7670
@calls 7671 7670
@calls 7671 7671
@calls 7672 7671
@calls 7672 7672
@calls 7673 7672
@calls 7673 7673
@calls 7674 7673
@calls 7674 7674
@calls 7675 7674
@calls 7675 7675
@calls 7676 7675
@calls 7676 7676
@calls 7677 7676
@calls 7677 7677
@calls 7678 7677
@calls 7678 7678
@calls 7679 7678
@calls 7679 7679
@calls 7680 7679
@calls 7680 7680
@calls 7681 7680
@calls 7681 7681
@calls 7682 7681
@calls 7682 7682
@calls 7683 7682
@calls 7683 7683
@calls 7684 7683
@calls 7684 7684
@calls 7685 7684
@calls 7685 7685
@calls 7686 7685
@calls 7686 7686
@calls 7687 7686
@calls 7687 7687
@calls 7688 7687
@calls 7688 7688
@calls 7689 7688
@calls 7689 7689
@calls 7690 7689
@calls 7690 7690
@calls 7691 7690
@calls 7691 7691
@calls 7692 7691
@calls 7692 7692
@calls 7693 7692
@calls 7693 7693
@calls 7694 7693
@calls 7694 7694
@calls 7695 7694
@calls 7695 7695
@calls 7696 7695
@calls 7696 7696
@calls 7697 7696
@calls 7697 7697
@calls 7698 7697
@calls 7698 7698
@calls 7699 7698
@calls 7699 7699
@calls 7700 7699
@calls 7700 7700
@calls 7701 7700
@calls 7701 7701
@calls 7702 7701
@calls 7702 7702
@calls 7703 7702
@calls 7703 7703
@calls 7704 7703
@calls 7704 7704
@calls 7705 7704
@calls 7705 7705
@calls 7706 7705
@calls 7706 7706
@calls 7707 7706
@calls 7707 7707
@calls 7708 7707
@calls 7708 7708
@calls 7709 7708
@calls 7709 7709
@calls 7710 7709
@calls 7710 7710
@calls 7711 7710
@calls 7711 7711
@calls 7712 7711
@calls 7712 7712
@calls 7713 7712
@calls 7713 7713
@calls 7714 7713
@calls 7714 7714
@calls 7715 7714
@calls 7715 7715
@calls 7716 7715
@calls 7716 7716
@calls 7717 7716
@calls 7717 7717
@calls 7718 7717
@calls 7718 7718
@calls 7719 7718
@calls 7719 7719
@calls 7720 7719
@calls 7720 7720
@calls 7721 7720
@calls 7721 7721
@calls 7722 7721
@calls 7722 7722
@calls 7723 7722
@calls 7723 7723
@calls 7724 7723
@calls 7724 7724
@calls 7725 7724
@calls 7725 7725
@calls 7726 7725
@calls 7726 7726
@calls 7727 7726
@calls 7727 7727
@calls 7728 7727
@calls 7728 7728
@calls 7729 7728
@calls 7729 7729
@calls 7730 7729
@calls 7730 7730
@calls 7731 7730
@calls 7731 7731
@calls 7732 7731
@calls 7732 7732
@calls 7733 7732
@calls 7733 7733
@calls 7734 7733
@calls 7734 7734
@calls 7735 7734
@calls 7735 7735
@calls 7736 7735
@calls 7736 7736
@calls 7737 7736
@calls 7737 7737
@calls 7738 7737
@calls 7738 7738
@calls 7739 7738
@calls 7739 7739
@calls 7740 7739
@calls 7740 7740
@calls 7741 7740
@calls 7741 7741
@calls 7742 7741
@calls 7742 7742
@calls 7743 7742
@calls 7743 7743
@calls 7744 7743
@calls 7744 7744
@calls 7745 7744
@calls 7745 7745
@calls 7746 7745
@calls 7746 7746
@calls 7747 7746
@calls 7747 7747
@calls 7748 7747
@calls 7748 7748
@calls 7749 7748
@calls 7749 7749
@calls 7750 7749
@calls 7750 7750
@calls 7751 7750
@calls 7751 7751
@calls 7752 7751
@calls 7752 7752
@calls 7753 7752
@calls 7753 7753
@calls 7754 7753
@calls 7754 7754
@calls 7755 7754
@calls 7755 7755
@calls 7756 7755
@calls 7756 7756
@calls 7757 7756
@calls 7757 7757
@calls 7758 7757
@calls 7758 7758
@calls 7759 7758
@calls 7759 7759
@calls 7760 7759
@calls 7760 7760
@calls 7761 7760
@calls 7761 7761
@calls 7762 7761
@calls 7762 7762
@calls 7763 7762
@calls 7763 7763
@calls 7764 7763
@calls 7764 7764
@calls 7765 7764
@calls 7765 7765
@calls 7766 7765
@calls 7766 7766
@calls 7767 7766
@calls 7767 7767
@calls 7768 7767
@calls 7768 7768
@calls 7769 7768
@calls 7769 7769
@calls 7770 7769
@calls 7770 7770
@calls 7771 7770
@calls 7771 7771
@calls 7772 7771
@calls 7772 7772
@calls 7773 7772
@calls 7773 7773
@calls 7774 7773
@calls 7774 7774
@calls 7775 7774
@calls 7775 7775
@calls 7776 7775
@calls 7776 7776
@calls 7777 7776
@calls 7777 7777
@calls 7778 7777
@calls 7778 7778
@calls 7779 7778
@calls 7779 7779
@calls 7780 7779
@calls 7780 7780
@calls 7781 7780
@calls 7781 7781
@calls 7782 7781
@calls 7782 7782
@calls 7783 7782
@calls 7783 7783
@calls 7784 7783
@calls 7784 7784
@calls 7785 7784
@calls 7785 7785
@calls 7786 7785
@calls 7786 7786
@calls 7787 7786
@calls 7787 7787
@calls 7788 7787
@calls 7788 7788
@calls 7789 7788
@calls 7789 7789
@calls 7790 7789
@calls 7790 7790
@calls 7791 7790
@calls 7791 7791
@calls 7792 7791
@calls 7792 7792
@calls 7793 7792
@calls 7793 7793
@calls 7794 7793
@calls 7794 7794
@calls 7795 7794
@calls 7795 7795
@calls 7796 7795
@calls 7796 7796
@calls 7797 7796
@calls 7797 7797
@calls 7798 7797
@calls 7798 7798
@calls 7799 7798
@calls 7799 7799
@calls 7800 7799
@calls 7800 7800
@calls 7801 7800
@calls 7801 7801
@calls 7802 7801
@calls 7802 7802
@calls 7803 7802
@calls 7803 7803
@calls 7804 7803
@calls 7804 7804
@calls 7805 7804
@calls 7805 7805
@calls 7806 7805
@calls 7806 7806
@calls 7807 7806
@calls 7807 7807
@calls 7808 7807
@calls 7808 7808
@calls 7809 7808
@calls 7809 7809
@calls 7810 7809
@calls 7810 7810
@calls 7811 7810
@calls 7811 7811
@calls 7812 7811
@calls 7812 7812
@calls 7813 7812
@calls 7813 7813
@calls 7814 7813
@calls 7814 7814
@calls 7815 7814
@calls 7815 7815
@calls 7816 7815
@calls 7816 7816
@calls 7817 7816
@calls 7817 7817
@calls 7818 7817
@calls 7818 7818
@calls 7819 7818
@calls 7819 7819
@calls 7820 7819
@calls 7820 7820
@calls 7821 7820
@calls 7821 7821
@calls 7822 7821
@calls 7822 7822
@calls 7823 7822
@calls 7823 7823
@calls 7824 7823
@calls 7824 7824
@calls 7825 7824
@calls 7825 7825
@calls 7826 7825
@calls 7826 7826
@calls 7827 7826
@calls 7827 7827
@calls 7828 7827
@calls 7828 7828
@calls 7829 7828
@calls 7829 7829
@calls 7830 7829
@calls 7830 7830
@calls 7831 7830
@calls 7831 7831
@calls 7832 7831
@calls 7832 7832
@calls 7833 7832
@calls 7833 7833
@calls 7834 7833
@calls 7834 7834
@calls 7835 7834
@calls 7835 7835
@calls 7836 7835
@calls 7836 7836
@calls 7837 7836
@calls 7837 7837
@calls 7838 7837
@calls 7838 7838
@calls 7839 7838
@calls 7839 7839
@calls 7840 7839
@calls 7840 7840
@calls 7841 7840
@calls 7841 7841
@calls 7842 7841
@calls 7842 7842
@calls 7843 7842
@calls 7843 7843
@calls 7844 7843
@calls 7844 7844
@calls 7845 7844
@calls 7845 7845
@calls 7846 7845
@calls 7846 7846
@calls 7847 7846
@calls 7847 7847
@calls 7848 7847
@calls 7848 7848
@calls 7849 7848
@calls 7849 7849
@calls 7850 7849
@calls 7850 7850
@calls 7851 7850
@calls 7851 7851
@calls 7852 7851
@calls 7852 7852
@calls 7853 7852
@calls 7853 7853
@calls 7854 7853
@calls 7854 7854
@calls 7855 7854
@calls 7855 7855
@calls 7856 7855
@calls 7856 7856
@calls 7857 7856
@calls 7857 7857
@calls 7858 7857
@calls 7858 7858
@calls 7859 7858
@calls 7859 7859
@calls 7860 7859
@calls 7860 7860
@calls 7861 7860
@calls 7861 7861
@calls 7862 7861
@calls 7862 7862
@calls 7863 7862
@calls 7863 7863
@calls 7864 7863
@calls 7864 7864
@calls 7865 7864
@calls 7865 7865
@calls 7866 7865
@calls 7866 7866
@calls 7867 7866
@calls 7867 7867
@calls 7868 7867
@calls 7868 7868
@calls 7869 7868
@calls 7869 7869
@calls 7870 7869
@calls 7870 7870
@calls 7871 7870
@calls 7871 7871
@calls 7872 7871
@calls 7872 7872
@calls 7873 7872
@calls 7873 7873
@calls 7874 7873
@calls 7874 7874
@calls 7875 7874
@calls 7875 7875
@calls 7876 7875
@calls 7876 7876
@calls 7877 7876
@calls 7877 7877
@calls 7878 7877
@calls 7878 7878
@calls 7879 7878
@calls 7879 7879
@calls 7880 7879
@calls 7880 7880
@calls 7881 7880
@calls 7881 7881
@calls 7882 7881
@calls 7882 7882
@calls 7883 7882
@calls 7883 7883
@calls 7884 7883
@calls 7884 7884
@calls 7885 7884
@calls 7885 7885
@calls 7886 7885
@calls 7886 7886
@calls 7887 7886
@calls 7887 7887
@calls 7888 7887
@calls 7888 7888
@calls 7889 7888
@calls 7889 7889
@calls 7890 7889
@calls 7890 7890
@calls 7891 7890
@calls 7891 7891
@calls 7892 7891
@calls 7892 7892
@calls 7893 7892
@calls 7893 7893
@calls 7894 7893
@calls 7894 7894
@calls 7895 7894
@calls 7895 7895
@calls 7896 7895
@calls 7896 7896
@calls 7897 7896
@calls 7897 7897
@calls 7898 7897
@calls 7898 7898
@calls 7899 7898
@calls 7899 7899
@calls 7900 7899
@calls 7900 7900
@calls 7901 7900
@calls 7901 7901
@calls 7902 7901
@calls 7902 7902
@calls 7903 7902
@calls 7903 7903
@calls 7904 7903
@calls 7904 7904
@calls 7905 7904
@calls 7905 7905
@calls 7906 7905
@calls 7906 7906
@calls 7907 7906
@calls 7907 7907
@calls 7908 7907
@calls 7908 7908
@calls 7909 7908
@calls 7909 7909
@calls 7910 7909
@calls 7910 7910
@calls 7911 7910
@calls 7911 7911
@calls 7912 7911
@calls 7912 7912
@calls 7913 7912
@calls 7913 7913
@calls 7914 7913
@calls 7914 7914
@calls 7915 7914
@calls 7915 7915
@calls 7916 7915
@calls 7916 7916
@calls 7917 7916
@calls 7917 7917
@calls 7918 7917
@calls 7918 7918
@calls 7919 7918
@calls 7919 7919
@calls 7920 7919
@calls 7920 7920
@calls 7921 7920
@calls 7921 7921
@calls 7922 7921
@calls 7922 7922
@calls 7923 7922
@calls 7923 7923
@calls 7924 7923
@calls 7924 7924
@calls 7925 7924
@calls 7925 7925
@calls 7926 7925
@calls 7926 7926
@calls 7927 7926
@calls 7927 7927
@calls 7928 7927
@calls 7928 7928
@calls 7929 7928
@calls 7929 7929
@calls 7930 7929
@calls 7930 7930
@calls 7931 7930
@calls 7931 7931
@calls 7932 7931
@calls 7932 7932
@calls 7933 7932
@calls 7933 7933
@calls 7934 7933
@calls 7934 7934
@calls 7935 7934
@calls 7935 7935
@calls 7936 7935
@calls 7936 7936
@calls 7937 7936
@calls 7937 7937
@calls 7938 7937
@calls 7938 7938
@calls 7939 7938
@calls 7939 7939
@calls 7940 7939
@calls 7940 7940
@calls 7941 7940
@calls 7941 7941
@calls 7942 7941
@calls 7942 7942
@calls 7943 7942
@calls 7943 7943
@calls 7944 7943
@calls 7944 7944
@calls 7945 7944
@calls 7945 7945
@calls 7946 7945
@calls 7946 7946
@calls 7947 7946
@calls 7947 7947
@calls 7948 7947
@calls 7948 7948
@calls 7949 7948
@calls 7949 7949
@calls 7950 7949
@calls 7950 7950
@calls 7951 7950
@calls 7951 7951
@calls 7952 7951
@calls 7952 7952
@calls 7953 7952
@calls 7953 7953
@calls 7954 7953
@calls 7954 7954
@calls 7955 7954
@calls 7955 7955
@calls 7956 7955
@calls 7956 7956
@calls 7957 7956
@calls 7957 7957
@calls 7958 7957
@calls 7958 7958
@calls 7959 7958
@calls 7959 7959
@calls 7960 7959
@calls 7960 7960
@calls 7961 7960
@calls 7961 7961
@calls 7962 7961
@calls 7962 7962
@calls 7963 7962
@calls 7963 7963
@calls 7964 7963
@calls 7964 7964
@calls 7965 7964
@calls 7965 7965
@calls 7966 7965
@calls 7966 7966
@calls 7967 7966
@calls 7967 7967
@calls 7968 7967
@calls 7968 7968
@calls 7969 7968
@calls 7969 7969
@calls 7970 7969
@calls 7970 7970
@calls 7971 7970
@calls 7971 7971
@calls 7972 7971
@calls 7972 7972
@calls 7973 7972
@calls 7973 7973
@calls 7974 7973
@calls 7974 7974
@calls 7975 7974
@calls 7975 7975
@calls 7976 7975
@calls 7976 7976
@calls 7977 7976
@calls 7977 7977
@calls 7978 7977
@calls 7978 7978
@calls 7979 7978
@calls 7979 7979
@calls 7980 7979
@calls 7980 7980
@calls 7981 7980
@calls 7981 7981
@calls 7982 7981
@calls 7982 7982
@calls 7983 7982
@calls 7983 7983
@calls 7984 7983
@calls 7984 7984
@calls 7985 7984
@calls 7985 7985
@calls 7986 7985
@calls 7986 7986
@calls 7987 7986
@calls 7987 7987
@calls 7988 7987
@calls 7988 7988
@calls 7989 7988
@calls 7989 7989
@calls 7990 7989
@calls 7990 7990
@calls 7991 7990
@calls 7991 7991
@calls 7992 7991
@calls 7992 7992
@calls 7993 7992
@calls 7993 7993
@calls 7994 7993
@calls 7994 7994
@calls 7995 7994
@calls 7995 7995
@calls 7996 7995
@calls 7996 7996
@calls 7997 7996
@calls 7997 7997
@calls 7998 7997
@calls 7998 7998
@calls 7999 7998
@calls 7999 7999
@calls 8000 7999
@calls 8000 8000
@calls 8001 8000
@calls 8001 8001
@calls 8002 8001
@calls 8002 8002
@calls 8003 8002
@calls 8003 8003
@calls 8004 8003
@calls 8004 8004
@calls 8005 8004
@calls 8005 8005
@calls 8006 8005
@calls 8006 8006
@calls 8007 8006
@calls 8007 8007
@calls 8008 8007
@calls 8008 8008
@calls 8009 8008
@calls 8009 8009
@calls 8010 8009
@calls 8010 8010
@calls 8011 8010
@calls 8011 8011
@calls 8012 8011
@calls 8012 8012
@calls 8013 8012
@calls 8013 8013
@calls 8014 8013
@calls 8014 8014
@calls 8015 8014
@calls 8015 8015
@calls 8016 8015
@calls 8016 8016
@calls 8017 8016
@calls 8017 8017
@calls 8018 8017
@calls 8018 8018
@calls 8019 8018
@calls 8019 8019
@calls 8020 8019
@calls 8020 8020
@calls 8021 8020
@calls 8021 8021
@calls 8022 8021
@calls 8022 8022
@calls 8023 8022
@calls 8023 8023
@calls 8024 8023
@calls 8024 8024
@calls 8025 8024
@calls 8025 8025
@calls 8026 8025
@calls 8026 8026
@calls 8027 8026
@calls 8027 8027
@calls 8028 8027
@calls 8028 8028
@calls 8029 8028
@calls 8029 8029
@calls 8030 8029
@calls 8030 8030
@calls 8031 8030
@calls 8031 8031
@calls 8032 8031
@calls 8032 8032
@calls 8033 8032
@calls 8033 8033
@calls 8034 8033
@calls 8034 8034
@calls 8035 8034
@calls 8035 8035
@calls 8036 8035
@calls 8036 8036
@calls 8037 8036
@calls 8037 8037
@calls 8038 8037
@calls 8038 8038
@calls 8039 8038
@calls 8039 8039
@calls 8040 8039
@calls 8040 8040
@calls 8041 8040
@calls 8041 8041
@calls 8042 8041
@calls 8042 8042
@calls 8043 8042
@calls 8043 8043
@calls 8044 8043
@calls 8044 8044
@calls 8045 8044
@calls 8045 8045
@calls 8046 8045
@calls 8046 8046
@calls 8047 8046
@calls 8047 8047
@calls 8048 8047
@calls 8048 8048
@calls 8049 8048
@calls 8049 8049
@calls 8050 8049
@calls 8050 8050
@calls 8051 8050
@calls 8051 8051
@calls 8052 8051
@calls 8052 8052
@calls 8053 8052
@calls 8053 8053
@calls 8054 8053
@calls 8054 8054
@calls 8055 8054
@calls 8055 8055
@calls 8056 8055
@calls 8056 8056
@calls 8057 8056
@calls 8057 8057
@calls 8058 8057
@calls 8058 8058
@calls 8059 8058
@calls 8059 8059
@calls 8060 8059
@calls 8060 8060
@calls 8061 8060
@calls 8061 8061
@calls 8062 8061
@calls 8062 8062
@calls 8063 8062
@calls 8063 8063
@calls 8064 8063
@calls 8064 8064
@calls 8065 8064
@calls 8065 8065
@calls 8066 8065
@calls 8066 8066
@calls 8067 8066
@calls 8067 8067
@calls 8068 8067
@calls 8068 8068
@calls 8069 8068
@calls 8069 8069
@calls 8070 8069
@calls 8070 8070
@calls 8071 8070
@calls 8071 8071
@calls 8072 8071
@calls 8072 8072
@calls 8073 8072
@calls 8073 8073
@calls 8074 8073
@calls 8074 8074
@calls 8075 8074
@calls 8075 8075
@calls 8076 8075
@calls 8076 8076
@calls 8077 8076
@calls 8077 8077
@calls 8078 8077
@calls 8078 8078
@calls 8079 8078
@calls 8079 8079
@calls 8080 8079
@calls 8080 8080
@calls 8081 8080
@calls 8081 8081
@calls 8082 8081
@calls 8082 8082
@calls 8083 8082
@calls 8083 8083
@calls 8084 8083
@calls 8084 8084
@calls 8085 8084
@calls 8085 8085
@calls 8086 8085
@calls 8086 8086
@calls 8087 8086
@calls 8087 8087
@calls 8088 8087
@calls 8088 8088
@calls 8089 8088
@calls 8089 8089
@calls 8090 8089
@calls 8090 8090
@calls 8091 8090
@calls 8091 8091
@calls 8092 8091
@calls 8092 8092
@calls 8093 8092
@calls 8093 8093
@calls 8094 8093
@calls 8094 8094
@calls 8095 8094
@calls 8095 8095
@calls 8096 8095
@calls 8096 8096
@calls 8097 8096
@calls 8097 8097
@calls 8098 8097
@calls 8098 8098
@calls 8099 8098
@calls 8099 8099
@calls 8100 8099
@calls 8100 8100
@calls 8101 8100
@calls 8101 8101
@calls 8102 8101
@calls 8102 8102
@calls 8103 8102
@calls 8103 8103
@calls 8104 8103
@calls 8104 8104
@calls 8105 8104
@calls 8105 8105
@calls 8106 8105
@calls 8106 8106
@calls 8107 8106
@calls 8107 8107
@calls 8108 8107
@calls 8108 8108
@calls 8109 8108
@calls 8109 8109
@calls 8110 8109
@calls 8110 8110
@calls 8111 8110
@calls 8111 8111
@calls 8112 8111
@calls 8112 8112
@calls 8113 8112
@calls 8113 8113
@calls 8114 8113
@calls 8114 8114
@calls 8115 8114
@calls 8115 8115
@calls 8116 8115
@calls 8116 8116
@calls 8117 8116
@calls 8117 8117
@calls 8118 8117
@calls 8118 8118
@calls 8119 8118
@calls 8119 8119
@calls 8120 8119
@calls 8120 8120
@calls 8121 8120
@calls 8121 8121
@calls 8122 8121
@calls 8122 8122
@calls 8123 8122
@calls 8123 8123
@calls 8124 8123
@calls 8124 8124
@calls 8125 8124
@calls 8125 8125
@calls 8126 8125
@calls 8126 8126
@calls 8127 8126
@calls 8127 8127
@calls 8128 8127
@calls 8128 8128
@calls 8129 8128
@calls 8129 8129
@calls 8130 8129
@calls 8130 8130
@calls 8131 8130
@calls 8131 8131
@calls 8132 8131
@calls 8132 8132
@calls 8133 8132
@calls 8133 8133
@calls 8134 8133
@calls 8134 8134
@calls 8135 8134
@calls 8135 8135
@calls 8136 8135
@calls 8136 8136
@calls 8137 8136
@calls 8137 8137
@calls 8138 8137
@calls 8138 8138
@calls 8139 8138
@calls 8139 8139
@calls 8140 8139
@calls 8140 8140
@calls 8141 8140
@calls 8141 8141
@calls 8142 8141
@calls 8142 8142
@calls 8143 8142
@calls 8143 8143
@calls 8144 8143
@calls 8144 8144
@calls 8145 8144
@calls 8145 8145
@calls 8146 8145
@calls 8146 8146
@calls 8147 8146
@calls 8147 8147
@calls 8148 8147
@calls 8148 8148
@calls 8149 8148
@calls 8149 8149
@calls 8150 8149
@calls 8150 8150
@calls 8151 8150
@calls 8151 8151
@calls 8152 8151
@calls 8152 8152
@calls 8153 8152
@calls 8153 8153
@calls 8154 8153
@calls 8154 8154
@calls 8155 8154
@calls 8155 8155
@calls 8156 8155
@calls 8156 8156
@calls 8157 8156
@calls 8157 8157
@calls 8158 8157
@calls 8158 8158
@calls 8159 8158
@calls 8159 8159
@calls 8160 8159
@calls 8160 8160
@calls 8161 8160
@calls 8161 8161
@calls 8162 8161
@calls 8162 8162
@calls 8163 8162
@calls 8163 8163
@calls 8164 8163
@calls 8164 8164
@calls 8165 8164
@calls 8165 8165
@calls 8166 8165
@calls 8166 8166
@calls 8167 8166
@calls 8167 8167
@calls 8168 8167
@calls 8168 8168
@calls 8169 8168
@calls 8169 8169
@calls 8170 8169
@calls 8170 8170
@calls 8171 8170
@calls 8171 8171
@calls 8172 8171
@calls 8172 8172
@calls 8173 8172
@calls 8173 8173
@calls 8174 8173
@calls 8174 8174
@calls 8175 8174
@calls 8175 8175
@calls 8176 8175
@calls 8176 8176
@calls 8177 8176
@calls 8177 8177
@calls 8178 8177
@calls 8178 8178
@calls 8179 8178
@calls 8179 8179
@calls 8180 8179
@calls 8180 8180
@calls 8181 8180
@calls 8181 8181
@calls 8182 8181
@calls 8182 8182
@calls 8183 8182
@calls 8183 8183
@calls 8184 8183
@calls 8184 8184
@calls 8185 8184
@calls 8185 8185
@calls 8186 8185
@calls 8186 8186
@calls 8187 8186
@calls 8187 8187
@calls 8188 8187
@calls 8188 8188
@calls 8189 8188
@calls 8189 8189
@calls 8190 8189
@calls 8190 8190
@calls 8191 8190
@calls 8191 8191
@calls 8192 8191
@calls 8192 8192
@calls 8193 8192
@calls 8193 8193
@calls 8194 8193
@calls 8194 8194
@calls 8195 8194
@calls 8195 8195
@calls 8196 8195
@calls 8196 8196
@calls 8197 8196
@calls 8197 8197
@calls 8198 8197
@calls 8198 8198
@calls 8199 8198
@calls 8199 8199
@calls 8200 8199
@calls 8200 8200
@calls 8201 8200
@calls 8201 8201
@calls 8202 8201
@calls 8202 8202
@calls 8203 8202
@calls 8203 8203
@calls 8204 8203
@calls 8204 8204
@calls 8205 8204
@calls 8205 8205
@calls 8206 8205
@calls 8206 8206
@calls 8207 8206
@calls 8207 8207
@calls 8208 8207
@calls 8208 8208
@calls 8209 8208
@calls 8209 8209
@calls 8210 8209
@calls 8210 8210
@calls 8211 8210
@calls 8211 8211
@calls 8212 8211
@calls 8212 8212
@calls 8213 8212
@calls 8213 8213
@calls 8214 8213
@calls 8214 8214
@calls 8215 8214
@calls 8215 8215
@calls 8216 8215
@calls 8216 8216
@calls 8217 8216
@calls 8217 8217
@calls 8218 8217
@calls 8218 8218
@calls 8219 8218
@calls 8219 8219
@calls 8220 8219
@calls 8220 8220
@calls 8221 8220
@calls 8221 8221
@calls 8222 8221
@calls 8222 8222
@calls 8223 8222
@calls 8223 8223
@calls 8224 8223
@calls 8224 8224
@calls 8225 8224
@calls 8225 8225
@calls 8226 8225
@calls 8226 8226
@calls 8227 8226
@calls 8227 8227
@calls 8228 8227
@calls 8228 8228
@calls 8229 8228
@calls 8229 8229
@calls 8230 8229
@calls 8230 8230
@calls 8231 8230
@calls 8231 8231
@calls 8232 8231
@calls 8232 8232
@calls 8233 8232
@calls 8233 8233
@calls 8234 8233
@calls 8234 8234
@calls 8235 8234
@calls 8235 8235
@calls 8236 8235
@calls 8236 8236
@calls 8237 8236
@calls 8237 8237
@calls 8238 8237
@calls 8238 8238
@calls 8239 8238
@calls 8239 8239
@calls 8240 8239
@calls 8240 8240
@calls 8241 8240
@calls 8241 8241
@calls 8242 8241
@calls 8242 8242
@calls 8243 8242
@calls 8243 8243
@calls 8244 8243
@calls 8244 8244
@calls 8245 8244
@calls 8245 8245
@calls 8246 8245
@calls 8246 8246
@calls 8247 8246
@calls 8247 8247
@calls 8248 8247
@calls 8248 8248
@calls 8249 8248
@calls 8249 8249
@calls 8250 8249
@calls 8250 8250
@calls 8251 8250
@calls 8251 8251
@calls 8252 8251
@calls 8252 8252
@calls 8253 8252
@calls 8253 8253
@calls 8254 8253
@calls 8254 8254
@calls 8255 8254
@calls 8255 8255
@calls 8256 8255
@calls 8256 8256
@calls 8257 8256
@calls 8257 8257
@calls 8258 8257
@calls 8258 8258
@calls 8259 8258
@calls 8259 8259
@calls 8260 8259
@calls 8260 8260
@calls 8261 8260
@calls 8261 8261
@calls 8262 8261
@calls 8262 8262
@calls 8263 8262
@calls 8263 8263
@calls 8264 8263
@calls 8264 8264
@calls 8265 8264
@calls 8265 8265
@calls 8266 8265
@calls 8266 8266
@calls 8267 8266
@calls 8267 8267
@calls 8268 8267
@calls 8268 8268
@calls 8269 8268
@calls 8269 8269
@calls 8270 8269
@calls 8270 8270
@calls 8271 8270
@calls 8271 8271
@calls 8272 8271
@calls 8272 8272
@calls 8273 8272
@calls 8273 8273
@calls 8274 8273
@calls 8274 8274
@calls 8275 8274
@calls 8275 8275
@calls 8276 8275
@calls 8276 8276
@calls 8277 8276
@calls 8277 8277
@calls 8278 8277
@calls 8278 8278
@calls 8279 8278
@calls 8279 8279
@calls 8280 8279
@calls 8280 8280
@calls 8281 8280
@calls 8281 8281
@calls 8282 8281
@calls 8282 8282
@calls 8283 8282
@calls 8283 8283
@calls 8284 8283
@calls 8284 8284
@calls 8285 8284
@calls 8285 8285
@calls 8286 8285
@calls 8286 8286
@calls 8287 8286
@calls 8287 8287
@calls 8288 8287
@calls 8288 8288
@calls 8289 8288
@calls 8289 8289
@calls 8290 8289
@calls 8290 8290
@calls 8291 8290
@calls 8291 8291
@calls 8292 8291
@calls 8292 8292
@calls 8293 8292
@calls 8293 8293
@calls 8294 8293
@calls 8294 8294
@calls 8295 8294
@calls 8295 8295
@calls 8296 8295
@calls 8296 8296
@calls 8297 8296
@calls 8297 8297
@calls 8298 8297
@calls 8298 8298
@calls 8299 8298
@calls 8299 8299
@calls 8300 8299
@calls 8300 8300
@calls 8301 8300
@calls 8301 8301
@calls 8302 8301
@calls 8302 8302
@calls 8303 8302
@calls 8303 8303
@calls 8304 8303
@calls 8304 8304
@calls 8305 8304
@calls 8305 8305
@calls 8306 8305
@calls 8306 8306
@calls 8307 8306
@calls 8307 8307
@calls 8308 8307
@calls 8308 8308
@calls 8309 8308
@calls 8309 8309
@calls 8310 8309
@calls 8310 8310
@calls 8311 8310
@calls 8311 8311
@calls 8312 8311
@calls 8312 8312
@calls 8313 8312
@calls 8313 8313
@calls 8314 8313
@calls 8314 8314
@calls 8315 8314
@calls 8315 8315
@calls 8316 8315
@calls 8316 8316
@calls 8317 8316
@calls 8317 8317
@calls 8318 8317
@calls 8318 8318
@calls 8319 8318
@calls 8319 8319
@calls 8320 8319
@calls 8320 8320
@calls 8321 8320
@calls 8321 8321
@calls 8322 8321
@calls 8322 8322
@calls 8323 8322
@calls 8323 8323
@calls 8324 8323
@calls 8324 8324
@calls 8325 8324
@calls 8325 8325
@calls 8326 8325
@calls 8326 8326
@calls 8327 8326
@calls 8327 8327
@calls 8328 8327
@calls 8328 8328
@calls 8329 8328
@calls 8329 8329
@calls 8330 8329
@calls 8330 8330
@calls 8331 8330
@calls 8331 8331
@calls 8332 8331
@calls 8332 8332
@calls 8333 8332
@calls 8333 8333
@calls 8334 8333
@calls 8334 8334
@calls 8335 8334
@calls 8335 8335
@calls 8336 8335
@calls 8336 8336
@calls 8337 8336
@calls 8337 8337
@calls 8338 8337
@calls 8338 8338
@calls 8339 8338
@calls 8339 8339
@calls 8340 8339
@calls 8340 8340
@calls 8341 8340
@calls 8341 8341
@calls 8342 8341
@calls 8342 8342
@calls 8343 8342
@calls 8343 8343
@calls 8344 8343
@calls 8344 8344
@calls 8345 8344
@calls 8345 8345
@calls 8346 8345
@calls 8346 8346
@calls 8347 8346
@calls 8347 8347
@calls 8348 8347
@calls 8348 8348
@calls 8349 8348
@calls 8349 8349
@calls 8350 8349
@calls 8350 8350
@calls 8351 8350
@calls 8351 8351
@calls 8352 8351
@calls 8352 8352
@calls 8353 8352
@calls 8353 8353
@calls 8354 8353
@calls 8354 8354
@calls 8355 8354
@calls 8355 8355
@calls 8356 8355
@calls 8356 8356
@calls 8357 8356
@calls 8357 8357
@calls 8358 8357
@calls 8358 8358
@calls 8359 8358
@calls 8359 8359
@calls 8360 8359
@calls 8360 8360
@calls 8361 8360
@calls 8361 8361
@calls 8362 8361
@calls 8362 8362
@calls 8363 8362
@calls 8363 8363
@calls 8364 8363
@calls 8364 8364
@calls 8365 8364
@calls 8365 8365
@calls 8366 8365
@calls 8366 8366
@calls 8367 8366
@calls 8367 8367
@calls 8368 8367
@calls 8368 8368
@calls 8369 8368
@calls 8369 8369
@calls 8370 8369
@calls 8370 8370
@calls 8371 8370
@calls 8371 8371
@calls 8372 8371
@calls 8372 8372
@calls 8373 8372
@calls 8373 8373
@calls 8374 8373
@calls 8374 8374
@calls 8375 8374
@calls 8375 8375
@calls 8376 8375
@calls 8376 8376
@calls 8377 8376
@calls 8377 8377
@calls 8378 8377
@calls 8378 8378
@calls 8379 8378
@calls 8379 8379
@calls 8380 8379
@calls 8380 8380
@calls 8381 8380
@calls 8381 8381
@calls 8382 8381
@calls 8382 8382
@calls 8383 8382
@calls 8383 8383
@calls 8384 8383
@calls 8384 8384
@calls 8385 8384
@calls 8385 8385
@calls 8386 8385
@calls 8386 8386
@calls 8387 8386
@calls 8387 8387
@calls 8388 8387
@calls 8388 8388
@calls 8389 8388
@calls 8389 8389
@calls 8390 8389
@calls 8390 8390
@calls 8391 8390
@calls 8391 8391
@calls 8392 8391
@calls 8392 8392
@calls 8393 8392
@calls 8393 8393
@calls 8394 8393
@calls 8394 8394
@calls 8395 8394
@calls 8395 8395
@calls 8396 8395
@calls 8396 8396
@calls 8397 8396
@calls 8397 8397
@calls 8398 8397
@calls 8398 8398
@calls 8399 8398
@calls 8399 8399
@calls 8400 8399
@calls 8400 8400
@calls 8401 8400
@calls 8401 8401
@calls 8402 8401
@calls 8402 8402
@calls 8403 8402
@calls 8403 8403
@calls 8404 8403
@calls 8404 8404
@calls 8405 8404
@calls 8405 8405
@calls 8406 8405
@calls 8406 8406
@calls 8407 8406
@calls 8407 8407
@calls 8408 8407
@calls 8408 8408
@calls 8409 8408
@calls 8409 8409
@calls 8410 8409
@calls 8410 8410
@calls 8411 8410
@calls 8411 8411
@calls 8412 8411
@calls 8412 8412
@calls 8413 8412
@calls 8413 8413
@calls 8414 8413
@calls 8414 8414
@calls 8415 8414
@calls 8415 8415
@calls 8416 8415
@calls 8416 8416
@calls 8417 8416
@calls 8417 8417
@calls 8418 8417
@calls 8418 8418
@calls 8419 8418
@calls 8419 8419
@calls 8420 8419
@calls 8420 8420
@calls 8421 8420
@calls 8421 8421
@calls 8422 8421
@calls 8422 8422
@calls 8423 8422
@calls 8423 8423
@calls 8424 8423
@calls 8424 8424
@calls 8425 8424
@calls 8425 8425
@calls 8426 8425
@calls 8426 8426
@calls 8427 8426
@calls 8427 8427
@calls 8428 8427
@calls 8428 8428
@calls 8429 8428
@calls 8429 8429
@calls 8430 8429
@calls 8430 8430
@calls 8431 8430
@calls 8431 8431
@calls 8432 8431
@calls 8432 8432
@calls 8433 8432
@calls 8433 8433
@calls 8434 8433
@calls 8434 8434
@calls 8435 8434
@calls 8435 8435
@calls 8436 8435
@calls 8436 8436
@calls 8437 8436
@calls 8437 8437
@calls 8438 8437
@calls 8438 8438
@calls 8439 8438
@calls 8439 8439
@calls 8440 8439
@calls 8440 8440
@calls 8441 8440
@calls 8441 8441
@calls 8442 8441
@calls 8442 8442
@calls 8443 8442
@calls 8443 8443
@calls 8444 8443
@calls 8444 8444
@calls 8445 8444
@calls 8445 8445
@calls 8446 8445
@calls 8446 8446
@calls 8447 8446
@calls 8447 8447
@calls 8448 8447
@calls 8448 8448
@calls 8449 8448
@calls 8449 8449
@calls 8450 8449
@calls 8450 8450
@calls 8451 8450
@calls 8451 8451
@calls 8452 8451
@calls 8452 8452
@calls 8453 8452
@calls 8453 8453
@calls 8454 8453
@calls 8454 8454
@calls 8455 8454
@calls 8455 8455
@calls 8456 8455
@calls 8456 8456
@calls 8457 8456
@calls 8457 8457
@calls 8458 8457
@calls 8458 8458
@calls 8459 8458
@calls 8459 8459
@calls 8460 8459
@calls 8460 8460
@calls 8461 8460
@calls 8461 8461
@calls 8462 8461
@calls 8462 8462
@calls 8463 8462
@calls 8463 8463
@calls 8464 8463
@calls 8464 8464
@calls 8465 8464
@calls 8465 8465
@calls 8466 8465
@calls 8466 8466
@calls 8467 8466
@calls 8467 8467
@calls 8468 8467
@calls 8468 8468
@calls 8469 8468
@calls 8469 8469
@calls 8470 8469
@calls 8470 8470
@calls 8471 8470
@calls 8471 8471
@calls 8472 8471
@calls 8472 8472
@calls 8473 8472
@calls 8473 8473
@calls 8474 8473
@calls 8474 8474
@calls 8475 8474
@calls 8475 8475
@calls 8476 8475
@calls 8476 8476
@calls 8477 8476
@calls 8477 8477
@calls 8478 8477
@calls 8478 8478
@calls 8479 8478
@calls 8479 8479
@calls 8480 8479
@calls 8480 8480
@calls 8481 8480
@calls 8481 8481
@calls 8482 8481
@calls 8482 8482
@calls 8483 8482
@calls 8483 8483
@calls 8484 8483
@calls 8484 8484
@calls 8485 8484
@calls 8485 8485
@calls 8486 8485
@calls 8486 8486
@calls 8487 8486
@calls 8487 8487
@calls 8488 8487
@calls 8488 8488
@calls 8489 8488
@calls 8489 8489
@calls 8490 8489
@calls 8490 8490
@calls 8491 8490
@calls 8491 8491
@calls 8492 8491
@calls 8492 8492
@calls 8493 8492
@calls 8493 8493
@calls 8494 8493
@calls 8494 8494
@calls 8495 8494
@calls 8495 8495
@calls 8496 8495
@calls 8496 8496
@calls 8497 8496
@calls 8497 8497
@calls 8498 8497
@calls 8498 8498
@calls 8499 8498
@calls 8499 8499
@calls 8500 8499
@calls 8500 8500
@calls 8501 8500
@calls 8501 8501
@calls 8502 8501
@calls 8502 8502
@calls 8503 8502
@calls 8503 8503
@calls 8504 8503
@calls 8504 8504
@calls 8505 8504
@calls 8505 8505
@calls 8506 8505
@calls 8506 8506
@calls 8507 8506
@calls 8507 8507
@calls 8508 8507
@calls 8508 8508
@calls 8509 8508
@calls 8509 8509
@calls 8510 8509
@calls 8510 8510
@calls 8511 8510
@calls 8511 8511
@calls 8512 8511
@calls 8512 8512
@calls 8513 8512
@calls 8513 8513
@calls 8514 8513
@calls 8514 8514
@calls 8515 8514
@calls 8515 8515
@calls 8516 8515
@calls 8516 8516
@calls 8517 8516
@calls 8517 8517
@calls 8518 8517
@calls 8518 8518
@calls 8519 8518
@calls 8519 8519
@calls 8520 8519
@calls 8520 8520
@calls 8521 8520
@calls 8521 8521
@calls 8522 8521
@calls 8522 8522
@calls 8523 8522
@calls 8523 8523
@calls 8524 8523
@calls 8524 8524
@calls 8525 8524
@calls 8525 8525
@calls 8526 8525
@calls 8526 8526
@calls 8527 8526
@calls 8527 8527
@calls 8528 8527
@calls 8528 8528
@calls 8529 8528
@calls 8529 8529
@calls 8530 8529
@calls 8530 8530
@calls 8531 8530
@calls 8531 8531
@calls 8532 8531
@calls 8532 8532
@calls 8533 8532
@calls 8533 8533
@calls 8534 8533
@calls 8534 8534
@calls 8535 8534
@calls 8535 8535
@calls 8536 8535
@calls 8536 8536
@calls 8537 8536
@calls 8537 8537
@calls 8538 8537
@calls 8538 8538
@calls 8539 8538
@calls 8539 8539
@calls 8540 8539
@calls 8540 8540
@calls 8541 8540
@calls 8541 8541
@calls 8542 8541
@calls 8542 8542
@calls 8543 8542
@calls 8543 8543
@calls 8544 8543
@calls 8544 8544
@calls 8545 8544
@calls 8545 8545
@calls 8546 8545
@calls 8546 8546
@calls 8547 8546
@calls 8547 8547
@calls 8548 8547
@calls 8548 8548
@calls 8549 8548
@calls 8549 8549
@calls 8550 8549
@calls 8550 8550
@calls 8551 8550
@calls 8551 8551
@calls 8552 8551
@calls 8552 8552
@calls 8553 8552
@calls 8553 8553
@calls 8554 8553
@calls 8554 8554
@calls 8555 8554
@calls 8555 8555
@calls 8556 8555
@calls 8556 8556
@calls 8557 8556
@calls 8557 8557
@calls 8558 8557
@calls 8558 8558
@calls 8559 8558
@calls 8559 8559
@calls 8560 8559
@calls 8560 8560
@calls 8561 8560
@calls 8561 8561
@calls 8562 8561
@calls 8562 8562
@calls 8563 8562
@calls 8563 8563
@calls 8564 8563
@calls 8564 8564
@calls 8565 8564
@calls 8565 8565
@calls 8566 8565
@calls 8566 8566
@calls 8567 8566
@calls 8567 8567
@calls 8568 8567
@calls 8568 8568
@calls 8569 8568
@calls 8569 8569
@calls 8570 8569
@calls 8570 8570
@calls 8571 8570
@calls 8571 8571
@calls 8572 8571
@calls 8572 8572
@calls 8573 8572
@calls 8573 8573
@calls 8574 8573
@calls 8574 8574
@calls 8575 8574
@calls 8575 8575
@calls 8576 8575
@calls 8576 8576
@calls 8577 8576
@calls 8577 8577
@calls 8578 8577
@calls 8578 8578
@calls 8579 8578
@calls 8579 8579
@calls 8580 8579
@calls 8580 8580
@calls 8581 8580
@calls 8581 8581
@calls 8582 8581
@calls 8582 8582
@calls 8583 8582
@calls 8583 8583
@calls 8584 8583
@calls 8584 8584
@calls 8585 8584
@calls 8585 8585
@calls 8586 8585
@calls 8586 8586
@calls 8587 8586
@calls 8587 8587
@calls 8588 8587
@calls 8588 8588
@calls 8589 8588
@calls 8589 8589
@calls 8590 8589
@calls 8590 8590
@calls 8591 8590
@calls 8591 8591
@calls 8592 8591
@calls 8592 8592
@calls 8593 8592
@calls 8593 8593
@calls 8594 8593
@calls 8594 8594
@calls 8595 8594
@calls 8595 8595
@calls 8596 8595
@calls 8596 8596
@calls 8597 8596
@calls 8597 8597
@calls 8598 8597
@calls 8598 8598
@calls 8599 8598
@calls 8599 8599
@calls 8600 8599
@calls 8600 8600
@calls 8601 8600
@calls 8601 8601
@calls 8602 8601
@calls 8602 8602
@calls 8603 8602
@calls 8603 8603
@calls 8604 8603
@calls 8604 8604
@calls 8605 8604
@calls 8605 8605
@calls 8606 8605
@calls 8606 8606
@calls 8607 8606
@calls 8607 8607
@calls 8608 8607
@calls 8608 8608
@calls 8609 8608
@calls 8609 8609
@calls 8610 8609
@calls 8610 8610
@calls 8611 8610
@calls 8611 8611
@calls 8612 8611
@calls 8612 8612
@calls 8613 8612
@calls 8613 8613
@calls 8614 8613
@calls 8614 8614
@calls 8615 8614
@calls 8615 8615
@calls 8616 8615
@calls 8616 8616
@calls 8617 8616
@calls 8617 8617
@calls 8618 8617
@calls 8618 8618
@calls 8619 8618
@calls 8619 8619
@calls 8620 8619
@calls 8620 8620
@calls 8621 8620
@calls 8621 8621
@calls 8622 8621
@calls 8622 8622
@calls 8623 8622
@calls 8623 8623
@calls 8624 8623
@calls 8624 8624
@calls 8625 8624
@calls 8625 8625
@calls 8626 8625
@calls 8626 8626
@calls 8627 8626
@calls 8627 8627
@calls 8628 8627
@calls 8628 8628
@calls 8629 8628
@calls 8629 8629
@calls 8630 8629
@calls 8630 8630
@calls 8631 8630
@calls 8631 8631
@calls 8632 8631
@calls 8632 8632
@calls 8633 8632
@calls 8633 8633
@calls 8634 8633
@calls 8634 8634
@calls 8635 8634
@calls 8635 8635
@calls 8636 8635
@calls 8636 8636
@calls 8637 8636
@calls 8637 8637
@calls 8638 8637
@calls 8638 8638
@calls 8639 8638
@calls 8639 8639
@calls 8640 8639
@calls 8640 8640
@calls 8641 8640
@calls 8641 8641
@calls 8642 8641
@calls 8642 8642
@calls 8643 8642
@calls 8643 8643
@calls 8644 8643
@calls 8644 8644
@calls 8645 8644
@calls 8645 8645
@calls 8646 8645
@calls 8646 8646
@calls 8647 8646
@calls 8647 8647
@calls 8648 8647
@calls 8648 8648
@calls 8649 8648
@calls 8649 8649
@calls 8650 8649
@calls 8650 8650
@calls 8651 8650
@calls 8651 8651
@calls 8652 8651
@calls 8652 8652
@calls 8653 8652
@calls 8653 8653
@calls 8654 8653
@calls 8654 8654
@calls 8655 8654
@calls 8655 8655
@calls 8656 8655
@calls 8656 8656
@calls 8657 8656
@calls 8657 8657
@calls 8658 8657
@calls 8658 8658
@calls 8659 8658
@calls 8659 8659
@calls 8660 8659
@calls 8660 8660
@calls 8661 8660
@calls 8661 8661
@calls 8662 8661
@calls 8662 8662
@calls 8663 8662
@calls 8663 8663
@calls 8664 8663
@calls 8664 8664
@calls 8665 8664
@calls 8665 8665
@calls 8666 8665
@calls 8666 8666
@calls 8667 8666
@calls 8667 8667
@calls 8668 8667
@calls 8668 8668
@calls 8669 8668
@calls 8669 8669
@calls 8670 8669
@calls 8670 8670
@calls 8671 8670
@calls 8671 8671
@calls 8672 8671
@calls 8672 8672
@calls 8673 8672
@calls 8673 8673
@calls 8674 8673
@calls 8674 8674
@calls 8675 8674
@calls 8675 8675
@calls 8676 8675
@calls 8676 8676
@calls 8677 8676
@calls 8677 8677
@calls 8678 8677
@calls 8678 8678
@calls 8679 8678
@calls 8679 8679
@calls 8680 8679
@calls 8680 8680
@calls 8681 8680
@calls 8681 8681
@calls 8682 8681
@calls 8682 8682
@calls 8683 8682
@calls 8683 8683
@calls 8684 8683
@calls 8684 8684
@calls 8685 8684
@calls 8685 8685
@calls 8686 8685
@calls 8686 8686
@calls 8687 8686
@calls 8687 8687
@calls 8688 8687
@calls 8688 8688
@calls 8689 8688
@calls 8689 8689
@calls 8690 8689
@calls 8690 8690
@calls 8691 8690
@calls 8691 8691
@calls 8692 8691
@calls 8692 8692
@calls 8693 8692
@calls 8693 8693
@calls 8694 8693
@calls 8694 8694
@calls 8695 8694
@calls 8695 8695
@calls 8696 8695
@calls 8696 8696
@calls 8697 8696
@calls 8697 8697
@calls 8698 8697
@calls 8698 8698
@calls 8699 8698
@calls 8699 8699
@calls 8700 8699
@calls 8700 8700
@calls 8701 8700
@calls 8701 8701
@calls 8702 8701
@calls 8702 8702
@calls 8703 8702
@calls 8703 8703
@calls 8704 8703
@calls 8704 8704
@calls 8705 8704
@calls 8705 8705
@calls 8706 8705
@calls 8706 8706
@calls 8707 8706
@calls 8707 8707
@calls 8708 8707
@calls 8708 8708
@calls 8709 8708
@calls 8709 8709
@calls 8710 8709
@calls 8710 8710
@calls 8711 8710
@calls 8711 8711
@calls 8712 8711
@calls 8712 8712
@calls 8713 8712
@calls 8713 8713
@calls 8714 8713
@calls 8714 8714
@calls 8715 8714
@calls 8715 8715
@calls 8716 8715
@calls 8716 8716
@calls 8717 8716
@calls 8717 8717
@calls 8718 8717
@calls 8718 8718
@calls 8719 8718
@calls 8719 8719
@calls 8720 8719
@calls 8720 8720
@calls 8721 8720
@calls 8721 8721
@calls 8722 8721
@calls 8722 8722
@calls 8723 8722
@calls 8723 8723
@calls 8724 8723
@calls 8724 8724
@calls 8725 8724
@calls 8725 8725
@calls 8726 8725
@calls 8726 8726
@calls 8727 8726
@calls 8727 8727
@calls 8728 8727
@calls 8728 8728
@calls 8729 8728
@calls 8729 8729
@calls 8730 8729
@calls 8730 8730
@calls 8731 8730
@calls 8731 8731
@calls 8732 8731
@calls 8732 8732
@calls 8733 8732
@calls 8733 8733
@calls 8734 8733
@calls 8734 8734
@calls 8735 8734
@calls 8735 8735
@calls 8736 8735
@calls 8736 8736
@calls 8737 8736
@calls 8737 8737
@calls 8738 8737
@calls 8738 8738
@calls 8739 8738
@calls 8739 8739
@calls 8740 8739
@calls 8740 8740
@calls 8741 8740
@calls 8741 8741
@calls 8742 8741
@calls 8742 8742
@calls 8743 8742
@calls 8743 8743
@calls 8744 8743
@calls 8744 8744
@calls 8745 8744
@calls 8745 8745
@calls 8746 8745
@calls 8746 8746
@calls 8747 8746
@calls 8747 8747
@calls 8748 8747
@calls 8748 8748
@calls 8749 8748
@calls 8749 8749
@calls 8750 8749
@calls 8750 8750
@calls 8751 8750
@calls 8751 8751
@calls 8752 8751
@calls 8752 8752
@calls 8753 8752
@calls 8753 8753
@calls 8754 8753
@calls 8754 8754
@calls 8755 8754
@calls 8755 8755
@calls 8756 8755
@calls 8756 8756
@calls 8757 8756
@calls 8757 8757
@calls 8758 8757
@calls 8758 8758
@calls 8759 8758
@calls 8759 8759
@calls 8760 8759
@calls 8760 8760
@calls 8761 8760
@calls 8761 8761
@calls 8762 8761
@calls 8762 8762
@calls 8763 8762
@calls 8763 8763
@calls 8764 8763
@calls 8764 8764
@calls 8765 8764
@calls 8765 8765
@calls 8766 8765
@calls 8766 8766
@calls 8767 8766
@calls 8767 8767
@calls 8768 8767
@calls 8768 8768
@calls 8769 8768
@calls 8769 8769
@calls 8770 8769
@calls 8770 8770
@calls 8771 8770
@calls 8771 8771
@calls 8772 8771
@calls 8772 8772
@calls 8773 8772
@calls 8773 8773
@calls 8774 8773
@calls 8774 8774
@calls 8775 8774
@calls 8775 8775
@calls 8776 8775
@calls 8776 8776
@calls 8777 8776
@calls 8777 8777
@calls 8778 8777
@calls 8778 8778
@calls 8779 8778
@calls 8779 8779
@calls 8780 8779
@calls 8780 8780
@calls 8781 8780
@calls 8781 8781
@calls 8782 8781
@calls 8782 8782
@calls 8783 8782
@calls 8783 8783
@calls 8784 8783
@calls 8784 8784
@calls 8785 8784
@calls 8785 8785
@calls 8786 8785
@calls 8786 8786
@calls 8787 8786
@calls 8787 8787
@calls 8788 8787
@calls 8788 8788
@calls 8789 8788
@calls 8789 8789
@calls 8790 8789
@calls 8790 8790
@calls 8791 8790
@calls 8791 8791
@calls 8792 8791
@calls 8792 8792
@calls 8793 8792
@calls 8793 8793
@calls 8794 8793
@calls 8794 8794
@calls 8795 8794
@calls 8795 8795
@calls 8796 8795
@calls 8796 8796
@calls 8797 8796
@calls 8797 8797
@calls 8798 8797
@calls 8798 8798
@calls 8799 8798
@calls 8799 8799
@calls 8800 8799
@calls 8800 8800
@calls 8801 8800
@calls 8801 8801
@calls 8802 8801
@calls 8802 8802
@calls 8803 8802
@calls 8803 8803
@calls 8804 8803
@calls 8804 8804
@calls 8805 8804
@calls 8805 8805
@calls 8806 8805
@calls 8806 8806
@calls 8807 8806
@calls 8807 8807
@calls 8808 8807
@calls 8808 8808
@calls 8809 8808
@calls 8809 8809
@calls 8810 8809
@calls 8810 8810
@calls 8811 8810
@calls 8811 8811
@calls 8812 8811
@calls 8812 8812
@calls 8813 8812
@calls 8813 8813
@calls 8814 8813
@calls 8814 8814
@calls 8815 8814
@calls 8815 8815
@calls 8816 8815
@calls 8816 8816
@calls 8817 8816
@calls 8817 8817
@calls 8818 8817
@calls 8818 8818
@calls 8819 8818
@calls 8819 8819
@calls 8820 8819
@calls 8820 8820
@calls 8821 8820
@calls 8821 8821
@calls 8822 8821
@calls 8822 8822
@calls 8823 8822
@calls 8823 8823
@calls 8824 8823
@calls 8824 8824
@calls 8825 8824
@calls 8825 8825
@calls 8826 8825
@calls 8826 8826
@calls 8827 8826
@calls 8827 8827
@calls 8828 8827
@calls 8828 8828
@calls 8829 8828
@calls 8829 8829
@calls 8830 8829
@calls 8830 8830
@calls 8831 8830
@calls 8831 8831
@calls 8832 8831
@calls 8832 8832
@calls 8833 8832
@calls 8833 8833
@calls 8834 8833
@calls 8834 8834
@calls 8835 8834
@calls 8835 8835
@calls 8836 8835
@calls 8836 8836
@calls 8837 8836
@calls 8837 8837
@calls 8838 8837
@calls 8838 8838
@calls 8839 8838
@calls 8839 8839
@calls 8840 8839
@calls 8840 8840
@calls 8841 8840
@calls 8841 8841
@calls 8842 8841
@calls 8842 8842
@calls 8843 8842
@calls 8843 8843
@calls 8844 8843
@calls 8844 8844
@calls 8845 8844
@calls 8845 8845
@calls 8846 8845
@calls 8846 8846
@calls 8847 8846
@calls 8847 8847
@calls 8848 8847
@calls 8848 8848
@calls 8849 8848
@calls 8849 8849
@calls 8850 8849
@calls 8850 8850
@calls 8851 8850
@calls 8851 8851
@calls 8852 8851
@calls 8852 8852
@calls 8853 8852
@calls 8853 8853
@calls 8854 8853
@calls 8854 8854
@calls 8855 8854
@calls 8855 8855
@calls 8856 8855
@calls 8856 8856
@calls 8857 8856
@calls 8857 8857
@calls 8858 8857
@calls 8858 8858
@calls 8859 8858
@calls 8859 8859
@calls 8860 8859
@calls 8860 8860
@calls 8861 8860
@calls 8861 8861
@calls 8862 8861
@calls 8862 8862
@calls 8863 8862
@calls 8863 8863
@calls 8864 8863
@calls 8864 8864
@calls 8865 8864
@calls 8865 8865
@calls 8866 8865
@calls 8866 8866
@calls 8867 8866
@calls 8867 8867
@calls 8868 8867
@calls 8868 8868
@calls 8869 8868
@calls 8869 8869
@calls 8870 8869
@calls 8870 8870
@calls 8871 8870
@calls 8871 8871
@calls 8872 8871
@calls 8872 8872
@calls 8873 8872
@calls 8873 8873
@calls 8874 8873
@calls 8874 8874
@calls 8875 8874
@calls 8875 8875
@calls 8876 8875
@calls 8876 8876
@calls 8877 8876
@calls 8877 8877
@calls 8878 8877
@calls 8878 8878
@calls 8879 8878
@calls 8879 8879
@calls 8880 8879
@calls 8880 8880
@calls 8881 8880
@calls 8881 8881
@calls 8882 8881
@calls 8882 8882
@calls 8883 8882
@calls 8883 8883
@calls 8884 8883
@calls 8884 8884
@calls 8885 8884
@calls 8885 8885
@calls 8886 8885
@calls 8886 8886
@calls 8887 8886
@calls 8887 8887
@calls 8888 8887
@calls 8888 8888
@calls 8889 8888
@calls 8889 8889
@calls 8890 8889
@calls 8890 8890
@calls 8891 8890
@calls 8891 8891
@calls 8892 8891
@calls 8892 8892
@calls 8893 8892
@calls 8893 8893
@calls 8894 8893
@calls 8894 8894
@calls 8895 8894
@calls 8895 8895
@calls 8896 8895
@calls 8896 8896
@calls 8897 8896
@calls 8897 8897
@calls 8898 8897
@calls 8898 8898
@calls 8899 8898
@calls 8899 8899
@calls 8900 8899
@calls 8900 8900
@calls 8901 8900
@calls 8901 8901
@calls 8902 8901
@calls 8902 8902
@calls 8903 8902
@calls 8903 8903
@calls 8904 8903
@calls 8904 8904
@calls 8905 8904
@calls 8905 8905
@calls 8906 8905
@calls 8906 8906
@calls 8907 8906
@calls 8907 8907
@calls 8908 8907
@calls 8908 8908
@calls 8909 8908
@calls 8909 8909
@calls 8910 8909
@calls 8910 8910
@calls 8911 8910
@calls 8911 8911
@calls 8912 8911
@calls 8912 8912
@calls 8913 8912
@calls 8913 8913
@calls 8914 8913
@calls 8914 8914
@calls 8915 8914
@calls 8915 8915
@calls 8916 8915
@calls 8916 8916
@calls 8917 8916
@calls 8917 8917
@calls 8918 8917
@calls 8918 8918
@calls 8919 8918
@calls 8919 8919
@calls 8920 8919
@calls 8920 8920
@calls 8921 8920
@calls 8921 8921
@calls 8922 8921
@calls 8922 8922
@calls 8923 8922
@calls 8923 8923
@calls 8924 8923
@calls 8924 8924
@calls 8925 8924
@calls 8925 8925
@calls 8926 8925
@calls 8926 8926
@calls 8927 8926
@calls 8927 8927
@calls 8928 8927
@calls 8928 8928
@calls 8929 8928
@calls 8929 8929
@calls 8930 8929
@calls 8930 8930
@calls 8931 8930
@calls 8931 8931
@calls 8932 8931
@calls 8932 8932
@calls 8933 8932
@calls 8933 8933
@calls 8934 8933
@calls 8934 8934
@calls 8935 8934
@calls 8935 8935
@calls 8936 8935
@calls 8936 8936
@calls 8937 8936
@calls 8937 8937
@calls 8938 8937
@calls 8938 8938
@calls 8939 8938
@calls 8939 8939
@calls 8940 8939
@calls 8940 8940
@calls 8941 8940
@calls 8941 8941
@calls 8942 8941
@calls 8942 8942
@calls 8943 8942
@calls 8943 8943
@calls 8944 8943
@calls 8944 8944
@calls 8945 8944
@calls 8945 8945
@calls 8946 8945
@calls 8946 8946
@calls 8947 8946
@calls 8947 8947
@calls 8948 8947
@calls 8948 8948
@calls 8949 8948
@calls 8949 8949
@calls 8950 8949
@calls 8950 8950
@calls 8951 8950
@calls 8951 8951
@calls 8952 8951
@calls 8952 8952
@calls 8953 8952
@calls 8953 8953
@calls 8954 8953
@calls 8954 8954
@calls 8955 8954
@calls 8955 8955
@calls 8956 8955
@calls 8956 8956
@calls 8957 8956
@calls 8957 8957
@calls 8958 8957
@calls 8958 8958
@calls 8959 8958
@calls 8959 8959
@calls 8960 8959
@calls 8960 8960
@calls 8961 8960
@calls 8961 8961
@calls 8962 8961
@calls 8962 8962
@calls 8963 8962
@calls 8963 8963
@calls 8964 8963
@calls 8964 8964
@calls 8965 8964
@calls 8965 8965
@calls 8966 8965
@calls 8966 8966
@calls 8967 8966
@calls 8967 8967
@calls 8968 8967
@calls 8968 8968
@calls 8969 8968
@calls 8969 8969
@calls 8970 8969
@calls 8970 8970
@calls 8971 8970
@calls 8971 8971
@calls 8972 8971
@calls 8972 8972
@calls 8973 8972
@calls 8973 8973
@calls 8974 8973
@calls 8974 8974
@calls 8975 8974
@calls 8975 8975
@calls 8976 8975
@calls 8976 8976
@calls 8977 8976
@calls 8977 8977
@calls 8978 8977
@calls 8978 8978
@calls 8979 8978
@calls 8979 8979
@calls 8980 8979
@calls 8980 8980
@calls 8981 8980
@calls 8981 8981
@calls 8982 8981
@calls 8982 8982
@calls 8983 8982
@calls 8983 8983
@calls 8984 8983
@calls 8984 8984
@calls 8985 8984
@calls 8985 8985
@calls 8986 8985
@calls 8986 8986
@calls 8987 8986
@calls 8987 8987
@calls 8988 8987
@calls 8988 8988
@calls 8989 8988
@calls 8989 8989
@calls 8990 8989
@calls 8990 8990
@calls 8991 8990
@calls 8991 8991
@calls 8992 8991
@calls 8992 8992
@calls 8993 8992
@calls 8993 8993
@calls 8994 8993
@calls 8994 8994
@calls 8995 8994
@calls 8995 8995
@calls 8996 8995
@calls 8996 8996
@calls 8997 8996
@calls 8997 8997
@calls 8998 8997
@calls 8998 8998
@calls 8999 8998
@calls 8999 8999
@calls 9000 8999
@calls 9000 9000
@calls 9001 9000
@calls 9001 9001
@calls 9002 9001
@calls 9002 9002
@calls 9003 9002
@calls 9003 9003
@calls 9004 9003
@calls 9004 9004
@calls 9005 9004
@calls 9005 9005
@calls 9006 9005
@calls 9006 9006
@calls 9007 9006
@calls 9007 9007
@calls 9008 9007
@calls 9008 9008
@calls 9009 9008
@calls 9009 9009
@calls 9010 9009
@calls 9010 9010
@calls 9011 9010
@calls 9011 9011
@calls 9012 9011
@calls 9012 9012
@calls 9013 9012
@calls 9013 9013
@calls 9014 9013
@calls 9014 9014
@calls 9015 9014
@calls 9015 9015
@calls 9016 9015
@calls 9016 9016
@calls 9017 9016
@calls 9017 9017
@calls 9018 9017
@calls 9018 9018
@calls 9019 9018
@calls 9019 9019
@calls 9020 9019
@calls 9020 9020
@calls 9021 9020
@calls 9021 9021
@calls 9022 9021
@calls 9022 9022
@calls 9023 9022
@calls 9023 9023
@calls 9024 9023
@calls 9024 9024
@calls 9025 9024
@calls 9025 9025
@calls 9026 9025
@calls 9026 9026
@calls 9027 9026
@calls 9027 9027
@calls 9028 9027
@calls 9028 9028
@calls 9029 9028
@calls 9029 9029
@calls 9030 9029
@calls 9030 9030
@calls 9031 9030
@calls 9031 9031
@calls 9032 9031
@calls 9032 9032
@calls 9033 9032
@calls 9033 9033
@calls 9034 9033
@calls 9034 9034
@calls 9035 9034
@calls 9035 9035
@calls 9036 9035
@calls 9036 9036
@calls 9037 9036
@calls 9037 9037
@calls 9038 9037
@calls 9038 9038
@calls 9039 9038
@calls 9039 9039
@calls 9040 9039
@calls 9040 9040
@calls 9041 9040
@calls 9041 9041
@calls 9042 9041
@calls 9042 9042
@calls 9043 9042
@calls 9043 9043
@calls 9044 9043
@calls 9044 9044
@calls 9045 9044
@calls 9045 9045
@calls 9046 9045
@calls 9046 9046
@calls 9047 9046
@calls 9047 9047
@calls 9048 9047
@calls 9048 9048
@calls 9049 9048
@calls 9049 9049
@calls 9050 9049
@calls 9050 9050
@calls 9051 9050
@calls 9051 9051
@calls 9052 9051
@calls 9052 9052
@calls 9053 9052
@calls 9053 9053
@calls 9054 9053
@calls 9054 9054
@calls 9055 9054
@calls 9055 9055
@calls 9056 9055
@calls 9056 9056
@calls 9057 9056
@calls 9057 9057
@calls 9058 9057
@calls 9058 9058
@calls 9059 9058
@calls 9059 9059
@calls 9060 9059
@calls 9060 9060
@calls 9061 9060
@calls 9061 9061
@calls 9062 9061
@calls 9062 9062
@calls 9063 9062
@calls 9063 9063
@calls 9064 9063
@calls 9064 9064
@calls 9065 9064
@calls 9065 9065
@calls 9066 9065
@calls 9066 9066
@calls 9067 9066
@calls 9067 9067
@calls 9068 9067
@calls 9068 9068
@calls 9069 9068
@calls 9069 9069
@calls 9070 9069
@calls 9070 9070
@calls 9071 9070
@calls 9071 9071
@calls 9072 9071
@calls 9072 9072
@calls 9073 9072
@calls 9073 9073
@calls 9074 9073
@calls 9074 9074
@calls 9075 9074
@calls 9075 9075
@calls 9076 9075
@calls 9076 9076
@calls 9077 9076
@calls 9077 9077
@calls 9078 9077
@calls 9078 9078
@calls 9079 9078
@calls 9079 9079
@calls 9080 9079
@calls 9080 9080
@calls 9081 9080
@calls 9081 9081
@calls 9082 9081
@calls 9082 9082
@calls 9083 9082
@calls 9083 9083
@calls 9084 9083
@calls 9084 9084
@calls 9085 9084
@calls 9085 9085
@calls 9086 9085
@calls 9086 9086
@calls 9087 9086
@calls 9087 9087
@calls 9088 9087
@calls 9088 9088
@calls 9089 9088
@calls 9089 9089
@calls 9090 9089
@calls 9090 9090
@calls 9091 9090
@calls 9091 9091
@calls 9092 9091
@calls 9092 9092
@calls 9093 9092
@calls 9093 9093
@calls 9094 9093
@calls 9094 9094
@calls 9095 9094
@calls 9095 9095
@calls 9096 9095
@calls 9096 9096
@calls 9097 9096
@calls 9097 9097
@calls 9098 9097
@calls 9098 9098
@calls 9099 9098
@calls 9099 9099
@calls 9100 9099
@calls 9100 9100
@calls 9101 9100
@calls 9101 9101
@calls 9102 9101
@calls 9102 9102
@calls 9103 9102
@calls 9103 9103
@calls 9104 9103
@calls 9104 9104
@calls 9105 9104
@calls 9105 9105
@calls 9106 9105
@calls 9106 9106
@calls 9107 9106
@calls 9107 9107
@calls 9108 9107
@calls 9108 9108
@calls 9109 9108
@calls 9109 9109
@calls 9110 9109
@calls 9110 9110
@calls 9111 9110
@calls 9111 9111
@calls 9112 9111
@calls 9112 9112
@calls 9113 9112
@calls 9113 9113
@calls 9114 9113
@calls 9114 9114
@calls 9115 9114
@calls 9115 9115
@calls 9116 9115
@calls 9116 9116
@calls 9117 9116
@calls 9117 9117
@calls 9118 9117
@calls 9118 9118
@calls 9119 9118
@calls 9119 9119
@calls 9120 9119
@calls 9120 9120
@calls 9121 9120
@calls 9121 9121
@calls 9122 9121
@calls 9122 9122
@calls 9123 9122
@calls 9123 9123
@calls 9124 9123
@calls 9124 9124
@calls 9125 9124
@calls 9125 9125
@calls 9126 9125
@calls 9126 9126
@calls 9127 9126
@calls 9127 9127
@calls 9128 9127
@calls 9128 9128
@calls 9129 9128
@calls 9129 9129
@calls 9130 9129
@calls 9130 9130
@calls 9131 9130
@calls 9131 9131
@calls 9132 9131
@calls 9132 9132
@calls 9133 9132
@calls 9133 9133
@calls 9134 9133
@calls 9134 9134
@calls 9135 9134
@calls 9135 9135
@calls 9136 9135
@calls 9136 9136
@calls 9137 9136
@calls 9137 9137
@calls 9138 9137
@calls 9138 9138
@calls 9139 9138
@calls 9139 9139
@calls 9140 9139
@calls 9140 9140
@calls 9141 9140
@calls 9141 9141
@calls 9142 9141
@calls 9142 9142
@calls 9143 9142
@calls 9143 9143
@calls 9144 9143
@calls 9144 9144
@calls 9145 9144
@calls 9145 9145
@calls 9146 9145
@calls 9146 9146
@calls 9147 9146
@calls 9147 9147
@calls 9148 9147
@calls 9148 9148
@calls 9149 9148
@calls 9149 9149
@calls 9150 9149
@calls 9150 9150
@calls 9151 9150
@calls 9151 9151
@calls 9152 9151
@calls 9152 9152
@calls 9153 9152
@calls 9153 9153
@calls 9154 9153
@calls 9154 9154
@calls 9155 9154
@calls 9155 9155
@calls 9156 9155
@calls 9156 9156
@calls 9157 9156
@calls 9157 9157
@calls 9158 9157
@calls 9158 9158
@calls 9159 9158
@calls 9159 9159
@calls 9160 9159
@calls 9160 9160
@calls 9161 9160
@calls 9161 9161
@calls 9162 9161
@calls 9162 9162
@calls 9163 9162
@calls 9163 9163
@calls 9164 9163
@calls 9164 9164
@calls 9165 9164
@calls 9165 9165
@calls 9166 9165
@calls 9166 9166
@calls 9167 9166
@calls 9167 9167
@calls 9168 9167
@calls 9168 9168
@calls 9169 9168
@calls 9169 9169
@calls 9170 9169
@calls 9170 9170
@calls 9171 9170
@calls 9171 9171
@calls 9172 9171
@calls 9172 9172
@calls 9173 9172
@calls 9173 9173
@calls 9174 9173
@calls 9174 9174
@calls 9175 9174
@calls 9175 9175
@calls 9176 9175
@calls 9176 9176
@calls 9177 9176
@calls 9177 9177
@calls 9178 9177
@calls 9178 9178
@calls 9179 9178
@calls 9179 9179
@calls 9180 9179
@calls 9180 9180
@calls 9181 9180
@calls 9181 9181
@calls 9182 9181
@calls 9182 9182
@calls 9183 9182
@calls 9183 9183
@calls 9184 9183
@calls 9184 9184
@calls 9185 9184
@calls 9185 9185
@calls 9186 9185
@calls 9186 9186
@calls 9187 9186
@calls 9187 9187
@calls 9188 9187
@calls 9188 9188
@calls 9189 9188
@calls 9189 9189
@calls 9190 9189
@calls 9190 9190
@calls 9191 9190
@calls 9191 9191
@calls 9192 9191
@calls 9192 9192
@calls 9193 9192
@calls 9193 9193
@calls 9194 9193
@calls 9194 9194
@calls 9195 9194
@calls 9195 9195
@calls 9196 9195
@calls 9196 9196
@calls 9197 9196
@calls 9197 9197
@calls 9198 9197
@calls 9198 9198
@calls 9199 9198
@calls 9199 9199
@calls 9200 9199
@calls 9200 9200
@calls 9201 9200
@calls 9201 9201
@calls 9202 9201
@calls 9202 9202
@calls 9203 9202
@calls 9203 9203
@calls 9204 9203
@calls 9204 9204
@calls 9205 9204
@calls 9205 9205
@calls 9206 9205
@calls 9206 9206
@calls 9207 9206
@calls 9207 9207
@calls 9208 9207
@calls 9208 9208
@calls 9209 9208
@calls 9209 9209
@calls 9210 9209
@calls 9210 9210
@calls 9211 9210
@calls 9211 9211
@calls 9212 9211
@calls 9212 9212
@calls 9213 9212
@calls 9213 9213
@calls 9214 9213
@calls 9214 9214
@calls 9215 9214
@calls 9215 9215
@calls 9216 9215
@calls 9216 9216
@calls 9217 9216
@calls 9217 9217
@calls 9218 9217
@calls 9218 9218
@calls 9219 9218
@calls 9219 9219
@calls 9220 9219
@calls 9220 9220
@calls 9221 9220
@calls 9221 9221
@calls 9222 9221
@calls 9222 9222
@calls 9223 9222
@calls 9223 9223
@calls 9224 9223
@calls 9224 9224
@calls 9225 9224
@calls 9225 9225
@calls 9226 9225
@calls 9226 9226
@calls 9227 9226
@calls 9227 9227
@calls 9228 9227
@calls 9228 9228
@calls 9229 9228
@calls 9229 9229
@calls 9230 9229
@calls 9230 9230
@calls 9231 9230
@calls 9231 9231
@calls 9232 9231
@calls 9232 9232
@calls 9233 9232
@calls 9233 9233
@calls 9234 9233
@calls 9234 9234
@calls 9235 9234
@calls 9235 9235
@calls 9236 9235
@calls 9236 9236
@calls 9237 9236
@calls 9237 9237
@calls 9238 9237
@calls 9238 9238
@calls 9239 9238
@calls 9239 9239
@calls 9240 9239
@calls 9240 9240
@calls 9241 9240
@calls 9241 9241
@calls 9242 9241
@calls 9242 9242
@calls 9243 9242
@calls 9243 9243
@calls 9244 9243
@calls 9244 9244
@calls 9245 9244
@calls 9245 9245
@calls 9246 9245
@calls 9246 9246
@calls 9247 9246
@calls 9247 9247
@calls 9248 9247
@calls 9248 9248
@calls 9249 9248
@calls 9249 9249
@calls 9250 9249
@calls 9250 9250
@calls 9251 9250
@calls 9251 9251
@calls 9252 9251
@calls 9252 9252
@calls 9253 9252
@calls 9253 9253
@calls 9254 9253
@calls 9254 9254
@calls 9255 9254
@calls 9255 9255
@calls 9256 9255
@calls 9256 9256
@calls 9257 9256
@calls 9257 9257
@calls 9258 9257
@calls 9258 9258
@calls 9259 9258
@calls 9259 9259
@calls 9260 9259
@calls 9260 9260
@calls 9261 9260
@calls 9261 9261
@calls 9262 9261
@calls 9262 9262
@calls 9263 9262
@calls 9263 9263
@calls 9264 9263
@calls 9264 9264
@calls 9265 9264
@calls 9265 9265
@calls 9266 9265
@calls 9266 9266
@calls 9267 9266
@calls 9267 9267
@calls 9268 9267
@calls 9268 9268
@calls 9269 9268
@calls 9269 9269
@calls 9270 9269
@calls 9270 9270
@calls 9271 9270
@calls 9271 9271
@calls 9272 9271
@calls 9272 9272
@calls 9273 9272
@calls 9273 9273
@calls 9274 9273
@calls 9274 9274
@calls 9275 9274
@calls 9275 9275
@calls 9276 9275
@calls 9276 9276
@calls 9277 9276
@calls 9277 9277
@calls 9278 9277
@calls 9278 9278
@calls 9279 9278
@calls 9279 9279
@calls 9280 9279
@calls 9280 9280
@calls 9281 9280
@calls 9281 9281
@calls 9282 9281
@calls 9282 9282
@calls 9283 9282
@calls 9283 9283
@calls 9284 9283
@calls 9284 9284
@calls 9285 9284
@calls 9285 9285
@calls 9286 9285
@calls 9286 9286
@calls 9287 9286
@calls 9287 9287
@calls 9288 9287
@calls 9288 9288
@calls 9289 9288
@calls 9289 9289
@calls 9290 9289
@calls 9290 9290
@calls 9291 9290
@calls 9291 9291
@calls 9292 9291
@calls 9292 9292
@calls 9293 9292
@calls 9293 9293
@calls 9294 9293
@calls 9294 9294
@calls 9295 9294
@calls 9295 9295
@calls 9296 9295
@calls 9296 9296
@calls 9297 9296
@calls 9297 9297
@calls 9298 9297
@calls 9298 9298
@calls 9299 9298
@calls 9299 9299
@calls 9300 9299
@calls 9300 9300
@calls 9301 9300
@calls 9301 9301
@calls 9302 9301
@calls 9302 9302
@calls 9303 9302
@calls 9303 9303
@calls 9304 9303
@calls 9304 9304
@calls 9305 9304
@calls 9305 9305
@calls 9306 9305
@calls 9306 9306
@calls 9307 9306
@calls 9307 9307
@calls 9308 9307
@calls 9308 9308
@calls 9309 9308
@calls 9309 9309
@calls 9310 9309
@calls 9310 9310
@calls 9311 9310
@calls 9311 9311
@calls 9312 9311
@calls 9312 9312
@calls 9313 9312
@calls 9313 9313
@calls 9314 9313
@calls 9314 9314
@calls 9315 9314
@calls 9315 9315
@calls 9316 9315
@calls 9316 9316
@calls 9317 9316
@calls 9317 9317
@calls 9318 9317
@calls 9318 9318
@calls 9319 9318
@calls 9319 9319
@calls 9320 9319
@calls 9320 9320
@calls 9321 9320
@calls 9321 9321
@calls 9322 9321
@calls 9322 9322
@calls 9323 9322
@calls 9323 9323
@calls 9324 9323
@calls 9324 9324
@calls 9325 9324
@calls 9325 9325
@calls 9326 9325
@calls 9326 9326
@calls 9327 9326
@calls 9327 9327
@calls 9328 9327
@calls 9328 9328
@calls 9329 9328
@calls 9329 9329
@calls 9330 9329
@calls 9330 9330
@calls 9331 9330
@calls 9331 9331
@calls 9332 9331
@calls 9332 9332
@calls 9333 9332
@calls 9333 9333
@calls 9334 9333
@calls 9334 9334
@calls 9335 9334
@calls 9335 9335
@calls 9336 9335
@calls 9336 9336
@calls 9337 9336
@calls 9337 9337
@calls 9338 9337
@calls 9338 9338
@calls 9339 9338
@calls 9339 9339
@calls 9340 9339
@calls 9340 9340
@calls 9341 9340
@calls 9341 9341
@calls 9342 9341
@calls 9342 9342
@calls 9343 9342
@calls 9343 9343
@calls 9344 9343
@calls 9344 9344
@calls 9345 9344
@calls 9345 9345
@calls 9346 9345
@calls 9346 9346
@calls 9347 9346
@calls 9347 9347
@calls 9348 9347
@calls 9348 9348
@calls 9349 9348
@calls 9349 9349
@calls 9350 9349
@calls 9350 9350
@calls 9351 9350
@calls 9351 9351
@calls 9352 9351
@calls 9352 9352
@calls 9353 9352
@calls 9353 9353
@calls 9354 9353
@calls 9354 9354
@calls 9355 9354
@calls 9355 9355
@calls 9356 9355
@calls 9356 9356
@calls 9357 9356
@calls 9357 9357
@calls 9358 9357
@calls 9358 9358
@calls 9359 9358
@calls 9359 9359
@calls 9360 9359
@calls 9360 9360
@calls 9361 9360
@calls 9361 9361
@calls 9362 9361
@calls 9362 9362
@calls 9363 9362
@calls 9363 9363
@calls 9364 9363
@calls 9364 9364
@calls 9365 9364
@calls 9365 9365
@calls 9366 9365
@calls 9366 9366
@calls 9367 9366
@calls 9367 9367
@calls 9368 9367
@calls 9368 9368
@calls 9369 9368
@calls 9369 9369
@calls 9370 9369
@calls 9370 9370
@calls 9371 9370
@calls 9371 9371
@calls 9372 9371
@calls 9372 9372
@calls 9373 9372
@calls 9373 9373
@calls 9374 9373
@calls 9374 9374
@calls 9375 9374
@calls 9375 9375
@calls 9376 9375
@calls 9376 9376
@calls 9377 9376
@calls 9377 9377
@calls 9378 9377
@calls 9378 9378
@calls 9379 9378
@calls 9379 9379
@calls 9380 9379
@calls 9380 9380
@calls 9381 9380
@calls 9381 9381
@calls 9382 9381
@calls 9382 9382
@calls 9383 9382
@calls 9383 9383
@calls 9384 9383
@calls 9384 9384
@calls 9385 9384
@calls 9385 9385
@calls 9386 9385
@calls 9386 9386
@calls 9387 9386
@calls 9387 9387
@calls 9388 9387
@calls 9388 9388
@calls 9389 9388
@calls 9389 9389
@calls 9390 9389
@calls 9390 9390
@calls 9391 9390
@calls 9391 9391
@calls 9392 9391
@calls 9392 9392
@calls 9393 9392
@calls 9393 9393
@calls 9394 9393
@calls 9394 9394
@calls 9395 9394
@calls 9395 9395
@calls 9396 9395
@calls 9396 9396
@calls 9397 9396
@calls 9397 9397
@calls 9398 9397
@calls 9398 9398
@calls 9399 9398
@calls 9399 9399
@calls 9400 9399
@calls 9400 9400
@calls 9401 9400
@calls 9401 9401
@calls 9402 9401
@calls 9402 9402
@calls 9403 9402
@calls 9403 9403
@calls 9404 9403
@calls 9404 9404
@calls 9405 9404
@calls 9405 9405
@calls 9406 9405
@calls 9406 9406
@calls 9407 9406
@calls 9407 9407
@calls 9408 9407
@calls 9408 9408
@calls 9409 9408
@calls 9409 9409
@calls 9410 9409
@calls 9410 9410
@calls 9411 9410
@calls 9411 9411
@calls 9412 9411
@calls 9412 9412
@calls 9413 9412
@calls 9413 9413
@calls 9414 9413
@calls 9414 9414
@calls 9415 9414
@calls 9415 9415
@calls 9416 9415
@calls 9416 9416
@calls 9417 9416
@calls 9417 9417
@calls 9418 9417
@calls 9418 9418
@calls 9419 9418
@calls 9419 9419
@calls 9420 9419
@calls 9420 9420
@calls 9421 9420
@calls 9421 9421
@calls 9422 9421
@calls 9422 9422
@calls 9423 9422
@calls 9423 9423
@calls 9424 9423
@calls 9424 9424
@calls 9425 9424
@calls 9425 9425
@calls 9426 9425
@calls 9426 9426
@calls 9427 9426
@calls 9427 9427
@calls 9428 9427
@calls 9428 9428
@calls 9429 9428
@calls 9429 9429
@calls 9430 9429
@calls 9430 9430
@calls 9431 9430
@calls 9431 9431
@calls 9432 9431
@calls 9432 9432
@calls 9433 9432
@calls 9433 9433
@calls 9434 9433
@calls 9434 9434
@calls 9435 9434
@calls 9435 9435
@calls 9436 9435
@calls 9436 9436
@calls 9437 9436
@calls 9437 9437
@calls 9438 9437
@calls 9438 9438
@calls 9439 9438
@calls 9439 9439
@calls 9440 9439
@calls 9440 9440
@calls 9441 9440
@calls 9441 9441
@calls 9442 9441
@calls 9442 9442
@calls 9443 9442
@calls 9443 9443
@calls 9444 9443
@calls 9444 9444
@calls 9445 9444
@calls 9445 9445
@calls 9446 9445
@calls 9446 9446
@calls 9447 9446
@calls 9447 9447
@calls 9448 9447
@calls 9448 9448
@calls 9449 9448
@calls 9449 9449
@calls 9450 9449
@calls 9450 9450
@calls 9451 9450
@calls 9451 9451
@calls 9452 9451
@calls 9452 9452
@calls 9453 9452
@calls 9453 9453
@calls 9454 9453
@calls 9454 9454
@calls 9455 9454
@calls 9455 9455
@calls 9456 9455
@calls 9456 9456
@calls 9457 9456
@calls 9457 9457
@calls 9458 9457
@calls 9458 9458
@calls 9459 9458
@calls 9459 9459
@calls 9460 9459
@calls 9460 9460
@calls 9461 9460
@calls 9461 9461
@calls 9462 9461
@calls 9462 9462
@calls 9463 9462
@calls 9463 9463
@calls 9464 9463
@calls 9464 9464
@calls 9465 9464
@calls 9465 9465
@calls 9466 9465
@calls 9466 9466
@calls 9467 9466
@calls 9467 9467
@calls 9468 9467
@calls 9468 9468
@calls 9469 9468
@calls 9469 9469
@calls 9470 9469
@calls 9470 9470
@calls 9471 9470
@calls 9471 9471
@calls 9472 9471
@calls 9472 9472
@calls 9473 9472
@calls 9473 9473
@calls 9474 9473
@calls 9474 9474
@calls 9475 9474
@calls 9475 9475
@calls 9476 9475
@calls 9476 9476
@calls 9477 9476
@calls 9477 9477
@calls 9478 9477
@calls 9478 9478
@calls 9479 9478
@calls 9479 9479
@calls 9480 9479
@calls 9480 9480
@calls 9481 9480
@calls 9481 9481
@calls 9482 9481
@calls 9482 9482
@calls 9483 9482
@calls 9483 9483
@calls 9484 9483
@calls 9484 9484
@calls 9485 9484
@calls 9485 9485
@calls 9486 9485
@calls 9486 9486
@calls 9487 9486
@calls 9487 9487
@calls 9488 9487
@calls 9488 9488
@calls 9489 9488
@calls 9489 9489
@calls 9490 9489
@calls 9490 9490
@calls 9491 9490
@calls 9491 9491
@calls 9492 9491
@calls 9492 9492
@calls 9493 9492
@calls 9493 9493
@calls 9494 9493
@calls 9494 9494
@calls 9495 9494
@calls 9495 9495
@calls 9496 9495
@calls 9496 9496
@calls 9497 9496
@calls 9497 9497
@calls 9498 9497
@calls 9498 9498
@calls 9499 9498
@calls 9499 9499
@calls 9500 9499
@calls 9500 9500
@calls 9501 9500
@calls 9501 9501
@calls 9502 9501
@calls 9502 9502
@calls 9503 9502
@calls 9503 9503
@calls 9504 9503
@calls 9504 9504
@calls 9505 9504
@calls 9505 9505
@calls 9506 9505
@calls 9506 9506
@calls 9507 9506
@calls 9507 9507
@calls 9508 9507
@calls 9508 9508
@calls 9509 9508
@calls 9509 9509
@calls 9510 9509
@calls 9510 9510
@calls 9511 9510
@calls 9511 9511
@calls 9512 9511
@calls 9512 9512
@calls 9513 9512
@calls 9513 9513
@calls 9514 9513
@calls 9514 9514
@calls 9515 9514
@calls 9515 9515
@calls 9516 9515
@calls 9516 9516
@calls 9517 9516
@calls 9517 9517
@calls 9518 9517
@calls 9518 9518
@calls 9519 9518
@calls 9519 9519
@calls 9520 9519
@calls 9520 9520
@calls 9521 9520
@calls 9521 9521
@calls 9522 9521
@calls 9522 9522
@calls 9523 9522
@calls 9523 9523
@calls 9524 9523
@calls 9524 9524
@calls 9525 9524
@calls 9525 9525
@calls 9526 9525
@calls 9526 9526
@calls 9527 9526
@calls 9527 9527
@calls 9528 9527
@calls 9528 9528
@calls 9529 9528
@calls 9529 9529
@calls 9530 9529
@calls 9530 9530
@calls 9531 9530
@calls 9531 9531
@calls 9532 9531
@calls 9532 9532
@calls 9533 9532
@calls 9533 9533
@calls 9534 9533
@calls 9534 9534
@calls 9535 9534
@calls 9535 9535
@calls 9536 9535
@calls 9536 9536
@calls 9537 9536
@calls 9537 9537
@calls 9538 9537
@calls 9538 9538
@calls 9539 9538
@calls 9539 9539
@calls 9540 9539
@calls 9540 9540
@calls 9541 9540
@calls 9541 9541
@calls 9542 9541
@calls 9542 9542
@calls 9543 9542
@calls 9543 9543
@calls 9544 9543
@calls 9544 9544
@calls 9545 9544
@calls 9545 9545
@calls 9546 9545
@calls 9546 9546
@calls 9547 9546
@calls 9547 9547
@calls 9548 9547
@calls 9548 9548
@calls 9549 9548
@calls 9549 9549
@calls 9550 9549
@calls 9550 9550
@calls 9551 9550
@calls 9551 9551
@calls 9552 9551
@calls 9552 9552
@calls 9553 9552
@calls 9553 9553
@calls 9554 9553
@calls 9554 9554
@calls 9555 9554
@calls 9555 9555
@calls 9556 9555
@calls 9556 9556
@calls 9557 9556
@calls 9557 9557
@calls 9558 9557
@calls 9558 9558
@calls 9559 9558
@calls 9559 9559
@calls 9560 9559
@calls 9560 9560
@calls 9561 9560
@calls 9561 9561
@calls 9562 9561
@calls 9562 9562
@calls 9563 9562
@calls 9563 9563
@calls 9564 9563
@calls 9564 9564
@calls 9565 9564
@calls 9565 9565
@calls 9566 9565
@calls 9566 9566
@calls 9567 9566
@calls 9567 9567
@calls 9568 9567
@calls 9568 9568
@calls 9569 9568
@calls 9569 9569
@calls 9570 9569
@calls 9570 9570
@calls 9571 9570
@calls 9571 9571
@calls 9572 9571
@calls 9572 9572
@calls 9573 9572
@calls 9573 9573
@calls 9574 9573
@calls 9574 9574
@calls 9575 9574
@calls 9575 9575
@calls 9576 9575
@calls 9576 9576
@calls 9577 9576
@calls 9577 9577
@calls 9578 9577
@calls 9578 9578
@calls 9579 9578
@calls 9579 9579
@calls 9580 9579
@calls 9580 9580
@calls 9581 9580
@calls 9581 9581
@calls 9582 9581
@calls 9582 9582
@calls 9583 9582
@calls 9583 9583
@calls 9584 9583
@calls 9584 9584
@calls 9585 9584
@calls 9585 9585
@calls 9586 9585
@calls 9586 9586
@calls 9587 9586
@calls 9587 9587
@calls 9588 9587
@calls 9588 9588
@calls 9589 9588
@calls 9589 9589
@calls 9590 9589
@calls 9590 9590
@calls 9591 9590
@calls 9591 9591
@calls 9592 9591
@calls 9592 9592
@calls 9593 9592
@calls 9593 9593
@calls 9594 9593
@calls 9594 9594
@calls 9595 9594
@calls 9595 9595
@calls 9596 9595
@calls 9596 9596
@calls 9597 9596
@calls 9597 9597
@calls 9598 9597
@calls 9598 9598
@calls 9599 9598
@calls 9599 9599
@calls 9600 9599
@calls 9600 9600
@calls 9601 9600
@calls 9601 9601
@calls 9602 9601
@calls 9602 9602
@calls 9603 9602
@calls 9603 9603
@calls 9604 9603
@calls 9604 9604
@calls 9605 9604
@calls 9605 9605
@calls 9606 9605
@calls 9606 9606
@calls 9607 9606
@calls 9607 9607
@calls 9608 9607
@calls 9608 9608
@calls 9609 9608
@calls 9609 9609
@calls 9610 9609
@calls 9610 9610
@calls 9611 9610
@calls 9611 9611
@calls 9612 9611
@calls 9612 9612
@calls 9613 9612
@calls 9613 9613
@calls 9614 9613
@calls 9614 9614
@calls 9615 9614
@calls 9615 9615
@calls 9616 9615
@calls 9616 9616
@calls 9617 9616
@calls 9617 9617
@calls 9618 9617
@calls 9618 9618
@calls 9619 9618
@calls 9619 9619
@calls 9620 9619
@calls 9620 9620
@calls 9621 9620
@calls 9621 9621
@calls 9622 9621
@calls 9622 9622
@calls 9623 9622
@calls 9623 9623
@calls 9624 9623
@calls 9624 9624
@calls 9625 9624
@calls 9625 9625
@calls 9626 9625
@calls 9626 9626
@calls 9627 9626
@calls 9627 9627
@calls 9628 9627
@calls 9628 9628
@calls 9629 9628
@calls 9629 9629
@calls 9630 9629
@calls 9630 9630
@calls 9631 9630
@calls 9631 9631
@calls 9632 9631
@calls 9632 9632
@calls 9633 9632
@calls 9633 9633
@calls 9634 9633
@calls 9634 9634
@calls 9635 9634
@calls 9635 9635
@calls 9636 9635
@calls 9636 9636
@calls 9637 9636
@calls 9637 9637
@calls 9638 9637
@calls 9638 9638
@calls 9639 9638
@calls 9639 9639
@calls 9640 9639
@calls 9640 9640
@calls 9641 9640
@calls 9641 9641
@calls 9642 9641
@calls 9642 9642
@calls 9643 9642
@calls 9643 9643
@calls 9644 9643
@calls 9644 9644
@calls 9645 9644
@calls 9645 9645
@calls 9646 9645
@calls 9646 9646
@calls 9647 9646
@calls 9647 9647
@calls 9648 9647
@calls 9648 9648
@calls 9649 9648
@calls 9649 9649
@calls 9650 9649
@calls 9650 9650
@calls 9651 9650
@calls 9651 9651
@calls 9652 9651
@calls 9652 9652
@calls 9653 9652
@calls 9653 9653
@calls 9654 9653
@calls 9654 9654
@calls 9655 9654
@calls 9655 9655
@calls 9656 9655
@calls 9656 9656
@calls 9657 9656
@calls 9657 9657
@calls 9658 9657
@calls 9658 9658
@calls 9659 9658
@calls 9659 9659
@calls 9660 9659
@calls 9660 9660
@calls 9661 9660
@calls 9661 9661
@calls 9662 9661
@calls 9662 9662
@calls 9663 9662
@calls 9663 9663
@calls 9664 9663
@calls 9664 9664
@calls 9665 9664
@calls 9665 9665
@calls 9666 9665
@calls 9666 9666
@calls 9667 9666
@calls 9667 9667
@calls 9668 9667
@calls 9668 9668
@calls 9669 9668
@calls 9669 9669
@calls 9670 9669
@calls 9670 9670
@calls 9671 9670
@calls 9671 9671
@calls 9672 9671
@calls 9672 9672
@calls 9673 9672
@calls 9673 9673
@calls 9674 9673
@calls 9674 9674
@calls 9675 9674
@calls 9675 9675
@calls 9676 9675
@calls 9676 9676
@calls 9677 9676
@calls 9677 9677
@calls 9678 9677
@calls 9678 9678
@calls 9679 9678
@calls 9679 9679
@calls 9680 9679
@calls 9680 9680
@calls 9681 9680
@calls 9681 9681
@calls 9682 9681
@calls 9682 9682
@calls 9683 9682
@calls 9683 9683
@calls 9684 9683
@calls 9684 9684
@calls 9685 9684
@calls 9685 9685
@calls 9686 9685
@calls 9686 9686
@calls 9687 9686
@calls 9687 9687
@calls 9688 9687
@calls 9688 9688
@calls 9689 9688
@calls 9689 9689
@calls 9690 9689
@calls 9690 9690
@calls 9691 9690
@calls 9691 9691
@calls 9692 9691
@calls 9692 9692
@calls 9693 9692
@calls 9693 9693
@calls 9694 9693
@calls 9694 9694
@calls 9695 9694
@calls 9695 9695
@calls 9696 9695
@calls 9696 9696
@calls 9697 9696
@calls 9697 9697
@calls 9698 9697
@calls 9698 9698
@calls 9699 9698
@calls 9699 9699
@calls 9700 9699
@calls 9700 9700
@calls 9701 9700
@calls 9701 9701
@calls 9702 9701
@calls 9702 9702
@calls 9703 9702
@calls 9703 9703
@calls 9704 9703
@calls 9704 9704
@calls 9705 9704
@calls 9705 9705
@calls 9706 9705
@calls 9706 9706
@calls 9707 9706
@calls 9707 9707
@calls 9708 9707
@calls 9708 9708
@calls 9709 9708
@calls 9709 9709
@calls 9710 9709
@calls 9710 9710
@calls 9711 9710
@calls 9711 9711
@calls 9712 9711
@calls 9712 9712
@calls 9713 9712
@calls 9713 9713
@calls 9714 9713
@calls 9714 9714
@calls 9715 9714
@calls 9715 9715
@calls 9716 9715
@calls 9716 9716
@calls 9717 9716
@calls 9717 9717
@calls 9718 9717
@calls 9718 9718
@calls 9719 9718
@calls 9719 9719
@calls 9720 9719
@calls 9720 9720
@calls 9721 9720
@calls 9721 9721
@calls 9722 9721
@calls 9722 9722
@calls 9723 9722
@calls 9723 9723
@calls 9724 9723
@calls 9724 9724
@calls 9725 9724
@calls 9725 9725
@calls 9726 9725
@calls 9726 9726
@calls 9727 9726
@calls 9727 9727
@calls 9728 9727
@calls 9728 9728
@calls 9729 9728
@calls 9729 9729
@calls 9730 9729
@calls 9730 9730
@calls 9731 9730
@calls 9731 9731
@calls 9732 9731
@calls 9732 9732
@calls 9733 9732
@calls 9733 9733
@calls 9734 9733
@calls 9734 9734
@calls 9735 9734
@calls 9735 9735
@calls 9736 9735
@calls 9736 9736
@calls 9737 9736
@calls 9737 9737
@calls 9738 9737
@calls 9738 9738
@calls 9739 9738
@calls 9739 9739
@calls 9740 9739
@calls 9740 9740
@calls 9741 9740
@calls 9741 9741
@calls 9742 9741
@calls 9742 9742
@calls 9743 9742
@calls 9743 9743
@calls 9744 9743
@calls 9744 9744
@calls 9745 9744
@calls 9745 9745
@calls 9746 9745
@calls 9746 9746
@calls 9747 9746
@calls 9747 9747
@calls 9748 9747
@calls 9748 9748
@calls 9749 9748
@calls 9749 9749
@calls 9750 9749
@calls 9750 9750
@calls 9751 9750
@calls 9751 9751
@calls 9752 9751
@calls 9752 9752
@calls 9753 9752
@calls 9753 9753
@calls 9754 9753
@calls 9754 9754
@calls 9755 9754
@calls 9755 9755
@calls 9756 9755
@calls 9756 9756
@calls 9757 9756
@calls 9757 9757
@calls 9758 9757
@calls 9758 9758
@calls 9759 9758
@calls 9759 9759
@calls 9760 9759
@calls 9760 9760
@calls 9761 9760
@calls 9761 9761
@calls 9762 9761
@calls 9762 9762
@calls 9763 9762
@calls 9763 9763
@calls 9764 9763
@calls 9764 9764
@calls 9765 9764
@calls 9765 9765
@calls 9766 9765
@calls 9766 9766
@calls 9767 9766
@calls 9767 9767
@calls 9768 9767
@calls 9768 9768
@calls 9769 9768
@calls 9769 9769
@calls 9770 9769
@calls 9770 9770
@calls 9771 9770
@calls 9771 9771
@calls 9772 9771
@calls 9772 9772
@calls 9773 9772
@calls 9773 9773
@calls 9774 9773
@calls 9774 9774
@calls 9775 9774
@calls 9775 9775
@calls 9776 9775
@calls 9776 9776
@calls 9777 9776
@calls 9777 9777
@calls 9778 9777
@calls 9778 9778
@calls 9779 9778
@calls 9779 9779
@calls 9780 9779
@calls 9780 9780
@calls 9781 9780
@calls 9781 9781
@calls 9782 9781
@calls 9782 9782
@calls 9783 9782
@calls 9783 9783
@calls 9784 9783
@calls 9784 9784
@calls 9785 9784
@calls 9785 9785
@calls 9786 9785
@calls 9786 9786
@calls 9787 9786
@calls 9787 9787
@calls 9788 9787
@calls 9788 9788
@calls 9789 9788
@calls 9789 9789
@calls 9790 9789
@calls 9790 9790
@calls 9791 9790
@calls 9791 9791
@calls 9792 9791
@calls 9792 9792
@calls 9793 9792
@calls 9793 9793
@calls 9794 9793
@calls 9794 9794
@calls 9795 9794
@calls 9795 9795
@calls 9796 9795
@calls 9796 9796
@calls 9797 9796
@calls 9797 9797
@calls 9798 9797
@calls 9798 9798
@calls 9799 9798
@calls 9799 9799
@calls 9800 9799
@calls 9800 9800
@calls 9801 9800
@calls 9801 9801
@calls 9802 9801
@calls 9802 9802
@calls 9803 9802
@calls 9803 9803
@calls 9804 9803
@calls 9804 9804
@calls 9805 9804
@calls 9805 9805
@calls 9806 9805
@calls 9806 9806
@calls 9807 9806
@calls 9807 9807
@calls 9808 9807
@calls 9808 9808
@calls 9809 9808
@calls 9809 9809
@calls 9810 9809
@calls 9810 9810
@calls 9811 9810
@calls 9811 9811
@calls 9812 9811
@calls 9812 9812
@calls 9813 9812
@calls 9813 9813
@calls 9814 9813
@calls 9814 9814
@calls 9815 9814
@calls 9815 9815
@calls 9816 9815
@calls 9816 9816
@calls 9817 9816
@calls 9817 9817
@calls 9818 9817
@calls 9818 9818
@calls 9819 9818
@calls 9819 9819
@calls 9820 9819
@calls 9820 9820
@calls 9821 9820
@calls 9821 9821
@calls 9822 9821
@calls 9822 9822
@calls 9823 9822
@calls 9823 9823
@calls 9824 9823
@calls 9824 9824
@calls 9825 9824
@calls 9825 9825
@calls 9826 9825
@calls 9826 9826
@calls 9827 9826
@calls 9827 9827
@calls 9828 9827
@calls 9828 9828
@calls 9829 9828
@calls 9829 9829
@calls 9830 9829
@calls 9830 9830
@calls 9831 9830
@calls 9831 9831
@calls 9832 9831
@calls 9832 9832
@calls 9833 9832
@calls 9833 9833
@calls 9834 9833
@calls 9834 9834
@calls 9835 9834
@calls 9835 9835
@calls 9836 9835
@calls 9836 9836
@calls 9837 9836
@calls 9837 9837
@calls 9838 9837
@calls 9838 9838
@calls 9839 9838
@calls 9839 9839
@calls 9840 9839
@calls 9840 9840
@calls 9841 9840
@calls 9841 9841
@calls 9842 9841
@calls 9842 9842
@calls 9843 9842
@calls 9843 9843
@calls 9844 9843
@calls 9844 9844
@calls 9845 9844
@calls 9845 9845
@calls 9846 9845
@calls 9846 9846
@calls 9847 9846
@calls 9847 9847
@calls 9848 9847
@calls 9848 9848
@calls 9849 9848
@calls 9849 9849
@calls 9850 9849
@calls 9850 9850
@calls 9851 9850
@calls 9851 9851
@calls 9852 9851
@calls 9852 9852
@calls 9853 9852
@calls 9853 9853
@calls 9854 9853
@calls 9854 9854
@calls 9855 9854
@calls 9855 9855
@calls 9856 9855
@calls 9856 9856
@calls 9857 9856
@calls 9857 9857
@calls 9858 9857
@calls 9858 9858
@calls 9859 9858
@calls 9859 9859
@calls 9860 9859
@calls 9860 9860
@calls 9861 9860
@calls 9861 9861
@calls 9862 9861
@calls 9862 9862
@calls 9863 9862
@calls 9863 9863
@calls 9864 9863
@calls 9864 9864
@calls 9865 9864
@calls 9865 9865
@calls 9866 9865
@calls 9866 9866
@calls 9867 9866
@calls 9867 9867
@calls 9868 9867
@calls 9868 9868
@calls 9869 9868
@calls 9869 9869
@calls 9870 9869
@calls 9870 9870
@calls 9871 9870
@calls 9871 9871
@calls 9872 9871
@calls 9872 9872
@calls 9873 9872
@calls 9873 9873
@calls 9874 9873
@calls 9874 9874
@calls 9875 9874
@calls 9875 9875
@calls 9876 9875
@calls 9876 9876
@calls 9877 9876
@calls 9877 9877
@calls 9878 9877
@calls 9878 9878
@calls 9879 9878
@calls 9879 9879
@calls 9880 9879
@calls 9880 9880
@calls 9881 9880
@calls 9881 9881
@calls 9882 9881
@calls 9882 9882
@calls 9883 9882
@calls 9883 9883
@calls 9884 9883
@calls 9884 9884
@calls 9885 9884
@calls 9885 9885
@calls 9886 9885
@calls 9886 9886
@calls 9887 9886
@calls 9887 9887
@calls 9888 9887
@calls 9888 9888
@calls 9889 9888
@calls 9889 9889
@calls 9890 9889
@calls 9890 9890
@calls 9891 9890
@calls 9891 9891
@calls 9892 9891
@calls 9892 9892
@calls 9893 9892
@calls 9893 9893
@calls 9894 9893
@calls 9894 9894
@calls 9895 9894
@calls 9895 9895
@calls 9896 9895
@calls 9896 9896
@calls 9897 9896
@calls 9897 9897
@calls 9898 9897
@calls 9898 9898
@calls 9899 9898
@calls 9899 9899
@calls 9900 9899
@calls 9900 9900
@calls 9901 9900
@calls 9901 9901
@calls 9902 9901
@calls 9902 9902
@calls 9903 9902
@calls 9903 9903
@calls 9904 9903
@calls 9904 9904
@calls 9905 9904
@calls 9905 9905
@calls 9906 9905
@calls 9906 9906
@calls 9907 9906
@calls 9907 9907
@calls 9908 9907
@calls 9908 9908
@calls 9909 9908
@calls 9909 9909
@calls 9910 9909
@calls 9910 9910
@calls 9911 9910
@calls 9911 9911
@calls 9912 9911
@calls 9912 9912
@calls 9913 9912
@calls 9913 9913
@calls 9914 9913
@calls 9914 9914
@calls 9915 9914
@calls 9915 9915
@calls 9916 9915
@calls 9916 9916
@calls 9917 9916
@calls 9917 9917
@calls 9918 9917
@calls 9918 9918
@calls 9919 9918
@calls 9919 9919
@calls 9920 9919
@calls 9920 9920
@calls 9921 9920
@calls 9921 9921
@calls 9922 9921
@calls 9922 9922
@calls 9923 9922
@calls 9923 9923
@calls 9924 9923
@calls 9924 9924
@calls 9925 9924
@calls 9925 9925
@calls 9926 9925
@calls 9926 9926
@calls 9927 9926
@calls 9927 9927
@calls 9928 9927
@calls 9928 9928
@calls 9929 9928
@calls 9929 9929
@calls 9930 9929
@calls 9930 9930
@calls 9931 9930
@calls 9931 9931
@calls 9932 9931
@calls 9932 9932
@calls 9933 9932
@calls 9933 9933
@calls 9934 9933
@calls 9934 9934
@calls 9935 9934
@calls 9935 9935
@calls 9936 9935
@calls 9936 9936
@calls 9937 9936
@calls 9937 9937
@calls 9938 9937
@calls 9938 9938
@calls 9939 9938
@calls 9939 9939
@calls 9940 9939
@calls 9940 9940
@calls 9941 9940
@calls 9941 9941
@calls 9942 9941
@calls 9942 9942
@calls 9943 9942
@calls 9943 9943
@calls 9944 9943
@calls 9944 9944
@calls 9945 9944
@calls 9945 9945
@calls 9946 9945
@calls 9946 9946
@calls 9947 9946
@calls 9947 9947
@calls 9948 9947
@calls 9948 9948
@calls 9949 9948
@calls 9949 9949
@calls 9950 9949
@calls 9950 9950
@calls 9951 9950
@calls 9951 9951
@calls 9952 9951
@calls 9952 9952
@calls 9953 9952
@calls 9953 9953
@calls 9954 9953
@calls 9954 9954
@calls 9955 9954
@calls 9955 9955
@calls 9956 9955
@calls 9956 9956
@calls 9957 9956
@calls 9957 9957
@calls 9958 9957
@calls 9958 9958
@calls 9959 9958
@calls 9959 9959
@calls 9960 9959
@calls 9960 9960
@calls 9961 9960
@calls 9961 9961
@calls 9962 9961
@calls 9962 9962
@calls 9963 9962
@calls 9963 9963
@calls 9964 9963
@calls 9964 9964
@calls 9965 9964
@calls 9965 9965
@calls 9966 9965
@calls 9966 9966
@calls 9967 9966
@calls 9967 9967
@calls 9968 9967
@calls 9968 9968
@calls 9969 9968
@calls 9969 9969
@calls 9970 9969
@calls 9970 9970
@calls 9971 9970
@calls 9971 9971
@calls 9972 9971
@calls 9972 9972
@calls 9973 9972
@calls 9973 9973
@calls 9974 9973
@calls 9974 9974
@calls 9975 9974
@calls 9975 9975
@calls 9976 9975
@calls 9976 9976
@calls 9977 9976
@calls 9977 9977
@calls 9978 9977
@calls 9978 9978
@calls 9979 9978
@calls 9979 9979
@calls 9980 9979
@calls 9980 9980
@calls 9981 9980
@calls 9981 9981
@calls 9982 9981
@calls 9982 9982
@calls 9983 9982
@calls 9983 9983
@calls 9984 9983
@calls 9984 9984
@calls 9985 9984
@calls 9985 9985
@calls 9986 9985
@calls 9986 9986
@calls 9987 9986
@calls 9987 9987
@calls 9988 9987
@calls 9988 9988
@calls 9989 9988
@calls 9989 9989
@calls 9990 9989
@calls 9990 9990
@calls 9991 9990
@calls 9991 9991
@calls 9992 9991
@calls 9992 9992
@calls 9993 9992
@calls 9993 9993
@calls 9994 9993
@calls 9994 9994
@calls 9995 9994
@calls 9995 9995
@calls 9996 9995
@calls 9996 9996
@calls 9997 9996
@calls 9997 9997
@calls 9998 9997
@calls 9998 9998
@calls 9999 9998
@calls 9999 9999
@calls 10000 9999
@calls 10000 10000
@calls 10001 10000
@calls 10001 10001
@calls 10002 10001
@calls 10002 10002
@calls 10003 10002
@calls 10003 10003
@calls 10004 10003
@calls 10004 10004
@calls 10005 10004
@calls 10005 10005
@calls 10006 10005
@calls 10006 10006
@calls 10007 10006
@calls 10007 10007
@calls 10008 10007
@calls 10008 10008
@calls 10009 10008
@calls 10009 10009
@calls 10010 10009
@calls 10010 10010
@calls 10011 10010
@calls 10011 10011
@calls 10012 10011
@calls 10012 10012
@calls 10013 10012
@calls 10013 10013
@calls 10014 10013
@calls 10014 10014
@calls 10015 10014
@calls 10015 10015
@calls 10016 10015
@calls 10016 10016
@calls 10017 10016
@calls 10017 10017
@calls 10018 10017
@calls 10018 10018
@calls 10019 10018
@calls 10019 10019
@calls 10020 10019
@calls 10020 10020
@calls 10021 10020
@calls 10021 10021
@calls 10022 10021
@calls 10022 10022
@calls 10023 10022
@calls 10023 10023
@calls 10024 10023
@calls 10024 10024
@calls 10025 10024
@calls 10025 10025
@calls 10026 10025
@calls 10026 10026
@calls 10027 10026
@calls 10027 10027
@calls 10028 10027
@calls 10028 10028
@calls 10029 10028
@calls 10029 10029
@calls 10030 10029
@calls 10030 10030
@calls 10031 10030
@calls 10031 10031
@calls 10032 10031
@calls 10032 10032
@calls 10033 10032
@calls 10033 10033
@calls 10034 10033
@calls 10034 10034
@calls 10035 10034
@calls 10035 10035
@calls 10036 10035
@calls 10036 10036
@calls 10037 10036
@calls 10037 10037
@calls 10038 10037
@calls 10038 10038
@calls 10039 10038
@calls 10039 10039
@calls 10040 10039
@calls 10040 10040
@calls 10041 10040
@calls 10041 10041
@calls 10042 10041
@calls 10042 10042
@calls 10043 10042
@calls 10043 10043
@calls 10044 10043
@calls 10044 10044
@calls 10045 10044
@calls 10045 10045
@calls 10046 10045
@calls 10046 10046
@calls 10047 10046
@calls 10047 10047
@calls 10048 10047
@calls 10048 10048
@calls 10049 10048
@calls 10049 10049
@calls 10050 10049
@calls 10050 10050
@calls 10051 10050
@calls 10051 10051
@calls 10052 10051
@calls 10052 10052
@calls 10053 10052
@calls 10053 10053
@calls 10054 10053
@calls 10054 10054
@calls 10055 10054
@calls 10055 10055
@calls 10056 10055
@calls 10056 10056
@calls 10057 10056
@calls 10057 10057
@calls 10058 10057
@calls 10058 10058
@calls 10059 10058
@calls 10059 10059
@calls 10060 10059
@calls 10060 10060
@calls 10061 10060
@calls 10061 10061
@calls 10062 10061
@calls 10062 10062
@calls 10063 10062
@calls 10063 10063
@calls 10064 10063
@calls 10064 10064
@calls 10065 10064
@calls 10065 10065
@calls 10066 10065
@calls 10066 10066
@calls 10067 10066
@calls 10067 10067
@calls 10068 10067
@calls 10068 10068
@calls 10069 10068
@calls 10069 10069
@calls 10070 10069
@calls 10070 10070
@calls 10071 10070
@calls 10071 10071
@calls 10072 10071
@calls 10072 10072
@calls 10073 10072
@calls 10073 10073
@calls 10074 10073
@calls 10074 10074
@calls 10075 10074
@calls 10075 10075
@calls 10076 10075
@calls 10076 10076
@calls 10077 10076
@calls 10077 10077
@calls 10078 10077
@calls 10078 10078
@calls 10079 10078
@calls 10079 10079
@calls 10080 10079
@calls 10080 10080
@calls 10081 10080
@calls 10081 10081
@calls 10082 10081
@calls 10082 10082
@calls 10083 10082
@calls 10083 10083
@calls 10084 10083
@calls 10084 10084
@calls 10085 10084
@calls 10085 10085
@calls 10086 10085
@calls 10086 10086
@calls 10087 10086
@calls 10087 10087
@calls 10088 10087
@calls 10088 10088
@calls 10089 10088
@calls 10089 10089
@calls 10090 10089
@calls 10090 10090
@calls 10091 10090
@calls 10091 10091
@calls 10092 10091
@calls 10092 10092
@calls 10093 10092
@calls 10093 10093
@calls 10094 10093
@calls 10094 10094
@calls 10095 10094
@calls 10095 10095
@calls 10096 10095
@calls 10096 10096
@calls 10097 10096
@calls 10097 10097
@calls 10098 10097
@calls 10098 10098
@calls 10099 10098
@calls 10099 10099
@calls 10100 10099
@calls 10100 10100
@calls 10101 10100
@calls 10101 10101
@calls 10102 10101
@calls 10102 10102
@calls 10103 10102
@calls 10103 10103
@calls 10104 10103
@calls 10104 10104
@calls 10105 10104
@calls 10105 10105
@calls 10106 10105
@calls 10106 10106
@calls 10107 10106
@calls 10107 10107
@calls 10108 10107
@calls 10108 10108
@calls 10109 10108
@calls 10109 10109
@calls 10110 10109
@calls 10110 10110
@calls 10111 10110
@calls 10111 10111
@calls 10112 10111
@calls 10112 10112
@calls 10113 10112
@calls 10113 10113
@calls 10114 10113
@calls 10114 10114
@calls 10115 10114
@calls 10115 10115
@calls 10116 10115
@calls 10116 10116
@calls 10117 10116
@calls 10117 10117
@calls 10118 10117
@calls 10118 10118
@calls 10119 10118
@calls 10119 10119
@calls 10120 10119
@calls 10120 10120
@calls 10121 10120
@calls 10121 10121
@calls 10122 10121
@calls 10122 10122
@calls 10123 10122
@calls 10123 10123
@calls 10124 10123
@calls 10124 10124
@calls 10125 10124
@calls 10125 10125
@calls 10126 10125
@calls 10126 10126
@calls 10127 10126
@calls 10127 10127
@calls 10128 10127
@calls 10128 10128
@calls 10129 10128
@calls 10129 10129
@calls 10130 10129
@calls 10130 10130
@calls 10131 10130
@calls 10131 10131
@calls 10132 10131
@calls 10132 10132
@calls 10133 10132
@calls 10133 10133
@calls 10134 10133
@calls 10134 10134
@calls 10135 10134
@calls 10135 10135
@calls 10136 10135
@calls 10136 10136
@calls 10137 10136
@calls 10137 10137
@calls 10138 10137
@calls 10138 10138
@calls 10139 10138
@calls 10139 10139
@calls 10140 10139
@calls 10140 10140
@calls 10141 10140
@calls 10141 10141
@calls 10142 10141
@calls 10142 10142
@calls 10143 10142
@calls 10143 10143
@calls 10144 10143
@calls 10144 10144
@calls 10145 10144
@calls 10145 10145
@calls 10146 10145
@calls 10146 10146
@calls 10147 10146
@calls 10147 10147
@calls 10148 10147
@calls 10148 10148
@calls 10149 10148
@calls 10149 10149
@calls 10150 10149
@calls 10150 10150
@calls 10151 10150
@calls 10151 10151
@calls 10152 10151
@calls 10152 10152
@calls 10153 10152
@calls 10153 10153
@calls 10154 10153
@calls 10154 10154
@calls 10155 10154
@calls 10155 10155
@calls 10156 10155
@calls 10156 10156
@calls 10157 10156
@calls 10157 10157
@calls 10158 10157
@calls 10158 10158
@calls 10159 10158
@calls 10159 10159
@calls 10160 10159
@calls 10160 10160
@calls 10161 10160
@calls 10161 10161
@calls 10162 10161
@calls 10162 10162
@calls 10163 10162
@calls 10163 10163
@calls 10164 10163
@calls 10164 10164
@calls 10165 10164
@calls 10165 10165
@calls 10166 10165
@calls 10166 10166
@calls 10167 10166
@calls 10167 10167
@calls 10168 10167
@calls 10168 10168
@calls 10169 10168
@calls 10169 10169
@calls 10170 10169
@calls 10170 10170
@calls 10171 10170
@calls 10171 10171
@calls 10172 10171
@calls 10172 10172
@calls 10173 10172
@calls 10173 10173
@calls 10174 10173
@calls 10174 10174
@calls 10175 10174
@calls 10175 10175
@calls 10176 10175
@calls 10176 10176
@calls 10177 10176
@calls 10177 10177
@calls 10178 10177
@calls 10178 10178
@calls 10179 10178
@calls 10179 10179
@calls 10180 10179
@calls 10180 10180
@calls 10181 10180
@calls 10181 10181
@calls 10182 10181
@calls 10182 10182
@calls 10183 10182
@calls 10183 10183
@calls 10184 10183
@calls 10184 10184
@calls 10185 10184
@calls 10185 10185
@calls 10186 10185
@calls 10186 10186
@calls 10187 10186
@calls 10187 10187
@calls 10188 10187
@calls 10188 10188
@calls 10189 10188
@calls 10189 10189
@calls 10190 10189
@calls 10190 10190
@calls 10191 10190
@calls 10191 10191
@calls 10192 10191
@calls 10192 10192
@calls 10193 10192
@calls 10193 10193
@calls 10194 10193
@calls 10194 10194
@calls 10195 10194
@calls 10195 10195
@calls 10196 10195
@calls 10196 10196
@calls 10197 10196
@calls 10197 10197
@calls 10198 10197
@calls 10198 10198
@calls 10199 10198
@calls 10199 10199
@calls 10200 10199
@calls 10200 10200
@calls 10201 10200
@calls 10201 10201
@calls 10202 10201
@calls 10202 10202
@calls 10203 10202
@calls 10203 10203
@calls 10204 10203
@calls 10204 10204
@calls 10205 10204
@calls 10205 10205
@calls 10206 10205
@calls 10206 10206
@calls 10207 10206
@calls 10207 10207
@calls 10208 10207
@calls 10208 10208
@calls 10209 10208
@calls 10209 10209
@calls 10210 10209
@calls 10210 10210
@calls 10211 10210
@calls 10211 10211
@calls 10212 10211
@calls 10212 10212
@calls 10213 10212
@calls 10213 10213
@calls 10214 10213
@calls 10214 10214
@calls 10215 10214
@calls 10215 10215
@calls 10216 10215
@calls 10216 10216
@calls 10217 10216
@calls 10217 10217
@calls 10218 10217
@calls 10218 10218
@calls 10219 10218
@calls 10219 10219
@calls 10220 10219
@calls 10220 10220
@calls 10221 10220
@calls 10221 10221
@calls 10222 10221
@calls 10222 10222
@calls 10223 10222
@calls 10223 10223
@calls 10224 10223
@calls 10224 10224
@calls 10225 10224
@calls 10225 10225
@calls 10226 10225
@calls 10226 10226
@calls 10227 10226
@calls 10227 10227
@calls 10228 10227
@calls 10228 10228
@calls 10229 10228
@calls 10229 10229
@calls 10230 10229
@calls 10230 10230
@calls 10231 10230
@calls 10231 10231
@calls 10232 10231
@calls 10232 10232
@calls 10233 10232
@calls 10233 10233
@calls 10234 10233
@calls 10234 10234
@calls 10235 10234
@calls 10235 10235
@calls 10236 10235
@calls 10236 10236
@calls 10237 10236
@calls 10237 10237
@calls 10238 10237
@calls 10238 10238
@calls 10239 10238
@calls 10239 10239
@calls 10240 10239
@calls 10240 10240
@calls 10241 10240
@calls 10241 10241
@calls 10242 10241
@calls 10242 10242
@calls 10243 10242
@calls 10243 10243
@calls 10244 10243
@calls 10244 10244
@calls 10245 10244
@calls 10245 10245
@calls 10246 10245
@calls 10246 10246
@calls 10247 10246
@calls 10247 10247
@calls 10248 10247
@calls 10248 10248
@calls 10249 10248
@calls 10249 10249
@calls 10250 10249
@calls 10250 10250
@calls 10251 10250
@calls 10251 10251
@calls 10252 10251
@calls 10252 10252
@calls 10253 10252
@calls 10253 10253
@calls 10254 10253
@calls 10254 10254
@calls 10255 10254
@calls 10255 10255
@calls 10256 10255
@calls 10256 10256
@calls 10257 10256
@calls 10257 10257
@calls 10258 10257
@calls 10258 10258
@calls 10259 10258
@calls 10259 10259
@calls 10260 10259
@calls 10260 10260
@calls 10261 10260
@calls 10261 10261
@calls 10262 10261
@calls 10262 10262
@calls 10263 10262
@calls 10263 10263
@calls 10264 10263
@calls 10264 10264
@calls 10265 10264
@calls 10265 10265
@calls 10266 10265
@calls 10266 10266
@calls 10267 10266
@calls 10267 10267
@calls 10268 10267
@calls 10268 10268
@calls 10269 10268
@calls 10269 10269
@calls 10270 10269
@calls 10270 10270
@calls 10271 10270
@calls 10271 10271
@calls 10272 10271
@calls 10272 10272
@calls 10273 10272
@calls 10273 10273
@calls 10274 10273
@calls 10274 10274
@calls 10275 10274
@calls 10275 10275
@calls 10276 10275
@calls 10276 10276
@calls 10277 10276
@calls 10277 10277
@calls 10278 10277
@calls 10278 10278
@calls 10279 10278
@calls 10279 10279
@calls 10280 10279
@calls 10280 10280
@calls 10281 10280
@calls 10281 10281
@calls 10282 10281
@calls 10282 10282
@calls 10283 10282
@calls 10283 10283
@calls 10284 10283
@calls 10284 10284
@calls 10285 10284
@calls 10285 10285
@calls 10286 10285
@calls 10286 10286
@calls 10287 10286
@calls 10287 10287
@calls 10288 10287
@calls 10288 10288
@calls 10289 10288
@calls 10289 10289
@calls 10290 10289
@calls 10290 10290
@calls 10291 10290
@calls 10291 10291
@calls 10292 10291
@calls 10292 10292
@calls 10293 10292
@calls 10293 10293
@calls 10294 10293
@calls 10294 10294
@calls 10295 10294
@calls 10295 10295
@calls 10296 10295
@calls 10296 10296
@calls 10297 10296
@calls 10297 10297
@calls 10298 10297
@calls 10298 10298
@calls 10299 10298
@calls 10299 10299
@calls 10300 10299
@calls 10300 10300
@calls 10301 10300
@calls 10301 10301
@calls 10302 10301
@calls 10302 10302
@calls 10303 10302
@calls 10303 10303
@calls 10304 10303
@calls 10304 10304
@calls 10305 10304
@calls 10305 10305
@calls 10306 10305
@calls 10306 10306
@calls 10307 10306
@calls 10307 10307
@calls 10308 10307
@calls 10308 10308
@calls 10309 10308
@calls 10309 10309
@calls 10310 10309
@calls 10310 10310
@calls 10311 10310
@calls 10311 10311
@calls 10312 10311
@calls 10312 10312
@calls 10313 10312
@calls 10313 10313
@calls 10314 10313
@calls 10314 10314
@calls 10315 10314
@calls 10315 10315
@calls 10316 10315
@calls 10316 10316
@calls 10317 10316
@calls 10317 10317
@calls 10318 10317
@calls 10318 10318
@calls 10319 10318
@calls 10319 10319
@calls 10320 10319
@calls 10320 10320
@calls 10321 10320
@calls 10321 10321
@calls 10322 10321
@calls 10322 10322
@calls 10323 10322
@calls 10323 10323
@calls 10324 10323
@calls 10324 10324
@calls 10325 10324
@calls 10325 10325
@calls 10326 10325
@calls 10326 10326
@calls 10327 10326
@calls 10327 10327
@calls 10328 10327
@calls 10328 10328
@calls 10329 10328
@calls 10329 10329
@calls 10330 10329
@calls 10330 10330
@calls 10331 10330
@calls 10331 10331
@calls 10332 10331
@calls 10332 10332
@calls 10333 10332
@calls 10333 10333
@calls 10334 10333
@calls 10334 10334
@calls 10335 10334
@calls 10335 10335
@calls 10336 10335
@calls 10336 10336
@calls 10337 10336
@calls 10337 10337
@calls 10338 10337
@calls 10338 10338
@calls 10339 10338
@calls 10339 10339
@calls 10340 10339
@calls 10340 10340
@calls 10341 10340
@calls 10341 10341
@calls 10342 10341
@calls 10342 10342
@calls 10343 10342
@calls 10343 10343
@calls 10344 10343
@calls 10344 10344
@calls 10345 10344
@calls 10345 10345
@calls 10346 10345
@calls 10346 10346
@calls 10347 10346
@calls 10347 10347
@calls 10348 10347
@calls 10348 10348
@calls 10349 10348
@calls 10349 10349
@calls 10350 10349
@calls 10350 10350
@calls 10351 10350
@calls 10351 10351
@calls 10352 10351
@calls 10352 10352
@calls 10353 10352
@calls 10353 10353
@calls 10354 10353
@calls 10354 10354
@calls 10355 10354
@calls 10355 10355
@calls 10356 10355
@calls 10356 10356
@calls 10357 10356
@calls 10357 10357
@calls 10358 10357
@calls 10358 10358
@calls 10359 10358
@calls 10359 10359
@calls 10360 10359
@calls 10360 10360
@calls 10361 10360
@calls 10361 10361
@calls 10362 10361
@calls 10362 10362
@calls 10363 10362
@calls 10363 10363
@calls 10364 10363
@calls 10364 10364
@calls 10365 10364
@calls 10365 10365
@calls 10366 10365
@calls 10366 10366
@calls 10367 10366
@calls 10367 10367
@calls 10368 10367
@calls 10368 10368
@calls 10369 10368
@calls 10369 10369
@calls 10370 10369
@calls 10370 10370
@calls 10371 10370
@calls 10371 10371
@calls 10372 10371
@calls 10372 10372
@calls 10373 10372
@calls 10373 10373
@calls 10374 10373
@calls 10374 10374
@calls 10375 10374
@calls 10375 10375
@calls 10376 10375
@calls 10376 10376
@calls 10377 10376
@calls 10377 10377
@calls 10378 10377
@calls 10378 10378
@calls 10379 10378
@calls 10379 10379
@calls 10380 10379
@calls 10380 10380
@calls 10381 10380
@calls 10381 10381
@calls 10382 10381
@calls 10382 10382
@calls 10383 10382
@calls 10383 10383
@calls 10384 10383
@calls 10384 10384
@calls 10385 10384
@calls 10385 10385
@calls 10386 10385
@calls 10386 10386
@calls 10387 10386
@calls 10387 10387
@calls 10388 10387
@calls 10388 10388
@calls 10389 10388
@calls 10389 10389
@calls 10390 10389
@calls 10390 10390
@calls 10391 10390
@calls 10391 10391
@calls 10392 10391
@calls 10392 10392
@calls 10393 10392
@calls 10393 10393
@calls 10394 10393
@calls 10394 10394
@calls 10395 10394
@calls 10395 10395
@calls 10396 10395
@calls 10396 10396
@calls 10397 10396
@calls 10397 10397
@calls 10398 10397
@calls 10398 10398
@calls 10399 10398
@calls 10399 10399
@calls 10400 10399
@calls 10400 10400
@calls 10401 10400
@calls 10401 10401
@calls 10402 10401
@calls 10402 10402
@calls 10403 10402
@calls 10403 10403
@calls 10404 10403
@calls 10404 10404
@calls 10405 10404
@calls 10405 10405
@calls 10406 10405
@calls 10406 10406
@calls 10407 10406
@calls 10407 10407
@calls 10408 10407
@calls 10408 10408
@calls 10409 10408
@calls 10409 10409
@calls 10410 10409
@calls 10410 10410
@calls 10411 10410
@calls 10411 10411
@calls 10412 10411
@calls 10412 10412
@calls 10413 10412
@calls 10413 10413
@calls 10414 10413
@calls 10414 10414
@calls 10415 10414
@calls 10415 10415
@calls 10416 10415
@calls 10416 10416
@calls 10417 10416
@calls 10417 10417
@calls 10418 10417
@calls 10418 10418
@calls 10419 10418
@calls 10419 10419
@calls 10420 10419
@calls 10420 10420
@calls 10421 10420
@calls 10421 10421
@calls 10422 10421
@calls 10422 10422
@calls 10423 10422
@calls 10423 10423
@calls 10424 10423
@calls 10424 10424
@calls 10425 10424
@calls 10425 10425
@calls 10426 10425
@calls 10426 10426
@calls 10427 10426
@calls 10427 10427
@calls 10428 10427
@calls 10428 10428
@calls 10429 10428
@calls 10429 10429
@calls 10430 10429
@calls 10430 10430
@calls 10431 10430
@calls 10431 10431
@calls 10432 10431
@calls 10432 10432
@calls 10433 10432
@calls 10433 10433
@calls 10434 10433
@calls 10434 10434
@calls 10435 10434
@calls 10435 10435
@calls 10436 10435
@calls 10436 10436
@calls 10437 10436
@calls 10437 10437
@calls 10438 10437
@calls 10438 10438
@calls 10439 10438
@calls 10439 10439
@calls 10440 10439
@calls 10440 10440
@calls 10441 10440
@calls 10441 10441
@calls 10442 10441
@calls 10442 10442
@calls 10443 10442
@calls 10443 10443
@calls 10444 10443
@calls 10444 10444
@calls 10445 10444
@calls 10445 10445
@calls 10446 10445
@calls 10446 10446
@calls 10447 10446
@calls 10447 10447
@calls 10448 10447
@calls 10448 10448
@calls 10449 10448
@calls 10449 10449
@calls 10450 10449
@calls 10450 10450
@calls 10451 10450
@calls 10451 10451
@calls 10452 10451
@calls 10452 10452
@calls 10453 10452
@calls 10453 10453
@calls 10454 10453
@calls 10454 10454
@calls 10455 10454
@calls 10455 10455
@calls 10456 10455
@calls 10456 10456
@calls 10457 10456
@calls 10457 10457
@calls 10458 10457
@calls 10458 10458
@calls 10459 10458
@calls 10459 10459
@calls 10460 10459
@calls 10460 10460
@calls 10461 10460
@calls 10461 10461
@calls 10462 10461
@calls 10462 10462
@calls 10463 10462
@calls 10463 10463
@calls 10464 10463
@calls 10464 10464
@calls 10465 10464
@calls 10465 10465
@calls 10466 10465
@calls 10466 10466
@calls 10467 10466
@calls 10467 10467
@calls 10468 10467
@calls 10468 10468
@calls 10469 10468
@calls 10469 10469
@calls 10470 10469
@calls 10470 10470
@calls 10471 10470
@calls 10471 10471
@calls 10472 10471
@calls 10472 10472
@calls 10473 10472
@calls 10473 10473
@calls 10474 10473
@calls 10474 10474
@calls 10475 10474
@calls 10475 10475
@calls 10476 10475
@calls 10476 10476
@calls 10477 10476
@calls 10477 10477
@calls 10478 10477
@calls 10478 10478
@calls 10479 10478
@calls 10479 10479
@calls 10480 10479
@calls 10480 10480
@calls 10481 10480
@calls 10481 10481
@calls 10482 10481
@calls 10482 10482
@calls 10483 10482
@calls 10483 10483
@calls 10484 10483
@calls 10484 10484
@calls 10485 10484
@calls 10485 10485
@calls 10486 10485
@calls 10486 10486
@calls 10487 10486
@calls 10487 10487
@calls 10488 10487
@calls 10488 10488
@calls 10489 10488
@calls 10489 10489
@calls 10490 10489
@calls 10490 10490
@calls 10491 10490
@calls 10491 10491
@calls 10492 10491
@calls 10492 10492
@calls 10493 10492
@calls 10493 10493
@calls 10494 10493
@calls 10494 10494
@calls 10495 10494
@calls 10495 10495
@calls 10496 10495
@calls 10496 10496
@calls 10497 10496
@calls 10497 10497
@calls 10498 10497
@calls 10498 10498
@calls 10499 10498
@calls 10499 10499
@calls 10500 10499
@calls 10500 10500
@calls 10501 10500
@calls 10501 10501
@calls 10502 10501
@calls 10502 10502
@calls 10503 10502
@calls 10503 10503
@calls 10504 10503
@calls 10504 10504
@calls 10505 10504
@calls 10505 10505
@calls 10506 10505
@calls 10506 10506
@calls 10507 10506
@calls 10507 10507
@calls 10508 10507
@calls 10508 10508
@calls 10509 10508
@calls 10509 10509
@calls 10510 10509
@calls 10510 10510
@calls 10511 10510
@calls 10511 10511
@calls 10512 10511
@calls 10512 10512
@calls 10513 10512
@calls 10513 10513
@calls 10514 10513
@calls 10514 10514
@calls 10515 10514
@calls 10515 10515
@calls 10516 10515
@calls 10516 10516
@calls 10517 10516
@calls 10517 10517
@calls 10518 10517
@calls 10518 10518
@calls 10519 10518
@calls 10519 10519
@calls 10520 10519
@calls 10520 10520
@calls 10521 10520
@calls 10521 10521
@calls 10522 10521
@calls 10522 10522
@calls 10523 10522
@calls 10523 10523
@calls 10524 10523
@calls 10524 10524
@calls 10525 10524
@calls 10525 10525
@calls 10526 10525
@calls 10526 10526
@calls 10527 10526
@calls 10527 10527
@calls 10528 10527
@calls 10528 10528
@calls 10529 10528
@calls 10529 10529
@calls 10530 10529
@calls 10530 10530
@calls 10531 10530
@calls 10531 10531
@calls 10532 10531
@calls 10532 10532
@calls 10533 10532
@calls 10533 10533
@calls 10534 10533
@calls 10534 10534
@calls 10535 10534
@calls 10535 10535
@calls 10536 10535
@calls 10536 10536
@calls 10537 10536
@calls 10537 10537
@calls 10538 10537
@calls 10538 10538
@calls 10539 10538
@calls 10539 10539
@calls 10540 10539
@calls 10540 10540
@calls 10541 10540
@calls 10541 10541
@calls 10542 10541
@calls 10542 10542
@calls 10543 10542
@calls 10543 10543
@calls 10544 10543
@calls 10544 10544
@calls 10545 10544
@calls 10545 10545
@calls 10546 10545
@calls 10546 10546
@calls 10547 10546
@calls 10547 10547
@calls 10548 10547
@calls 10548 10548
@calls 10549 10548
@calls 10549 10549
@calls 10550 10549
@calls 10550 10550
@calls 10551 10550
@calls 10551 10551
@calls 10552 10551
@calls 10552 10552
@calls 10553 10552
@calls 10553 10553
@calls 10554 10553
@calls 10554 10554
@calls 10555 10554
@calls 10555 10555
@calls 10556 10555
@calls 10556 10556
@calls 10557 10556
@calls 10557 10557
@calls 10558 10557
@calls 10558 10558
@calls 10559 10558
@calls 10559 10559
@calls 10560 10559
@calls 10560 10560
@calls 10561 10560
@calls 10561 10561
@calls 10562 10561
@calls 10562 10562
@calls 10563 10562
@calls 10563 10563
@calls 10564 10563
@calls 10564 10564
@calls 10565 10564
@calls 10565 10565
@calls 10566 10565
@calls 10566 10566
@calls 10567 10566
@calls 10567 10567
@calls 10568 10567
@calls 10568 10568
@calls 10569 10568
@calls 10569 10569
@calls 10570 10569
@calls 10570 10570
@calls 10571 10570
@calls 10571 10571
@calls 10572 10571
@calls 10572 10572
@calls 10573 10572
@calls 10573 10573
@calls 10574 10573
@calls 10574 10574
@calls 10575 10574
@calls 10575 10575
@calls 10576 10575
@calls 10576 10576
@calls 10577 10576
@calls 10577 10577
@calls 10578 10577
@calls 10578 10578
@calls 10579 10578
@calls 10579 10579
@calls 10580 10579
@calls 10580 10580
@calls 10581 10580
@calls 10581 10581
@calls 10582 10581
@calls 10582 10582
@calls 10583 10582
@calls 10583 10583
@calls 10584 10583
@calls 10584 10584
@calls 10585 10584
@calls 10585 10585
@calls 10586 10585
@calls 10586 10586
@calls 10587 10586
@calls 10587 10587
@calls 10588 10587
@calls 10588 10588
@calls 10589 10588
@calls 10589 10589
@calls 10590 10589
@calls 10590 10590
@calls 10591 10590
@calls 10591 10591
@calls 10592 10591
@calls 10592 10592
@calls 10593 10592
@calls 10593 10593
@calls 10594 10593
@calls 10594 10594
@calls 10595 10594
@calls 10595 10595
@calls 10596 10595
@calls 10596 10596
@calls 10597 10596
@calls 10597 10597
@calls 10598 10597
@calls 10598 10598
@calls 10599 10598
@calls 10599 10599
@calls 10600 10599
@calls 10600 10600
@calls 10601 10600
@calls 10601 10601
@calls 10602 10601
@calls 10602 10602
@calls 10603 10602
@calls 10603 10603
@calls 10604 10603
@calls 10604 10604
@calls 10605 10604
@calls 10605 10605
@calls 10606 10605
@calls 10606 10606
@calls 10607 10606
@calls 10607 10607
@calls 10608 10607
@calls 10608 10608
@calls 10609 10608
@calls 10609 10609
@calls 10610 10609
@calls 10610 10610
@calls 10611 10610
@calls 10611 10611
@calls 10612 10611
@calls 10612 10612
@calls 10613 10612
@calls 10613 10613
@calls 10614 10613
@calls 10614 10614
@calls 10615 10614
@calls 10615 10615
@calls 10616 10615
@calls 10616 10616
@calls 10617 10616
@calls 10617 10617
@calls 10618 10617
@calls 10618 10618
@calls 10619 10618
@calls 10619 10619
@calls 10620 10619
@calls 10620 10620
@calls 10621 10620
@calls 10621 10621
@calls 10622 10621
@calls 10622 10622
@calls 10623 10622
@calls 10623 10623
@calls 10624 10623
@calls 10624 10624
@calls 10625 10624
@calls 10625 10625
@calls 10626 10625
@calls 10626 10626
@calls 10627 10626
@calls 10627 10627
@calls 10628 10627
@calls 10628 10628
@calls 10629 10628
@calls 10629 10629
@calls 10630 10629
@calls 10630 10630
@calls 10631 10630
@calls 10631 10631
@calls 10632 10631
@calls 10632 10632
@calls 10633 10632
@calls 10633 10633
@calls 10634 10633
@calls 10634 10634
@calls 10635 10634
@calls 10635 10635
@calls 10636 10635
@calls 10636 10636
@calls 10637 10636
@calls 10637 10637
@calls 10638 10637
@calls 10638 10638
@calls 10639 10638
@calls 10639 10639
@calls 10640 10639
@calls 10640 10640
@calls 10641 10640
@calls 10641 10641
@calls 10642 10641
@calls 10642 10642
@calls 10643 10642
@calls 10643 10643
@calls 10644 10643
@calls 10644 10644
@calls 10645 10644
@calls 10645 10645
@calls 10646 10645
@calls 10646 10646
@calls 10647 10646
@calls 10647 10647
@calls 10648 10647
@calls 10648 10648
@calls 10649 10648
@calls 10649 10649
@calls 10650 10649
@calls 10650 10650
@calls 10651 10650
@calls 10651 10651
@calls 10652 10651
@calls 10652 10652
@calls 10653 10652
@calls 10653 10653
@calls 10654 10653
@calls 10654 10654
@calls 10655 10654
@calls 10655 10655
@calls 10656 10655
@calls 10656 10656
@calls 10657 10656
@calls 10657 10657
@calls 10658 10657
@calls 10658 10658
@calls 10659 10658
@calls 10659 10659
@calls 10660 10659
@calls 10660 10660
@calls 10661 10660
@calls 10661 10661
@calls 10662 10661
@calls 10662 10662
@calls 10663 10662
@calls 10663 10663
@calls 10664 10663
@calls 10664 10664
@calls 10665 10664
@calls 10665 10665
@calls 10666 10665
@calls 10666 10666
@calls 10667 10666
@calls 10667 10667
@calls 10668 10667
@calls 10668 10668
@calls 10669 10668
@calls 10669 10669
@calls 10670 10669
@calls 10670 10670
@calls 10671 10670
@calls 10671 10671
@calls 10672 10671
@calls 10672 10672
@calls 10673 10672
@calls 10673 10673
@calls 10674 10673
@calls 10674 10674
@calls 10675 10674
@calls 10675 10675
@calls 10676 10675
@calls 10676 10676
@calls 10677 10676
@calls 10677 10677
@calls 10678 10677
@calls 10678 10678
@calls 10679 10678
@calls 10679 10679
@calls 10680 10679
@calls 10680 10680
@calls 10681 10680
@calls 10681 10681
@calls 10682 10681
@calls 10682 10682
@calls 10683 10682
@calls 10683 10683
@calls 10684 10683
@calls 10684 10684
@calls 10685 10684
@calls 10685 10685
@calls 10686 10685
@calls 10686 10686
@calls 10687 10686
@calls 10687 10687
@calls 10688 10687
@calls 10688 10688
@calls 10689 10688
@calls 10689 10689
@calls 10690 10689
@calls 10690 10690
@calls 10691 10690
@calls 10691 10691
@calls 10692 10691
@calls 10692 10692
@calls 10693 10692
@calls 10693 10693
@calls 10694 10693
@calls 10694 10694
@calls 10695 10694
@calls 10695 10695
@calls 10696 10695
@calls 10696 10696
@calls 10697 10696
@calls 10697 10697
@calls 10698 10697
@calls 10698 10698
@calls 10699 10698
@calls 10699 10699
@calls 10700 10699
@calls 10700 10700
@calls 10701 10700
@calls 10701 10701
@calls 10702 10701
@calls 10702 10702
@calls 10703 10702
@calls 10703 10703
@calls 10704 10703
@calls 10704 10704
@calls 10705 10704
@calls 10705 10705
@calls 10706 10705
@calls 10706 10706
@calls 10707 10706
@calls 10707 10707
@calls 10708 10707
@calls 10708 10708
@calls 10709 10708
@calls 10709 10709
@calls 10710 10709
@calls 10710 10710
@calls 10711 10710
@calls 10711 10711
@calls 10712 10711
@calls 10712 10712
@calls 10713 10712
@calls 10713 10713
@calls 10714 10713
@calls 10714 10714
@calls 10715 10714
@calls 10715 10715
@calls 10716 10715
@calls 10716 10716
@calls 10717 10716
@calls 10717 10717
@calls 10718 10717
@calls 10718 10718
@calls 10719 10718
@calls 10719 10719
@calls 10720 10719
@calls 10720 10720
@calls 10721 10720
@calls 10721 10721
@calls 10722 10721
@calls 10722 10722
@calls 10723 10722
@calls 10723 10723
@calls 10724 10723
@calls 10724 10724
@calls 10725 10724
@calls 10725 10725
@calls 10726 10725
@calls 10726 10726
@calls 10727 10726
@calls 10727 10727
@calls 10728 10727
@calls 10728 10728
@calls 10729 10728
@calls 10729 10729
@calls 10730 10729
@calls 10730 10730
@calls 10731 10730
@calls 10731 10731
@calls 10732 10731
@calls 10732 10732
@calls 10733 10732
@calls 10733 10733
@calls 10734 10733
@calls 10734 10734
@calls 10735 10734
@calls 10735 10735
@calls 10736 10735
@calls 10736 10736
@calls 10737 10736
@calls 10737 10737
@calls 10738 10737
@calls 10738 10738
@calls 10739 10738
@calls 10739 10739
@calls 10740 10739
@calls 10740 10740
@calls 10741 10740
@calls 10741 10741
@calls 10742 10741
@calls 10742 10742
@calls 10743 10742
@calls 10743 10743
@calls 10744 10743
@calls 10744 10744
@calls 10745 10744
@calls 10745 10745
@calls 10746 10745
@calls 10746 10746
@calls 10747 10746
@calls 10747 10747
@calls 10748 10747
@calls 10748 10748
@calls 10749 10748
@calls 10749 10749
@calls 10750 10749
@calls 10750 10750
@calls 10751 10750
@calls 10751 10751
@calls 10752 10751
@calls 10752 10752
@calls 10753 10752
@calls 10753 10753
@calls 10754 10753
@calls 10754 10754
@calls 10755 10754
@calls 10755 10755
@calls 10756 10755
@calls 10756 10756
@calls 10757 10756
@calls 10757 10757
@calls 10758 10757
@calls 10758 10758
@calls 10759 10758
@calls 10759 10759
@calls 10760 10759
@calls 10760 10760
@calls 10761 10760
@calls 10761 10761
@calls 10762 10761
@calls 10762 10762
@calls 10763 10762
@calls 10763 10763
@calls 10764 10763
@calls 10764 10764
@calls 10765 10764
@calls 10765 10765
@calls 10766 10765
@calls 10766 10766
@calls 10767 10766
@calls 10767 10767
@calls 10768 10767
@calls 10768 10768
@calls 10769 10768
@calls 10769 10769
@calls 10770 10769
@calls 10770 10770
@calls 10771 10770
@calls 10771 10771
@calls 10772 10771
@calls 10772 10772
@calls 10773 10772
@calls 10773 10773
@calls 10774 10773
@calls 10774 10774
@calls 10775 10774
@calls 10775 10775
@calls 10776 10775
@calls 10776 10776
@calls 10777 10776
@calls 10777 10777
@calls 10778 10777
@calls 10778 10778
@calls 10779 10778
@calls 10779 10779
@calls 10780 10779
@calls 10780 10780
@calls 10781 10780
@calls 10781 10781
@calls 10782 10781
@calls 10782 10782
@calls 10783 10782
@calls 10783 10783
@calls 10784 10783
@calls 10784 10784
@calls 10785 10784
@calls 10785 10785
@calls 10786 10785
@calls 10786 10786
@calls 10787 10786
@calls 10787 10787
@calls 10788 10787
@calls 10788 10788
@calls 10789 10788
@calls 10789 10789
@calls 10790 10789
@calls 10790 10790
@calls 10791 10790
@calls 10791 10791
@calls 10792 10791
@calls 10792 10792
@calls 10793 10792
@calls 10793 10793
@calls 10794 10793
@calls 10794 10794
@calls 10795 10794
@calls 10795 10795
@calls 10796 10795
@calls 10796 10796
@calls 10797 10796
@calls 10797 10797
@calls 10798 10797
@calls 10798 10798
@calls 10799 10798
@calls 10799 10799
@calls 10800 10799
@calls 10800 10800
@calls 10801 10800
@calls 10801 10801
@calls 10802 10801
@calls 10802 10802
@calls 10803 10802
@calls 10803 10803
@calls 10804 10803
@calls 10804 10804
@calls 10805 10804
@calls 10805 10805
@calls 10806 10805
@calls 10806 10806
@calls 10807 10806
@calls 10807 10807
@calls 10808 10807
@calls 10808 10808
@calls 10809 10808
@calls 10809 10809
@calls 10810 10809
@calls 10810 10810
@calls 10811 10810
@calls 10811 10811
@calls 10812 10811
@calls 10812 10812
@calls 10813 10812
@calls 10813 10813
@calls 10814 10813
@calls 10814 10814
@calls 10815 10814
@calls 10815 10815
@calls 10816 10815
@calls 10816 10816
@calls 10817 10816
@calls 10817 10817
@calls 10818 10817
@calls 10818 10818
@calls 10819 10818
@calls 10819 10819
@calls 10820 10819
@calls 10820 10820
@calls 10821 10820
@calls 10821 10821
@calls 10822 10821
@calls 10822 10822
@calls 10823 10822
@calls 10823 10823
@calls 10824 10823
@calls 10824 10824
@calls 10825 10824
@calls 10825 10825
@calls 10826 10825
@calls 10826 10826
@calls 10827 10826
@calls 10827 10827
@calls 10828 10827
@calls 10828 10828
@calls 10829 10828
@calls 10829 10829
@calls 10830 10829
@calls 10830 10830
@calls 10831 10830
@calls 10831 10831
@calls 10832 10831
@calls 10832 10832
@calls 10833 10832
@calls 10833 10833
@calls 10834 10833
@calls 10834 10834
@calls 10835 10834
@calls 10835 10835
@calls 10836 10835
@calls 10836 10836
@calls 10837 10836
@calls 10837 10837
@calls 10838 10837
@calls 10838 10838
@calls 10839 10838
@calls 10839 10839
@calls 10840 10839
@calls 10840 10840
@calls 10841 10840
@calls 10841 10841
@calls 10842 10841
@calls 10842 10842
@calls 10843 10842
@calls 10843 10843
@calls 10844 10843
@calls 10844 10844
@calls 10845 10844
@calls 10845 10845
@calls 10846 10845
@calls 10846 10846
@calls 10847 10846
@calls 10847 10847
@calls 10848 10847
@calls 10848 10848
@calls 10849 10848
@calls 10849 10849
@calls 10850 10849
@calls 10850 10850
@calls 10851 10850
@calls 10851 10851
@calls 10852 10851
@calls 10852 10852
@calls 10853 10852
@calls 10853 10853
@calls 10854 10853
@calls 10854 10854
@calls 10855 10854
@calls 10855 10855
@calls 10856 10855
@calls 10856 10856
@calls 10857 10856
@calls 10857 10857
@calls 10858 10857
@calls 10858 10858
@calls 10859 10858
@calls 10859 10859
@calls 10860 10859
@calls 10860 10860
@calls 10861 10860
@calls 10861 10861
@calls 10862 10861
@calls 10862 10862
@calls 10863 10862
@calls 10863 10863
@calls 10864 10863
@calls 10864 10864
@calls 10865 10864
@calls 10865 10865
@calls 10866 10865
@calls 10866 10866
@calls 10867 10866
@calls 10867 10867
@calls 10868 10867
@calls 10868 10868
@calls 10869 10868
@calls 10869 10869
@calls 10870 10869
@calls 10870 10870
@calls 10871 10870
@calls 10871 10871
@calls 10872 10871
@calls 10872 10872
@calls 10873 10872
@calls 10873 10873
@calls 10874 10873
@calls 10874 10874
@calls 10875 10874
@calls 10875 10875
@calls 10876 10875
@calls 10876 10876
@calls 10877 10876
@calls 10877 10877
@calls 10878 10877
@calls 10878 10878
@calls 10879 10878
@calls 10879 10879
@calls 10880 10879
@calls 10880 10880
@calls 10881 10880
@calls 10881 10881
@calls 10882 10881
@calls 10882 10882
@calls 10883 10882
@calls 10883 10883
@calls 10884 10883
@calls 10884 10884
@calls 10885 10884
@calls 10885 10885
@calls 10886 10885
@calls 10886 10886
@calls 10887 10886
@calls 10887 10887
@calls 10888 10887
@calls 10888 10888
@calls 10889 10888
@calls 10889 10889
@calls 10890 10889
@calls 10890 10890
@calls 10891 10890
@calls 10891 10891
@calls 10892 10891
@calls 10892 10892
@calls 10893 10892
@calls 10893 10893
@calls 10894 10893
@calls 10894 10894
@calls 10895 10894
@calls 10895 10895
@calls 10896 10895
@calls 10896 10896
@calls 10897 10896
@calls 10897 10897
@calls 10898 10897
@calls 10898 10898
@calls 10899 10898
@calls 10899 10899
@calls 10900 10899
@calls 10900 10900
@calls 10901 10900
@calls 10901 10901
@calls 10902 10901
@calls 10902 10902
@calls 10903 10902
@calls 10903 10903
@calls 10904 10903
@calls 10904 10904
@calls 10905 10904
@calls 10905 10905
@calls 10906 10905
@calls 10906 10906
@calls 10907 10906
@calls 10907 10907
@calls 10908 10907
@calls 10908 10908
@calls 10909 10908
@calls 10909 10909
@calls 10910 10909
@calls 10910 10910
@calls 10911 10910
@calls 10911 10911
@calls 10912 10911
@calls 10912 10912
@calls 10913 10912
@calls 10913 10913
@calls 10914 10913
@calls 10914 10914
@calls 10915 10914
@calls 10915 10915
@calls 10916 10915
@calls 10916 10916
@calls 10917 10916
@calls 10917 10917
@calls 10918 10917
@calls 10918 10918
@calls 10919 10918
@calls 10919 10919
@calls 10920 10919
@calls 10920 10920
@calls 10921 10920
@calls 10921 10921
@calls 10922 10921
@calls 10922 10922
@calls 10923 10922
@calls 10923 10923
@calls 10924 10923
@calls 10924 10924
@calls 10925 10924
@calls 10925 10925
@calls 10926 10925
@calls 10926 10926
@calls 10927 10926
@calls 10927 10927
@calls 10928 10927
@calls 10928 10928
@calls 10929 10928
@calls 10929 10929
@calls 10930 10929
@calls 10930 10930
@calls 10931 10930
@calls 10931 10931
@calls 10932 10931
@calls 10932 10932
@calls 10933 10932
@calls 10933 10933
@calls 10934 10933
@calls 10934 10934
@calls 10935 10934
@calls 10935 10935
@calls 10936 10935
@calls 10936 10936
@calls 10937 10936
@calls 10937 10937
@calls 10938 10937
@calls 10938 10938
@calls 10939 10938
@calls 10939 10939
@calls 10940 10939
@calls 10940 10940
@calls 10941 10940
@calls 10941 10941
@calls 10942 10941
@calls 10942 10942
@calls 10943 10942
@calls 10943 10943
@calls 10944 10943
@calls 10944 10944
@calls 10945 10944
@calls 10945 10945
@calls 10946 10945
@calls 10946 10946
@calls 10947 10946
@calls 10947 10947
@calls 10948 10947
@calls 10948 10948
@calls 10949 10948
@calls 10949 10949
@calls 10950 10949
@calls 10950 10950
@calls 10951 10950
@calls 10951 10951
@calls 10952 10951
@calls 10952 10952
@calls 10953 10952
@calls 10953 10953
@calls 10954 10953
@calls 10954 10954
@calls 10955 10954
@calls 10955 10955
@calls 10956 10955
@calls 10956 10956
@calls 10957 10956
@calls 10957 10957
@calls 10958 10957
@calls 10958 10958
@calls 10959 10958
@calls 10959 10959
@calls 10960 10959
@calls 10960 10960
@calls 10961 10960
@calls 10961 10961
@calls 10962 10961
@calls 10962 10962
@calls 10963 10962
@calls 10963 10963
@calls 10964 10963
@calls 10964 10964
@calls 10965 10964
@calls 10965 10965
@calls 10966 10965
@calls 10966 10966
@calls 10967 10966
@calls 10967 10967
@calls 10968 10967
@calls 10968 10968
@calls 10969 10968
@calls 10969 10969
@calls 10970 10969
@calls 10970 10970
@calls 10971 10970
@calls 10971 10971
@calls 10972 10971
@calls 10972 10972
@calls 10973 10972
@calls 10973 10973
@calls 10974 10973
@calls 10974 10974
@calls 10975 10974
@calls 10975 10975
@calls 10976 10975
@calls 10976 10976
@calls 10977 10976
@calls 10977 10977
@calls 10978 10977
@calls 10978 10978
@calls 10979 10978
@calls 10979 10979
@calls 10980 10979
@calls 10980 10980
@calls 10981 10980
@calls 10981 10981
@calls 10982 10981
@calls 10982 10982
@calls 10983 10982
@calls 10983 10983
@calls 10984 10983
@calls 10984 10984
@calls 10985 10984
@calls 10985 10985
@calls 10986 10985
@calls 10986 10986
@calls 10987 10986
@calls 10987 10987
@calls 10988 10987
@calls 10988 10988
@calls 10989 10988
@calls 10989 10989
@calls 10990 10989
@calls 10990 10990
@calls 10991 10990
@calls 10991 10991
@calls 10992 10991
@calls 10992 10992
@calls 10993 10992
@calls 10993 10993
@calls 10994 10993
@calls 10994 10994
@calls 10995 10994
@calls 10995 10995
@calls 10996 10995
@calls 10996 10996
@calls 10997 10996
@calls 10997 10997
@calls 10998 10997
@calls 10998 10998
@calls 10999 10998
@calls 10999 10999
@calls 11000 10999
@calls 11000 11000
@calls 11001 11000
@calls 11001 11001
@calls 11002 11001
@calls 11002 11002
@calls 11003 11002
@calls 11003 11003
@calls 11004 11003
@calls 11004 11004
@calls 11005 11004
@calls 11005 11005
@calls 11006 11005
@calls 11006 11006
@calls 11007 11006
@calls 11007 11007
@calls 11008 11007
@calls 11008 11008
@calls 11009 11008
@calls 11009 11009
@calls 11010 11009
@calls 11010 11010
@calls 11011 11010
@calls 11011 11011
@calls 11012 11011
@calls 11012 11012
@calls 11013 11012
@calls 11013 11013
@calls 11014 11013
@calls 11014 11014
@calls 11015 11014
@calls 11015 11015
@calls 11016 11015
@calls 11016 11016
@calls 11017 11016
@calls 11017 11017
@calls 11018 11017
@calls 11018 11018
@calls 11019 11018
@calls 11019 11019
@calls 11020 11019
@calls 11020 11020
@calls 11021 11020
@calls 11021 11021
@calls 11022 11021
@calls 11022 11022
@calls 11023 11022
@calls 11023 11023
@calls 11024 11023
@calls 11024 11024
@calls 11025 11024
@calls 11025 11025
@calls 11026 11025
@calls 11026 11026
@calls 11027 11026
@calls 11027 11027
@calls 11028 11027
@calls 11028 11028
@calls 11029 11028
@calls 11029 11029
@calls 11030 11029
@calls 11030 11030
@calls 11031 11030
@calls 11031 11031
@calls 11032 11031
@calls 11032 11032
@calls 11033 11032
@calls 11033 11033
@calls 11034 11033
@calls 11034 11034
@calls 11035 11034
@calls 11035 11035
@calls 11036 11035
@calls 11036 11036
@calls 11037 11036
@calls 11037 11037
@calls 11038 11037
@calls 11038 11038
@calls 11039 11038
@calls 11039 11039
@calls 11040 11039
@calls 11040 11040
@calls 11041 11040
@calls 11041 11041
@calls 11042 11041
@calls 11042 11042
@calls 11043 11042
@calls 11043 11043
@calls 11044 11043
@calls 11044 11044
@calls 11045 11044
@calls 11045 11045
@calls 11046 11045
@calls 11046 11046
@calls 11047 11046
@calls 11047 11047
@calls 11048 11047
@calls 11048 11048
@calls 11049 11048
@calls 11049 11049
@calls 11050 11049
@calls 11050 11050
@calls 11051 11050
@calls 11051 11051
@calls 11052 11051
@calls 11052 11052
@calls 11053 11052
@calls 11053 11053
@calls 11054 11053
@calls 11054 11054
@calls 11055 11054
@calls 11055 11055
@calls 11056 11055
@calls 11056 11056
@calls 11057 11056
@calls 11057 11057
@calls 11058 11057
@calls 11058 11058
@calls 11059 11058
@calls 11059 11059
@calls 11060 11059
@calls 11060 11060
@calls 11061 11060
@calls 11061 11061
@calls 11062 11061
@calls 11062 11062
@calls 11063 11062
@calls 11063 11063
@calls 11064 11063
@calls 11064 11064
@calls 11065 11064
@calls 11065 11065
@calls 11066 11065
@calls 11066 11066
@calls 11067 11066
@calls 11067 11067
@calls 11068 11067
@calls 11068 11068
@calls 11069 11068
@calls 11069 11069
@calls 11070 11069
@calls 11070 11070
@calls 11071 11070
@calls 11071 11071
@calls 11072 11071
@calls 11072 11072
@calls 11073 11072
@calls 11073 11073
@calls 11074 11073
@calls 11074 11074
@calls 11075 11074
@calls 11075 11075
@calls 11076 11075
@calls 11076 11076
@calls 11077 11076
@calls 11077 11077
@calls 11078 11077
@calls 11078 11078
@calls 11079 11078
@calls 11079 11079
@calls 11080 11079
@calls 11080 11080
@calls 11081 11080
@calls 11081 11081
@calls 11082 11081
@calls 11082 11082
@calls 11083 11082
@calls 11083 11083
@calls 11084 11083
@calls 11084 11084
@calls 11085 11084
@calls 11085 11085
@calls 11086 11085
@calls 11086 11086
@calls 11087 11086
@calls 11087 11087
@calls 11088 11087
@calls 11088 11088
@calls 11089 11088
@calls 11089 11089
@calls 11090 11089
@calls 11090 11090
@calls 11091 11090
@calls 11091 11091
@calls 11092 11091
@calls 11092 11092
@calls 11093 11092
@calls 11093 11093
@calls 11094 11093
@calls 11094 11094
@calls 11095 11094
@calls 11095 11095
@calls 11096 11095
@calls 11096 11096
@calls 11097 11096
@calls 11097 11097
@calls 11098 11097
@calls 11098 11098
@calls 11099 11098
@calls 11099 11099
@calls 11100 11099
@calls 11100 11100
@calls 11101 11100
@calls 11101 11101
@calls 11102 11101
@calls 11102 11102
@calls 11103 11102
@calls 11103 11103
@calls 11104 11103
@calls 11104 11104
@calls 11105 11104
@calls 11105 11105
@calls 11106 11105
@calls 11106 11106
@calls 11107 11106
@calls 11107 11107
@calls 11108 11107
@calls 11108 11108
@calls 11109 11108
@calls 11109 11109
@calls 11110 11109
@calls 11110 11110
@calls 11111 11110
@calls 11111 11111
@calls 11112 11111
@calls 11112 11112
@calls 11113 11112
@calls 11113 11113
@calls 11114 11113
@calls 11114 11114
@calls 11115 11114
@calls 11115 11115
@calls 11116 11115
@calls 11116 11116
@calls 11117 11116
@calls 11117 11117
@calls 11118 11117
@calls 11118 11118
@calls 11119 11118
@calls 11119 11119
@calls 11120 11119
@calls 11120 11120
@calls 11121 11120
@calls 11121 11121
@calls 11122 11121
@calls 11122 11122
@calls 11123 11122
@calls 11123 11123
@calls 11124 11123
@calls 11124 11124
@calls 11125 11124
@calls 11125 11125
@calls 11126 11125
@calls 11126 11126
@calls 11127 11126
@calls 11127 11127
@calls 11128 11127
@calls 11128 11128
@calls 11129 11128
@calls 11129 11129
@calls 11130 11129
@calls 11130 11130
@calls 11131 11130
@calls 11131 11131
@calls 11132 11131
@calls 11132 11132
@calls 11133 11132
@calls 11133 11133
@calls 11134 11133
@calls 11134 11134
@calls 11135 11134
@calls 11135 11135
@calls 11136 11135
@calls 11136 11136
@calls 11137 11136
@calls 11137 11137
@calls 11138 11137
@calls 11138 11138
@calls 11139 11138
@calls 11139 11139
@calls 11140 11139
@calls 11140 11140
@calls 11141 11140
@calls 11141 11141
@calls 11142 11141
@calls 11142 11142
@calls 11143 11142
@calls 11143 11143
@calls 11144 11143
@calls 11144 11144
@calls 11145 11144
@calls 11145 11145
@calls 11146 11145
@calls 11146 11146
@calls 11147 11146
@calls 11147 11147
@calls 11148 11147
@calls 11148 11148
@calls 11149 11148
@calls 11149 11149
@calls 11150 11149
@calls 11150 11150
@calls 11151 11150
@calls 11151 11151
@calls 11152 11151
@calls 11152 11152
@calls 11153 11152
@calls 11153 11153
@calls 11154 11153
@calls 11154 11154
@calls 11155 11154
@calls 11155 11155
@calls 11156 11155
@calls 11156 11156
@calls 11157 11156
@calls 11157 11157
@calls 11158 11157
@calls 11158 11158
@calls 11159 11158
@calls 11159 11159
@calls 11160 11159
@calls 11160 11160
@calls 11161 11160
@calls 11161 11161
@calls 11162 11161
@calls 11162 11162
@calls 11163 11162
@calls 11163 11163
@calls 11164 11163
@calls 11164 11164
@calls 11165 11164
@calls 11165 11165
@calls 11166 11165
@calls 11166 11166
@calls 11167 11166
@calls 11167 11167
@calls 11168 11167
@calls 11168 11168
@calls 11169 11168
@calls 11169 11169
@calls 11170 11169
@calls 11170 11170
@calls 11171 11170
@calls 11171 11171
@calls 11172 11171
@calls 11172 11172
@calls 11173 11172
@calls 11173 11173
@calls 11174 11173
@calls 11174 11174
@calls 11175 11174
@calls 11175 11175
@calls 11176 11175
@calls 11176 11176
@calls 11177 11176
@calls 11177 11177
@calls 11178 11177
@calls 11178 11178
@calls 11179 11178
@calls 11179 11179
@calls 11180 11179
@calls 11180 11180
@calls 11181 11180
@calls 11181 11181
@calls 11182 11181
@calls 11182 11182
@calls 11183 11182
@calls 11183 11183
@calls 11184 11183
@calls 11184 11184
@calls 11185 11184
@calls 11185 11185
@calls 11186 11185
@calls 11186 11186
@calls 11187 11186
@calls 11187 11187
@calls 11188 11187
@calls 11188 11188
@calls 11189 11188
@calls 11189 11189
@calls 11190 11189
@calls 11190 11190
@calls 11191 11190
@calls 11191 11191
@calls 11192 11191
@calls 11192 11192
@calls 11193 11192
@calls 11193 11193
@calls 11194 11193
@calls 11194 11194
@calls 11195 11194
@calls 11195 11195
@calls 11196 11195
@calls 11196 11196
@calls 11197 11196
@calls 11197 11197
@calls 11198 11197
@calls 11198 11198
@calls 11199 11198
@calls 11199 11199
@calls 11200 11199
@calls 11200 11200
@calls 11201 11200
@calls 11201 11201
@calls 11202 11201
@calls 11202 11202
@calls 11203 11202
@calls 11203 11203
@calls 11204 11203
@calls 11204 11204
@calls 11205 11204
@calls 11205 11205
@calls 11206 11205
@calls 11206 11206
@calls 11207 11206
@calls 11207 11207
@calls 11208 11207
@calls 11208 11208
@calls 11209 11208
@calls 11209 11209
@calls 11210 11209
@calls 11210 11210
@calls 11211 11210
@calls 11211 11211
@calls 11212 11211
@calls 11212 11212
@calls 11213 11212
@calls 11213 11213
@calls 11214 11213
@calls 11214 11214
@calls 11215 11214
@calls 11215 11215
@calls 11216 11215
@calls 11216 11216
@calls 11217 11216
@calls 11217 11217
@calls 11218 11217
@calls 11218 11218
@calls 11219 11218
@calls 11219 11219
@calls 11220 11219
@calls 11220 11220
@calls 11221 11220
@calls 11221 11221
@calls 11222 11221
@calls 11222 11222
@calls 11223 11222
@calls 11223 11223
@calls 11224 11223
@calls 11224 11224
@calls 11225 11224
@calls 11225 11225
@calls 11226 11225
@calls 11226 11226
@calls 11227 11226
@calls 11227 11227
@calls 11228 11227
@calls 11228 11228
@calls 11229 11228
@calls 11229 11229
@calls 11230 11229
@calls 11230 11230
@calls 11231 11230
@calls 11231 11231
@calls 11232 11231
@calls 11232 11232
@calls 11233 11232
@calls 11233 11233
@calls 11234 11233
@calls 11234 11234
@calls 11235 11234
@calls 11235 11235
@calls 11236 11235
@calls 11236 11236
@calls 11237 11236
@calls 11237 11237
@calls 11238 11237
@calls 11238 11238
@calls 11239 11238
@calls 11239 11239
@calls 11240 11239
@calls 11240 11240
@calls 11241 11240
@calls 11241 11241
@calls 11242 11241
@calls 11242 11242
@calls 11243 11242
@calls 11243 11243
@calls 11244 11243
@calls 11244 11244
@calls 11245 11244
@calls 11245 11245
@calls 11246 11245
@calls 11246 11246
@calls 11247 11246
@calls 11247 11247
@calls 11248 11247
@calls 11248 11248
@calls 11249 11248
@calls 11249 11249
@calls 11250 11249
@calls 11250 11250
@calls 11251 11250
@calls 11251 11251
@calls 11252 11251
@calls 11252 11252
@calls 11253 11252
@calls 11253 11253
@calls 11254 11253
@calls 11254 11254
@calls 11255 11254
@calls 11255 11255
@calls 11256 11255
@calls 11256 11256
@calls 11257 11256
@calls 11257 11257
@calls 11258 11257
@calls 11258 11258
@calls 11259 11258
@calls 11259 11259
@calls 11260 11259
@calls 11260 11260
@calls 11261 11260
@calls 11261 11261
@calls 11262 11261
@calls 11262 11262
@calls 11263 11262
@calls 11263 11263
@calls 11264 11263
@calls 11264 11264
@calls 11265 11264
@calls 11265 11265
@calls 11266 11265
@calls 11266 11266
@calls 11267 11266
@calls 11267 11267
@calls 11268 11267
@calls 11268 11268
@calls 11269 11268
@calls 11269 11269
@calls 11270 11269
@calls 11270 11270
@calls 11271 11270
@calls 11271 11271
@calls 11272 11271
@calls 11272 11272
@calls 11273 11272
@calls 11273 11273
@calls 11274 11273
@calls 11274 11274
@calls 11275 11274
@calls 11275 11275
@calls 11276 11275
@calls 11276 11276
@calls 11277 11276
@calls 11277 11277
@calls 11278 11277
@calls 11278 11278
@calls 11279 11278
@calls 11279 11279
@calls 11280 11279
@calls 11280 11280
@calls 11281 11280
@calls 11281 11281
@calls 11282 11281
@calls 11282 11282
@calls 11283 11282
@calls 11283 11283
@calls 11284 11283
@calls 11284 11284
@calls 11285 11284
@calls 11285 11285
@calls 11286 11285
@calls 11286 11286
@calls 11287 11286
@calls 11287 11287
@calls 11288 11287
@calls 11288 11288
@calls 11289 11288
@calls 11289 11289
@calls 11290 11289
@calls 11290 11290
@calls 11291 11290
@calls 11291 11291
@calls 11292 11291
@calls 11292 11292
@calls 11293 11292
@calls 11293 11293
@calls 11294 11293
@calls 11294 11294
@calls 11295 11294
@calls 11295 11295
@calls 11296 11295
@calls 11296 11296
@calls 11297 11296
@calls 11297 11297
@calls 11298 11297
@calls 11298 11298
@calls 11299 11298
@calls 11299 11299
@calls 11300 11299
@calls 11300 11300
@calls 11301 11300
@calls 11301 11301
@calls 11302 11301
@calls 11302 11302
@calls 11303 11302
@calls 11303 11303
@calls 11304 11303
@calls 11304 11304
@calls 11305 11304
@calls 11305 11305
@calls 11306 11305
@calls 11306 11306
@calls 11307 11306
@calls 11307 11307
@calls 11308 11307
@calls 11308 11308
@calls 11309 11308
@calls 11309 11309
@calls 11310 11309
@calls 11310 11310
@calls 11311 11310
@calls 11311 11311
@calls 11312 11311
@calls 11312 11312
@calls 11313 11312
@calls 11313 11313
@calls 11314 11313
@calls 11314 11314
@calls 11315 11314
@calls 11315 11315
@calls 11316 11315
@calls 11316 11316
@calls 11317 11316
@calls 11317 11317
@calls 11318 11317
@calls 11318 11318
@calls 11319 11318
@calls 11319 11319
@calls 11320 11319
@calls 11320 11320
@calls 11321 11320
@calls 11321 11321
@calls 11322 11321
@calls 11322 11322
@calls 11323 11322
@calls 11323 11323
@calls 11324 11323
@calls 11324 11324
@calls 11325 11324
@calls 11325 11325
@calls 11326 11325
@calls 11326 11326
@calls 11327 11326
@calls 11327 11327
@calls 11328 11327
@calls 11328 11328
@calls 11329 11328
@calls 11329 11329
@calls 11330 11329
@calls 11330 11330
@calls 11331 11330
@calls 11331 11331
@calls 11332 11331
@calls 11332 11332
@calls 11333 11332
@calls 11333 11333
@calls 11334 11333
@calls 11334 11334
@calls 11335 11334
@calls 11335 11335
@calls 11336 11335
@calls 11336 11336
@calls 11337 11336
@calls 11337 11337
@calls 11338 11337
@calls 11338 11338
@calls 11339 11338
@calls 11339 11339
@calls 11340 11339
@calls 11340 11340
@calls 11341 11340
@calls 11341 11341
@calls 11342 11341
@calls 11342 11342
@calls 11343 11342
@calls 11343 11343
@calls 11344 11343
@calls 11344 11344
@calls 11345 11344
@calls 11345 11345
@calls 11346 11345
@calls 11346 11346
@calls 11347 11346
@calls 11347 11347
@calls 11348 11347
@calls 11348 11348
@calls 11349 11348
@calls 11349 11349
@calls 11350 11349
@calls 11350 11350
@calls 11351 11350
@calls 11351 11351
@calls 11352 11351
@calls 11352 11352
@calls 11353 11352
@calls 11353 11353
@calls 11354 11353
@calls 11354 11354
@calls 11355 11354
@calls 11355 11355
@calls 11356 11355
@calls 11356 11356
@calls 11357 11356
@calls 11357 11357
@calls 11358 11357
@calls 11358 11358
@calls 11359 11358
@calls 11359 11359
@calls 11360 11359
@calls 11360 11360
@calls 11361 11360
@calls 11361 11361
@calls 11362 11361
@calls 11362 11362
@calls 11363 11362
@calls 11363 11363
@calls 11364 11363
@calls 11364 11364
@calls 11365 11364
@calls 11365 11365
@calls 11366 11365
@calls 11366 11366
@calls 11367 11366
@calls 11367 11367
@calls 11368 11367
@calls 11368 11368
@calls 11369 11368
@calls 11369 11369
@calls 11370 11369
@calls 11370 11370
@calls 11371 11370
@calls 11371 11371
@calls 11372 11371
@calls 11372 11372
@calls 11373 11372
@calls 11373 11373
@calls 11374 11373
@calls 11374 11374
@calls 11375 11374
@calls 11375 11375
@calls 11376 11375
@calls 11376 11376
@calls 11377 11376
@calls 11377 11377
@calls 11378 11377
@calls 11378 11378
@calls 11379 11378
@calls 11379 11379
@calls 11380 11379
@calls 11380 11380
@calls 11381 11380
@calls 11381 11381
@calls 11382 11381
@calls 11382 11382
@calls 11383 11382
@calls 11383 11383
@calls 11384 11383
@calls 11384 11384
@calls 11385 11384
@calls 11385 11385
@calls 11386 11385
@calls 11386 11386
@calls 11387 11386
@calls 11387 11387
@calls 11388 11387
@calls 11388 11388
@calls 11389 11388
@calls 11389 11389
@calls 11390 11389
@calls 11390 11390
@calls 11391 11390
@calls 11391 11391
@calls 11392 11391
@calls 11392 11392
@calls 11393 11392
@calls 11393 11393
@calls 11394 11393
@calls 11394 11394
@calls 11395 11394
@calls 11395 11395
@calls 11396 11395
@calls 11396 11396
@calls 11397 11396
@calls 11397 11397
@calls 11398 11397
@calls 11398 11398
@calls 11399 11398
@calls 11399 11399
@calls 11400 11399
@calls 11400 11400
@calls 11401 11400
@calls 11401 11401
@calls 11402 11401
@calls 11402 11402
@calls 11403 11402
@calls 11403 11403
@calls 11404 11403
@calls 11404 11404
@calls 11405 11404
@calls 11405 11405
@calls 11406 11405
@calls 11406 11406
@calls 11407 11406
@calls 11407 11407
@calls 11408 11407
@calls 11408 11408
@calls 11409 11408
@calls 11409 11409
@calls 11410 11409
@calls 11410 11410
@calls 11411 11410
@calls 11411 11411
@calls 11412 11411
@calls 11412 11412
@calls 11413 11412
@calls 11413 11413
@calls 11414 11413
@calls 11414 11414
@calls 11415 11414
@calls 11415 11415
@calls 11416 11415
@calls 11416 11416
@calls 11417 11416
@calls 11417 11417
@calls 11418 11417
@calls 11418 11418
@calls 11419 11418
@calls 11419 11419
@calls 11420 11419
@calls 11420 11420
@calls 11421 11420
@calls 11421 11421
@calls 11422 11421
@calls 11422 11422
@calls 11423 11422
@calls 11423 11423
@calls 11424 11423
@calls 11424 11424
@calls 11425 11424
@calls 11425 11425
@calls 11426 11425
@calls 11426 11426
@calls 11427 11426
@calls 11427 11427
@calls 11428 11427
@calls 11428 11428
@calls 11429 11428
@calls 11429 11429
@calls 11430 11429
@calls 11430 11430
@calls 11431 11430
@calls 11431 11431
@calls 11432 11431
@calls 11432 11432
@calls 11433 11432
@calls 11433 11433
@calls 11434 11433
@calls 11434 11434
@calls 11435 11434
@calls 11435 11435
@calls 11436 11435
@calls 11436 11436
@calls 11437 11436
@calls 11437 11437
@calls 11438 11437
@calls 11438 11438
@calls 11439 11438
@calls 11439 11439
@calls 11440 11439
@calls 11440 11440
@calls 11441 11440
@calls 11441 11441
@calls 11442 11441
@calls 11442 11442
@calls 11443 11442
@calls 11443 11443
@calls 11444 11443
@calls 11444 11444
@calls 11445 11444
@calls 11445 11445
@calls 11446 11445
@calls 11446 11446
@calls 11447 11446
@calls 11447 11447
@calls 11448 11447
@calls 11448 11448
@calls 11449 11448
@calls 11449 11449
@calls 11450 11449
@calls 11450 11450
@calls 11451 11450
@calls 11451 11451
@calls 11452 11451
@calls 11452 11452
@calls 11453 11452
@calls 11453 11453
@calls 11454 11453
@calls 11454 11454
@calls 11455 11454
@calls 11455 11455
@calls 11456 11455
@calls 11456 11456
@calls 11457 11456
@calls 11457 11457
@calls 11458 11457
@calls 11458 11458
@calls 11459 11458
@calls 11459 11459
@calls 11460 11459
@calls 11460 11460
@calls 11461 11460
@calls 11461 11461
@calls 11462 11461
@calls 11462 11462
@calls 11463 11462
@calls 11463 11463
@calls 11464 11463
@calls 11464 11464
@calls 11465 11464
@calls 11465 11465
@calls 11466 11465
@calls 11466 11466
@calls 11467 11466
@calls 11467 11467
@calls 11468 11467
@calls 11468 11468
@calls 11469 11468
@calls 11469 11469
@calls 11470 11469
@calls 11470 11470
@calls 11471 11470
@calls 11471 11471
@calls 11472 11471
@calls 11472 11472
@calls 11473 11472
@calls 11473 11473
@calls 11474 11473
@calls 11474 11474
@calls 11475 11474
@calls 11475 11475
@calls 11476 11475
@calls 11476 11476
@calls 11477 11476
@calls 11477 11477
@calls 11478 11477
@calls 11478 11478
@calls 11479 11478
@calls 11479 11479
@calls 11480 11479
@calls 11480 11480
@calls 11481 11480
@calls 11481 11481
@calls 11482 11481
@calls 11482 11482
@calls 11483 11482
@calls 11483 11483
@calls 11484 11483
@calls 11484 11484
@calls 11485 11484
@calls 11485 11485
@calls 11486 11485
@calls 11486 11486
@calls 11487 11486
@calls 11487 11487
@calls 11488 11487
@calls 11488 11488
@calls 11489 11488
@calls 11489 11489
@calls 11490 11489
@calls 11490 11490
@calls 11491 11490
@calls 11491 11491
@calls 11492 11491
@calls 11492 11492
@calls 11493 11492
@calls 11493 11493
@calls 11494 11493
@calls 11494 11494
@calls 11495 11494
@calls 11495 11495
@calls 11496 11495
@calls 11496 11496
@calls 11497 11496
@calls 11497 11497
@calls 11498 11497
@calls 11498 11498
@calls 11499 11498
@calls 11499 11499
@calls 11500 11499
@calls 11500 11500
@calls 11501 11500
@calls 11501 11501
@calls 11502 11501
@calls 11502 11502
@calls 11503 11502
@calls 11503 11503
@calls 11504 11503
@calls 11504 11504
@calls 11505 11504
@calls 11505 11505
@calls 11506 11505
@calls 11506 11506
@calls 11507 11506
@calls 11507 11507
@calls 11508 11507
@calls 11508 11508
@calls 11509 11508
@calls 11509 11509
@calls 11510 11509
@calls 11510 11510
@calls 11511 11510
@calls 11511 11511
@calls 11512 11511
@calls 11512 11512
@calls 11513 11512
@calls 11513 11513
@calls 11514 11513
@calls 11514 11514
@calls 11515 11514
@calls 11515 11515
@calls 11516 11515
@calls 11516 11516
@calls 11517 11516
@calls 11517 11517
@calls 11518 11517
@calls 11518 11518
@calls 11519 11518
@calls 11519 11519
@calls 11520 11519
@calls 11520 11520
@calls 11521 11520
@calls 11521 11521
@calls 11522 11521
@calls 11522 11522
@calls 11523 11522
@calls 11523 11523
@calls 11524 11523
@calls 11524 11524
@calls 11525 11524
@calls 11525 11525
@calls 11526 11525
@calls 11526 11526
@calls 11527 11526
@calls 11527 11527
@calls 11528 11527
@calls 11528 11528
@calls 11529 11528
@calls 11529 11529
@calls 11530 11529
@calls 11530 11530
@calls 11531 11530
@calls 11531 11531
@calls 11532 11531
@calls 11532 11532
@calls 11533 11532
@calls 11533 11533
@calls 11534 11533
@calls 11534 11534
@calls 11535 11534
@calls 11535 11535
@calls 11536 11535
@calls 11536 11536
@calls 11537 11536
@calls 11537 11537
@calls 11538 11537
@calls 11538 11538
@calls 11539 11538
@calls 11539 11539
@calls 11540 11539
@calls 11540 11540
@calls 11541 11540
@calls 11541 11541
@calls 11542 11541
@calls 11542 11542
@calls 11543 11542
@calls 11543 11543
@calls 11544 11543
@calls 11544 11544
@calls 11545 11544
@calls 11545 11545
@calls 11546 11545
@calls 11546 11546
@calls 11547 11546
@calls 11547 11547
@calls 11548 11547
@calls 11548 11548
@calls 11549 11548
@calls 11549 11549
@calls 11550 11549
@calls 11550 11550
@calls 11551 11550
@calls 11551 11551
@calls 11552 11551
@calls 11552 11552
@calls 11553 11552
@calls 11553 11553
@calls 11554 11553
@calls 11554 11554
@calls 11555 11554
@calls 11555 11555
@calls 11556 11555
@calls 11556 11556
@calls 11557 11556
@calls 11557 11557
@calls 11558 11557
@calls 11558 11558
@calls 11559 11558
@calls 11559 11559
@calls 11560 11559
@calls 11560 11560
@calls 11561 11560
@calls 11561 11561
@calls 11562 11561
@calls 11562 11562
@calls 11563 11562
@calls 11563 11563
@calls 11564 11563
@calls 11564 11564
@calls 11565 11564
@calls 11565 11565
@calls 11566 11565
@calls 11566 11566
@calls 11567 11566
@calls 11567 11567
@calls 11568 11567
@calls 11568 11568
@calls 11569 11568
@calls 11569 11569
@calls 11570 11569
@calls 11570 11570
@calls 11571 11570
@calls 11571 11571
@calls 11572 11571
@calls 11572 11572
@calls 11573 11572
@calls 11573 11573
@calls 11574 11573
@calls 11574 11574
@calls 11575 11574
@calls 11575 11575
@calls 11576 11575
@calls 11576 11576
@calls 11577 11576
@calls 11577 11577
@calls 11578 11577
@calls 11578 11578
@calls 11579 11578
@calls 11579 11579
@calls 11580 11579
@calls 11580 11580
@calls 11581 11580
@calls 11581 11581
@calls 11582 11581
@calls 11582 11582
@calls 11583 11582
@calls 11583 11583
@calls 11584 11583
@calls 11584 11584
@calls 11585 11584
@calls 11585 11585
@calls 11586 11585
@calls 11586 11586
@calls 11587 11586
@calls 11587 11587
@calls 11588 11587
@calls 11588 11588
@calls 11589 11588
@calls 11589 11589
@calls 11590 11589
@calls 11590 11590
@calls 11591 11590
@calls 11591 11591
@calls 11592 11591
@calls 11592 11592
@calls 11593 11592
@calls 11593 11593
@calls 11594 11593
@calls 11594 11594
@calls 11595 11594
@calls 11595 11595
@calls 11596 11595
@calls 11596 11596
@calls 11597 11596
@calls 11597 11597
@calls 11598 11597
@calls 11598 11598
@calls 11599 11598
@calls 11599 11599
@calls 11600 11599
@calls 11600 11600
@calls 11601 11600
@calls 11601 11601
@calls 11602 11601
@calls 11602 11602
@calls 11603 11602
@calls 11603 11603
@calls 11604 11603
@calls 11604 11604
@calls 11605 11604
@calls 11605 11605
@calls 11606 11605
@calls 11606 11606
@calls 11607 11606
@calls 11607 11607
@calls 11608 11607
@calls 11608 11608
@calls 11609 11608
@calls 11609 11609
@calls 11610 11609
@calls 11610 11610
@calls 11611 11610
@calls 11611 11611
@calls 11612 11611
@calls 11612 11612
@calls 11613 11612
@calls 11613 11613
@calls 11614 11613
@calls 11614 11614
@calls 11615 11614
@calls 11615 11615
@calls 11616 11615
@calls 11616 11616
@calls 11617 11616
@calls 11617 11617
@calls 11618 11617
@calls 11618 11618
@calls 11619 11618
@calls 11619 11619
@calls 11620 11619
@calls 11620 11620
@calls 11621 11620
@calls 11621 11621
@calls 11622 11621
@calls 11622 11622
@calls 11623 11622
@calls 11623 11623
@calls 11624 11623
@calls 11624 11624
@calls 11625 11624
@calls 11625 11625
@calls 11626 11625
@calls 11626 11626
@calls 11627 11626
@calls 11627 11627
@calls 11628 11627
@calls 11628 11628
@calls 11629 11628
@calls 11629 11629
@calls 11630 11629
@calls 11630 11630
@calls 11631 11630
@calls 11631 11631
@calls 11632 11631
@calls 11632 11632
@calls 11633 11632
@calls 11633 11633
@calls 11634 11633
@calls 11634 11634
@calls 11635 11634
@calls 11635 11635
@calls 11636 11635
@calls 11636 11636
@calls 11637 11636
@calls 11637 11637
@calls 11638 11637
@calls 11638 11638
@calls 11639 11638
@calls 11639 11639
@calls 11640 11639
@calls 11640 11640
@calls 11641 11640
@calls 11641 11641
@calls 11642 11641
@calls 11642 11642
@calls 11643 11642
@calls 11643 11643
@calls 11644 11643
@calls 11644 11644
@calls 11645 11644
@calls 11645 11645
@calls 11646 11645
@calls 11646 11646
@calls 11647 11646
@calls 11647 11647
@calls 11648 11647
@calls 11648 11648
@calls 11649 11648
@calls 11649 11649
@calls 11650 11649
@calls 11650 11650
@calls 11651 11650
@calls 11651 11651
@calls 11652 11651
@calls 11652 11652
@calls 11653 11652
@calls 11653 11653
@calls 11654 11653
@calls 11654 11654
@calls 11655 11654
@calls 11655 11655
@calls 11656 11655
@calls 11656 11656
@calls 11657 11656
@calls 11657 11657
@calls 11658 11657
@calls 11658 11658
@calls 11659 11658
@calls 11659 11659
@calls 11660 11659
@calls 11660 11660
@calls 11661 11660
@calls 11661 11661
@calls 11662 11661
@calls 11662 11662
@calls 11663 11662
@calls 11663 11663
@calls 11664 11663
@calls 11664 11664
@calls 11665 11664
@calls 11665 11665
@calls 11666 11665
@calls 11666 11666
@calls 11667 11666
@calls 11667 11667
@calls 11668 11667
@calls 11668 11668
@calls 11669 11668
@calls 11669 11669
@calls 11670 11669
@calls 11670 11670
@calls 11671 11670
@calls 11671 11671
@calls 11672 11671
@calls 11672 11672
@calls 11673 11672
@calls 11673 11673
@calls 11674 11673
@calls 11674 11674
@calls 11675 11674
@calls 11675 11675
@calls 11676 11675
@calls 11676 11676
@calls 11677 11676
@calls 11677 11677
@calls 11678 11677
@calls 11678 11678
@calls 11679 11678
@calls 11679 11679
@calls 11680 11679
@calls 11680 11680
@calls 11681 11680
@calls 11681 11681
@calls 11682 11681
@calls 11682 11682
@calls 11683 11682
@calls 11683 11683
@calls 11684 11683
@calls 11684 11684
@calls 11685 11684
@calls 11685 11685
@calls 11686 11685
@calls 11686 11686
@calls 11687 11686
@calls 11687 11687
@calls 11688 11687
@calls 11688 11688
@calls 11689 11688
@calls 11689 11689
@calls 11690 11689
@calls 11690 11690
@calls 11691 11690
@calls 11691 11691
@calls 11692 11691
@calls 11692 11692
@calls 11693 11692
@calls 11693 11693
@calls 11694 11693
@calls 11694 11694
@calls 11695 11694
@calls 11695 11695
@calls 11696 11695
@calls 11696 11696
@calls 11697 11696
@calls 11697 11697
@calls 11698 11697
@calls 11698 11698
@calls 11699 11698
@calls 11699 11699
@calls 11700 11699
@calls 11700 11700
@calls 11701 11700
@calls 11701 11701
@calls 11702 11701
@calls 11702 11702
@calls 11703 11702
@calls 11703 11703
@calls 11704 11703
@calls 11704 11704
@calls 11705 11704
@calls 11705 11705
@calls 11706 11705
@calls 11706 11706
@calls 11707 11706
@calls 11707 11707
@calls 11708 11707
@calls 11708 11708
@calls 11709 11708
@calls 11709 11709
@calls 11710 11709
@calls 11710 11710
@calls 11711 11710
@calls 11711 11711
@calls 11712 11711
@calls 11712 11712
@calls 11713 11712
@calls 11713 11713
@calls 11714 11713
@calls 11714 11714
@calls 11715 11714
@calls 11715 11715
@calls 11716 11715
@calls 11716 11716
@calls 11717 11716
@calls 11717 11717
@calls 11718 11717
@calls 11718 11718
@calls 11719 11718
@calls 11719 11719
@calls 11720 11719
@calls 11720 11720
@calls 11721 11720
@calls 11721 11721
@calls 11722 11721
@calls 11722 11722
@calls 11723 11722
@calls 11723 11723
@calls 11724 11723
@calls 11724 11724
@calls 11725 11724
@calls 11725 11725
@calls 11726 11725
@calls 11726 11726
@calls 11727 11726
@calls 11727 11727
@calls 11728 11727
@calls 11728 11728
@calls 11729 11728
@calls 11729 11729
@calls 11730 11729
@calls 11730 11730
@calls 11731 11730
@calls 11731 11731
@calls 11732 11731
@calls 11732 11732
@calls 11733 11732
@calls 11733 11733
@calls 11734 11733
@calls 11734 11734
@calls 11735 11734
@calls 11735 11735
@calls 11736 11735
@calls 11736 11736
@calls 11737 11736
@calls 11737 11737
@calls 11738 11737
@calls 11738 11738
@calls 11739 11738
@calls 11739 11739
@calls 11740 11739
@calls 11740 11740
@calls 11741 11740
@calls 11741 11741
@calls 11742 11741
@calls 11742 11742
@calls 11743 11742
@calls 11743 11743
@calls 11744 11743
@calls 11744 11744
@calls 11745 11744
@calls 11745 11745
@calls 11746 11745
@calls 11746 11746
@calls 11747 11746
@calls 11747 11747
@calls 11748 11747
@calls 11748 11748
@calls 11749 11748
@calls 11749 11749
@calls 11750 11749
@calls 11750 11750
@calls 11751 11750
@calls 11751 11751
@calls 11752 11751
@calls 11752 11752
@calls 11753 11752
@calls 11753 11753
@calls 11754 11753
@calls 11754 11754
@calls 11755 11754
@calls 11755 11755
@calls 11756 11755
@calls 11756 11756
@calls 11757 11756
@calls 11757 11757
@calls 11758 11757
@calls 11758 11758
@calls 11759 11758
@calls 11759 11759
@calls 11760 11759
@calls 11760 11760
@calls 11761 11760
@calls 11761 11761
@calls 11762 11761
@calls 11762 11762
@calls 11763 11762
@calls 11763 11763
@calls 11764 11763
@calls 11764 11764
@calls 11765 11764
@calls 11765 11765
@calls 11766 11765
@calls 11766 11766
@calls 11767 11766
@calls 11767 11767
@calls 11768 11767
@calls 11768 11768
@calls 11769 11768
@calls 11769 11769
@calls 11770 11769
@calls 11770 11770
@calls 11771 11770
@calls 11771 11771
@calls 11772 11771
@calls 11772 11772
@calls 11773 11772
@calls 11773 11773
@calls 11774 11773
@calls 11774 11774
@calls 11775 11774
@calls 11775 11775
@calls 11776 11775
@calls 11776 11776
@calls 11777 11776
@calls 11777 11777
@calls 11778 11777
@calls 11778 11778
@calls 11779 11778
@calls 11779 11779
@calls 11780 11779
@calls 11780 11780
@calls 11781 11780
@calls 11781 11781
@calls 11782 11781
@calls 11782 11782
@calls 11783 11782
@calls 11783 11783
@calls 11784 11783
@calls 11784 11784
@calls 11785 11784
@calls 11785 11785
@calls 11786 11785
@calls 11786 11786
@calls 11787 11786
@calls 11787 11787
@calls 11788 11787
@calls 11788 11788
@calls 11789 11788
@calls 11789 11789
@calls 11790 11789
@calls 11790 11790
@calls 11791 11790
@calls 11791 11791
@calls 11792 11791
@calls 11792 11792
@calls 11793 11792
@calls 11793 11793
@calls 11794 11793
@calls 11794 11794
@calls 11795 11794
@calls 11795 11795
@calls 11796 11795
@calls 11796 11796
@calls 11797 11796
@calls 11797 11797
@calls 11798 11797
@calls 11798 11798
@calls 11799 11798
@calls 11799 11799
@calls 11800 11799
@calls 11800 11800
@calls 11801 11800
@calls 11801 11801
@calls 11802 11801
@calls 11802 11802
@calls 11803 11802
@calls 11803 11803
@calls 11804 11803
@calls 11804 11804
@calls 11805 11804
@calls 11805 11805
@calls 11806 11805
@calls 11806 11806
@calls 11807 11806
@calls 11807 11807
@calls 11808 11807
@calls 11808 11808
@calls 11809 11808
@calls 11809 11809
@calls 11810 11809
@calls 11810 11810
@calls 11811 11810
@calls 11811 11811
@calls 11812 11811
@calls 11812 11812
@calls 11813 11812
@calls 11813 11813
@calls 11814 11813
@calls 11814 11814
@calls 11815 11814
@calls 11815 11815
@calls 11816 11815
@calls 11816 11816
@calls 11817 11816
@calls 11817 11817
@calls 11818 11817
@calls 11818 11818
@calls 11819 11818
@calls 11819 11819
@calls 11820 11819
@calls 11820 11820
@calls 11821 11820
@calls 11821 11821
@calls 11822 11821
@calls 11822 11822
@calls 11823 11822
@calls 11823 11823
@calls 11824 11823
@calls 11824 11824
@calls 11825 11824
@calls 11825 11825
@calls 11826 11825
@calls 11826 11826
@calls 11827 11826
@calls 11827 11827
@calls 11828 11827
@calls 11828 11828
@calls 11829 11828
@calls 11829 11829
@calls 11830 11829
@calls 11830 11830
@calls 11831 11830
@calls 11831 11831
@calls 11832 11831
@calls 11832 11832
@calls 11833 11832
@calls 11833 11833
@calls 11834 11833
@calls 11834 11834
@calls 11835 11834
@calls 11835 11835
@calls 11836 11835
@calls 11836 11836
@calls 11837 11836
@calls 11837 11837
@calls 11838 11837
@calls 11838 11838
@calls 11839 11838
@calls 11839 11839
@calls 11840 11839
@calls 11840 11840
@calls 11841 11840
@calls 11841 11841
@calls 11842 11841
@calls 11842 11842
@calls 11843 11842
@calls 11843 11843
@calls 11844 11843
@calls 11844 11844
@calls 11845 11844
@calls 11845 11845
@calls 11846 11845
@calls 11846 11846
@calls 11847 11846
@calls 11847 11847
@calls 11848 11847
@calls 11848 11848
@calls 11849 11848
@calls 11849 11849
@calls 11850 11849
@calls 11850 11850
@calls 11851 11850
@calls 11851 11851
@calls 11852 11851
@calls 11852 11852
@calls 11853 11852
@calls 11853 11853
@calls 11854 11853
@calls 11854 11854
@calls 11855 11854
@calls 11855 11855
@calls 11856 11855
@calls 11856 11856
@calls 11857 11856
@calls 11857 11857
@calls 11858 11857
@calls 11858 11858
@calls 11859 11858
@calls 11859 11859
@calls 11860 11859
@calls 11860 11860
@calls 11861 11860
@calls 11861 11861
@calls 11862 11861
@calls 11862 11862
@calls 11863 11862
@calls 11863 11863
@calls 11864 11863
@calls 11864 11864
@calls 11865 11864
@calls 11865 11865
@calls 11866 11865
@calls 11866 11866
@calls 11867 11866
@calls 11867 11867
@calls 11868 11867
@calls 11868 11868
@calls 11869 11868
@calls 11869 11869
@calls 11870 11869
@calls 11870 11870
@calls 11871 11870
@calls 11871 11871
@calls 11872 11871
@calls 11872 11872
@calls 11873 11872
@calls 11873 11873
@calls 11874 11873
@calls 11874 11874
@calls 11875 11874
@calls 11875 11875
@calls 11876 11875
@calls 11876 11876
@calls 11877 11876
@calls 11877 11877
@calls 11878 11877
@calls 11878 11878
@calls 11879 11878
@calls 11879 11879
@calls 11880 11879
@calls 11880 11880
@calls 11881 11880
@calls 11881 11881
@calls 11882 11881
@calls 11882 11882
@calls 11883 11882
@calls 11883 11883
@calls 11884 11883
@calls 11884 11884
@calls 11885 11884
@calls 11885 11885
@calls 11886 11885
@calls 11886 11886
@calls 11887 11886
@calls 11887 11887
@calls 11888 11887
@calls 11888 11888
@calls 11889 11888
@calls 11889 11889
@calls 11890 11889
@calls 11890 11890
@calls 11891 11890
@calls 11891 11891
@calls 11892 11891
@calls 11892 11892
@calls 11893 11892
@calls 11893 11893
@calls 11894 11893
@calls 11894 11894
@calls 11895 11894
@calls 11895 11895
@calls 11896 11895
@calls 11896 11896
@calls 11897 11896
@calls 11897 11897
@calls 11898 11897
@calls 11898 11898
@calls 11899 11898
@calls 11899 11899
@calls 11900 11899
@calls 11900 11900
@calls 11901 11900
@calls 11901 11901
@calls 11902 11901
@calls 11902 11902
@calls 11903 11902
@calls 11903 11903
@calls 11904 11903
@calls 11904 11904
@calls 11905 11904
@calls 11905 11905
@calls 11906 11905
@calls 11906 11906
@calls 11907 11906
@calls 11907 11907
@calls 11908 11907
@calls 11908 11908
@calls 11909 11908
@calls 11909 11909
@calls 11910 11909
@calls 11910 11910
@calls 11911 11910
@calls 11911 11911
@calls 11912 11911
@calls 11912 11912
@calls 11913 11912
@calls 11913 11913
@calls 11914 11913
@calls 11914 11914
@calls 11915 11914
@calls 11915 11915
@calls 11916 11915
@calls 11916 11916
@calls 11917 11916
@calls 11917 11917
@calls 11918 11917
@calls 11918 11918
@calls 11919 11918
@calls 11919 11919
@calls 11920 11919
@calls 11920 11920
@calls 11921 11920
@calls 11921 11921
@calls 11922 11921
@calls 11922 11922
@calls 11923 11922
@calls 11923 11923
@calls 11924 11923
@calls 11924 11924
@calls 11925 11924
@calls 11925 11925
@calls 11926 11925
@calls 11926 11926
@calls 11927 11926
@calls 11927 11927
@calls 11928 11927
@calls 11928 11928
@calls 11929 11928
@calls 11929 11929
@calls 11930 11929
@calls 11930 11930
@calls 11931 11930
@calls 11931 11931
@calls 11932 11931
@calls 11932 11932
@calls 11933 11932
@calls 11933 11933
@calls 11934 11933
@calls 11934 11934
@calls 11935 11934
@calls 11935 11935
@calls 11936 11935
@calls 11936 11936
@calls 11937 11936
@calls 11937 11937
@calls 11938 11937
@calls 11938 11938
@calls 11939 11938
@calls 11939 11939
@calls 11940 11939
@calls 11940 11940
@calls 11941 11940
@calls 11941 11941
@calls 11942 11941
@calls 11942 11942
@calls 11943 11942
@calls 11943 11943
@calls 11944 11943
@calls 11944 11944
@calls 11945 11944
@calls 11945 11945
@calls 11946 11945
@calls 11946 11946
@calls 11947 11946
@calls 11947 11947
@calls 11948 11947
@calls 11948 11948
@calls 11949 11948
@calls 11949 11949
@calls 11950 11949
@calls 11950 11950
@calls 11951 11950
@calls 11951 11951
@calls 11952 11951
@calls 11952 11952
@calls 11953 11952
@calls 11953 11953
@calls 11954 11953
@calls 11954 11954
@calls 11955 11954
@calls 11955 11955
@calls 11956 11955
@calls 11956 11956
@calls 11957 11956
@calls 11957 11957
@calls 11958 11957
@calls 11958 11958
@calls 11959 11958
@calls 11959 11959
@calls 11960 11959
@calls 11960 11960
@calls 11961 11960
@calls 11961 11961
@calls 11962 11961
@calls 11962 11962
@calls 11963 11962
@calls 11963 11963
@calls 11964 11963
@calls 11964 11964
@calls 11965 11964
@calls 11965 11965
@calls 11966 11965
@calls 11966 11966
@calls 11967 11966
@calls 11967 11967
@calls 11968 11967
@calls 11968 11968
@calls 11969 11968
@calls 11969 11969
@calls 11970 11969
@calls 11970 11970
@calls 11971 11970
@calls 11971 11971
@calls 11972 11971
@calls 11972 11972
@calls 11973 11972
@calls 11973 11973
@calls 11974 11973
@calls 11974 11974
@calls 11975 11974
@calls 11975 11975
@calls 11976 11975
@calls 11976 11976
@calls 11977 11976
@calls 11977 11977
@calls 11978 11977
@calls 11978 11978
@calls 11979 11978
@calls 11979 11979
@calls 11980 11979
@calls 11980 11980
@calls 11981 11980
@calls 11981 11981
@calls 11982 11981
@calls 11982 11982
@calls 11983 11982
@calls 11983 11983
@calls 11984 11983
@calls 11984 11984
@calls 11985 11984
@calls 11985 11985
@calls 11986 11985
@calls 11986 11986
@calls 11987 11986
@calls 11987 11987
@calls 11988 11987
@calls 11988 11988
@calls 11989 11988
@calls 11989 11989
@calls 11990 11989
@calls 11990 11990
@calls 11991 11990
@calls 11991 11991
@calls 11992 11991
@calls 11992 11992
@calls 11993 11992
@calls 11993 11993
@calls 11994 11993
@calls 11994 11994
@calls 11995 11994
@calls 11995 11995
@calls 11996 11995
@calls 11996 11996
@calls 11997 11996
@calls 11997 11997
@calls 11998 11997
@calls 11998 11998
@calls 11999 11998
@calls 11999 11999
@calls 12000 11999
@calls 12000 12000
@calls 12001 12000
@calls 12001 12001
@calls 12002 12001
@calls 12002 12002
@calls 12003 12002
@calls 12003 12003
@calls 12004 12003
@calls 12004 12004
@calls 12005 12004
@calls 12005 12005
@calls 12006 12005
@calls 12006 12006
@calls 12007 12006
@calls 12007 12007
@calls 12008 12007
@calls 12008 12008
@calls 12009 12008
@calls 12009 12009
@calls 12010 12009
@calls 12010 12010
@calls 12011 12010
@calls 12011 12011
@calls 12012 12011
@calls 12012 12012
@calls 12013 12012
@calls 12013 12013
@calls 12014 12013
@calls 12014 12014
@calls 12015 12014
@calls 12015 12015
@calls 12016 12015
@calls 12016 12016
@calls 12017 12016
@calls 12017 12017
@calls 12018 12017
@calls 12018 12018
@calls 12019 12018
@calls 12019 12019
@calls 12020 12019
@calls 12020 12020
@calls 12021 12020
@calls 12021 12021
@calls 12022 12021
@calls 12022 12022
@calls 12023 12022
@calls 12023 12023
@calls 12024 12023
@calls 12024 12024
@calls 12025 12024
@calls 12025 12025
@calls 12026 12025
@calls 12026 12026
@calls 12027 12026
@calls 12027 12027
@calls 12028 12027
@calls 12028 12028
@calls 12029 12028
@calls 12029 12029
@calls 12030 12029
@calls 12030 12030
@calls 12031 12030
@calls 12031 12031
@calls 12032 12031
@calls 12032 12032
@calls 12033 12032
@calls 12033 12033
@calls 12034 12033
@calls 12034 12034
@calls 12035 12034
@calls 12035 12035
@calls 12036 12035
@calls 12036 12036
@calls 12037 12036
@calls 12037 12037
@calls 12038 12037
@calls 12038 12038
@calls 12039 12038
@calls 12039 12039
@calls 12040 12039
@calls 12040 12040
@calls 12041 12040
@calls 12041 12041
@calls 12042 12041
@calls 12042 12042
@calls 12043 12042
@calls 12043 12043
@calls 12044 12043
@calls 12044 12044
@calls 12045 12044
@calls 12045 12045
@calls 12046 12045
@calls 12046 12046
@calls 12047 12046
@calls 12047 12047
@calls 12048 12047
@calls 12048 12048
@calls 12049 12048
@calls 12049 12049
@calls 12050 12049
@calls 12050 12050
@calls 12051 12050
@calls 12051 12051
@calls 12052 12051
@calls 12052 12052
@calls 12053 12052
@calls 12053 12053
@calls 12054 12053
@calls 12054 12054
@calls 12055 12054
@calls 12055 12055
@calls 12056 12055
@calls 12056 12056
@calls 12057 12056
@calls 12057 12057
@calls 12058 12057
@calls 12058 12058
@calls 12059 12058
@calls 12059 12059
@calls 12060 12059
@calls 12060 12060
@calls 12061 12060
@calls 12061 12061
@calls 12062 12061
@calls 12062 12062
@calls 12063 12062
@calls 12063 12063
@calls 12064 12063
@calls 12064 12064
@calls 12065 12064
@calls 12065 12065
@calls 12066 12065
@calls 12066 12066
@calls 12067 12066
@calls 12067 12067
@calls 12068 12067
@calls 12068 12068
@calls 12069 12068
@calls 12069 12069
@calls 12070 12069
@calls 12070 12070
@calls 12071 12070
@calls 12071 12071
@calls 12072 12071
@calls 12072 12072
@calls 12073 12072
@calls 12073 12073
@calls 12074 12073
@calls 12074 12074
@calls 12075 12074
@calls 12075 12075
@calls 12076 12075
@calls 12076 12076
@calls 12077 12076
@calls 12077 12077
@calls 12078 12077
@calls 12078 12078
@calls 12079 12078
@calls 12079 12079
@calls 12080 12079
@calls 12080 12080
@calls 12081 12080
@calls 12081 12081
@calls 12082 12081
@calls 12082 12082
@calls 12083 12082
@calls 12083 12083
@calls 12084 12083
@calls 12084 12084
@calls 12085 12084
@calls 12085 12085
@calls 12086 12085
@calls 12086 12086
@calls 12087 12086
@calls 12087 12087
@calls 12088 12087
@calls 12088 12088
@calls 12089 12088
@calls 12089 12089
@calls 12090 12089
@calls 12090 12090
@calls 12091 12090
@calls 12091 12091
@calls 12092 12091
@calls 12092 12092
@calls 12093 12092
@calls 12093 12093
@calls 12094 12093
@calls 12094 12094
@calls 12095 12094
@calls 12095 12095
@calls 12096 12095
@calls 12096 12096
@calls 12097 12096
@calls 12097 12097
@calls 12098 12097
@calls 12098 12098
@calls 12099 12098
@calls 12099 12099
@calls 12100 12099
@calls 12100 12100
@calls 12101 12100
@calls 12101 12101
@calls 12102 12101
@calls 12102 12102
@calls 12103 12102
@calls 12103 12103
@calls 12104 12103
@calls 12104 12104
@calls 12105 12104
@calls 12105 12105
@calls 12106 12105
@calls 12106 12106
@calls 12107 12106
@calls 12107 12107
@calls 12108 12107
@calls 12108 12108
@calls 12109 12108
@calls 12109 12109
@calls 12110 12109
@calls 12110 12110
@calls 12111 12110
@calls 12111 12111
@calls 12112 12111
@calls 12112 12112
@calls 12113 12112
@calls 12113 12113
@calls 12114 12113
@calls 12114 12114
@calls 12115 12114
@calls 12115 12115
@calls 12116 12115
@calls 12116 12116
@calls 12117 12116
@calls 12117 12117
@calls 12118 12117
@calls 12118 12118
@calls 12119 12118
@calls 12119 12119
@calls 12120 12119
@calls 12120 12120
@calls 12121 12120
@calls 12121 12121
@calls 12122 12121
@calls 12122 12122
@calls 12123 12122
@calls 12123 12123
@calls 12124 12123
@calls 12124 12124
@calls 12125 12124
@calls 12125 12125
@calls 12126 12125
@calls 12126 12126
@calls 12127 12126
@calls 12127 12127
@calls 12128 12127
@calls 12128 12128
@calls 12129 12128
@calls 12129 12129
@calls 12130 12129
@calls 12130 12130
@calls 12131 12130
@calls 12131 12131
@calls 12132 12131
@calls 12132 12132
@calls 12133 12132
@calls 12133 12133
@calls 12134 12133
@calls 12134 12134
@calls 12135 12134
@calls 12135 12135
@calls 12136 12135
@calls 12136 12136
@calls 12137 12136
@calls 12137 12137
@calls 12138 12137
@calls 12138 12138
@calls 12139 12138
@calls 12139 12139
@calls 12140 12139
@calls 12140 12140
@calls 12141 12140
@calls 12141 12141
@calls 12142 12141
@calls 12142 12142
@calls 12143 12142
@calls 12143 12143
@calls 12144 12143
@calls 12144 12144
@calls 12145 12144
@calls 12145 12145
@calls 12146 12145
@calls 12146 12146
@calls 12147 12146
@calls 12147 12147
@calls 12148 12147
@calls 12148 12148
@calls 12149 12148
@calls 12149 12149
@calls 12150 12149
@calls 12150 12150
@calls 12151 12150
@calls 12151 12151
@calls 12152 12151
@calls 12152 12152
@calls 12153 12152
@calls 12153 12153
@calls 12154 12153
@calls 12154 12154
@calls 12155 12154
@calls 12155 12155
@calls 12156 12155
@calls 12156 12156
@calls 12157 12156
@calls 12157 12157
@calls 12158 12157
@calls 12158 12158
@calls 12159 12158
@calls 12159 12159
@calls 12160 12159
@calls 12160 12160
@calls 12161 12160
@calls 12161 12161
@calls 12162 12161
@calls 12162 12162
@calls 12163 12162
@calls 12163 12163
@calls 12164 12163
@calls 12164 12164
@calls 12165 12164
@calls 12165 12165
@calls 12166 12165
@calls 12166 12166
@calls 12167 12166
@calls 12167 12167
@calls 12168 12167
@calls 12168 12168
@calls 12169 12168
@calls 12169 12169
@calls 12170 12169
@calls 12170 12170
@calls 12171 12170
@calls 12171 12171
@calls 12172 12171
@calls 12172 12172
@calls 12173 12172
@calls 12173 12173
@calls 12174 12173
@calls 12174 12174
@calls 12175 12174
@calls 12175 12175
@calls 12176 12175
@calls 12176 12176
@calls 12177 12176
@calls 12177 12177
@calls 12178 12177
@calls 12178 12178
@calls 12179 12178
@calls 12179 12179
@calls 12180 12179
@calls 12180 12180
@calls 12181 12180
@calls 12181 12181
@calls 12182 12181
@calls 12182 12182
@calls 12183 12182
@calls 12183 12183
@calls 12184 12183
@calls 12184 12184
@calls 12185 12184
@calls 12185 12185
@calls 12186 12185
@calls 12186 12186
@calls 12187 12186
@calls 12187 12187
@calls 12188 12187
@calls 12188 12188
@calls 12189 12188
@calls 12189 12189
@calls 12190 12189
@calls 12190 12190
@calls 12191 12190
@calls 12191 12191
@calls 12192 12191
@calls 12192 12192
@calls 12193 12192
@calls 12193 12193
@calls 12194 12193
@calls 12194 12194
@calls 12195 12194
@calls 12195 12195
@calls 12196 12195
@calls 12196 12196
@calls 12197 12196
@calls 12197 12197
@calls 12198 12197
@calls 12198 12198
@calls 12199 12198
@calls 12199 12199
@calls 12200 12199
@calls 12200 12200
@calls 12201 12200
@calls 12201 12201
@calls 12202 12201
@calls 12202 12202
@calls 12203 12202
@calls 12203 12203
@calls 12204 12203
@calls 12204 12204
@calls 12205 12204
@calls 12205 12205
@calls 12206 12205
@calls 12206 12206
@calls 12207 12206
@calls 12207 12207
@calls 12208 12207
@calls 12208 12208
@calls 12209 12208
@calls 12209 12209
@calls 12210 12209
@calls 12210 12210
@calls 12211 12210
@calls 12211 12211
@calls 12212 12211
@calls 12212 12212
@calls 12213 12212
@calls 12213 12213
@calls 12214 12213
@calls 12214 12214
@calls 12215 12214
@calls 12215 12215
@calls 12216 12215
@calls 12216 12216
@calls 12217 12216
@calls 12217 12217
@calls 12218 12217
@calls 12218 12218
@calls 12219 12218
@calls 12219 12219
@calls 12220 12219
@calls 12220 12220
@calls 12221 12220
@calls 12221 12221
@calls 12222 12221
@calls 12222 12222
@calls 12223 12222
@calls 12223 12223
@calls 12224 12223
@calls 12224 12224
@calls 12225 12224
@calls 12225 12225
@calls 12226 12225
@calls 12226 12226
@calls 12227 12226
@calls 12227 12227
@calls 12228 12227
@calls 12228 12228
@calls 12229 12228
@calls 12229 12229
@calls 12230 12229
@calls 12230 12230
@calls 12231 12230
@calls 12231 12231
@calls 12232 12231
@calls 12232 12232
@calls 12233 12232
@calls 12233 12233
@calls 12234 12233
@calls 12234 12234
@calls 12235 12234
@calls 12235 12235
@calls 12236 12235
@calls 12236 12236
@calls 12237 12236
@calls 12237 12237
@calls 12238 12237
@calls 12238 12238
@calls 12239 12238
@calls 12239 12239
@calls 12240 12239
@calls 12240 12240
@calls 12241 12240
@calls 12241 12241
@calls 12242 12241
@calls 12242 12242
@calls 12243 12242
@calls 12243 12243
@calls 12244 12243
@calls 12244 12244
@calls 12245 12244
@calls 12245 12245
@calls 12246 12245
@calls 12246 12246
@calls 12247 12246
@calls 12247 12247
@calls 12248 12247
@calls 12248 12248
@calls 12249 12248
@calls 12249 12249
@calls 12250 12249
@calls 12250 12250
@calls 12251 12250
@calls 12251 12251
@calls 12252 12251
@calls 12252 12252
@calls 12253 12252
@calls 12253 12253
@calls 12254 12253
@calls 12254 12254
@calls 12255 12254
@calls 12255 12255
@calls 12256 12255
@calls 12256 12256
@calls 12257 12256
@calls 12257 12257
@calls 12258 12257
@calls 12258 12258
@calls 12259 12258
@calls 12259 12259
@calls 12260 12259
@calls 12260 12260
@calls 12261 12260
@calls 12261 12261
@calls 12262 12261
@calls 12262 12262
@calls 12263 12262
@calls 12263 12263
@calls 12264 12263
@calls 12264 12264
@calls 12265 12264
@calls 12265 12265
@calls 12266 12265
@calls 12266 12266
@calls 12267 12266
@calls 12267 12267
@calls 12268 12267
@calls 12268 12268
@calls 12269 12268
@calls 12269 12269
@calls 12270 12269
@calls 12270 12270
@calls 12271 12270
@calls 12271 12271
@calls 12272 12271
@calls 12272 12272
@calls 12273 12272
@calls 12273 12273
@calls 12274 12273
@calls 12274 12274
@calls 12275 12274
@calls 12275 12275
@calls 12276 12275
@calls 12276 12276
@calls 12277 12276
@calls 12277 12277
@calls 12278 12277
@calls 12278 12278
@calls 12279 12278
@calls 12279 12279
@calls 12280 12279
@calls 12280 12280
@calls 12281 12280
@calls 12281 12281
@calls 12282 12281
@calls 12282 12282
@calls 12283 12282
@calls 12283 12283
@calls 12284 12283
@calls 12284 12284
@calls 12285 12284
@calls 12285 12285
@calls 12286 12285
@calls 12286 12286
@calls 12287 12286
@calls 12287 12287
@calls 12288 12287
@calls 12288 12288
@calls 12289 12288
@calls 12289 12289
@calls 12290 12289
@calls 12290 12290
@calls 12291 12290
@calls 12291 12291
@calls 12292 12291
@calls 12292 12292
@calls 12293 12292
@calls 12293 12293
@calls 12294 12293
@calls 12294 12294
@calls 12295 12294
@calls 12295 12295
@calls 12296 12295
@calls 12296 12296
@calls 12297 12296
@calls 12297 12297
@calls 12298 12297
@calls 12298 12298
@calls 12299 12298
@calls 12299 12299
@calls 12300 12299
@calls 12300 12300
@calls 12301 12300
@calls 12301 12301
@calls 12302 12301
@calls 12302 12302
@calls 12303 12302
@calls 12303 12303
@calls 12304 12303
@calls 12304 12304
@calls 12305 12304
@calls 12305 12305
@calls 12306 12305
@calls 12306 12306
@calls 12307 12306
@calls 12307 12307
@calls 12308 12307
@calls 12308 12308
@calls 12309 12308
@calls 12309 12309
@calls 12310 12309
@calls 12310 12310
@calls 12311 12310
@calls 12311 12311
@calls 12312 12311
@calls 12312 12312
@calls 12313 12312
@calls 12313 12313
@calls 12314 12313
@calls 12314 12314
@calls 12315 12314
@calls 12315 12315
@calls 12316 12315
@calls 12316 12316
@calls 12317 12316
@calls 12317 12317
@calls 12318 12317
@calls 12318 12318
@calls 12319 12318
@calls 12319 12319
@calls 12320 12319
@calls 12320 12320
@calls 12321 12320
@calls 12321 12321
@calls 12322 12321
@calls 12322 12322
@calls 12323 12322
@calls 12323 12323
@calls 12324 12323
@calls 12324 12324
@calls 12325 12324
@calls 12325 12325
@calls 12326 12325
@calls 12326 12326
@calls 12327 12326
@calls 12327 12327
@calls 12328 12327
@calls 12328 12328
@calls 12329 12328
@calls 12329 12329
@calls 12330 12329
@calls 12330 12330
@calls 12331 12330
@calls 12331 12331
@calls 12332 12331
@calls 12332 12332
@calls 12333 12332
@calls 12333 12333
@calls 12334 12333
@calls 12334 12334
@calls 12335 12334
@calls 12335 12335
@calls 12336 12335
@calls 12336 12336
@calls 12337 12336
@calls 12337 12337
@calls 12338 12337
@calls 12338 12338
@calls 12339 12338
@calls 12339 12339
@calls 12340 12339
@calls 12340 12340
@calls 12341 12340
@calls 12341 12341
@calls 12342 12341
@calls 12342 12342
@calls 12343 12342
@calls 12343 12343
@calls 12344 12343
@calls 12344 12344
@calls 12345 12344
@calls 12345 12345
@calls 12346 12345
@calls 12346 12346
@calls 12347 12346
@calls 12347 12347
@calls 12348 12347
@calls 12348 12348
@calls 12349 12348
@calls 12349 12349
@calls 12350 12349
@calls 12350 12350
@calls 12351 12350
@calls 12351 12351
@calls 12352 12351
@calls 12352 12352
@calls 12353 12352
@calls 12353 12353
@calls 12354 12353
@calls 12354 12354
@calls 12355 12354
@calls 12355 12355
@calls 12356 12355
@calls 12356 12356
@calls 12357 12356
@calls 12357 12357
@calls 12358 12357
@calls 12358 12358
@calls 12359 12358
@calls 12359 12359
@calls 12360 12359
@calls 12360 12360
@calls 12361 12360
@calls 12361 12361
@calls 12362 12361
@calls 12362 12362
@calls 12363 12362
@calls 12363 12363
@calls 12364 12363
@calls 12364 12364
@calls 12365 12364
@calls 12365 12365
@calls 12366 12365
@calls 12366 12366
@calls 12367 12366
@calls 12367 12367
@calls 12368 12367
@calls 12368 12368
@calls 12369 12368
@calls 12369 12369
@calls 12370 12369
@calls 12370 12370
@calls 12371 12370
@calls 12371 12371
@calls 12372 12371
@calls 12372 12372
@calls 12373 12372
@calls 12373 12373
@calls 12374 12373
@calls 12374 12374
@calls 12375 12374
@calls 12375 12375
@calls 12376 12375
@calls 12376 12376
@calls 12377 12376
@calls 12377 12377
@calls 12378 12377
@calls 12378 12378
@calls 12379 12378
@calls 12379 12379
@calls 12380 12379
@calls 12380 12380
@calls 12381 12380
@calls 12381 12381
@calls 12382 12381
@calls 12382 12382
@calls 12383 12382
@calls 12383 12383
@calls 12384 12383
@calls 12384 12384
@calls 12385 12384
@calls 12385 12385
@calls 12386 12385
@calls 12386 12386
@calls 12387 12386
@calls 12387 12387
@calls 12388 12387
@calls 12388 12388
@calls 12389 12388
@calls 12389 12389
@calls 12390 12389
@calls 12390 12390
@calls 12391 12390
@calls 12391 12391
@calls 12392 12391
@calls 12392 12392
@calls 12393 12392
@calls 12393 12393
@calls 12394 12393
@calls 12394 12394
@calls 12395 12394
@calls 12395 12395
@calls 12396 12395
@calls 12396 12396
@calls 12397 12396
@calls 12397 12397
@calls 12398 12397
@calls 12398 12398
@calls 12399 12398
@calls 12399 12399
@calls 12400 12399
@calls 12400 12400
@calls 12401 12400
@calls 12401 12401
@calls 12402 12401
@calls 12402 12402
@calls 12403 12402
@calls 12403 12403
@calls 12404 12403
@calls 12404 12404
@calls 12405 12404
@calls 12405 12405
@calls 12406 12405
@calls 12406 12406
@calls 12407 12406
@calls 12407 12407
@calls 12408 12407
@calls 12408 12408
@calls 12409 12408
@calls 12409 12409
@calls 12410 12409
@calls 12410 12410
@calls 12411 12410
@calls 12411 12411
@calls 12412 12411
@calls 12412 12412
@calls 12413 12412
@calls 12413 12413
@calls 12414 12413
@calls 12414 12414
@calls 12415 12414
@calls 12415 12415
@calls 12416 12415
@calls 12416 12416
@calls 12417 12416
@calls 12417 12417
@calls 12418 12417
@calls 12418 12418
@calls 12419 12418
@calls 12419 12419
@calls 12420 12419
@calls 12420 12420
@calls 12421 12420
@calls 12421 12421
@calls 12422 12421
@calls 12422 12422
@calls 12423 12422
@calls 12423 12423
@calls 12424 12423
@calls 12424 12424
@calls 12425 12424
@calls 12425 12425
@calls 12426 12425
@calls 12426 12426
@calls 12427 12426
@calls 12427 12427
@calls 12428 12427
@calls 12428 12428
@calls 12429 12428
@calls 12429 12429
@calls 12430 12429
@calls 12430 12430
@calls 12431 12430
@calls 12431 12431
@calls 12432 12431
@calls 12432 12432
@calls 12433 12432
@calls 12433 12433
@calls 12434 12433
@calls 12434 12434
@calls 12435 12434
@calls 12435 12435
@calls 12436 12435
@calls 12436 12436
@calls 12437 12436
@calls 12437 12437
@calls 12438 12437
@calls 12438 12438
@calls 12439 12438
@calls 12439 12439
@calls 12440 12439
@calls 12440 12440
@calls 12441 12440
@calls 12441 12441
@calls 12442 12441
@calls 12442 12442
@calls 12443 12442
@calls 12443 12443
@calls 12444 12443
@calls 12444 12444
@calls 12445 12444
@calls 12445 12445
@calls 12446 12445
@calls 12446 12446
@calls 12447 12446
@calls 12447 12447
@calls 12448 12447
@calls 12448 12448
@calls 12449 12448
@calls 12449 12449
@calls 12450 12449
@calls 12450 12450
@calls 12451 12450
@calls 12451 12451
@calls 12452 12451
@calls 12452 12452
@calls 12453 12452
@calls 12453 12453
@calls 12454 12453
@calls 12454 12454
@calls 12455 12454
@calls 12455 12455
@calls 12456 12455
@calls 12456 12456
@calls 12457 12456
@calls 12457 12457
@calls 12458 12457
@calls 12458 12458
@calls 12459 12458
@calls 12459 12459
@calls 12460 12459
@calls 12460 12460
@calls 12461 12460
@calls 12461 12461
@calls 12462 12461
@calls 12462 12462
@calls 12463 12462
@calls 12463 12463
@calls 12464 12463
@calls 12464 12464
@calls 12465 12464
@calls 12465 12465
@calls 12466 12465
@calls 12466 12466
@calls 12467 12466
@calls 12467 12467
@calls 12468 12467
@calls 12468 12468
@calls 12469 12468
@calls 12469 12469
@calls 12470 12469
@calls 12470 12470
@calls 12471 12470
@calls 12471 12471
@calls 12472 12471
@calls 12472 12472
@calls 12473 12472
@calls 12473 12473
@calls 12474 12473
@calls 12474 12474
@calls 12475 12474
@calls 12475 12475
@calls 12476 12475
@calls 12476 12476
@calls 12477 12476
@calls 12477 12477
@calls 12478 12477
@calls 12478 12478
@calls 12479 12478
@calls 12479 12479
@calls 12480 12479
@calls 12480 12480
@calls 12481 12480
@calls 12481 12481
@calls 12482 12481
@calls 12482 12482
@calls 12483 12482
@calls 12483 12483
@calls 12484 12483
@calls 12484 12484
@calls 12485 12484
@calls 12485 12485
@calls 12486 12485
@calls 12486 12486
@calls 12487 12486
@calls 12487 12487
@calls 12488 12487
@calls 12488 12488
@calls 12489 12488
@calls 12489 12489
@calls 12490 12489
@calls 12490 12490
@calls 12491 12490
@calls 12491 12491
@calls 12492 12491
@calls 12492 12492
@calls 12493 12492
@calls 12493 12493
@calls 12494 12493
@calls 12494 12494
@calls 12495 12494
@calls 12495 12495
@calls 12496 12495
@calls 12496 12496
@calls 12497 12496
@calls 12497 12497
@calls 12498 12497
@calls 12498 12498
@calls 12499 12498
@calls 12499 12499
@calls 12500 12499
@calls 12500 12500
@calls 12501 12500
@calls 12501 12501
@calls 12502 12501
@calls 12502 12502
@calls 12503 12502
@calls 12503 12503
@calls 12504 12503
@calls 12504 12504
@calls 12505 12504
@calls 12505 12505
@calls 12506 12505
@calls 12506 12506
@calls 12507 12506
@calls 12507 12507
@calls 12508 12507
@calls 12508 12508
@calls 12509 12508
@calls 12509 12509
@calls 12510 12509
@calls 12510 12510
@calls 12511 12510
@calls 12511 12511
@calls 12512 12511
@calls 12512 12512
@calls 12513 12512
@calls 12513 12513
@calls 12514 12513
@calls 12514 12514
@calls 12515 12514
@calls 12515 12515
@calls 12516 12515
@calls 12516 12516
@calls 12517 12516
@calls 12517 12517
@calls 12518 12517
@calls 12518 12518
@calls 12519 12518
@calls 12519 12519
@calls 12520 12519
@calls 12520 12520
@calls 12521 12520
@calls 12521 12521
@calls 12522 12521
@calls 12522 12522
@calls 12523 12522
@calls 12523 12523
@calls 12524 12523
@calls 12524 12524
@calls 12525 12524
@calls 12525 12525
@calls 12526 12525
@calls 12526 12526
@calls 12527 12526
@calls 12527 12527
@calls 12528 12527
@calls 12528 12528
@calls 12529 12528
@calls 12529 12529
@calls 12530 12529
@calls 12530 12530
@calls 12531 12530
@calls 12531 12531
@calls 12532 12531
@calls 12532 12532
@calls 12533 12532
@calls 12533 12533
@calls 12534 12533
@calls 12534 12534
@calls 12535 12534
@calls 12535 12535
@calls 12536 12535
@calls 12536 12536
@calls 12537 12536
@calls 12537 12537
@calls 12538 12537
@calls 12538 12538
@calls 12539 12538
@calls 12539 12539
@calls 12540 12539
@calls 12540 12540
@calls 12541 12540
@calls 12541 12541
@calls 12542 12541
@calls 12542 12542
@calls 12543 12542
@calls 12543 12543
@calls 12544 12543
@calls 12544 12544
@calls 12545 12544
@calls 12545 12545
@calls 12546 12545
@calls 12546 12546
@calls 12547 12546
@calls 12547 12547
@calls 12548 12547
@calls 12548 12548
@calls 12549 12548
@calls 12549 12549
@calls 12550 12549
@calls 12550 12550
@calls 12551 12550
@calls 12551 12551
@calls 12552 12551
@calls 12552 12552
@calls 12553 12552
@calls 12553 12553
@calls 12554 12553
@calls 12554 12554
@calls 12555 12554
@calls 12555 12555
@calls 12556 12555
@calls 12556 12556
@calls 12557 12556
@calls 12557 12557
@calls 12558 12557
@calls 12558 12558
@calls 12559 12558
@calls 12559 12559
@calls 12560 12559
@calls 12560 12560
@calls 12561 12560
@calls 12561 12561
@calls 12562 12561
@calls 12562 12562
@calls 12563 12562
@calls 12563 12563
@calls 12564 12563
@calls 12564 12564
@calls 12565 12564
@calls 12565 12565
@calls 12566 12565
@calls 12566 12566
@calls 12567 12566
@calls 12567 12567
@calls 12568 12567
@calls 12568 12568
@calls 12569 12568
@calls 12569 12569
@calls 12570 12569
@calls 12570 12570
@calls 12571 12570
@calls 12571 12571
@calls 12572 12571
@calls 12572 12572
@calls 12573 12572
@calls 12573 12573
@calls 12574 12573
@calls 12574 12574
@calls 12575 12574
@calls 12575 12575
@calls 12576 12575
@calls 12576 12576
@calls 12577 12576
@calls 12577 12577
@calls 12578 12577
@calls 12578 12578
@calls 12579 12578
@calls 12579 12579
@calls 12580 12579
@calls 12580 12580
@calls 12581 12580
@calls 12581 12581
@calls 12582 12581
@calls 12582 12582
@calls 12583 12582
@calls 12583 12583
@calls 12584 12583
@calls 12584 12584
@calls 12585 12584
@calls 12585 12585
@calls 12586 12585
@calls 12586 12586
@calls 12587 12586
@calls 12587 12587
@calls 12588 12587
@calls 12588 12588
@calls 12589 12588
@calls 12589 12589
@calls 12590 12589
@calls 12590 12590
@calls 12591 12590
@calls 12591 12591
@calls 12592 12591
@calls 12592 12592
@calls 12593 12592
@calls 12593 12593
@calls 12594 12593
@calls 12594 12594
@calls 12595 12594
@calls 12595 12595
@calls 12596 12595
@calls 12596 12596
@calls 12597 12596
@calls 12597 12597
@calls 12598 12597
@calls 12598 12598
@calls 12599 12598
@calls 12599 12599
@calls 12600 12599
@calls 12600 12600
@calls 12601 12600
@calls 12601 12601
@calls 12602 12601
@calls 12602 12602
@calls 12603 12602
@calls 12603 12603
@calls 12604 12603
@calls 12604 12604
@calls 12605 12604
@calls 12605 12605
@calls 12606 12605
@calls 12606 12606
@calls 12607 12606
@calls 12607 12607
@calls 12608 12607
@calls 12608 12608
@calls 12609 12608
@calls 12609 12609
@calls 12610 12609
@calls 12610 12610
@calls 12611 12610
@calls 12611 12611
@calls 12612 12611
@calls 12612 12612
@calls 12613 12612
@calls 12613 12613
@calls 12614 12613
@calls 12614 12614
@calls 12615 12614
@calls 12615 12615
@calls 12616 12615
@calls 12616 12616
@calls 12617 12616
@calls 12617 12617
@calls 12618 12617
@calls 12618 12618
@calls 12619 12618
@calls 12619 12619
@calls 12620 12619
@calls 12620 12620
@calls 12621 12620
@calls 12621 12621
@calls 12622 12621
@calls 12622 12622
@calls 12623 12622
@calls 12623 12623
@calls 12624 12623
@calls 12624 12624
@calls 12625 12624
@calls 12625 12625
@calls 12626 12625
@calls 12626 12626
@calls 12627 12626
@calls 12627 12627
@calls 12628 12627
@calls 12628 12628
@calls 12629 12628
@calls 12629 12629
@calls 12630 12629
@calls 12630 12630
@calls 12631 12630
@calls 12631 12631
@calls 12632 12631
@calls 12632 12632
@calls 12633 12632
@calls 12633 12633
@calls 12634 12633
@calls 12634 12634
@calls 12635 12634
@calls 12635 12635
@calls 12636 12635
@calls 12636 12636
@calls 12637 12636
@calls 12637 12637
@calls 12638 12637
@calls 12638 12638
@calls 12639 12638
@calls 12639 12639
@calls 12640 12639
@calls 12640 12640
@calls 12641 12640
@calls 12641 12641
@calls 12642 12641
@calls 12642 12642
@calls 12643 12642
@calls 12643 12643
@calls 12644 12643
@calls 12644 12644
@calls 12645 12644
@calls 12645 12645
@calls 12646 12645
@calls 12646 12646
@calls 12647 12646
@calls 12647 12647
@calls 12648 12647
@calls 12648 12648
@calls 12649 12648
@calls 12649 12649
@calls 12650 12649
@calls 12650 12650
@calls 12651 12650
@calls 12651 12651
@calls 12652 12651
@calls 12652 12652
@calls 12653 12652
@calls 12653 12653
@calls 12654 12653
@calls 12654 12654
@calls 12655 12654
@calls 12655 12655
@calls 12656 12655
@calls 12656 12656
@calls 12657 12656
@calls 12657 12657
@calls 12658 12657
@calls 12658 12658
@calls 12659 12658
@calls 12659 12659
@calls 12660 12659
@calls 12660 12660
@calls 12661 12660
@calls 12661 12661
@calls 12662 12661
@calls 12662 12662
@calls 12663 12662
@calls 12663 12663
@calls 12664 12663
@calls 12664 12664
@calls 12665 12664
@calls 12665 12665
@calls 12666 12665
@calls 12666 12666
@calls 12667 12666
@calls 12667 12667
@calls 12668 12667
@calls 12668 12668
@calls 12669 12668
@calls 12669 12669
@calls 12670 12669
@calls 12670 12670
@calls 12671 12670
@calls 12671 12671
@calls 12672 12671
@calls 12672 12672
@calls 12673 12672
@calls 12673 12673
@calls 12674 12673
@calls 12674 12674
@calls 12675 12674
@calls 12675 12675
@calls 12676 12675
@calls 12676 12676
@calls 12677 12676
@calls 12677 12677
@calls 12678 12677
@calls 12678 12678
@calls 12679 12678
@calls 12679 12679
@calls 12680 12679
@calls 12680 12680
@calls 12681 12680
@calls 12681 12681
@calls 12682 12681
@calls 12682 12682
@calls 12683 12682
@calls 12683 12683
@calls 12684 12683
@calls 12684 12684
@calls 12685 12684
@calls 12685 12685
@calls 12686 12685
@calls 12686 12686
@calls 12687 12686
@calls 12687 12687
@calls 12688 12687
@calls 12688 12688
@calls 12689 12688
@calls 12689 12689
@calls 12690 12689
@calls 12690 12690
@calls 12691 12690
@calls 12691 12691
@calls 12692 12691
@calls 12692 12692
@calls 12693 12692
@calls 12693 12693
@calls 12694 12693
@calls 12694 12694
@calls 12695 12694
@calls 12695 12695
@calls 12696 12695
@calls 12696 12696
@calls 12697 12696
@calls 12697 12697
@calls 12698 12697
@calls 12698 12698
@calls 12699 12698
@calls 12699 12699
@calls 12700 12699
@calls 12700 12700
@calls 12701 12700
@calls 12701 12701
@calls 12702 12701
@calls 12702 12702
@calls 12703 12702
@calls 12703 12703
@calls 12704 12703
@calls 12704 12704
@calls 12705 12704
@calls 12705 12705
@calls 12706 12705
@calls 12706 12706
@calls 12707 12706
@calls 12707 12707
@calls 12708 12707
@calls 12708 12708
@calls 12709 12708
@calls 12709 12709
@calls 12710 12709
@calls 12710 12710
@calls 12711 12710
@calls 12711 12711
@calls 12712 12711
@calls 12712 12712
@calls 12713 12712
@calls 12713 12713
@calls 12714 12713
@calls 12714 12714
@calls 12715 12714
@calls 12715 12715
@calls 12716 12715
@calls 12716 12716
@calls 12717 12716
@calls 12717 12717
@calls 12718 12717
@calls 12718 12718
@calls 12719 12718
@calls 12719 12719
@calls 12720 12719
@calls 12720 12720
@calls 12721 12720
@calls 12721 12721
@calls 12722 12721
@calls 12722 12722
@calls 12723 12722
@calls 12723 12723
@calls 12724 12723
@calls 12724 12724
@calls 12725 12724
@calls 12725 12725
@calls 12726 12725
@calls 12726 12726
@calls 12727 12726
@calls 12727 12727
@calls 12728 12727
@calls 12728 12728
@calls 12729 12728
@calls 12729 12729
@calls 12730 12729
@calls 12730 12730
@calls 12731 12730
@calls 12731 12731
@calls 12732 12731
@calls 12732 12732
@calls 12733 12732
@calls 12733 12733
@calls 12734 12733
@calls 12734 12734
@calls 12735 12734
@calls 12735 12735
@calls 12736 12735
@calls 12736 12736
@calls 12737 12736
@calls 12737 12737
@calls 12738 12737
@calls 12738 12738
@calls 12739 12738
@calls 12739 12739
@calls 12740 12739
@calls 12740 12740
@calls 12741 12740
@calls 12741 12741
@calls 12742 12741
@calls 12742 12742
@calls 12743 12742
@calls 12743 12743
@calls 12744 12743
@calls 12744 12744
@calls 12745 12744
@calls 12745 12745
@calls 12746 12745
@calls 12746 12746
@calls 12747 12746
@calls 12747 12747
@calls 12748 12747
@calls 12748 12748
@calls 12749 12748
@calls 12749 12749
@calls 12750 12749
@calls 12750 12750
@calls 12751 12750
@calls 12751 12751
@calls 12752 12751
@calls 12752 12752
@calls 12753 12752
@calls 12753 12753
@calls 12754 12753
@calls 12754 12754
@calls 12755 12754
@calls 12755 12755
@calls 12756 12755
@calls 12756 12756
@calls 12757 12756
@calls 12757 12757
@calls 12758 12757
@calls 12758 12758
@calls 12759 12758
@calls 12759 12759
@calls 12760 12759
@calls 12760 12760
@calls 12761 12760
@calls 12761 12761
@calls 12762 12761
@calls 12762 12762
@calls 12763 12762
@calls 12763 12763
@calls 12764 12763
@calls 12764 12764
@calls 12765 12764
@calls 12765 12765
@calls 12766 12765
@calls 12766 12766
@calls 12767 12766
@calls 12767 12767
@calls 12768 12767
@calls 12768 12768
@calls 12769 12768
@calls 12769 12769
@calls 12770 12769
@calls 12770 12770
@calls 12771 12770
@calls 12771 12771
@calls 12772 12771
@calls 12772 12772
@calls 12773 12772
@calls 12773 12773
@calls 12774 12773
@calls 12774 12774
@calls 12775 12774
@calls 12775 12775
@calls 12776 12775
@calls 12776 12776
@calls 12777 12776
@calls 12777 12777
@calls 12778 12777
@calls 12778 12778
@calls 12779 12778
@calls 12779 12779
@calls 12780 12779
@calls 12780 12780
@calls 12781 12780
@calls 12781 12781
@calls 12782 12781
@calls 12782 12782
@calls 12783 12782
@calls 12783 12783
@calls 12784 12783
@calls 12784 12784
@calls 12785 12784
@calls 12785 12785
@calls 12786 12785
@calls 12786 12786
@calls 12787 12786
@calls 12787 12787
@calls 12788 12787
@calls 12788 12788
@calls 12789 12788
@calls 12789 12789
@calls 12790 12789
@calls 12790 12790
@calls 12791 12790
@calls 12791 12791
@calls 12792 12791
@calls 12792 12792
@calls 12793 12792
@calls 12793 12793
@calls 12794 12793
@calls 12794 12794
@calls 12795 12794
@calls 12795 12795
@calls 12796 12795
@calls 12796 12796
@calls 12797 12796
@calls 12797 12797
@calls 12798 12797
@calls 12798 12798
@calls 12799 12798
@calls 12799 12799
@calls 12800 12799
@calls 12800 12800
@calls 12801 12800
@calls 12801 12801
@calls 12802 12801
@calls 12802 12802
@calls 12803 12802
@calls 12803 12803
@calls 12804 12803
@calls 12804 12804
@calls 12805 12804
@calls 12805 12805
@calls 12806 12805
@calls 12806 12806
@calls 12807 12806
@calls 12807 12807
@calls 12808 12807
@calls 12808 12808
@calls 12809 12808
@calls 12809 12809
@calls 12810 12809
@calls 12810 12810
@calls 12811 12810
@calls 12811 12811
@calls 12812 12811
@calls 12812 12812
@calls 12813 12812
@calls 12813 12813
@calls 12814 12813
@calls 12814 12814
@calls 12815 12814
@calls 12815 12815
@calls 12816 12815
@calls 12816 12816
@calls 12817 12816
@calls 12817 12817
@calls 12818 12817
@calls 12818 12818
@calls 12819 12818
@calls 12819 12819
@calls 12820 12819
@calls 12820 12820
@calls 12821 12820
@calls 12821 12821
@calls 12822 12821
@calls 12822 12822
@calls 12823 12822
@calls 12823 12823
@calls 12824 12823
@calls 12824 12824
@calls 12825 12824
@calls 12825 12825
@calls 12826 12825
@calls 12826 12826
@calls 12827 12826
@calls 12827 12827
@calls 12828 12827
@calls 12828 12828
@calls 12829 12828
@calls 12829 12829
@calls 12830 12829
@calls 12830 12830
@calls 12831 12830
@calls 12831 12831
@calls 12832 12831
@calls 12832 12832
@calls 12833 12832
@calls 12833 12833
@calls 12834 12833
@calls 12834 12834
@calls 12835 12834
@calls 12835 12835
@calls 12836 12835
@calls 12836 12836
@calls 12837 12836
@calls 12837 12837
@calls 12838 12837
@calls 12838 12838
@calls 12839 12838
@calls 12839 12839
@calls 12840 12839
@calls 12840 12840
@calls 12841 12840
@calls 12841 12841
@calls 12842 12841
@calls 12842 12842
@calls 12843 12842
@calls 12843 12843
@calls 12844 12843
@calls 12844 12844
@calls 12845 12844
@calls 12845 12845
@calls 12846 12845
@calls 12846 12846
@calls 12847 12846
@calls 12847 12847
@calls 12848 12847
@calls 12848 12848
@calls 12849 12848
@calls 12849 12849
@calls 12850 12849
@calls 12850 12850
@calls 12851 12850
@calls 12851 12851
@calls 12852 12851
@calls 12852 12852
@calls 12853 12852
@calls 12853 12853
@calls 12854 12853
@calls 12854 12854
@calls 12855 12854
@calls 12855 12855
@calls 12856 12855
@calls 12856 12856
@calls 12857 12856
@calls 12857 12857
@calls 12858 12857
@calls 12858 12858
@calls 12859 12858
@calls 12859 12859
@calls 12860 12859
@calls 12860 12860
@calls 12861 12860
@calls 12861 12861
@calls 12862 12861
@calls 12862 12862
@calls 12863 12862
@calls 12863 12863
@calls 12864 12863
@calls 12864 12864
@calls 12865 12864
@calls 12865 12865
@calls 12866 12865
@calls 12866 12866
@calls 12867 12866
@calls 12867 12867
@calls 12868 12867
@calls 12868 12868
@calls 12869 12868
@calls 12869 12869
@calls 12870 12869
@calls 12870 12870
@calls 12871 12870
@calls 12871 12871
@calls 12872 12871
@calls 12872 12872
@calls 12873 12872
@calls 12873 12873
@calls 12874 12873
@calls 12874 12874
@calls 12875 12874
@calls 12875 12875
@calls 12876 12875
@calls 12876 12876
@calls 12877 12876
@calls 12877 12877
@calls 12878 12877
@calls 12878 12878
@calls 12879 12878
@calls 12879 12879
@calls 12880 12879
@calls 12880 12880
@calls 12881 12880
@calls 12881 12881
@calls 12882 12881
@calls 12882 12882
@calls 12883 12882
@calls 12883 12883
@calls 12884 12883
@calls 12884 12884
@calls 12885 12884
@calls 12885 12885
@calls 12886 12885
@calls 12886 12886
@calls 12887 12886
@calls 12887 12887
@calls 12888 12887
@calls 12888 12888
@calls 12889 12888
@calls 12889 12889
@calls 12890 12889
@calls 12890 12890
@calls 12891 12890
@calls 12891 12891
@calls 12892 12891
@calls 12892 12892
@calls 12893 12892
@calls 12893 12893
@calls 12894 12893
@calls 12894 12894
@calls 12895 12894
@calls 12895 12895
@calls 12896 12895
@calls 12896 12896
@calls 12897 12896
@calls 12897 12897
@calls 12898 12897
@calls 12898 12898
@calls 12899 12898
@calls 12899 12899
@calls 12900 12899
@calls 12900 12900
@calls 12901 12900
@calls 12901 12901
@calls 12902 12901
@calls 12902 12902
@calls 12903 12902
@calls 12903 12903
@calls 12904 12903
@calls 12904 12904
@calls 12905 12904
@calls 12905 12905
@calls 12906 12905
@calls 12906 12906
@calls 12907 12906
@calls 12907 12907
@calls 12908 12907
@calls 12908 12908
@calls 12909 12908
@calls 12909 12909
@calls 12910 12909
@calls 12910 12910
@calls 12911 12910
@calls 12911 12911
@calls 12912 12911
@calls 12912 12912
@calls 12913 12912
@calls 12913 12913
@calls 12914 12913
@calls 12914 12914
@calls 12915 12914
@calls 12915 12915
@calls 12916 12915
@calls 12916 12916
@calls 12917 12916
@calls 12917 12917
@calls 12918 12917
@calls 12918 12918
@calls 12919 12918
@calls 12919 12919
@calls 12920 12919
@calls 12920 12920
@calls 12921 12920
@calls 12921 12921
@calls 12922 12921
@calls 12922 12922
@calls 12923 12922
@calls 12923 12923
@calls 12924 12923
@calls 12924 12924
@calls 12925 12924
@calls 12925 12925
@calls 12926 12925
@calls 12926 12926
@calls 12927 12926
@calls 12927 12927
@calls 12928 12927
@calls 12928 12928
@calls 12929 12928
@calls 12929 12929
@calls 12930 12929
@calls 12930 12930
@calls 12931 12930
@calls 12931 12931
@calls 12932 12931
@calls 12932 12932
@calls 12933 12932
@calls 12933 12933
@calls 12934 12933
@calls 12934 12934
@calls 12935 12934
@calls 12935 12935
@calls 12936 12935
@calls 12936 12936
@calls 12937 12936
@calls 12937 12937
@calls 12938 12937
@calls 12938 12938
@calls 12939 12938
@calls 12939 12939
@calls 12940 12939
@calls 12940 12940
@calls 12941 12940
@calls 12941 12941
@calls 12942 12941
@calls 12942 12942
@calls 12943 12942
@calls 12943 12943
@calls 12944 12943
@calls 12944 12944
@calls 12945 12944
@calls 12945 12945
@calls 12946 12945
@calls 12946 12946
@calls 12947 12946
@calls 12947 12947
@calls 12948 12947
@calls 12948 12948
@calls 12949 12948
@calls 12949 12949
@calls 12950 12949
@calls 12950 12950
@calls 12951 12950
@calls 12951 12951
@calls 12952 12951
@calls 12952 12952
@calls 12953 12952
@calls 12953 12953
@calls 12954 12953
@calls 12954 12954
@calls 12955 12954
@calls 12955 12955
@calls 12956 12955
@calls 12956 12956
@calls 12957 12956
@calls 12957 12957
@calls 12958 12957
@calls 12958 12958
@calls 12959 12958
@calls 12959 12959
@calls 12960 12959
@calls 12960 12960
@calls 12961 12960
@calls 12961 12961
@calls 12962 12961
@calls 12962 12962
@calls 12963 12962
@calls 12963 12963
@calls 12964 12963
@calls 12964 12964
@calls 12965 12964
@calls 12965 12965
@calls 12966 12965
@calls 12966 12966
@calls 12967 12966
@calls 12967 12967
@calls 12968 12967
@calls 12968 12968
@calls 12969 12968
@calls 12969 12969
@calls 12970 12969
@calls 12970 12970
@calls 12971 12970
@calls 12971 12971
@calls 12972 12971
@calls 12972 12972
@calls 12973 12972
@calls 12973 12973
@calls 12974 12973
@calls 12974 12974
@calls 12975 12974
@calls 12975 12975
@calls 12976 12975
@calls 12976 12976
@calls 12977 12976
@calls 12977 12977
@calls 12978 12977
@calls 12978 12978
@calls 12979 12978
@calls 12979 12979
@calls 12980 12979
@calls 12980 12980
@calls 12981 12980
@calls 12981 12981
@calls 12982 12981
@calls 12982 12982
@calls 12983 12982
@calls 12983 12983
@calls 12984 12983
@calls 12984 12984
@calls 12985 12984
@calls 12985 12985
@calls 12986 12985
@calls 12986 12986
@calls 12987 12986
@calls 12987 12987
@calls 12988 12987
@calls 12988 12988
@calls 12989 12988
@calls 12989 12989
@calls 12990 12989
@calls 12990 12990
@calls 12991 12990
@calls 12991 12991
@calls 12992 12991
@calls 12992 12992
@calls 12993 12992
@calls 12993 12993
@calls 12994 12993
@calls 12994 12994
@calls 12995 12994
@calls 12995 12995
@calls 12996 12995
@calls 12996 12996
@calls 12997 12996
@calls 12997 12997
@calls 12998 12997
@calls 12998 12998
@calls 12999 12998
@calls 12999 12999
@calls 13000 12999
@calls 13000 13000
@calls 13001 13000
@calls 13001 13001
@calls 13002 13001
@calls 13002 13002
@calls 13003 13002
@calls 13003 13003
@calls 13004 13003
@calls 13004 13004
@calls 13005 13004
@calls 13005 13005
@calls 13006 13005
@calls 13006 13006
@calls 13007 13006
@calls 13007 13007
@calls 13008 13007
@calls 13008 13008
@calls 13009 13008
@calls 13009 13009
@calls 13010 13009
@calls 13010 13010
@calls 13011 13010
@calls 13011 13011
@calls 13012 13011
@calls 13012 13012
@calls 13013 13012
@calls 13013 13013
@calls 13014 13013
@calls 13014 13014
@calls 13015 13014
@calls 13015 13015
@calls 13016 13015
@calls 13016 13016
@calls 13017 13016
@calls 13017 13017
@calls 13018 13017
@calls 13018 13018
@calls 13019 13018
@calls 13019 13019
@calls 13020 13019
@calls 13020 13020
@calls 13021 13020
@calls 13021 13021
@calls 13022 13021
@calls 13022 13022
@calls 13023 13022
@calls 13023 13023
@calls 13024 13023
@calls 13024 13024
@calls 13025 13024
@calls 13025 13025
@calls 13026 13025
@calls 13026 13026
@calls 13027 13026
@calls 13027 13027
@calls 13028 13027
@calls 13028 13028
@calls 13029 13028
@calls 13029 13029
@calls 13030 13029
@calls 13030 13030
@calls 13031 13030
@calls 13031 13031
@calls 13032 13031
@calls 13032 13032
@calls 13033 13032
@calls 13033 13033
@calls 13034 13033
@calls 13034 13034
@calls 13035 13034
@calls 13035 13035
@calls 13036 13035
@calls 13036 13036
@calls 13037 13036
@calls 13037 13037
@calls 13038 13037
@calls 13038 13038
@calls 13039 13038
@calls 13039 13039
@calls 13040 13039
@calls 13040 13040
@calls 13041 13040
@calls 13041 13041
@calls 13042 13041
@calls 13042 13042
@calls 13043 13042
@calls 13043 13043
@calls 13044 13043
@calls 13044 13044
@calls 13045 13044
@calls 13045 13045
@calls 13046 13045
@calls 13046 13046
@calls 13047 13046
@calls 13047 13047
@calls 13048 13047
@calls 13048 13048
@calls 13049 13048
@calls 13049 13049
@calls 13050 13049
@calls 13050 13050
@calls 13051 13050
@calls 13051 13051
@calls 13052 13051
@calls 13052 13052
@calls 13053 13052
@calls 13053 13053
@calls 13054 13053
@calls 13054 13054
@calls 13055 13054
@calls 13055 13055
@calls 13056 13055
@calls 13056 13056
@calls 13057 13056
@calls 13057 13057
@calls 13058 13057
@calls 13058 13058
@calls 13059 13058
@calls 13059 13059
@calls 13060 13059
@calls 13060 13060
@calls 13061 13060
@calls 13061 13061
@calls 13062 13061
@calls 13062 13062
@calls 13063 13062
@calls 13063 13063
@calls 13064 13063
@calls 13064 13064
@calls 13065 13064
@calls 13065 13065
@calls 13066 13065
@calls 13066 13066
@calls 13067 13066
@calls 13067 13067
@calls 13068 13067
@calls 13068 13068
@calls 13069 13068
@calls 13069 13069
@calls 13070 13069
@calls 13070 13070
@calls 13071 13070
@calls 13071 13071
@calls 13072 13071
@calls 13072 13072
@calls 13073 13072
@calls 13073 13073
@calls 13074 13073
@calls 13074 13074
@calls 13075 13074
@calls 13075 13075
@calls 13076 13075
@calls 13076 13076
@calls 13077 13076
@calls 13077 13077
@calls 13078 13077
@calls 13078 13078
@calls 13079 13078
@calls 13079 13079
@calls 13080 13079
@calls 13080 13080
@calls 13081 13080
@calls 13081 13081
@calls 13082 13081
@calls 13082 13082
@calls 13083 13082
@calls 13083 13083
@calls 13084 13083
@calls 13084 13084
@calls 13085 13084
@calls 13085 13085
@calls 13086 13085
@calls 13086 13086
@calls 13087 13086
@calls 13087 13087
@calls 13088 13087
@calls 13088 13088
@calls 13089 13088
@calls 13089 13089
@calls 13090 13089
@calls 13090 13090
@calls 13091 13090
@calls 13091 13091
@calls 13092 13091
@calls 13092 13092
@calls 13093 13092
@calls 13093 13093
@calls 13094 13093
@calls 13094 13094
@calls 13095 13094
@calls 13095 13095
@calls 13096 13095
@calls 13096 13096
@calls 13097 13096
@calls 13097 13097
@calls 13098 13097
@calls 13098 13098
@calls 13099 13098
@calls 13099 13099
@calls 13100 13099
@calls 13100 13100
@calls 13101 13100
@calls 13101 13101
@calls 13102 13101
@calls 13102 13102
@calls 13103 13102
@calls 13103 13103
@calls 13104 13103
@calls 13104 13104
@calls 13105 13104
@calls 13105 13105
@calls 13106 13105
@calls 13106 13106
@calls 13107 13106
@calls 13107 13107
@calls 13108 13107
@calls 13108 13108
@calls 13109 13108
@calls 13109 13109
@calls 13110 13109
@calls 13110 13110
@calls 13111 13110
@calls 13111 13111
@calls 13112 13111
@calls 13112 13112
@calls 13113 13112
@calls 13113 13113
@calls 13114 13113
@calls 13114 13114
@calls 13115 13114
@calls 13115 13115
@calls 13116 13115
@calls 13116 13116
@calls 13117 13116
@calls 13117 13117
@calls 13118 13117
@calls 13118 13118
@calls 13119 13118
@calls 13119 13119
@calls 13120 13119
@calls 13120 13120
@calls 13121 13120
@calls 13121 13121
@calls 13122 13121
@calls 13122 13122
@calls 13123 13122
@calls 13123 13123
@calls 13124 13123
@calls 13124 13124
@calls 13125 13124
@calls 13125 13125
@calls 13126 13125
@calls 13126 13126
@calls 13127 13126
@calls 13127 13127
@calls 13128 13127
@calls 13128 13128
@calls 13129 13128
@calls 13129 13129
@calls 13130 13129
@calls 13130 13130
@calls 13131 13130
@calls 13131 13131
@calls 13132 13131
@calls 13132 13132
@calls 13133 13132
@calls 13133 13133
@calls 13134 13133
@calls 13134 13134
@calls 13135 13134
@calls 13135 13135
@calls 13136 13135
@calls 13136 13136
@calls 13137 13136
@calls 13137 13137
@calls 13138 13137
@calls 13138 13138
@calls 13139 13138
@calls 13139 13139
@calls 13140 13139
@calls 13140 13140
@calls 13141 13140
@calls 13141 13141
@calls 13142 13141
@calls 13142 13142
@calls 13143 13142
@calls 13143 13143
@calls 13144 13143
@calls 13144 13144
@calls 13145 13144
@calls 13145 13145
@calls 13146 13145
@calls 13146 13146
@calls 13147 13146
@calls 13147 13147
@calls 13148 13147
@calls 13148 13148
@calls 13149 13148
@calls 13149 13149
@calls 13150 13149
@calls 13150 13150
@calls 13151 13150
@calls 13151 13151
@calls 13152 13151
@calls 13152 13152
@calls 13153 13152
@calls 13153 13153
@calls 13154 13153
@calls 13154 13154
@calls 13155 13154
@calls 13155 13155
@calls 13156 13155
@calls 13156 13156
@calls 13157 13156
@calls 13157 13157
@calls 13158 13157
@calls 13158 13158
@calls 13159 13158
@calls 13159 13159
@calls 13160 13159
@calls 13160 13160
@calls 13161 13160
@calls 13161 13161
@calls 13162 13161
@calls 13162 13162
@calls 13163 13162
@calls 13163 13163
@calls 13164 13163
@calls 13164 13164
@calls 13165 13164
@calls 13165 13165
@calls 13166 13165
@calls 13166 13166
@calls 13167 13166
@calls 13167 13167
@calls 13168 13167
@calls 13168 13168
@calls 13169 13168
@calls 13169 13169
@calls 13170 13169
@calls 13170 13170
@calls 13171 13170
@calls 13171 13171
@calls 13172 13171
@calls 13172 13172
@calls 13173 13172
@calls 13173 13173
@calls 13174 13173
@calls 13174 13174
@calls 13175 13174
@calls 13175 13175
@calls 13176 13175
@calls 13176 13176
@calls 13177 13176
@calls 13177 13177
@calls 13178 13177
@calls 13178 13178
@calls 13179 13178
@calls 13179 13179
@calls 13180 13179
@calls 13180 13180
@calls 13181 13180
@calls 13181 13181
@calls 13182 13181
@calls 13182 13182
@calls 13183 13182
@calls 13183 13183
@calls 13184 13183
@calls 13184 13184
@calls 13185 13184
@calls 13185 13185
@calls 13186 13185
@calls 13186 13186
@calls 13187 13186
@calls 13187 13187
@calls 13188 13187
@calls 13188 13188
@calls 13189 13188
@calls 13189 13189
@calls 13190 13189
@calls 13190 13190
@calls 13191 13190
@calls 13191 13191
@calls 13192 13191
@calls 13192 13192
@calls 13193 13192
@calls 13193 13193
@calls 13194 13193
@calls 13194 13194
@calls 13195 13194
@calls 13195 13195
@calls 13196 13195
@calls 13196 13196
@calls 13197 13196
@calls 13197 13197
@calls 13198 13197
@calls 13198 13198
@calls 13199 13198
@calls 13199 13199
@calls 13200 13199
@calls 13200 13200
@calls 13201 13200
@calls 13201 13201
@calls 13202 13201
@calls 13202 13202
@calls 13203 13202
@calls 13203 13203
@calls 13204 13203
@calls 13204 13204
@calls 13205 13204
@calls 13205 13205
@calls 13206 13205
@calls 13206 13206
@calls 13207 13206
@calls 13207 13207
@calls 13208 13207
@calls 13208 13208
@calls 13209 13208
@calls 13209 13209
@calls 13210 13209
@calls 13210 13210
@calls 13211 13210
@calls 13211 13211
@calls 13212 13211
@calls 13212 13212
@calls 13213 13212
@calls 13213 13213
@calls 13214 13213
@calls 13214 13214
@calls 13215 13214
@calls 13215 13215
@calls 13216 13215
@calls 13216 13216
@calls 13217 13216
@calls 13217 13217
@calls 13218 13217
@calls 13218 13218
@calls 13219 13218
@calls 13219 13219
@calls 13220 13219
@calls 13220 13220
@calls 13221 13220
@calls 13221 13221
@calls 13222 13221
@calls 13222 13222
@calls 13223 13222
@calls 13223 13223
@calls 13224 13223
@calls 13224 13224
@calls 13225 13224
@calls 13225 13225
@calls 13226 13225
@calls 13226 13226
@calls 13227 13226
@calls 13227 13227
@calls 13228 13227
@calls 13228 13228
@calls 13229 13228
@calls 13229 13229
@calls 13230 13229
@calls 13230 13230
@calls 13231 13230
@calls 13231 13231
@calls 13232 13231
@calls 13232 13232
@calls 13233 13232
@calls 13233 13233
@calls 13234 13233
@calls 13234 13234
@calls 13235 13234
@calls 13235 13235
@calls 13236 13235
@calls 13236 13236
@calls 13237 13236
@calls 13237 13237
@calls 13238 13237
@calls 13238 13238
@calls 13239 13238
@calls 13239 13239
@calls 13240 13239
@calls 13240 13240
@calls 13241 13240
@calls 13241 13241
@calls 13242 13241
@calls 13242 13242
@calls 13243 13242
@calls 13243 13243
@calls 13244 13243
@calls 13244 13244
@calls 13245 13244
@calls 13245 13245
@calls 13246 13245
@calls 13246 13246
@calls 13247 13246
@calls 13247 13247
@calls 13248 13247
@calls 13248 13248
@calls 13249 13248
@calls 13249 13249
@calls 13250 13249
@calls 13250 13250
@calls 13251 13250
@calls 13251 13251
@calls 13252 13251
@calls 13252 13252
@calls 13253 13252
@calls 13253 13253
@calls 13254 13253
@calls 13254 13254
@calls 13255 13254
@calls 13255 13255
@calls 13256 13255
@calls 13256 13256
@calls 13257 13256
@calls 13257 13257
@calls 13258 13257
@calls 13258 13258
@calls 13259 13258
@calls 13259 13259
@calls 13260 13259
@calls 13260 13260
@calls 13261 13260
@calls 13261 13261
@calls 13262 13261
@calls 13262 13262
@calls 13263 13262
@calls 13263 13263
@calls 13264 13263
@calls 13264 13264
@calls 13265 13264
@calls 13265 13265
@calls 13266 13265
@calls 13266 13266
@calls 13267 13266
@calls 13267 13267
@calls 13268 13267
@calls 13268 13268
@calls 13269 13268
@calls 13269 13269
@calls 13270 13269
@calls 13270 13270
@calls 13271 13270
@calls 13271 13271
@calls 13272 13271
@calls 13272 13272
@calls 13273 13272
@calls 13273 13273
@calls 13274 13273
@calls 13274 13274
@calls 13275 13274
@calls 13275 13275
@calls 13276 13275
@calls 13276 13276
@calls 13277 13276
@calls 13277 13277
@calls 13278 13277
@calls 13278 13278
@calls 13279 13278
@calls 13279 13279
@calls 13280 13279
@calls 13280 13280
@calls 13281 13280
@calls 13281 13281
@calls 13282 13281
@calls 13282 13282
@calls 13283 13282
@calls 13283 13283
@calls 13284 13283
@calls 13284 13284
@calls 13285 13284
@calls 13285 13285
@calls 13286 13285
@calls 13286 13286
@calls 13287 13286
@calls 13287 13287
@calls 13288 13287
@calls 13288 13288
@calls 13289 13288
@calls 13289 13289
@calls 13290 13289
@calls 13290 13290
@calls 13291 13290
@calls 13291 13291
@calls 13292 13291
@calls 13292 13292
@calls 13293 13292
@calls 13293 13293
@calls 13294 13293
@calls 13294 13294
@calls 13295 13294
@calls 13295 13295
@calls 13296 13295
@calls 13296 13296
@calls 13297 13296
@calls 13297 13297
@calls 13298 13297
@calls 13298 13298
@calls 13299 13298
@calls 13299 13299
@calls 13300 13299
@calls 13300 13300
@calls 13301 13300
@calls 13301 13301
@calls 13302 13301
@calls 13302 13302
@calls 13303 13302
@calls 13303 13303
@calls 13304 13303
@calls 13304 13304
@calls 13305 13304
@calls 13305 13305
@calls 13306 13305
@calls 13306 13306
@calls 13307 13306
@calls 13307 13307
@calls 13308 13307
@calls 13308 13308
@calls 13309 13308
@calls 13309 13309
@calls 13310 13309
@calls 13310 13310
@calls 13311 13310
@calls 13311 13311
@calls 13312 13311
@calls 13312 13312
@calls 13313 13312
@calls 13313 13313
@calls 13314 13313
@calls 13314 13314
@calls 13315 13314
@calls 13315 13315
@calls 13316 13315
@calls 13316 13316
@calls 13317 13316
@calls 13317 13317
@calls 13318 13317
@calls 13318 13318
@calls 13319 13318
@calls 13319 13319
@calls 13320 13319
@calls 13320 13320
@calls 13321 13320
@calls 13321 13321
@calls 13322 13321
@calls 13322 13322
@calls 13323 13322
@calls 13323 13323
@calls 13324 13323
@calls 13324 13324
@calls 13325 13324
@calls 13325 13325
@calls 13326 13325
@calls 13326 13326
@calls 13327 13326
@calls 13327 13327
@calls 13328 13327
@calls 13328 13328
@calls 13329 13328
@calls 13329 13329
@calls 13330 13329
@calls 13330 13330
@calls 13331 13330
@calls 13331 13331
@calls 13332 13331
@calls 13332 13332
@calls 13333 13332
@calls 13333 13333
@calls 13334 13333
@calls 13334 13334
@calls 13335 13334
@calls 13335 13335
@calls 13336 13335
@calls 13336 13336
@calls 13337 13336
@calls 13337 13337
@calls 13338 13337
@calls 13338 13338
@calls 13339 13338
@calls 13339 13339
@calls 13340 13339
@calls 13340 13340
@calls 13341 13340
@calls 13341 13341
@calls 13342 13341
@calls 13342 13342
@calls 13343 13342
@calls 13343 13343
@calls 13344 13343
@calls 13344 13344
@calls 13345 13344
@calls 13345 13345
@calls 13346 13345
@calls 13346 13346
@calls 13347 13346
@calls 13347 13347
@calls 13348 13347
@calls 13348 13348
@calls 13349 13348
@calls 13349 13349
@calls 13350 13349
@calls 13350 13350
@calls 13351 13350
@calls 13351 13351
@calls 13352 13351
@calls 13352 13352
@calls 13353 13352
@calls 13353 13353
@calls 13354 13353
@calls 13354 13354
@calls 13355 13354
@calls 13355 13355
@calls 13356 13355
@calls 13356 13356
@calls 13357 13356
@calls 13357 13357
@calls 13358 13357
@calls 13358 13358
@calls 13359 13358
@calls 13359 13359
@calls 13360 13359
@calls 13360 13360
@calls 13361 13360
@calls 13361 13361
@calls 13362 13361
@calls 13362 13362
@calls 13363 13362
@calls 13363 13363
@calls 13364 13363
@calls 13364 13364
@calls 13365 13364
@calls 13365 13365
@calls 13366 13365
@calls 13366 13366
@calls 13367 13366
@calls 13367 13367
@calls 13368 13367
@calls 13368 13368
@calls 13369 13368
@calls 13369 13369
@calls 13370 13369
@calls 13370 13370
@calls 13371 13370
@calls 13371 13371
@calls 13372 13371
@calls 13372 13372
@calls 13373 13372
@calls 13373 13373
@calls 13374 13373
@calls 13374 13374
@calls 13375 13374
@calls 13375 13375
@calls 13376 13375
@calls 13376 13376
@calls 13377 13376
@calls 13377 13377
@calls 13378 13377
@calls 13378 13378
@calls 13379 13378
@calls 13379 13379
@calls 13380 13379
@calls 13380 13380
@calls 13381 13380
@calls 13381 13381
@calls 13382 13381
@calls 13382 13382
@calls 13383 13382
@calls 13383 13383
@calls 13384 13383
@calls 13384 13384
@calls 13385 13384
@calls 13385 13385
@calls 13386 13385
@calls 13386 13386
@calls 13387 13386
@calls 13387 13387
@calls 13388 13387
@calls 13388 13388
@calls 13389 13388
@calls 13389 13389
@calls 13390 13389
@calls 13390 13390
@calls 13391 13390
@calls 13391 13391
@calls 13392 13391
@calls 13392 13392
@calls 13393 13392
@calls 13393 13393
@calls 13394 13393
@calls 13394 13394
@calls 13395 13394
@calls 13395 13395
@calls 13396 13395
@calls 13396 13396
@calls 13397 13396
@calls 13397 13397
@calls 13398 13397
@calls 13398 13398
@calls 13399 13398
@calls 13399 13399
@calls 13400 13399
@calls 13400 13400
@calls 13401 13400
@calls 13401 13401
@calls 13402 13401
@calls 13402 13402
@calls 13403 13402
@calls 13403 13403
@calls 13404 13403
@calls 13404 13404
@calls 13405 13404
@calls 13405 13405
@calls 13406 13405
@calls 13406 13406
@calls 13407 13406
@calls 13407 13407
@calls 13408 13407
@calls 13408 13408
@calls 13409 13408
@calls 13409 13409
@calls 13410 13409
@calls 13410 13410
@calls 13411 13410
@calls 13411 13411
@calls 13412 13411
@calls 13412 13412
@calls 13413 13412
@calls 13413 13413
@calls 13414 13413
@calls 13414 13414
@calls 13415 13414
@calls 13415 13415
@calls 13416 13415
@calls 13416 13416
@calls 13417 13416
@calls 13417 13417
@calls 13418 13417
@calls 13418 13418
@calls 13419 13418
@calls 13419 13419
@calls 13420 13419
@calls 13420 13420
@calls 13421 13420
@calls 13421 13421
@calls 13422 13421
@calls 13422 13422
@calls 13423 13422
@calls 13423 13423
@calls 13424 13423
@calls 13424 13424
@calls 13425 13424
@calls 13425 13425
@calls 13426 13425
@calls 13426 13426
@calls 13427 13426
@calls 13427 13427
@calls 13428 13427
@calls 13428 13428
@calls 13429 13428
@calls 13429 13429
@calls 13430 13429
@calls 13430 13430
@calls 13431 13430
@calls 13431 13431
@calls 13432 13431
@calls 13432 13432
@calls 13433 13432
@calls 13433 13433
@calls 13434 13433
@calls 13434 13434
@calls 13435 13434
@calls 13435 13435
@calls 13436 13435
@calls 13436 13436
@calls 13437 13436
@calls 13437 13437
@calls 13438 13437
@calls 13438 13438
@calls 13439 13438
@calls 13439 13439
@calls 13440 13439
@calls 13440 13440
@calls 13441 13440
@calls 13441 13441
@calls 13442 13441
@calls 13442 13442
@calls 13443 13442
@calls 13443 13443
@calls 13444 13443
@calls 13444 13444
@calls 13445 13444
@calls 13445 13445
@calls 13446 13445
@calls 13446 13446
@calls 13447 13446
@calls 13447 13447
@calls 13448 13447
@calls 13448 13448
@calls 13449 13448
@calls 13449 13449
@calls 13450 13449
@calls 13450 13450
@calls 13451 13450
@calls 13451 13451
@calls 13452 13451
@calls 13452 13452
@calls 13453 13452
@calls 13453 13453
@calls 13454 13453
@calls 13454 13454
@calls 13455 13454
@calls 13455 13455
@calls 13456 13455
@calls 13456 13456
@calls 13457 13456
@calls 13457 13457
@calls 13458 13457
@calls 13458 13458
@calls 13459 13458
@calls 13459 13459
@calls 13460 13459
@calls 13460 13460
@calls 13461 13460
@calls 13461 13461
@calls 13462 13461
@calls 13462 13462
@calls 13463 13462
@calls 13463 13463
@calls 13464 13463
@calls 13464 13464
@calls 13465 13464
@calls 13465 13465
@calls 13466 13465
@calls 13466 13466
@calls 13467 13466
@calls 13467 13467
@calls 13468 13467
@calls 13468 13468
@calls 13469 13468
@calls 13469 13469
@calls 13470 13469
@calls 13470 13470
@calls 13471 13470
@calls 13471 13471
@calls 13472 13471
@calls 13472 13472
@calls 13473 13472
@calls 13473 13473
@calls 13474 13473
@calls 13474 13474
@calls 13475 13474
@calls 13475 13475
@calls 13476 13475
@calls 13476 13476
@calls 13477 13476
@calls 13477 13477
@calls 13478 13477
@calls 13478 13478
@calls 13479 13478
@calls 13479 13479
@calls 13480 13479
@calls 13480 13480
@calls 13481 13480
@calls 13481 13481
@calls 13482 13481
@calls 13482 13482
@calls 13483 13482
@calls 13483 13483
@calls 13484 13483
@calls 13484 13484
@calls 13485 13484
@calls 13485 13485
@calls 13486 13485
@calls 13486 13486
@calls 13487 13486
@calls 13487 13487
@calls 13488 13487
@calls 13488 13488
@calls 13489 13488
@calls 13489 13489
@calls 13490 13489
@calls 13490 13490
@calls 13491 13490
@calls 13491 13491
@calls 13492 13491
@calls 13492 13492
@calls 13493 13492
@calls 13493 13493
@calls 13494 13493
@calls 13494 13494
@calls 13495 13494
@calls 13495 13495
@calls 13496 13495
@calls 13496 13496
@calls 13497 13496
@calls 13497 13497
@calls 13498 13497
@calls 13498 13498
@calls 13499 13498
@calls 13499 13499
@calls 13500 13499
@calls 13500 13500
@calls 13501 13500
@calls 13501 13501
@calls 13502 13501
@calls 13502 13502
@calls 13503 13502
@calls 13503 13503
@calls 13504 13503
@calls 13504 13504
@calls 13505 13504
@calls 13505 13505
@calls 13506 13505
@calls 13506 13506
@calls 13507 13506
@calls 13507 13507
@calls 13508 13507
@calls 13508 13508
@calls 13509 13508
@calls 13509 13509
@calls 13510 13509
@calls 13510 13510
@calls 13511 13510
@calls 13511 13511
@calls 13512 13511
@calls 13512 13512
@calls 13513 13512
@calls 13513 13513
@calls 13514 13513
@calls 13514 13514
@calls 13515 13514
@calls 13515 13515
@calls 13516 13515
@calls 13516 13516
@calls 13517 13516
@calls 13517 13517
@calls 13518 13517
@calls 13518 13518
@calls 13519 13518
@calls 13519 13519
@calls 13520 13519
@calls 13520 13520
@calls 13521 13520
@calls 13521 13521
@calls 13522 13521
@calls 13522 13522
@calls 13523 13522
@calls 13523 13523
@calls 13524 13523
@calls 13524 13524
@calls 13525 13524
@calls 13525 13525
@calls 13526 13525
@calls 13526 13526
@calls 13527 13526
@calls 13527 13527
@calls 13528 13527
@calls 13528 13528
@calls 13529 13528
@calls 13529 13529
@calls 13530 13529
@calls 13530 13530
@calls 13531 13530
@calls 13531 13531
@calls 13532 13531
@calls 13532 13532
@calls 13533 13532
@calls 13533 13533
@calls 13534 13533
@calls 13534 13534
@calls 13535 13534
@calls 13535 13535
@calls 13536 13535
@calls 13536 13536
@calls 13537 13536
@calls 13537 13537
@calls 13538 13537
@calls 13538 13538
@calls 13539 13538
@calls 13539 13539
@calls 13540 13539
@calls 13540 13540
@calls 13541 13540
@calls 13541 13541
@calls 13542 13541
@calls 13542 13542
@calls 13543 13542
@calls 13543 13543
@calls 13544 13543
@calls 13544 13544
@calls 13545 13544
@calls 13545 13545
@calls 13546 13545
@calls 13546 13546
@calls 13547 13546
@calls 13547 13547
@calls 13548 13547
@calls 13548 13548
@calls 13549 13548
@calls 13549 13549
@calls 13550 13549
@calls 13550 13550
@calls 13551 13550
@calls 13551 13551
@calls 13552 13551
@calls 13552 13552
@calls 13553 13552
@calls 13553 13553
@calls 13554 13553
@calls 13554 13554
@calls 13555 13554
@calls 13555 13555
@calls 13556 13555
@calls 13556 13556
@calls 13557 13556
@calls 13557 13557
@calls 13558 13557
@calls 13558 13558
@calls 13559 13558
@calls 13559 13559
@calls 13560 13559
@calls 13560 13560
@calls 13561 13560
@calls 13561 13561
@calls 13562 13561
@calls 13562 13562
@calls 13563 13562
@calls 13563 13563
@calls 13564 13563
@calls 13564 13564
@calls 13565 13564
@calls 13565 13565
@calls 13566 13565
@calls 13566 13566
@calls 13567 13566
@calls 13567 13567
@calls 13568 13567
@calls 13568 13568
@calls 13569 13568
@calls 13569 13569
@calls 13570 13569
@calls 13570 13570
@calls 13571 13570
@calls 13571 13571
@calls 13572 13571
@calls 13572 13572
@calls 13573 13572
@calls 13573 13573
@calls 13574 13573
@calls 13574 13574
@calls 13575 13574
@calls 13575 13575
@calls 13576 13575
@calls 13576 13576
@calls 13577 13576
@calls 13577 13577
@calls 13578 13577
@calls 13578 13578
@calls 13579 13578
@calls 13579 13579
@calls 13580 13579
@calls 13580 13580
@calls 13581 13580
@calls 13581 13581
@calls 13582 13581
@calls 13582 13582
@calls 13583 13582
@calls 13583 13583
@calls 13584 13583
@calls 13584 13584
@calls 13585 13584
@calls 13585 13585
@calls 13586 13585
@calls 13586 13586
@calls 13587 13586
@calls 13587 13587
@calls 13588 13587
@calls 13588 13588
@calls 13589 13588
@calls 13589 13589
@calls 13590 13589
@calls 13590 13590
@calls 13591 13590
@calls 13591 13591
@calls 13592 13591
@calls 13592 13592
@calls 13593 13592
@calls 13593 13593
@calls 13594 13593
@calls 13594 13594
@calls 13595 13594
@calls 13595 13595
@calls 13596 13595
@calls 13596 13596
@calls 13597 13596
@calls 13597 13597
@calls 13598 13597
@calls 13598 13598
@calls 13599 13598
@calls 13599 13599
@calls 13600 13599
@calls 13600 13600
@calls 13601 13600
@calls 13601 13601
@calls 13602 13601
@calls 13602 13602
@calls 13603 13602
@calls 13603 13603
@calls 13604 13603
@calls 13604 13604
@calls 13605 13604
@calls 13605 13605
@calls 13606 13605
@calls 13606 13606
@calls 13607 13606
@calls 13607 13607
@calls 13608 13607
@calls 13608 13608
@calls 13609 13608
@calls 13609 13609
@calls 13610 13609
@calls 13610 13610
@calls 13611 13610
@calls 13611 13611
@calls 13612 13611
@calls 13612 13612
@calls 13613 13612
@calls 13613 13613
@calls 13614 13613
@calls 13614 13614
@calls 13615 13614
@calls 13615 13615
@calls 13616 13615
@calls 13616 13616
@calls 13617 13616
@calls 13617 13617
@calls 13618 13617
@calls 13618 13618
@calls 13619 13618
@calls 13619 13619
@calls 13620 13619
@calls 13620 13620
@calls 13621 13620
@calls 13621 13621
@calls 13622 13621
@calls 13622 13622
@calls 13623 13622
@calls 13623 13623
@calls 13624 13623
@calls 13624 13624
@calls 13625 13624
@calls 13625 13625
@calls 13626 13625
@calls 13626 13626
@calls 13627 13626
@calls 13627 13627
@calls 13628 13627
@calls 13628 13628
@calls 13629 13628
@calls 13629 13629
@calls 13630 13629
@calls 13630 13630
@calls 13631 13630
@calls 13631 13631
@calls 13632 13631
@calls 13632 13632
@calls 13633 13632
@calls 13633 13633
@calls 13634 13633
@calls 13634 13634
@calls 13635 13634
@calls 13635 13635
@calls 13636 13635
@calls 13636 13636
@calls 13637 13636
@calls 13637 13637
@calls 13638 13637
@calls 13638 13638
@calls 13639 13638
@calls 13639 13639
@calls 13640 13639
@calls 13640 13640
@calls 13641 13640
@calls 13641 13641
@calls 13642 13641
@calls 13642 13642
@calls 13643 13642
@calls 13643 13643
@calls 13644 13643
@calls 13644 13644
@calls 13645 13644
@calls 13645 13645
@calls 13646 13645
@calls 13646 13646
@calls 13647 13646
@calls 13647 13647
@calls 13648 13647
@calls 13648 13648
@calls 13649 13648
@calls 13649 13649
@calls 13650 13649
@calls 13650 13650
@calls 13651 13650
@calls 13651 13651
@calls 13652 13651
@calls 13652 13652
@calls 13653 13652
@calls 13653 13653
@calls 13654 13653
@calls 13654 13654
@calls 13655 13654
@calls 13655 13655
@calls 13656 13655
@calls 13656 13656
@calls 13657 13656
@calls 13657 13657
@calls 13658 13657
@calls 13658 13658
@calls 13659 13658
@calls 13659 13659
@calls 13660 13659
@calls 13660 13660
@calls 13661 13660
@calls 13661 13661
@calls 13662 13661
@calls 13662 13662
@calls 13663 13662
@calls 13663 13663
@calls 13664 13663
@calls 13664 13664
@calls 13665 13664
@calls 13665 13665
@calls 13666 13665
@calls 13666 13666
@calls 13667 13666
@calls 13667 13667
@calls 13668 13667
@calls 13668 13668
@calls 13669 13668
@calls 13669 13669
@calls 13670 13669
@calls 13670 13670
@calls 13671 13670
@calls 13671 13671
@calls 13672 13671
@calls 13672 13672
@calls 13673 13672
@calls 13673 13673
@calls 13674 13673
@calls 13674 13674
@calls 13675 13674
@calls 13675 13675
@calls 13676 13675
@calls 13676 13676
@calls 13677 13676
@calls 13677 13677
@calls 13678 13677
@calls 13678 13678
@calls 13679 13678
@calls 13679 13679
@calls 13680 13679
@calls 13680 13680
@calls 13681 13680
@calls 13681 13681
@calls 13682 13681
@calls 13682 13682
@calls 13683 13682
@calls 13683 13683
@calls 13684 13683
@calls 13684 13684
@calls 13685 13684
@calls 13685 13685
@calls 13686 13685
@calls 13686 13686
@calls 13687 13686
@calls 13687 13687
@calls 13688 13687
@calls 13688 13688
@calls 13689 13688
@calls 13689 13689
@calls 13690 13689
@calls 13690 13690
@calls 13691 13690
@calls 13691 13691
@calls 13692 13691
@calls 13692 13692
@calls 13693 13692
@calls 13693 13693
@calls 13694 13693
@calls 13694 13694
@calls 13695 13694
@calls 13695 13695
@calls 13696 13695
@calls 13696 13696
@calls 13697 13696
@calls 13697 13697
@calls 13698 13697
@calls 13698 13698
@calls 13699 13698
@calls 13699 13699
@calls 13700 13699
@calls 13700 13700
@calls 13701 13700
@calls 13701 13701
@calls 13702 13701
@calls 13702 13702
@calls 13703 13702
@calls 13703 13703
@calls 13704 13703
@calls 13704 13704
@calls 13705 13704
@calls 13705 13705
@calls 13706 13705
@calls 13706 13706
@calls 13707 13706
@calls 13707 13707
@calls 13708 13707
@calls 13708 13708
@calls 13709 13708
@calls 13709 13709
@calls 13710 13709
@calls 13710 13710
@calls 13711 13710
@calls 13711 13711
@calls 13712 13711
@calls 13712 13712
@calls 13713 13712
@calls 13713 13713
@calls 13714 13713
@calls 13714 13714
@calls 13715 13714
@calls 13715 13715
@calls 13716 13715
@calls 13716 13716
@calls 13717 13716
@calls 13717 13717
@calls 13718 13717
@calls 13718 13718
@calls 13719 13718
@calls 13719 13719
@calls 13720 13719
@calls 13720 13720
@calls 13721 13720
@calls 13721 13721
@calls 13722 13721
@calls 13722 13722
@calls 13723 13722
@calls 13723 13723
@calls 13724 13723
@calls 13724 13724
@calls 13725 13724
@calls 13725 13725
@calls 13726 13725
@calls 13726 13726
@calls 13727 13726
@calls 13727 13727
@calls 13728 13727
@calls 13728 13728
@calls 13729 13728
@calls 13729 13729
@calls 13730 13729
@calls 13730 13730
@calls 13731 13730
@calls 13731 13731
@calls 13732 13731
@calls 13732 13732
@calls 13733 13732
@calls 13733 13733
@calls 13734 13733
@calls 13734 13734
@calls 13735 13734
@calls 13735 13735
@calls 13736 13735
@calls 13736 13736
@calls 13737 13736
@calls 13737 13737
@calls 13738 13737
@calls 13738 13738
@calls 13739 13738
@calls 13739 13739
@calls 13740 13739
@calls 13740 13740
@calls 13741 13740
@calls 13741 13741
@calls 13742 13741
@calls 13742 13742
@calls 13743 13742
@calls 13743 13743
@calls 13744 13743
@calls 13744 13744
@calls 13745 13744
@calls 13745 13745
@calls 13746 13745
@calls 13746 13746
@calls 13747 13746
@calls 13747 13747
@calls 13748 13747
@calls 13748 13748
@calls 13749 13748
@calls 13749 13749
@calls 13750 13749
@calls 13750 13750
@calls 13751 13750
@calls 13751 13751
@calls 13752 13751
@calls 13752 13752
@calls 13753 13752
@calls 13753 13753
@calls 13754 13753
@calls 13754 13754
@calls 13755 13754
@calls 13755 13755
@calls 13756 13755
@calls 13756 13756
@calls 13757 13756
@calls 13757 13757
@calls 13758 13757
@calls 13758 13758
@calls 13759 13758
@calls 13759 13759
@calls 13760 13759
@calls 13760 13760
@calls 13761 13760
@calls 13761 13761
@calls 13762 13761
@calls 13762 13762
@calls 13763 13762
@calls 13763 13763
@calls 13764 13763
@calls 13764 13764
@calls 13765 13764
@calls 13765 13765
@calls 13766 13765
@calls 13766 13766
@calls 13767 13766
@calls 13767 13767
@calls 13768 13767
@calls 13768 13768
@calls 13769 13768
@calls 13769 13769
@calls 13770 13769
@calls 13770 13770
@calls 13771 13770
@calls 13771 13771
@calls 13772 13771
@calls 13772 13772
@calls 13773 13772
@calls 13773 13773
@calls 13774 13773
@calls 13774 13774
@calls 13775 13774
@calls 13775 13775
@calls 13776 13775
@calls 13776 13776
@calls 13777 13776
@calls 13777 13777
@calls 13778 13777
@calls 13778 13778
@calls 13779 13778
@calls 13779 13779
@calls 13780 13779
@calls 13780 13780
@calls 13781 13780
@calls 13781 13781
@calls 13782 13781
@calls 13782 13782
@calls 13783 13782
@calls 13783 13783
@calls 13784 13783
@calls 13784 13784
@calls 13785 13784
@calls 13785 13785
@calls 13786 13785
@calls 13786 13786
@calls 13787 13786
@calls 13787 13787
@calls 13788 13787
@calls 13788 13788
@calls 13789 13788
@calls 13789 13789
@calls 13790 13789
@calls 13790 13790
@calls 13791 13790
@calls 13791 13791
@calls 13792 13791
@calls 13792 13792
@calls 13793 13792
@calls 13793 13793
@calls 13794 13793
@calls 13794 13794
@calls 13795 13794
@calls 13795 13795
@calls 13796 13795
@calls 13796 13796
@calls 13797 13796
@calls 13797 13797
@calls 13798 13797
@calls 13798 13798
@calls 13799 13798
@calls 13799 13799
@calls 13800 13799
@calls 13800 13800
@calls 13801 13800
@calls 13801 13801
@calls 13802 13801
@calls 13802 13802
@calls 13803 13802
@calls 13803 13803
@calls 13804 13803
@calls 13804 13804
@calls 13805 13804
@calls 13805 13805
@calls 13806 13805
@calls 13806 13806
@calls 13807 13806
@calls 13807 13807
@calls 13808 13807
@calls 13808 13808
@calls 13809 13808
@calls 13809 13809
@calls 13810 13809
@calls 13810 13810
@calls 13811 13810
@calls 13811 13811
@calls 13812 13811
@calls 13812 13812
@calls 13813 13812
@calls 13813 13813
@calls 13814 13813
@calls 13814 13814
@calls 13815 13814
@calls 13815 13815
@calls 13816 13815
@calls 13816 13816
@calls 13817 13816
@calls 13817 13817
@calls 13818 13817
@calls 13818 13818
@calls 13819 13818
@calls 13819 13819
@calls 13820 13819
@calls 13820 13820
@calls 13821 13820
@calls 13821 13821
@calls 13822 13821
@calls 13822 13822
@calls 13823 13822
@calls 13823 13823
@calls 13824 13823
@calls 13824 13824
@calls 13825 13824
@calls 13825 13825
@calls 13826 13825
@calls 13826 13826
@calls 13827 13826
@calls 13827 13827
@calls 13828 13827
@calls 13828 13828
@calls 13829 13828
@calls 13829 13829
@calls 13830 13829
@calls 13830 13830
@calls 13831 13830
@calls 13831 13831
@calls 13832 13831
@calls 13832 13832
@calls 13833 13832
@calls 13833 13833
@calls 13834 13833
@calls 13834 13834
@calls 13835 13834
@calls 13835 13835
@calls 13836 13835
@calls 13836 13836
@calls 13837 13836
@calls 13837 13837
@calls 13838 13837
@calls 13838 13838
@calls 13839 13838
@calls 13839 13839
@calls 13840 13839
@calls 13840 13840
@calls 13841 13840
@calls 13841 13841
@calls 13842 13841
@calls 13842 13842
@calls 13843 13842
@calls 13843 13843
@calls 13844 13843
@calls 13844 13844
@calls 13845 13844
@calls 13845 13845
@calls 13846 13845
@calls 13846 13846
@calls 13847 13846
@calls 13847 13847
@calls 13848 13847
@calls 13848 13848
@calls 13849 13848
@calls 13849 13849
@calls 13850 13849
@calls 13850 13850
@calls 13851 13850
@calls 13851 13851
@calls 13852 13851
@calls 13852 13852
@calls 13853 13852
@calls 13853 13853
@calls 13854 13853
@calls 13854 13854
@calls 13855 13854
@calls 13855 13855
@calls 13856 13855
@calls 13856 13856
@calls 13857 13856
@calls 13857 13857
@calls 13858 13857
@calls 13858 13858
@calls 13859 13858
@calls 13859 13859
@calls 13860 13859
@calls 13860 13860
@calls 13861 13860
@calls 13861 13861
@calls 13862 13861
@calls 13862 13862
@calls 13863 13862
@calls 13863 13863
@calls 13864 13863
@calls 13864 13864
@calls 13865 13864
@calls 13865 13865
@calls 13866 13865
@calls 13866 13866
@calls 13867 13866
@calls 13867 13867
@calls 13868 13867
@calls 13868 13868
@calls 13869 13868
@calls 13869 13869
@calls 13870 13869
@calls 13870 13870
@calls 13871 13870
@calls 13871 13871
@calls 13872 13871
@calls 13872 13872
@calls 13873 13872
@calls 13873 13873
@calls 13874 13873
@calls 13874 13874
@calls 13875 13874
@calls 13875 13875
@calls 13876 13875
@calls 13876 13876
@calls 13877 13876
@calls 13877 13877
@calls 13878 13877
@calls 13878 13878
@calls 13879 13878
@calls 13879 13879
@calls 13880 13879
@calls 13880 13880
@calls 13881 13880
@calls 13881 13881
@calls 13882 13881
@calls 13882 13882
@calls 13883 13882
@calls 13883 13883
@calls 13884 13883
@calls 13884 13884
@calls 13885 13884
@calls 13885 13885
@calls 13886 13885
@calls 13886 13886
@calls 13887 13886
@calls 13887 13887
@calls 13888 13887
@calls 13888 13888
@calls 13889 13888
@calls 13889 13889
@calls 13890 13889
@calls 13890 13890
@calls 13891 13890
@calls 13891 13891
@calls 13892 13891
@calls 13892 13892
@calls 13893 13892
@calls 13893 13893
@calls 13894 13893
@calls 13894 13894
@calls 13895 13894
@calls 13895 13895
@calls 13896 13895
@calls 13896 13896
@calls 13897 13896
@calls 13897 13897
@calls 13898 13897
@calls 13898 13898
@calls 13899 13898
@calls 13899 13899
@calls 13900 13899
@calls 13900 13900
@calls 13901 13900
@calls 13901 13901
@calls 13902 13901
@calls 13902 13902
@calls 13903 13902
@calls 13903 13903
@calls 13904 13903
@calls 13904 13904
@calls 13905 13904
@calls 13905 13905
@calls 13906 13905
@calls 13906 13906
@calls 13907 13906
@calls 13907 13907
@calls 13908 13907
@calls 13908 13908
@calls 13909 13908
@calls 13909 13909
@calls 13910 13909
@calls 13910 13910
@calls 13911 13910
@calls 13911 13911
@calls 13912 13911
@calls 13912 13912
@calls 13913 13912
@calls 13913 13913
@calls 13914 13913
@calls 13914 13914
@calls 13915 13914
@calls 13915 13915
@calls 13916 13915
@calls 13916 13916
@calls 13917 13916
@calls 13917 13917
@calls 13918 13917
@calls 13918 13918
@calls 13919 13918
@calls 13919 13919
@calls 13920 13919
@calls 13920 13920
@calls 13921 13920
@calls 13921 13921
@calls 13922 13921
@calls 13922 13922
@calls 13923 13922
@calls 13923 13923
@calls 13924 13923
@calls 13924 13924
@calls 13925 13924
@calls 13925 13925
@calls 13926 13925
@calls 13926 13926
@calls 13927 13926
@calls 13927 13927
@calls 13928 13927
@calls 13928 13928
@calls 13929 13928
@calls 13929 13929
@calls 13930 13929
@calls 13930 13930
@calls 13931 13930
@calls 13931 13931
@calls 13932 13931
@calls 13932 13932
@calls 13933 13932
@calls 13933 13933
@calls 13934 13933
@calls 13934 13934
@calls 13935 13934
@calls 13935 13935
@calls 13936 13935
@calls 13936 13936
@calls 13937 13936
@calls 13937 13937
@calls 13938 13937
@calls 13938 13938
@calls 13939 13938
@calls 13939 13939
@calls 13940 13939
@calls 13940 13940
@calls 13941 13940
@calls 13941 13941
@calls 13942 13941
@calls 13942 13942
@calls 13943 13942
@calls 13943 13943
@calls 13944 13943
@calls 13944 13944
@calls 13945 13944
@calls 13945 13945
@calls 13946 13945
@calls 13946 13946
@calls 13947 13946
@calls 13947 13947
@calls 13948 13947
@calls 13948 13948
@calls 13949 13948
@calls 13949 13949
@calls 13950 13949
@calls 13950 13950
@calls 13951 13950
@calls 13951 13951
@calls 13952 13951
@calls 13952 13952
@calls 13953 13952
@calls 13953 13953
@calls 13954 13953
@calls 13954 13954
@calls 13955 13954
@calls 13955 13955
@calls 13956 13955
@calls 13956 13956
@calls 13957 13956
@calls 13957 13957
@calls 13958 13957
@calls 13958 13958
@calls 13959 13958
@calls 13959 13959
@calls 13960 13959
@calls 13960 13960
@calls 13961 13960
@calls 13961 13961
@calls 13962 13961
@calls 13962 13962
@calls 13963 13962
@calls 13963 13963
@calls 13964 13963
@calls 13964 13964
@calls 13965 13964
@calls 13965 13965
@calls 13966 13965
@calls 13966 13966
@calls 13967 13966
@calls 13967 13967
@calls 13968 13967
@calls 13968 13968
@calls 13969 13968
@calls 13969 13969
@calls 13970 13969
@calls 13970 13970
@calls 13971 13970
@calls 13971 13971
@calls 13972 13971
@calls 13972 13972
@calls 13973 13972
@calls 13973 13973
@calls 13974 13973
@calls 13974 13974
@calls 13975 13974
@calls 13975 13975
@calls 13976 13975
@calls 13976 13976
@calls 13977 13976
@calls 13977 13977
@calls 13978 13977
@calls 13978 13978
@calls 13979 13978
@calls 13979 13979
@calls 13980 13979
@calls 13980 13980
@calls 13981 13980
@calls 13981 13981
@calls 13982 13981
@calls 13982 13982
@calls 13983 13982
@calls 13983 13983
@calls 13984 13983
@calls 13984 13984
@calls 13985 13984
@calls 13985 13985
@calls 13986 13985
@calls 13986 13986
@calls 13987 13986
@calls 13987 13987
@calls 13988 13987
@calls 13988 13988
@calls 13989 13988
@calls 13989 13989
@calls 13990 13989
@calls 13990 13990
@calls 13991 13990
@calls 13991 13991
@calls 13992 13991
@calls 13992 13992
@calls 13993 13992
@calls 13993 13993
@calls 13994 13993
@calls 13994 13994
@calls 13995 13994
@calls 13995 13995
@calls 13996 13995
@calls 13996 13996
@calls 13997 13996
@calls 13997 13997
@calls 13998 13997
@calls 13998 13998
@calls 13999 13998
@calls 13999 13999
@calls 14000 13999
@calls 14000 14000
@calls 14001 14000
@calls 14001 14001
@calls 14002 14001
@calls 14002 14002
@calls 14003 14002
@calls 14003 14003
@calls 14004 14003
@calls 14004 14004
@calls 14005 14004
@calls 14005 14005
@calls 14006 14005
@calls 14006 14006
@calls 14007 14006
@calls 14007 14007
@calls 14008 14007
@calls 14008 14008
@calls 14009 14008
@calls 14009 14009
@calls 14010 14009
@calls 14010 14010
@calls 14011 14010
@calls 14011 14011
@calls 14012 14011
@calls 14012 14012
@calls 14013 14012
@calls 14013 14013
@calls 14014 14013
@calls 14014 14014
@calls 14015 14014
@calls 14015 14015
@calls 14016 14015
@calls 14016 14016
@calls 14017 14016
@calls 14017 14017
@calls 14018 14017
@calls 14018 14018
@calls 14019 14018
@calls 14019 14019
@calls 14020 14019
@calls 14020 14020
@calls 14021 14020
@calls 14021 14021
@calls 14022 14021
@calls 14022 14022
@calls 14023 14022
@calls 14023 14023
@calls 14024 14023
@calls 14024 14024
@calls 14025 14024
@calls 14025 14025
@calls 14026 14025
@calls 14026 14026
@calls 14027 14026
@calls 14027 14027
@calls 14028 14027
@calls 14028 14028
@calls 14029 14028
@calls 14029 14029
@calls 14030 14029
@calls 14030 14030
@calls 14031 14030
@calls 14031 14031
@calls 14032 14031
@calls 14032 14032
@calls 14033 14032
@calls 14033 14033
@calls 14034 14033
@calls 14034 14034
@calls 14035 14034
@calls 14035 14035
@calls 14036 14035
@calls 14036 14036
@calls 14037 14036
@calls 14037 14037
@calls 14038 14037
@calls 14038 14038
@calls 14039 14038
@calls 14039 14039
@calls 14040 14039
@calls 14040 14040
@calls 14041 14040
@calls 14041 14041
@calls 14042 14041
@calls 14042 14042
@calls 14043 14042
@calls 14043 14043
@calls 14044 14043
@calls 14044 14044
@calls 14045 14044
@calls 14045 14045
@calls 14046 14045
@calls 14046 14046
@calls 14047 14046
@calls 14047 14047
@calls 14048 14047
@calls 14048 14048
@calls 14049 14048
@calls 14049 14049
@calls 14050 14049
@calls 14050 14050
@calls 14051 14050
@calls 14051 14051
@calls 14052 14051
@calls 14052 14052
@calls 14053 14052
@calls 14053 14053
@calls 14054 14053
@calls 14054 14054
@calls 14055 14054
@calls 14055 14055
@calls 14056 14055
@calls 14056 14056
@calls 14057 14056
@calls 14057 14057
@calls 14058 14057
@calls 14058 14058
@calls 14059 14058
@calls 14059 14059
@calls 14060 14059
@calls 14060 14060
@calls 14061 14060
@calls 14061 14061
@calls 14062 14061
@calls 14062 14062
@calls 14063 14062
@calls 14063 14063
@calls 14064 14063
@calls 14064 14064
@calls 14065 14064
@calls 14065 14065
@calls 14066 14065
@calls 14066 14066
@calls 14067 14066
@calls 14067 14067
@calls 14068 14067
@calls 14068 14068
@calls 14069 14068
@calls 14069 14069
@calls 14070 14069
@calls 14070 14070
@calls 14071 14070
@calls 14071 14071
@calls 14072 14071
@calls 14072 14072
@calls 14073 14072
@calls 14073 14073
@calls 14074 14073
@calls 14074 14074
@calls 14075 14074
@calls 14075 14075
@calls 14076 14075
@calls 14076 14076
@calls 14077 14076
@calls 14077 14077
@calls 14078 14077
@calls 14078 14078
@calls 14079 14078
@calls 14079 14079
@calls 14080 14079
@calls 14080 14080
@calls 14081 14080
@calls 14081 14081
@calls 14082 14081
@calls 14082 14082
@calls 14083 14082
@calls 14083 14083
@calls 14084 14083
@calls 14084 14084
@calls 14085 14084
@calls 14085 14085
@calls 14086 14085
@calls 14086 14086
@calls 14087 14086
@calls 14087 14087
@calls 14088 14087
@calls 14088 14088
@calls 14089 14088
@calls 14089 14089
@calls 14090 14089
@calls 14090 14090
@calls 14091 14090
@calls 14091 14091
@calls 14092 14091
@calls 14092 14092
@calls 14093 14092
@calls 14093 14093
@calls 14094 14093
@calls 14094 14094
@calls 14095 14094
@calls 14095 14095
@calls 14096 14095
@calls 14096 14096
@calls 14097 14096
@calls 14097 14097
@calls 14098 14097
@calls 14098 14098
@calls 14099 14098
@calls 14099 14099
@calls 14100 14099
@calls 14100 14100
@calls 14101 14100
@calls 14101 14101
@calls 14102 14101
@calls 14102 14102
@calls 14103 14102
@calls 14103 14103
@calls 14104 14103
@calls 14104 14104
@calls 14105 14104
@calls 14105 14105
@calls 14106 14105
@calls 14106 14106
@calls 14107 14106
@calls 14107 14107
@calls 14108 14107
@calls 14108 14108
@calls 14109 14108
@calls 14109 14109
@calls 14110 14109
@calls 14110 14110
@calls 14111 14110
@calls 14111 14111
@calls 14112 14111
@calls 14112 14112
@calls 14113 14112
@calls 14113 14113
@calls 14114 14113
@calls 14114 14114
@calls 14115 14114
@calls 14115 14115
@calls 14116 14115
@calls 14116 14116
@calls 14117 14116
@calls 14117 14117
@calls 14118 14117
@calls 14118 14118
@calls 14119 14118
@calls 14119 14119
@calls 14120 14119
@calls 14120 14120
@calls 14121 14120
@calls 14121 14121
@calls 14122 14121
@calls 14122 14122
@calls 14123 14122
@calls 14123 14123
@calls 14124 14123
@calls 14124 14124
@calls 14125 14124
@calls 14125 14125
@calls 14126 14125
@calls 14126 14126
@calls 14127 14126
@calls 14127 14127
@calls 14128 14127
@calls 14128 14128
@calls 14129 14128
@calls 14129 14129
@calls 14130 14129
@calls 14130 14130
@calls 14131 14130
@calls 14131 14131
@calls 14132 14131
@calls 14132 14132
@calls 14133 14132
@calls 14133 14133
@calls 14134 14133
@calls 14134 14134
@calls 14135 14134
@calls 14135 14135
@calls 14136 14135
@calls 14136 14136
@calls 14137 14136
@calls 14137 14137
@calls 14138 14137
@calls 14138 14138
@calls 14139 14138
@calls 14139 14139
@calls 14140 14139
@calls 14140 14140
@calls 14141 14140
@calls 14141 14141
@calls 14142 14141
@calls 14142 14142
@calls 14143 14142
@calls 14143 14143
@calls 14144 14143
@calls 14144 14144
@calls 14145 14144
@calls 14145 14145
@calls 14146 14145
@calls 14146 14146
@calls 14147 14146
@calls 14147 14147
@calls 14148 14147
@calls 14148 14148
@calls 14149 14148
@calls 14149 14149
@calls 14150 14149
@calls 14150 14150
@calls 14151 14150
@calls 14151 14151
@calls 14152 14151
@calls 14152 14152
@calls 14153 14152
@calls 14153 14153
@calls 14154 14153
@calls 14154 14154
@calls 14155 14154
@calls 14155 14155
@calls 14156 14155
@calls 14156 14156
@calls 14157 14156
@calls 14157 14157
@calls 14158 14157
@calls 14158 14158
@calls 14159 14158
@calls 14159 14159
@calls 14160 14159
@calls 14160 14160
@calls 14161 14160
@calls 14161 14161
@calls 14162 14161
@calls 14162 14162
@calls 14163 14162
@calls 14163 14163
@calls 14164 14163
@calls 14164 14164
@calls 14165 14164
@calls 14165 14165
@calls 14166 14165
@calls 14166 14166
@calls 14167 14166
@calls 14167 14167
@calls 14168 14167
@calls 14168 14168
@calls 14169 14168
@calls 14169 14169
@calls 14170 14169
@calls 14170 14170
@calls 14171 14170
@calls 14171 14171
@calls 14172 14171
@calls 14172 14172
@calls 14173 14172
@calls 14173 14173
@calls 14174 14173
@calls 14174 14174
@calls 14175 14174
@calls 14175 14175
@calls 14176 14175
@calls 14176 14176
@calls 14177 14176
@calls 14177 14177
@calls 14178 14177
@calls 14178 14178
@calls 14179 14178
@calls 14179 14179
@calls 14180 14179
@calls 14180 14180
@calls 14181 14180
@calls 14181 14181
@calls 14182 14181
@calls 14182 14182
@calls 14183 14182
@calls 14183 14183
@calls 14184 14183
@calls 14184 14184
@calls 14185 14184
@calls 14185 14185
@calls 14186 14185
@calls 14186 14186
@calls 14187 14186
@calls 14187 14187
@calls 14188 14187
@calls 14188 14188
@calls 14189 14188
@calls 14189 14189
@calls 14190 14189
@calls 14190 14190
@calls 14191 14190
@calls 14191 14191
@calls 14192 14191
@calls 14192 14192
@calls 14193 14192
@calls 14193 14193
@calls 14194 14193
@calls 14194 14194
@calls 14195 14194
@calls 14195 14195
@calls 14196 14195
@calls 14196 14196
@calls 14197 14196
@calls 14197 14197
@calls 14198 14197
@calls 14198 14198
@calls 14199 14198
@calls 14199 14199
@calls 14200 14199
@calls 14200 14200
@calls 14201 14200
@calls 14201 14201
@calls 14202 14201
@calls 14202 14202
@calls 14203 14202
@calls 14203 14203
@calls 14204 14203
@calls 14204 14204
@calls 14205 14204
@calls 14205 14205
@calls 14206 14205
@calls 14206 14206
@calls 14207 14206
@calls 14207 14207
@calls 14208 14207
@calls 14208 14208
@calls 14209 14208
@calls 14209 14209
@calls 14210 14209
@calls 14210 14210
@calls 14211 14210
@calls 14211 14211
@calls 14212 14211
@calls 14212 14212
@calls 14213 14212
@calls 14213 14213
@calls 14214 14213
@calls 14214 14214
@calls 14215 14214
@calls 14215 14215
@calls 14216 14215
@calls 14216 14216
@calls 14217 14216
@calls 14217 14217
@calls 14218 14217
@calls 14218 14218
@calls 14219 14218
@calls 14219 14219
@calls 14220 14219
@calls 14220 14220
@calls 14221 14220
@calls 14221 14221
@calls 14222 14221
@calls 14222 14222
@calls 14223 14222
@calls 14223 14223
@calls 14224 14223
@calls 14224 14224
@calls 14225 14224
@calls 14225 14225
@calls 14226 14225
@calls 14226 14226
@calls 14227 14226
@calls 14227 14227
@calls 14228 14227
@calls 14228 14228
@calls 14229 14228
@calls 14229 14229
@calls 14230 14229
@calls 14230 14230
@calls 14231 14230
@calls 14231 14231
@calls 14232 14231
@calls 14232 14232
@calls 14233 14232
@calls 14233 14233
@calls 14234 14233
@calls 14234 14234
@calls 14235 14234
@calls 14235 14235
@calls 14236 14235
@calls 14236 14236
@calls 14237 14236
@calls 14237 14237
@calls 14238 14237
@calls 14238 14238
@calls 14239 14238
@calls 14239 14239
@calls 14240 14239
@calls 14240 14240
@calls 14241 14240
@calls 14241 14241
@calls 14242 14241
@calls 14242 14242
@calls 14243 14242
@calls 14243 14243
@calls 14244 14243
@calls 14244 14244
@calls 14245 14244
@calls 14245 14245
@calls 14246 14245
@calls 14246 14246
@calls 14247 14246
@calls 14247 14247
@calls 14248 14247
@calls 14248 14248
@calls 14249 14248
@calls 14249 14249
@calls 14250 14249
@calls 14250 14250
@calls 14251 14250
@calls 14251 14251
@calls 14252 14251
@calls 14252 14252
@calls 14253 14252
@calls 14253 14253
@calls 14254 14253
@calls 14254 14254
@calls 14255 14254
@calls 14255 14255
@calls 14256 14255
@calls 14256 14256
@calls 14257 14256
@calls 14257 14257
@calls 14258 14257
@calls 14258 14258
@calls 14259 14258
@calls 14259 14259
@calls 14260 14259
@calls 14260 14260
@calls 14261 14260
@calls 14261 14261
@calls 14262 14261
@calls 14262 14262
@calls 14263 14262
@calls 14263 14263
@calls 14264 14263
@calls 14264 14264
@calls 14265 14264
@calls 14265 14265
@calls 14266 14265
@calls 14266 14266
@calls 14267 14266
@calls 14267 14267
@calls 14268 14267
@calls 14268 14268
@calls 14269 14268
@calls 14269 14269
@calls 14270 14269
@calls 14270 14270
@calls 14271 14270
@calls 14271 14271
@calls 14272 14271
@calls 14272 14272
@calls 14273 14272
@calls 14273 14273
@calls 14274 14273
@calls 14274 14274
@calls 14275 14274
@calls 14275 14275
@calls 14276 14275
@calls 14276 14276
@calls 14277 14276
@calls 14277 14277
@calls 14278 14277
@calls 14278 14278
@calls 14279 14278
@calls 14279 14279
@calls 14280 14279
@calls 14280 14280
@calls 14281 14280
@calls 14281 14281
@calls 14282 14281
@calls 14282 14282
@calls 14283 14282
@calls 14283 14283
@calls 14284 14283
@calls 14284 14284
@calls 14285 14284
@calls 14285 14285
@calls 14286 14285
@calls 14286 14286
@calls 14287 14286
@calls 14287 14287
@calls 14288 14287
@calls 14288 14288
@calls 14289 14288
@calls 14289 14289
@calls 14290 14289
@calls 14290 14290
@calls 14291 14290
@calls 14291 14291
@calls 14292 14291
@calls 14292 14292
@calls 14293 14292
@calls 14293 14293
@calls 14294 14293
@calls 14294 14294
@calls 14295 14294
@calls 14295 14295
@calls 14296 14295
@calls 14296 14296
@calls 14297 14296
@calls 14297 14297
@calls 14298 14297
@calls 14298 14298
@calls 14299 14298
@calls 14299 14299
@calls 14300 14299
@calls 14300 14300
@calls 14301 14300
@calls 14301 14301
@calls 14302 14301
@calls 14302 14302
@calls 14303 14302
@calls 14303 14303
@calls 14304 14303
@calls 14304 14304
@calls 14305 14304
@calls 14305 14305
@calls 14306 14305
@calls 14306 14306
@calls 14307 14306
@calls 14307 14307
@calls 14308 14307
@calls 14308 14308
@calls 14309 14308
@calls 14309 14309
@calls 14310 14309
@calls 14310 14310
@calls 14311 14310
@calls 14311 14311
@calls 14312 14311
@calls 14312 14312
@calls 14313 14312
@calls 14313 14313
@calls 14314 14313
@calls 14314 14314
@calls 14315 14314
@calls 14315 14315
@calls 14316 14315
@calls 14316 14316
@calls 14317 14316
@calls 14317 14317
@calls 14318 14317
@calls 14318 14318
@calls 14319 14318
@calls 14319 14319
@calls 14320 14319
@calls 14320 14320
@calls 14321 14320
@calls 14321 14321
@calls 14322 14321
@calls 14322 14322
@calls 14323 14322
@calls 14323 14323
@calls 14324 14323
@calls 14324 14324
@calls 14325 14324
@calls 14325 14325
@calls 14326 14325
@calls 14326 14326
@calls 14327 14326
@calls 14327 14327
@calls 14328 14327
@calls 14328 14328
@calls 14329 14328
@calls 14329 14329
@calls 14330 14329
@calls 14330 14330
@calls 14331 14330
@calls 14331 14331
@calls 14332 14331
@calls 14332 14332
@calls 14333 14332
@calls 14333 14333
@calls 14334 14333
@calls 14334 14334
@calls 14335 14334
@calls 14335 14335
@calls 14336 14335
@calls 14336 14336
@calls 14337 14336
@calls 14337 14337
@calls 14338 14337
@calls 14338 14338
@calls 14339 14338
@calls 14339 14339
@calls 14340 14339
@calls 14340 14340
@calls 14341 14340
@calls 14341 14341
@calls 14342 14341
@calls 14342 14342
@calls 14343 14342
@calls 14343 14343
@calls 14344 14343
@calls 14344 14344
@calls 14345 14344
@calls 14345 14345
@calls 14346 14345
@calls 14346 14346
@calls 14347 14346
@calls 14347 14347
@calls 14348 14347
@calls 14348 14348
@calls 14349 14348
@calls 14349 14349
@calls 14350 14349
@calls 14350 14350
@calls 14351 14350
@calls 14351 14351
@calls 14352 14351
@calls 14352 14352
@calls 14353 14352
@calls 14353 14353
@calls 14354 14353
@calls 14354 14354
@calls 14355 14354
@calls 14355 14355
@calls 14356 14355
@calls 14356 14356
@calls 14357 14356
@calls 14357 14357
@calls 14358 14357
@calls 14358 14358
@calls 14359 14358
@calls 14359 14359
@calls 14360 14359
@calls 14360 14360
@calls 14361 14360
@calls 14361 14361
@calls 14362 14361
@calls 14362 14362
@calls 14363 14362
@calls 14363 14363
@calls 14364 14363
@calls 14364 14364
@calls 14365 14364
@calls 14365 14365
@calls 14366 14365
@calls 14366 14366
@calls 14367 14366
@calls 14367 14367
@calls 14368 14367
@calls 14368 14368
@calls 14369 14368
@calls 14369 14369
@calls 14370 14369
@calls 14370 14370
@calls 14371 14370
@calls 14371 14371
@calls 14372 14371
@calls 14372 14372
@calls 14373 14372
@calls 14373 14373
@calls 14374 14373
@calls 14374 14374
@calls 14375 14374
@calls 14375 14375
@calls 14376 14375
@calls 14376 14376
@calls 14377 14376
@calls 14377 14377
@calls 14378 14377
@calls 14378 14378
@calls 14379 14378
@calls 14379 14379
@calls 14380 14379
@calls 14380 14380
@calls 14381 14380
@calls 14381 14381
@calls 14382 14381
@calls 14382 14382
@calls 14383 14382
@calls 14383 14383
@calls 14384 14383
@calls 14384 14384
@calls 14385 14384
@calls 14385 14385
@calls 14386 14385
@calls 14386 14386
@calls 14387 14386
@calls 14387 14387
@calls 14388 14387
@calls 14388 14388
@calls 14389 14388
@calls 14389 14389
@calls 14390 14389
@calls 14390 14390
@calls 14391 14390
@calls 14391 14391
@calls 14392 14391
@calls 14392 14392
@calls 14393 14392
@calls 14393 14393
@calls 14394 14393
@calls 14394 14394
@calls 14395 14394
@calls 14395 14395
@calls 14396 14395
@calls 14396 14396
@calls 14397 14396
@calls 14397 14397
@calls 14398 14397
@calls 14398 14398
@calls 14399 14398
@calls 14399 14399
@calls 14400 14399
@calls 14400 14400
@calls 14401 14400
@calls 14401 14401
@calls 14402 14401
@calls 14402 14402
@calls 14403 14402
@calls 14403 14403
@calls 14404 14403
@calls 14404 14404
@calls 14405 14404
@calls 14405 14405
@calls 14406 14405
@calls 14406 14406
@calls 14407 14406
@calls 14407 14407
@calls 14408 14407
@calls 14408 14408
@calls 14409 14408
@calls 14409 14409
@calls 14410 14409
@calls 14410 14410
@calls 14411 14410
@calls 14411 14411
@calls 14412 14411
@calls 14412 14412
@calls 14413 14412
@calls 14413 14413
@calls 14414 14413
@calls 14414 14414
@calls 14415 14414
@calls 14415 14415
@calls 14416 14415
@calls 14416 14416
@calls 14417 14416
@calls 14417 14417
@calls 14418 14417
@calls 14418 14418
@calls 14419 14418
@calls 14419 14419
@calls 14420 14419
@calls 14420 14420
@calls 14421 14420
@calls 14421 14421
@calls 14422 14421
@calls 14422 14422
@calls 14423 14422
@calls 14423 14423
@calls 14424 14423
@calls 14424 14424
@calls 14425 14424
@calls 14425 14425
@calls 14426 14425
@calls 14426 14426
@calls 14427 14426
@calls 14427 14427
@calls 14428 14427
@calls 14428 14428
@calls 14429 14428
@calls 14429 14429
@calls 14430 14429
@calls 14430 14430
@calls 14431 14430
@calls 14431 14431
@calls 14432 14431
@calls 14432 14432
@calls 14433 14432
@calls 14433 14433
@calls 14434 14433
@calls 14434 14434
@calls 14435 14434
@calls 14435 14435
@calls 14436 14435
@calls 14436 14436
@calls 14437 14436
@calls 14437 14437
@calls 14438 14437
@calls 14438 14438
@calls 14439 14438
@calls 14439 14439
@calls 14440 14439
@calls 14440 14440
@calls 14441 14440
@calls 14441 14441
@calls 14442 14441
@calls 14442 14442
@calls 14443 14442
@calls 14443 14443
@calls 14444 14443
@calls 14444 14444
@calls 14445 14444
@calls 14445 14445
@calls 14446 14445
@calls 14446 14446
@calls 14447 14446
@calls 14447 14447
@calls 14448 14447
@calls 14448 14448
@calls 14449 14448
@calls 14449 14449
@calls 14450 14449
@calls 14450 14450
@calls 14451 14450
@calls 14451 14451
@calls 14452 14451
@calls 14452 14452
@calls 14453 14452
@calls 14453 14453
@calls 14454 14453
@calls 14454 14454
@calls 14455 14454
@calls 14455 14455
@calls 14456 14455
@calls 14456 14456
@calls 14457 14456
@calls 14457 14457
@calls 14458 14457
@calls 14458 14458
@calls 14459 14458
@calls 14459 14459
@calls 14460 14459
@calls 14460 14460
@calls 14461 14460
@calls 14461 14461
@calls 14462 14461
@calls 14462 14462
@calls 14463 14462
@calls 14463 14463
@calls 14464 14463
@calls 14464 14464
@calls 14465 14464
@calls 14465 14465
@calls 14466 14465
@calls 14466 14466
@calls 14467 14466
@calls 14467 14467
@calls 14468 14467
@calls 14468 14468
@calls 14469 14468
@calls 14469 14469
@calls 14470 14469
@calls 14470 14470
@calls 14471 14470
@calls 14471 14471
@calls 14472 14471
@calls 14472 14472
@calls 14473 14472
@calls 14473 14473
@calls 14474 14473
@calls 14474 14474
@calls 14475 14474
@calls 14475 14475
@calls 14476 14475
@calls 14476 14476
@calls 14477 14476
@calls 14477 14477
@calls 14478 14477
@calls 14478 14478
@calls 14479 14478
@calls 14479 14479
@calls 14480 14479
@calls 14480 14480
@calls 14481 14480
@calls 14481 14481
@calls 14482 14481
@calls 14482 14482
@calls 14483 14482
@calls 14483 14483
@calls 14484 14483
@calls 14484 14484
@calls 14485 14484
@calls 14485 14485
@calls 14486 14485
@calls 14486 14486
@calls 14487 14486
@calls 14487 14487
@calls 14488 14487
@calls 14488 14488
@calls 14489 14488
@calls 14489 14489
@calls 14490 14489
@calls 14490 14490
@calls 14491 14490
@calls 14491 14491
@calls 14492 14491
@calls 14492 14492
@calls 14493 14492
@calls 14493 14493
@calls 14494 14493
@calls 14494 14494
@calls 14495 14494
@calls 14495 14495
@calls 14496 14495
@calls 14496 14496
@calls 14497 14496
@calls 14497 14497
@calls 14498 14497
@calls 14498 14498
@calls 14499 14498
@calls 14499 14499
@calls 14500 14499
@calls 14500 14500
@calls 14501 14500
@calls 14501 14501
@calls 14502 14501
@calls 14502 14502
@calls 14503 14502
@calls 14503 14503
@calls 14504 14503
@calls 14504 14504
@calls 14505 14504
@calls 14505 14505
@calls 14506 14505
@calls 14506 14506
@calls 14507 14506
@calls 14507 14507
@calls 14508 14507
@calls 14508 14508
@calls 14509 14508
@calls 14509 14509
@calls 14510 14509
@calls 14510 14510
@calls 14511 14510
@calls 14511 14511
@calls 14512 14511
@calls 14512 14512
@calls 14513 14512
@calls 14513 14513
@calls 14514 14513
@calls 14514 14514
@calls 14515 14514
@calls 14515 14515
@calls 14516 14515
@calls 14516 14516
@calls 14517 14516
@calls 14517 14517
@calls 14518 14517
@calls 14518 14518
@calls 14519 14518
@calls 14519 14519
@calls 14520 14519
@calls 14520 14520
@calls 14521 14520
@calls 14521 14521
@calls 14522 14521
@calls 14522 14522
@calls 14523 14522
@calls 14523 14523
@calls 14524 14523
@calls 14524 14524
@calls 14525 14524
@calls 14525 14525
@calls 14526 14525
@calls 14526 14526
@calls 14527 14526
@calls 14527 14527
@calls 14528 14527
@calls 14528 14528
@calls 14529 14528
@calls 14529 14529
@calls 14530 14529
@calls 14530 14530
@calls 14531 14530
@calls 14531 14531
@calls 14532 14531
@calls 14532 14532
@calls 14533 14532
@calls 14533 14533
@calls 14534 14533
@calls 14534 14534
@calls 14535 14534
@calls 14535 14535
@calls 14536 14535
@calls 14536 14536
@calls 14537 14536
@calls 14537 14537
@calls 14538 14537
@calls 14538 14538
@calls 14539 14538
@calls 14539 14539
@calls 14540 14539
@calls 14540 14540
@calls 14541 14540
@calls 14541 14541
@calls 14542 14541
@calls 14542 14542
@calls 14543 14542
@calls 14543 14543
@calls 14544 14543
@calls 14544 14544
@calls 14545 14544
@calls 14545 14545
@calls 14546 14545
@calls 14546 14546
@calls 14547 14546
@calls 14547 14547
@calls 14548 14547
@calls 14548 14548
@calls 14549 14548
@calls 14549 14549
@calls 14550 14549
@calls 14550 14550
@calls 14551 14550
@calls 14551 14551
@calls 14552 14551
@calls 14552 14552
@calls 14553 14552
@calls 14553 14553
@calls 14554 14553
@calls 14554 14554
@calls 14555 14554
@calls 14555 14555
@calls 14556 14555
@calls 14556 14556
@calls 14557 14556
@calls 14557 14557
@calls 14558 14557
@calls 14558 14558
@calls 14559 14558
@calls 14559 14559
@calls 14560 14559
@calls 14560 14560
@calls 14561 14560
@calls 14561 14561
@calls 14562 14561
@calls 14562 14562
@calls 14563 14562
@calls 14563 14563
@calls 14564 14563
@calls 14564 14564
@calls 14565 14564
@calls 14565 14565
@calls 14566 14565
@calls 14566 14566
@calls 14567 14566
@calls 14567 14567
@calls 14568 14567
@calls 14568 14568
@calls 14569 14568
@calls 14569 14569
@calls 14570 14569
@calls 14570 14570
@calls 14571 14570
@calls 14571 14571
@calls 14572 14571
@calls 14572 14572
@calls 14573 14572
@calls 14573 14573
@calls 14574 14573
@calls 14574 14574
@calls 14575 14574
@calls 14575 14575
@calls 14576 14575
@calls 14576 14576
@calls 14577 14576
@calls 14577 14577
@calls 14578 14577
@calls 14578 14578
@calls 14579 14578
@calls 14579 14579
@calls 14580 14579
@calls 14580 14580
@calls 14581 14580
@calls 14581 14581
@calls 14582 14581
@calls 14582 14582
@calls 14583 14582
@calls 14583 14583
@calls 14584 14583
@calls 14584 14584
@calls 14585 14584
@calls 14585 14585
@calls 14586 14585
@calls 14586 14586
@calls 14587 14586
@calls 14587 14587
@calls 14588 14587
@calls 14588 14588
@calls 14589 14588
@calls 14589 14589
@calls 14590 14589
@calls 14590 14590
@calls 14591 14590
@calls 14591 14591
@calls 14592 14591
@calls 14592 14592
@calls 14593 14592
@calls 14593 14593
@calls 14594 14593
@calls 14594 14594
@calls 14595 14594
@calls 14595 14595
@calls 14596 14595
@calls 14596 14596
@calls 14597 14596
@calls 14597 14597
@calls 14598 14597
@calls 14598 14598
@calls 14599 14598
@calls 14599 14599
@calls 14600 14599
@calls 14600 14600
@calls 14601 14600
@calls 14601 14601
@calls 14602 14601
@calls 14602 14602
@calls 14603 14602
@calls 14603 14603
@calls 14604 14603
@calls 14604 14604
@calls 14605 14604
@calls 14605 14605
@calls 14606 14605
@calls 14606 14606
@calls 14607 14606
@calls 14607 14607
@calls 14608 14607
@calls 14608 14608
@calls 14609 14608
@calls 14609 14609
@calls 14610 14609
@calls 14610 14610
@calls 14611 14610
@calls 14611 14611
@calls 14612 14611
@calls 14612 14612
@calls 14613 14612
@calls 14613 14613
@calls 14614 14613
@calls 14614 14614
@calls 14615 14614
@calls 14615 14615
@calls 14616 14615
@calls 14616 14616
@calls 14617 14616
@calls 14617 14617
@calls 14618 14617
@calls 14618 14618
@calls 14619 14618
@calls 14619 14619
@calls 14620 14619
@calls 14620 14620
@calls 14621 14620
@calls 14621 14621
@calls 14622 14621
@calls 14622 14622
@calls 14623 14622
@calls 14623 14623
@calls 14624 14623
@calls 14624 14624
@calls 14625 14624
@calls 14625 14625
@calls 14626 14625
@calls 14626 14626
@calls 14627 14626
@calls 14627 14627
@calls 14628 14627
@calls 14628 14628
@calls 14629 14628
@calls 14629 14629
@calls 14630 14629
@calls 14630 14630
@calls 14631 14630
@calls 14631 14631
@calls 14632 14631
@calls 14632 14632
@calls 14633 14632
@calls 14633 14633
@calls 14634 14633
@calls 14634 14634
@calls 14635 14634
@calls 14635 14635
@calls 14636 14635
@calls 14636 14636
@calls 14637 14636
@calls 14637 14637
@calls 14638 14637
@calls 14638 14638
@calls 14639 14638
@calls 14639 14639
@calls 14640 14639
@calls 14640 14640
@calls 14641 14640
@calls 14641 14641
@calls 14642 14641
@calls 14642 14642
@calls 14643 14642
@calls 14643 14643
@calls 14644 14643
@calls 14644 14644
@calls 14645 14644
@calls 14645 14645
@calls 14646 14645
@calls 14646 14646
@calls 14647 14646
@calls 14647 14647
@calls 14648 14647
@calls 14648 14648
@calls 14649 14648
@calls 14649 14649
@calls 14650 14649
@calls 14650 14650
@calls 14651 14650
@calls 14651 14651
@calls 14652 14651
@calls 14652 14652
@calls 14653 14652
@calls 14653 14653
@calls 14654 14653
@calls 14654 14654
@calls 14655 14654
@calls 14655 14655
@calls 14656 14655
@calls 14656 14656
@calls 14657 14656
@calls 14657 14657
@calls 14658 14657
@calls 14658 14658
@calls 14659 14658
@calls 14659 14659
@calls 14660 14659
@calls 14660 14660
@calls 14661 14660
@calls 14661 14661
@calls 14662 14661
@calls 14662 14662
@calls 14663 14662
@calls 14663 14663
@calls 14664 14663
@calls 14664 14664
@calls 14665 14664
@calls 14665 14665
@calls 14666 14665
@calls 14666 14666
@calls 14667 14666
@calls 14667 14667
@calls 14668 14667
@calls 14668 14668
@calls 14669 14668
@calls 14669 14669
@calls 14670 14669
@calls 14670 14670
@calls 14671 14670
@calls 14671 14671
@calls 14672 14671
@calls 14672 14672
@calls 14673 14672
@calls 14673 14673
@calls 14674 14673
@calls 14674 14674
@calls 14675 14674
@calls 14675 14675
@calls 14676 14675
@calls 14676 14676
@calls 14677 14676
@calls 14677 14677
@calls 14678 14677
@calls 14678 14678
@calls 14679 14678
@calls 14679 14679
@calls 14680 14679
@calls 14680 14680
@calls 14681 14680
@calls 14681 14681
@calls 14682 14681
@calls 14682 14682
@calls 14683 14682
@calls 14683 14683
@calls 14684 14683
@calls 14684 14684
@calls 14685 14684
@calls 14685 14685
@calls 14686 14685
@calls 14686 14686
@calls 14687 14686
@calls 14687 14687
@calls 14688 14687
@calls 14688 14688
@calls 14689 14688
@calls 14689 14689
@calls 14690 14689
@calls 14690 14690
@calls 14691 14690
@calls 14691 14691
@calls 14692 14691
@calls 14692 14692
@calls 14693 14692
@calls 14693 14693
@calls 14694 14693
@calls 14694 14694
@calls 14695 14694
@calls 14695 14695
@calls 14696 14695
@calls 14696 14696
@calls 14697 14696
@calls 14697 14697
@calls 14698 14697
@calls 14698 14698
@calls 14699 14698
@calls 14699 14699
@calls 14700 14699
@calls 14700 14700
@calls 14701 14700
@calls 14701 14701
@calls 14702 14701
@calls 14702 14702
@calls 14703 14702
@calls 14703 14703
@calls 14704 14703
@calls 14704 14704
@calls 14705 14704
@calls 14705 14705
@calls 14706 14705
@calls 14706 14706
@calls 14707 14706
@calls 14707 14707
@calls 14708 14707
@calls 14708 14708
@calls 14709 14708
@calls 14709 14709
@calls 14710 14709
@calls 14710 14710
@calls 14711 14710
@calls 14711 14711
@calls 14712 14711
@calls 14712 14712
@calls 14713 14712
@calls 14713 14713
@calls 14714 14713
@calls 14714 14714
@calls 14715 14714
@calls 14715 14715
@calls 14716 14715
@calls 14716 14716
@calls 14717 14716
@calls 14717 14717
@calls 14718 14717
@calls 14718 14718
@calls 14719 14718
@calls 14719 14719
@calls 14720 14719
@calls 14720 14720
@calls 14721 14720
@calls 14721 14721
@calls 14722 14721
@calls 14722 14722
@calls 14723 14722
@calls 14723 14723
@calls 14724 14723
@calls 14724 14724
@calls 14725 14724
@calls 14725 14725
@calls 14726 14725
@calls 14726 14726
@calls 14727 14726
@calls 14727 14727
@calls 14728 14727
@calls 14728 14728
@calls 14729 14728
@calls 14729 14729
@calls 14730 14729
@calls 14730 14730
@calls 14731 14730
@calls 14731 14731
@calls 14732 14731
@calls 14732 14732
@calls 14733 14732
@calls 14733 14733
@calls 14734 14733
@calls 14734 14734
@calls 14735 14734
@calls 14735 14735
@calls 14736 14735
@calls 14736 14736
@calls 14737 14736
@calls 14737 14737
@calls 14738 14737
@calls 14738 14738
@calls 14739 14738
@calls 14739 14739
@calls 14740 14739
@calls 14740 14740
@calls 14741 14740
@calls 14741 14741
@calls 14742 14741
@calls 14742 14742
@calls 14743 14742
@calls 14743 14743
@calls 14744 14743
@calls 14744 14744
@calls 14745 14744
@calls 14745 14745
@calls 14746 14745
@calls 14746 14746
@calls 14747 14746
@calls 14747 14747
@calls 14748 14747
@calls 14748 14748
@calls 14749 14748
@calls 14749 14749
@calls 14750 14749
@calls 14750 14750
@calls 14751 14750
@calls 14751 14751
@calls 14752 14751
@calls 14752 14752
@calls 14753 14752
@calls 14753 14753
@calls 14754 14753
@calls 14754 14754
@calls 14755 14754
@calls 14755 14755
@calls 14756 14755
@calls 14756 14756
@calls 14757 14756
@calls 14757 14757
@calls 14758 14757
@calls 14758 14758
@calls 14759 14758
@calls 14759 14759
@calls 14760 14759
@calls 14760 14760
@calls 14761 14760
@calls 14761 14761
@calls 14762 14761
@calls 14762 14762
@calls 14763 14762
@calls 14763 14763
@calls 14764 14763
@calls 14764 14764
@calls 14765 14764
@calls 14765 14765
@calls 14766 14765
@calls 14766 14766
@calls 14767 14766
@calls 14767 14767
@calls 14768 14767
@calls 14768 14768
@calls 14769 14768
@calls 14769 14769
@calls 14770 14769
@calls 14770 14770
@calls 14771 14770
@calls 14771 14771
@calls 14772 14771
@calls 14772 14772
@calls 14773 14772
@calls 14773 14773
@calls 14774 14773
@calls 14774 14774
@calls 14775 14774
@calls 14775 14775
@calls 14776 14775
@calls 14776 14776
@calls 14777 14776
@calls 14777 14777
@calls 14778 14777
@calls 14778 14778
@calls 14779 14778
@calls 14779 14779
@calls 14780 14779
@calls 14780 14780
@calls 14781 14780
@calls 14781 14781
@calls 14782 14781
@calls 14782 14782
@calls 14783 14782
@calls 14783 14783
@calls 14784 14783
@calls 14784 14784
@calls 14785 14784
@calls 14785 14785
@calls 14786 14785
@calls 14786 14786
@calls 14787 14786
@calls 14787 14787
@calls 14788 14787
@calls 14788 14788
@calls 14789 14788
@calls 14789 14789
@calls 14790 14789
@calls 14790 14790
@calls 14791 14790
@calls 14791 14791
@calls 14792 14791
@calls 14792 14792
@calls 14793 14792
@calls 14793 14793
@calls 14794 14793
@calls 14794 14794
@calls 14795 14794
@calls 14795 14795
@calls 14796 14795
@calls 14796 14796
@calls 14797 14796
@calls 14797 14797
@calls 14798 14797
@calls 14798 14798
@calls 14799 14798
@calls 14799 14799
@calls 14800 14799
@calls 14800 14800
@calls 14801 14800
@calls 14801 14801
@calls 14802 14801
@calls 14802 14802
@calls 14803 14802
@calls 14803 14803
@calls 14804 14803
@calls 14804 14804
@calls 14805 14804
@calls 14805 14805
@calls 14806 14805
@calls 14806 14806
@calls 14807 14806
@calls 14807 14807
@calls 14808 14807
@calls 14808 14808
@calls 14809 14808
@calls 14809 14809
@calls 14810 14809
@calls 14810 14810
@calls 14811 14810
@calls 14811 14811
@calls 14812 14811
@calls 14812 14812
@calls 14813 14812
@calls 14813 14813
@calls 14814 14813
@calls 14814 14814
@calls 14815 14814
@calls 14815 14815
@calls 14816 14815
@calls 14816 14816
@calls 14817 14816
@calls 14817 14817
@calls 14818 14817
@calls 14818 14818
@calls 14819 14818
@calls 14819 14819
@calls 14820 14819
@calls 14820 14820
@calls 14821 14820
@calls 14821 14821
@calls 14822 14821
@calls 14822 14822
@calls 14823 14822
@calls 14823 14823
@calls 14824 14823
@calls 14824 14824
@calls 14825 14824
@calls 14825 14825
@calls 14826 14825
@calls 14826 14826
@calls 14827 14826
@calls 14827 14827
@calls 14828 14827
@calls 14828 14828
@calls 14829 14828
@calls 14829 14829
@calls 14830 14829
@calls 14830 14830
@calls 14831 14830
@calls 14831 14831
@calls 14832 14831
@calls 14832 14832
@calls 14833 14832
@calls 14833 14833
@calls 14834 14833
@calls 14834 14834
@calls 14835 14834
@calls 14835 14835
@calls 14836 14835
@calls 14836 14836
@calls 14837 14836
@calls 14837 14837
@calls 14838 14837
@calls 14838 14838
@calls 14839 14838
@calls 14839 14839
@calls 14840 14839
@calls 14840 14840
@calls 14841 14840
@calls 14841 14841
@calls 14842 14841
@calls 14842 14842
@calls 14843 14842
@calls 14843 14843
@calls 14844 14843
@calls 14844 14844
@calls 14845 14844
@calls 14845 14845
@calls 14846 14845
@calls 14846 14846
@calls 14847 14846
@calls 14847 14847
@calls 14848 14847
@calls 14848 14848
@calls 14849 14848
@calls 14849 14849
@calls 14850 14849
@calls 14850 14850
@calls 14851 14850
@calls 14851 14851
@calls 14852 14851
@calls 14852 14852
@calls 14853 14852
@calls 14853 14853
@calls 14854 14853
@calls 14854 14854
@calls 14855 14854
@calls 14855 14855
@calls 14856 14855
@calls 14856 14856
@calls 14857 14856
@calls 14857 14857
@calls 14858 14857
@calls 14858 14858
@calls 14859 14858
@calls 14859 14859
@calls 14860 14859
@calls 14860 14860
@calls 14861 14860
@calls 14861 14861
@calls 14862 14861
@calls 14862 14862
@calls 14863 14862
@calls 14863 14863
@calls 14864 14863
@calls 14864 14864
@calls 14865 14864
@calls 14865 14865
@calls 14866 14865
@calls 14866 14866
@calls 14867 14866
@calls 14867 14867
@calls 14868 14867
@calls 14868 14868
@calls 14869 14868
@calls 14869 14869
@calls 14870 14869
@calls 14870 14870
@calls 14871 14870
@calls 14871 14871
@calls 14872 14871
@calls 14872 14872
@calls 14873 14872
@calls 14873 14873
@calls 14874 14873
@calls 14874 14874
@calls 14875 14874
@calls 14875 14875
@calls 14876 14875
@calls 14876 14876
@calls 14877 14876
@calls 14877 14877
@calls 14878 14877
@calls 14878 14878
@calls 14879 14878
@calls 14879 14879
@calls 14880 14879
@calls 14880 14880
@calls 14881 14880
@calls 14881 14881
@calls 14882 14881
@calls 14882 14882
@calls 14883 14882
@calls 14883 14883
@calls 14884 14883
@calls 14884 14884
@calls 14885 14884
@calls 14885 14885
@calls 14886 14885
@calls 14886 14886
@calls 14887 14886
@calls 14887 14887
@calls 14888 14887
@calls 14888 14888
@calls 14889 14888
@calls 14889 14889
@calls 14890 14889
@calls 14890 14890
@calls 14891 14890
@calls 14891 14891
@calls 14892 14891
@calls 14892 14892
@calls 14893 14892
@calls 14893 14893
@calls 14894 14893
@calls 14894 14894
@calls 14895 14894
@calls 14895 14895
@calls 14896 14895
@calls 14896 14896
@calls 14897 14896
@calls 14897 14897
@calls 14898 14897
@calls 14898 14898
@calls 14899 14898
@calls 14899 14899
@calls 14900 14899
@calls 14900 14900
@calls 14901 14900
@calls 14901 14901
@calls 14902 14901
@calls 14902 14902
@calls 14903 14902
@calls 14903 14903
@calls 14904 14903
@calls 14904 14904
@calls 14905 14904
@calls 14905 14905
@calls 14906 14905
@calls 14906 14906
@calls 14907 14906
@calls 14907 14907
@calls 14908 14907
@calls 14908 14908
@calls 14909 14908
@calls 14909 14909
@calls 14910 14909
@calls 14910 14910
@calls 14911 14910
@calls 14911 14911
@calls 14912 14911
@calls 14912 14912
@calls 14913 14912
@calls 14913 14913
@calls 14914 14913
@calls 14914 14914
@calls 14915 14914
@calls 14915 14915
@calls 14916 14915
@calls 14916 14916
@calls 14917 14916
@calls 14917 14917
@calls 14918 14917
@calls 14918 14918
@calls 14919 14918
@calls 14919 14919
@calls 14920 14919
@calls 14920 14920
@calls 14921 14920
@calls 14921 14921
@calls 14922 14921
@calls 14922 14922
@calls 14923 14922
@calls 14923 14923
@calls 14924 14923
@calls 14924 14924
@calls 14925 14924
@calls 14925 14925
@calls 14926 14925
@calls 14926 14926
@calls 14927 14926
@calls 14927 14927
@calls 14928 14927
@calls 14928 14928
@calls 14929 14928
@calls 14929 14929
@calls 14930 14929
@calls 14930 14930
@calls 14931 14930
@calls 14931 14931
@calls 14932 14931
@calls 14932 14932
@calls 14933 14932
@calls 14933 14933
@calls 14934 14933
@calls 14934 14934
@calls 14935 14934
@calls 14935 14935
@calls 14936 14935
@calls 14936 14936
@calls 14937 14936
@calls 14937 14937
@calls 14938 14937
@calls 14938 14938
@calls 14939 14938
@calls 14939 14939
@calls 14940 14939
@calls 14940 14940
@calls 14941 14940
@calls 14941 14941
@calls 14942 14941
@calls 14942 14942
@calls 14943 14942
@calls 14943 14943
@calls 14944 14943
@calls 14944 14944
@calls 14945 14944
@calls 14945 14945
@calls 14946 14945
@calls 14946 14946
@calls 14947 14946
@calls 14947 14947
@calls 14948 14947
@calls 14948 14948
@calls 14949 14948
@calls 14949 14949
@calls 14950 14949
@calls 14950 14950
@calls 14951 14950
@calls 14951 14951
@calls 14952 14951
@calls 14952 14952
@calls 14953 14952
@calls 14953 14953
@calls 14954 14953
@calls 14954 14954
@calls 14955 14954
@calls 14955 14955
@calls 14956 14955
@calls 14956 14956
@calls 14957 14956
@calls 14957 14957
@calls 14958 14957
@calls 14958 14958
@calls 14959 14958
@calls 14959 14959
@calls 14960 14959
@calls 14960 14960
@calls 14961 14960
@calls 14961 14961
@calls 14962 14961
@calls 14962 14962
@calls 14963 14962
@calls 14963 14963
@calls 14964 14963
@calls 14964 14964
@calls 14965 14964
@calls 14965 14965
@calls 14966 14965
@calls 14966 14966
@calls 14967 14966
@calls 14967 14967
@calls 14968 14967
@calls 14968 14968
@calls 14969 14968
@calls 14969 14969
@calls 14970 14969
@calls 14970 14970
@calls 14971 14970
@calls 14971 14971
@calls 14972 14971
@calls 14972 14972
@calls 14973 14972
@calls 14973 14973
@calls 14974 14973
@calls 14974 14974
@calls 14975 14974
@calls 14975 14975
@calls 14976 14975
@calls 14976 14976
@calls 14977 14976
@calls 14977 14977
@calls 14978 14977
@calls 14978 14978
@calls 14979 14978
@calls 14979 14979
@calls 14980 14979
@calls 14980 14980
@calls 14981 14980
@calls 14981 14981
@calls 14982 14981
@calls 14982 14982
@calls 14983 14982
@calls 14983 14983
@calls 14984 14983
@calls 14984 14984
@calls 14985 14984
@calls 14985 14985
@calls 14986 14985
@calls 14986 14986
@calls 14987 14986
@calls 14987 14987
@calls 14988 14987
@calls 14988 14988
@calls 14989 14988
@calls 14989 14989
@calls 14990 14989
@calls 14990 14990
@calls 14991 14990
@calls 14991 14991
@calls 14992 14991
@calls 14992 14992
@calls 14993 14992
@calls 14993 14993
@calls 14994 14993
@calls 14994 14994
@calls 14995 14994
@calls 14995 14995
@calls 14996 14995
@calls 14996 14996
@calls 14997 14996
@calls 14997 14997
@calls 14998 14997
@calls 14998 14998
@calls 14999 14998
@calls 14999 14999
@calls 15000 14999
@calls 15000 15000
@calls 15001 15000
@calls 15001 15001
@calls 15002 15001
@calls 15002 15002
@calls 15003 15002
@calls 15003 15003
@calls 15004 15003
@calls 15004 15004
@calls 15005 15004
@calls 15005 15005
@calls 15006 15005
@calls 15006 15006
@calls 15007 15006
@calls 15007 15007
@calls 15008 15007
@calls 15008 15008
@calls 15009 15008
@calls 15009 15009
@calls 15010 15009
@calls 15010 15010
@calls 15011 15010
@calls 15011 15011
@calls 15012 15011
@calls 15012 15012
@calls 15013 15012
@calls 15013 15013
@calls 15014 15013
@calls 15014 15014
@calls 15015 15014
@calls 15015 15015
@calls 15016 15015
@calls 15016 15016
@calls 15017 15016
@calls 15017 15017
@calls 15018 15017
@calls 15018 15018
@calls 15019 15018
@calls 15019 15019
@calls 15020 15019
@calls 15020 15020
@calls 15021 15020
@calls 15021 15021
@calls 15022 15021
@calls 15022 15022
@calls 15023 15022
@calls 15023 15023
@calls 15024 15023
@calls 15024 15024
@calls 15025 15024
@calls 15025 15025
@calls 15026 15025
@calls 15026 15026
@calls 15027 15026
@calls 15027 15027
@calls 15028 15027
@calls 15028 15028
@calls 15029 15028
@calls 15029 15029
@calls 15030 15029
@calls 15030 15030
@calls 15031 15030
@calls 15031 15031
@calls 15032 15031
@calls 15032 15032
@calls 15033 15032
@calls 15033 15033
@calls 15034 15033
@calls 15034 15034
@calls 15035 15034
@calls 15035 15035
@calls 15036 15035
@calls 15036 15036
@calls 15037 15036
@calls 15037 15037
@calls 15038 15037
@calls 15038 15038
@calls 15039 15038
@calls 15039 15039
@calls 15040 15039
@calls 15040 15040
@calls 15041 15040
@calls 15041 15041
@calls 15042 15041
@calls 15042 15042
@calls 15043 15042
@calls 15043 15043
@calls 15044 15043
@calls 15044 15044
@calls 15045 15044
@calls 15045 15045
@calls 15046 15045
@calls 15046 15046
@calls 15047 15046
@calls 15047 15047
@calls 15048 15047
@calls 15048 15048
@calls 15049 15048
@calls 15049 15049
@calls 15050 15049
@calls 15050 15050
@calls 15051 15050
@calls 15051 15051
@calls 15052 15051
@calls 15052 15052
@calls 15053 15052
@calls 15053 15053
@calls 15054 15053
@calls 15054 15054
@calls 15055 15054
@calls 15055 15055
@calls 15056 15055
@calls 15056 15056
@calls 15057 15056
@calls 15057 15057
@calls 15058 15057
@calls 15058 15058
@calls 15059 15058
@calls 15059 15059
@calls 15060 15059
@calls 15060 15060
@calls 15061 15060
@calls 15061 15061
@calls 15062 15061
@calls 15062 15062
@calls 15063 15062
@calls 15063 15063
@calls 15064 15063
@calls 15064 15064
@calls 15065 15064
@calls 15065 15065
@calls 15066 15065
@calls 15066 15066
@calls 15067 15066
@calls 15067 15067
@calls 15068 15067
@calls 15068 15068
@calls 15069 15068
@calls 15069 15069
@calls 15070 15069
@calls 15070 15070
@calls 15071 15070
@calls 15071 15071
@calls 15072 15071
@calls 15072 15072
@calls 15073 15072
@calls 15073 15073
@calls 15074 15073
@calls 15074 15074
@calls 15075 15074
@calls 15075 15075
@calls 15076 15075
@calls 15076 15076
@calls 15077 15076
@calls 15077 15077
@calls 15078 15077
@calls 15078 15078
@calls 15079 15078
@calls 15079 15079
@calls 15080 15079
@calls 15080 15080
@calls 15081 15080
@calls 15081 15081
@calls 15082 15081
@calls 15082 15082
@calls 15083 15082
@calls 15083 15083
@calls 15084 15083
@calls 15084 15084
@calls 15085 15084
@calls 15085 15085
@calls 15086 15085
@calls 15086 15086
@calls 15087 15086
@calls 15087 15087
@calls 15088 15087
@calls 15088 15088
@calls 15089 15088
@calls 15089 15089
@calls 15090 15089
@calls 15090 15090
@calls 15091 15090
@calls 15091 15091
@calls 15092 15091
@calls 15092 15092
@calls 15093 15092
@calls 15093 15093
@calls 15094 15093
@calls 15094 15094
@calls 15095 15094
@calls 15095 15095
@calls 15096 15095
@calls 15096 15096
@calls 15097 15096
@calls 15097 15097
@calls 15098 15097
@calls 15098 15098
@calls 15099 15098
@calls 15099 15099
@calls 15100 15099
@calls 15100 15100
@calls 15101 15100
@calls 15101 15101
@calls 15102 15101
@calls 15102 15102
@calls 15103 15102
@calls 15103 15103
@calls 15104 15103
@calls 15104 15104
@calls 15105 15104
@calls 15105 15105
@calls 15106 15105
@calls 15106 15106
@calls 15107 15106
@calls 15107 15107
@calls 15108 15107
@calls 15108 15108
@calls 15109 15108
@calls 15109 15109
@calls 15110 15109
@calls 15110 15110
@calls 15111 15110
@calls 15111 15111
@calls 15112 15111
@calls 15112 15112
@calls 15113 15112
@calls 15113 15113
@calls 15114 15113
@calls 15114 15114
@calls 15115 15114
@calls 15115 15115
@calls 15116 15115
@calls 15116 15116
@calls 15117 15116
@calls 15117 15117
@calls 15118 15117
@calls 15118 15118
@calls 15119 15118
@calls 15119 15119
@calls 15120 15119
@calls 15120 15120
@calls 15121 15120
@calls 15121 15121
@calls 15122 15121
@calls 15122 15122
@calls 15123 15122
@calls 15123 15123
@calls 15124 15123
@calls 15124 15124
@calls 15125 15124
@calls 15125 15125
@calls 15126 15125
@calls 15126 15126
@calls 15127 15126
@calls 15127 15127
@calls 15128 15127
@calls 15128 15128
@calls 15129 15128
@calls 15129 15129
@calls 15130 15129
@calls 15130 15130
@calls 15131 15130
@calls 15131 15131
@calls 15132 15131
@calls 15132 15132
@calls 15133 15132
@calls 15133 15133
@calls 15134 15133
@calls 15134 15134
@calls 15135 15134
@calls 15135 15135
@calls 15136 15135
@calls 15136 15136
@calls 15137 15136
@calls 15137 15137
@calls 15138 15137
@calls 15138 15138
@calls 15139 15138
@calls 15139 15139
@calls 15140 15139
@calls 15140 15140
@calls 15141 15140
@calls 15141 15141
@calls 15142 15141
@calls 15142 15142
@calls 15143 15142
@calls 15143 15143
@calls 15144 15143
@calls 15144 15144
@calls 15145 15144
@calls 15145 15145
@calls 15146 15145
@calls 15146 15146
@calls 15147 15146
@calls 15147 15147
@calls 15148 15147
@calls 15148 15148
@calls 15149 15148
@calls 15149 15149
@calls 15150 15149
@calls 15150 15150
@calls 15151 15150
@calls 15151 15151
@calls 15152 15151
@calls 15152 15152
@calls 15153 15152
@calls 15153 15153
@calls 15154 15153
@calls 15154 15154
@calls 15155 15154
@calls 15155 15155
@calls 15156 15155
@calls 15156 15156
@calls 15157 15156
@calls 15157 15157
@calls 15158 15157
@calls 15158 15158
@calls 15159 15158
@calls 15159 15159
@calls 15160 15159
@calls 15160 15160
@calls 15161 15160
@calls 15161 15161
@calls 15162 15161
@calls 15162 15162
@calls 15163 15162
@calls 15163 15163
@calls 15164 15163
@calls 15164 15164
@calls 15165 15164
@calls 15165 15165
@calls 15166 15165
@calls 15166 15166
@calls 15167 15166
@calls 15167 15167
@calls 15168 15167
@calls 15168 15168
@calls 15169 15168
@calls 15169 15169
@calls 15170 15169
@calls 15170 15170
@calls 15171 15170
@calls 15171 15171
@calls 15172 15171
@calls 15172 15172
@calls 15173 15172
@calls 15173 15173
@calls 15174 15173
@calls 15174 15174
@calls 15175 15174
@calls 15175 15175
@calls 15176 15175
@calls 15176 15176
@calls 15177 15176
@calls 15177 15177
@calls 15178 15177
@calls 15178 15178
@calls 15179 15178
@calls 15179 15179
@calls 15180 15179
@calls 15180 15180
@calls 15181 15180
@calls 15181 15181
@calls 15182 15181
@calls 15182 15182
@calls 15183 15182
@calls 15183 15183
@calls 15184 15183
@calls 15184 15184
@calls 15185 15184
@calls 15185 15185
@calls 15186 15185
@calls 15186 15186
@calls 15187 15186
@calls 15187 15187
@calls 15188 15187
@calls 15188 15188
@calls 15189 15188
@calls 15189 15189
@calls 15190 15189
@calls 15190 15190
@calls 15191 15190
@calls 15191 15191
@calls 15192 15191
@calls 15192 15192
@calls 15193 15192
@calls 15193 15193
@calls 15194 15193
@calls 15194 15194
@calls 15195 15194
@calls 15195 15195
@calls 15196 15195
@calls 15196 15196
@calls 15197 15196
@calls 15197 15197
@calls 15198 15197
@calls 15198 15198
@calls 15199 15198
@calls 15199 15199
@calls 15200 15199
@calls 15200 15200
@calls 15201 15200
@calls 15201 15201
@calls 15202 15201
@calls 15202 15202
@calls 15203 15202
@calls 15203 15203
@calls 15204 15203
@calls 15204 15204
@calls 15205 15204
@calls 15205 15205
@calls 15206 15205
@calls 15206 15206
@calls 15207 15206
@calls 15207 15207
@calls 15208 15207
@calls 15208 15208
@calls 15209 15208
@calls 15209 15209
@calls 15210 15209
@calls 15210 15210
@calls 15211 15210
@calls 15211 15211
@calls 15212 15211
@calls 15212 15212
@calls 15213 15212
@calls 15213 15213
@calls 15214 15213
@calls 15214 15214
@calls 15215 15214
@calls 15215 15215
@calls 15216 15215
@calls 15216 15216
@calls 15217 15216
@calls 15217 15217
@calls 15218 15217
@calls 15218 15218
@calls 15219 15218
@calls 15219 15219
@calls 15220 15219
@calls 15220 15220
@calls 15221 15220
@calls 15221 15221
@calls 15222 15221
@calls 15222 15222
@calls 15223 15222
@calls 15223 15223
@calls 15224 15223
@calls 15224 15224
@calls 15225 15224
@calls 15225 15225
@calls 15226 15225
@calls 15226 15226
@calls 15227 15226
@calls 15227 15227
@calls 15228 15227
@calls 15228 15228
@calls 15229 15228
@calls 15229 15229
@calls 15230 15229
@calls 15230 15230
@calls 15231 15230
@calls 15231 15231
@calls 15232 15231
@calls 15232 15232
@calls 15233 15232
@calls 15233 15233
@calls 15234 15233
@calls 15234 15234
@calls 15235 15234
@calls 15235 15235
@calls 15236 15235
@calls 15236 15236
@calls 15237 15236
@calls 15237 15237
@calls 15238 15237
@calls 15238 15238
@calls 15239 15238
@calls 15239 15239
@calls 15240 15239
@calls 15240 15240
@calls 15241 15240
@calls 15241 15241
@calls 15242 15241
@calls 15242 15242
@calls 15243 15242
@calls 15243 15243
@calls 15244 15243
@calls 15244 15244
@calls 15245 15244
@calls 15245 15245
@calls 15246 15245
@calls 15246 15246
@calls 15247 15246
@calls 15247 15247
@calls 15248 15247
@calls 15248 15248
@calls 15249 15248
@calls 15249 15249
@calls 15250 15249
@calls 15250 15250
@calls 15251 15250
@calls 15251 15251
@calls 15252 15251
@calls 15252 15252
@calls 15253 15252
@calls 15253 15253
@calls 15254 15253
@calls 15254 15254
@calls 15255 15254
@calls 15255 15255
@calls 15256 15255
@calls 15256 15256
@calls 15257 15256
@calls 15257 15257
@calls 15258 15257
@calls 15258 15258
@calls 15259 15258
@calls 15259 15259
@calls 15260 15259
@calls 15260 15260
@calls 15261 15260
@calls 15261 15261
@calls 15262 15261
@calls 15262 15262
@calls 15263 15262
@calls 15263 15263
@calls 15264 15263
@calls 15264 15264
@calls 15265 15264
@calls 15265 15265
@calls 15266 15265
@calls 15266 15266
@calls 15267 15266
@calls 15267 15267
@calls 15268 15267
@calls 15268 15268
@calls 15269 15268
@calls 15269 15269
@calls 15270 15269
@calls 15270 15270
@calls 15271 15270
@calls 15271 15271
@calls 15272 15271
@calls 15272 15272
@calls 15273 15272
@calls 15273 15273
@calls 15274 15273
@calls 15274 15274
@calls 15275 15274
@calls 15275 15275
@calls 15276 15275
@calls 15276 15276
@calls 15277 15276
@calls 15277 15277
@calls 15278 15277
@calls 15278 15278
@calls 15279 15278
@calls 15279 15279
@calls 15280 15279
@calls 15280 15280
@calls 15281 15280
@calls 15281 15281
@calls 15282 15281
@calls 15282 15282
@calls 15283 15282
@calls 15283 15283
@calls 15284 15283
@calls 15284 15284
@calls 15285 15284
@calls 15285 15285
@calls 15286 15285
@calls 15286 15286
@calls 15287 15286
@calls 15287 15287
@calls 15288 15287
@calls 15288 15288
@calls 15289 15288
@calls 15289 15289
@calls 15290 15289
@calls 15290 15290
@calls 15291 15290
@calls 15291 15291
@calls 15292 15291
@calls 15292 15292
@calls 15293 15292
@calls 15293 15293
@calls 15294 15293
@calls 15294 15294
@calls 15295 15294
@calls 15295 15295
@calls 15296 15295
@calls 15296 15296
@calls 15297 15296
@calls 15297 15297
@calls 15298 15297
@calls 15298 15298
@calls 15299 15298
@calls 15299 15299
@calls 15300 15299
@calls 15300 15300
@calls 15301 15300
@calls 15301 15301
@calls 15302 15301
@calls 15302 15302
@calls 15303 15302
@calls 15303 15303
@calls 15304 15303
@calls 15304 15304
@calls 15305 15304
@calls 15305 15305
@calls 15306 15305
@calls 15306 15306
@calls 15307 15306
@calls 15307 15307
@calls 15308 15307
@calls 15308 15308
@calls 15309 15308
@calls 15309 15309
@calls 15310 15309
@calls 15310 15310
@calls 15311 15310
@calls 15311 15311
@calls 15312 15311
@calls 15312 15312
@calls 15313 15312
@calls 15313 15313
@calls 15314 15313
@calls 15314 15314
@calls 15315 15314
@calls 15315 15315
@calls 15316 15315
@calls 15316 15316
@calls 15317 15316
@calls 15317 15317
@calls 15318 15317
@calls 15318 15318
@calls 15319 15318
@calls 15319 15319
@calls 15320 15319
@calls 15320 15320
@calls 15321 15320
@calls 15321 15321
@calls 15322 15321
@calls 15322 15322
@calls 15323 15322
@calls 15323 15323
@calls 15324 15323
@calls 15324 15324
@calls 15325 15324
@calls 15325 15325
@calls 15326 15325
@calls 15326 15326
@calls 15327 15326
@calls 15327 15327
@calls 15328 15327
@calls 15328 15328
@calls 15329 15328
@calls 15329 15329
@calls 15330 15329
@calls 15330 15330
@calls 15331 15330
@calls 15331 15331
@calls 15332 15331
@calls 15332 15332
@calls 15333 15332
@calls 15333 15333
@calls 15334 15333
@calls 15334 15334
@calls 15335 15334
@calls 15335 15335
@calls 15336 15335
@calls 15336 15336
@calls 15337 15336
@calls 15337 15337
@calls 15338 15337
@calls 15338 15338
@calls 15339 15338
@calls 15339 15339
@calls 15340 15339
@calls 15340 15340
@calls 15341 15340
@calls 15341 15341
@calls 15342 15341
@calls 15342 15342
@calls 15343 15342
@calls 15343 15343
@calls 15344 15343
@calls 15344 15344
@calls 15345 15344
@calls 15345 15345
@calls 15346 15345
@calls 15346 15346
@calls 15347 15346
@calls 15347 15347
@calls 15348 15347
@calls 15348 15348
@calls 15349 15348
@calls 15349 15349
@calls 15350 15349
@calls 15350 15350
@calls 15351 15350
@calls 15351 15351
@calls 15352 15351
@calls 15352 15352
@calls 15353 15352
@calls 15353 15353
@calls 15354 15353
@calls 15354 15354
@calls 15355 15354
@calls 15355 15355
@calls 15356 15355
@calls 15356 15356
@calls 15357 15356
@calls 15357 15357
@calls 15358 15357
@calls 15358 15358
@calls 15359 15358
@calls 15359 15359
@calls 15360 15359
@calls 15360 15360
@calls 15361 15360
@calls 15361 15361
@calls 15362 15361
@calls 15362 15362
@calls 15363 15362
@calls 15363 15363
@calls 15364 15363
@calls 15364 15364
@calls 15365 15364
@calls 15365 15365
@calls 15366 15365
@calls 15366 15366
@calls 15367 15366
@calls 15367 15367
@calls 15368 15367
@calls 15368 15368
@calls 15369 15368
@calls 15369 15369
@calls 15370 15369
@calls 15370 15370
@calls 15371 15370
@calls 15371 15371
@calls 15372 15371
@calls 15372 15372
@calls 15373 15372
@calls 15373 15373
@calls 15374 15373
@calls 15374 15374
@calls 15375 15374
@calls 15375 15375
@calls 15376 15375
@calls 15376 15376
@calls 15377 15376
@calls 15377 15377
@calls 15378 15377
@calls 15378 15378
@calls 15379 15378
@calls 15379 15379
@calls 15380 15379
@calls 15380 15380
@calls 15381 15380
@calls 15381 15381
@calls 15382 15381
@calls 15382 15382
@calls 15383 15382
@calls 15383 15383
@calls 15384 15383
@calls 15384 15384
@calls 15385 15384
@calls 15385 15385
@calls 15386 15385
@calls 15386 15386
@calls 15387 15386
@calls 15387 15387
@calls 15388 15387
@calls 15388 15388
@calls 15389 15388
@calls 15389 15389
@calls 15390 15389
@calls 15390 15390
@calls 15391 15390
@calls 15391 15391
@calls 15392 15391
@calls 15392 15392
@calls 15393 15392
@calls 15393 15393
@calls 15394 15393
@calls 15394 15394
@calls 15395 15394
@calls 15395 15395
@calls 15396 15395
@calls 15396 15396
@calls 15397 15396
@calls 15397 15397
@calls 15398 15397
@calls 15398 15398
@calls 15399 15398
@calls 15399 15399
@calls 15400 15399
@calls 15400 15400
@calls 15401 15400
@calls 15401 15401
@calls 15402 15401
@calls 15402 15402
@calls 15403 15402
@calls 15403 15403
@calls 15404 15403
@calls 15404 15404
@calls 15405 15404
@calls 15405 15405
@calls 15406 15405
@calls 15406 15406
@calls 15407 15406
@calls 15407 15407
@calls 15408 15407
@calls 15408 15408
@calls 15409 15408
@calls 15409 15409
@calls 15410 15409
@calls 15410 15410
@calls 15411 15410
@calls 15411 15411
@calls 15412 15411
@calls 15412 15412
@calls 15413 15412
@calls 15413 15413
@calls 15414 15413
@calls 15414 15414
@calls 15415 15414
@calls 15415 15415
@calls 15416 15415
@calls 15416 15416
@calls 15417 15416
@calls 15417 15417
@calls 15418 15417
@calls 15418 15418
@calls 15419 15418
@calls 15419 15419
@calls 15420 15419
@calls 15420 15420
@calls 15421 15420
@calls 15421 15421
@calls 15422 15421
@calls 15422 15422
@calls 15423 15422
@calls 15423 15423
@calls 15424 15423
@calls 15424 15424
@calls 15425 15424
@calls 15425 15425
@calls 15426 15425
@calls 15426 15426
@calls 15427 15426
@calls 15427 15427
@calls 15428 15427
@calls 15428 15428
@calls 15429 15428
@calls 15429 15429
@calls 15430 15429
@calls 15430 15430
@calls 15431 15430
@calls 15431 15431
@calls 15432 15431
@calls 15432 15432
@calls 15433 15432
@calls 15433 15433
@calls 15434 15433
@calls 15434 15434
@calls 15435 15434
@calls 15435 15435
@calls 15436 15435
@calls 15436 15436
@calls 15437 15436
@calls 15437 15437
@calls 15438 15437
@calls 15438 15438
@calls 15439 15438
@calls 15439 15439
@calls 15440 15439
@calls 15440 15440
@calls 15441 15440
@calls 15441 15441
@calls 15442 15441
@calls 15442 15442
@calls 15443 15442
@calls 15443 15443
@calls 15444 15443
@calls 15444 15444
@calls 15445 15444
@calls 15445 15445
@calls 15446 15445
@calls 15446 15446
@calls 15447 15446
@calls 15447 15447
@calls 15448 15447
@calls 15448 15448
@calls 15449 15448
@calls 15449 15449
@calls 15450 15449
@calls 15450 15450
@calls 15451 15450
@calls 15451 15451
@calls 15452 15451
@calls 15452 15452
@calls 15453 15452
@calls 15453 15453
@calls 15454 15453
@calls 15454 15454
@calls 15455 15454
@calls 15455 15455
@calls 15456 15455
@calls 15456 15456
@calls 15457 15456
@calls 15457 15457
@calls 15458 15457
@calls 15458 15458
@calls 15459 15458
@calls 15459 15459
@calls 15460 15459
@calls 15460 15460
@calls 15461 15460
@calls 15461 15461
@calls 15462 15461
@calls 15462 15462
@calls 15463 15462
@calls 15463 15463
@calls 15464 15463
@calls 15464 15464
@calls 15465 15464
@calls 15465 15465
@calls 15466 15465
@calls 15466 15466
@calls 15467 15466
@calls 15467 15467
@calls 15468 15467
@calls 15468 15468
@calls 15469 15468
@calls 15469 15469
@calls 15470 15469
@calls 15470 15470
@calls 15471 15470
@calls 15471 15471
@calls 15472 15471
@calls 15472 15472
@calls 15473 15472
@calls 15473 15473
@calls 15474 15473
@calls 15474 15474
@calls 15475 15474
@calls 15475 15475
@calls 15476 15475
@calls 15476 15476
@calls 15477 15476
@calls 15477 15477
@calls 15478 15477
@calls 15478 15478
@calls 15479 15478
@calls 15479 15479
@calls 15480 15479
@calls 15480 15480
@calls 15481 15480
@calls 15481 15481
@calls 15482 15481
@calls 15482 15482
@calls 15483 15482
@calls 15483 15483
@calls 15484 15483
@calls 15484 15484
@calls 15485 15484
@calls 15485 15485
@calls 15486 15485
@calls 15486 15486
@calls 15487 15486
@calls 15487 15487
@calls 15488 15487
@calls 15488 15488
@calls 15489 15488
@calls 15489 15489
@calls 15490 15489
@calls 15490 15490
@calls 15491 15490
@calls 15491 15491
@calls 15492 15491
@calls 15492 15492
@calls 15493 15492
@calls 15493 15493
@calls 15494 15493
@calls 15494 15494
@calls 15495 15494
@calls 15495 15495
@calls 15496 15495
@calls 15496 15496
@calls 15497 15496
@calls 15497 15497
@calls 15498 15497
@calls 15498 15498
@calls 15499 15498
@calls 15499 15499
@calls 15500 15499
@calls 15500 15500
@calls 15501 15500
@calls 15501 15501
@calls 15502 15501
@calls 15502 15502
@calls 15503 15502
@calls 15503 15503
@calls 15504 15503
@calls 15504 15504
@calls 15505 15504
@calls 15505 15505
@calls 15506 15505
@calls 15506 15506
@calls 15507 15506
@calls 15507 15507
@calls 15508 15507
@calls 15508 15508
@calls 15509 15508
@calls 15509 15509
@calls 15510 15509
@calls 15510 15510
@calls 15511 15510
@calls 15511 15511
@calls 15512 15511
@calls 15512 15512
@calls 15513 15512
@calls 15513 15513
@calls 15514 15513
@calls 15514 15514
@calls 15515 15514
@calls 15515 15515
@calls 15516 15515
@calls 15516 15516
@calls 15517 15516
@calls 15517 15517
@calls 15518 15517
@calls 15518 15518
@calls 15519 15518
@calls 15519 15519
@calls 15520 15519
@calls 15520 15520
@calls 15521 15520
@calls 15521 15521
@calls 15522 15521
@calls 15522 15522
@calls 15523 15522
@calls 15523 15523
@calls 15524 15523
@calls 15524 15524
@calls 15525 15524
@calls 15525 15525
@calls 15526 15525
@calls 15526 15526
@calls 15527 15526
@calls 15527 15527
@calls 15528 15527
@calls 15528 15528
@calls 15529 15528
@calls 15529 15529
@calls 15530 15529
@calls 15530 15530
@calls 15531 15530
@calls 15531 15531
@calls 15532 15531
@calls 15532 15532
@calls 15533 15532
@calls 15533 15533
@calls 15534 15533
@calls 15534 15534
@calls 15535 15534
@calls 15535 15535
@calls 15536 15535
@calls 15536 15536
@calls 15537 15536
@calls 15537 15537
@calls 15538 15537
@calls 15538 15538
@calls 15539 15538
@calls 15539 15539
@calls 15540 15539
@calls 15540 15540
@calls 15541 15540
@calls 15541 15541
@calls 15542 15541
@calls 15542 15542
@calls 15543 15542
@calls 15543 15543
@calls 15544 15543
@calls 15544 15544
@calls 15545 15544
@calls 15545 15545
@calls 15546 15545
@calls 15546 15546
@calls 15547 15546
@calls 15547 15547
@calls 15548 15547
@calls 15548 15548
@calls 15549 15548
@calls 15549 15549
@calls 15550 15549
@calls 15550 15550
@calls 15551 15550
@calls 15551 15551
@calls 15552 15551
@calls 15552 15552
@calls 15553 15552
@calls 15553 15553
@calls 15554 15553
@calls 15554 15554
@calls 15555 15554
@calls 15555 15555
@calls 15556 15555
@calls 15556 15556
@calls 15557 15556
@calls 15557 15557
@calls 15558 15557
@calls 15558 15558
@calls 15559 15558
@calls 15559 15559
@calls 15560 15559
@calls 15560 15560
@calls 15561 15560
@calls 15561 15561
@calls 15562 15561
@calls 15562 15562
@calls 15563 15562
@calls 15563 15563
@calls 15564 15563
@calls 15564 15564
@calls 15565 15564
@calls 15565 15565
@calls 15566 15565
@calls 15566 15566
@calls 15567 15566
@calls 15567 15567
@calls 15568 15567
@calls 15568 15568
@calls 15569 15568
@calls 15569 15569
@calls 15570 15569
@calls 15570 15570
@calls 15571 15570
@calls 15571 15571
@calls 15572 15571
@calls 15572 15572
@calls 15573 15572
@calls 15573 15573
@calls 15574 15573
@calls 15574 15574
@calls 15575 15574
@calls 15575 15575
@calls 15576 15575
@calls 15576 15576
@calls 15577 15576
@calls 15577 15577
@calls 15578 15577
@calls 15578 15578
@calls 15579 15578
@calls 15579 15579
@calls 15580 15579
@calls 15580 15580
@calls 15581 15580
@calls 15581 15581
@calls 15582 15581
@calls 15582 15582
@calls 15583 15582
@calls 15583 15583
@calls 15584 15583
@calls 15584 15584
@calls 15585 15584
@calls 15585 15585
@calls 15586 15585
@calls 15586 15586
@calls 15587 15586
@calls 15587 15587
@calls 15588 15587
@calls 15588 15588
@calls 15589 15588
@calls 15589 15589
@calls 15590 15589
@calls 15590 15590
@calls 15591 15590
@calls 15591 15591
@calls 15592 15591
@calls 15592 15592
@calls 15593 15592
@calls 15593 15593
@calls 15594 15593
@calls 15594 15594
@calls 15595 15594
@calls 15595 15595
@calls 15596 15595
@calls 15596 15596
@calls 15597 15596
@calls 15597 15597
@calls 15598 15597
@calls 15598 15598
@calls 15599 15598
@calls 15599 15599
@calls 15600 15599
@calls 15600 15600
@calls 15601 15600
@calls 15601 15601
@calls 15602 15601
@calls 15602 15602
@calls 15603 15602
@calls 15603 15603
@calls 15604 15603
@calls 15604 15604
@calls 15605 15604
@calls 15605 15605
@calls 15606 15605
@calls 15606 15606
@calls 15607 15606
@calls 15607 15607
@calls 15608 15607
@calls 15608 15608
@calls 15609 15608
@calls 15609 15609
@calls 15610 15609
@calls 15610 15610
@calls 15611 15610
@calls 15611 15611
@calls 15612 15611
@calls 15612 15612
@calls 15613 15612
@calls 15613 15613
@calls 15614 15613
@calls 15614 15614
@calls 15615 15614
@calls 15615 15615
@calls 15616 15615
@calls 15616 15616
@calls 15617 15616
@calls 15617 15617
@calls 15618 15617
@calls 15618 15618
@calls 15619 15618
@calls 15619 15619
@calls 15620 15619
@calls 15620 15620
@calls 15621 15620
@calls 15621 15621
@calls 15622 15621
@calls 15622 15622
@calls 15623 15622
@calls 15623 15623
@calls 15624 15623
@calls 15624 15624
@calls 15625 15624
@calls 15625 15625
@calls 15626 15625
@calls 15626 15626
@calls 15627 15626
@calls 15627 15627
@calls 15628 15627
@calls 15628 15628
@calls 15629 15628
@calls 15629 15629
@calls 15630 15629
@calls 15630 15630
@calls 15631 15630
@calls 15631 15631
@calls 15632 15631
@calls 15632 15632
@calls 15633 15632
@calls 15633 15633
@calls 15634 15633
@calls 15634 15634
@calls 15635 15634
@calls 15635 15635
@calls 15636 15635
@calls 15636 15636
@calls 15637 15636
@calls 15637 15637
@calls 15638 15637
@calls 15638 15638
@calls 15639 15638
@calls 15639 15639
@calls 15640 15639
@calls 15640 15640
@calls 15641 15640
@calls 15641 15641
@calls 15642 15641
@calls 15642 15642
@calls 15643 15642
@calls 15643 15643
@calls 15644 15643
@calls 15644 15644
@calls 15645 15644
@calls 15645 15645
@calls 15646 15645
@calls 15646 15646
@calls 15647 15646
@calls 15647 15647
@calls 15648 15647
@calls 15648 15648
@calls 15649 15648
@calls 15649 15649
@calls 15650 15649
@calls 15650 15650
@calls 15651 15650
@calls 15651 15651
@calls 15652 15651
@calls 15652 15652
@calls 15653 15652
@calls 15653 15653
@calls 15654 15653
@calls 15654 15654
@calls 15655 15654
@calls 15655 15655
@calls 15656 15655
@calls 15656 15656
@calls 15657 15656
@calls 15657 15657
@calls 15658 15657
@calls 15658 15658
@calls 15659 15658
@calls 15659 15659
@calls 15660 15659
@calls 15660 15660
@calls 15661 15660
@calls 15661 15661
@calls 15662 15661
@calls 15662 15662
@calls 15663 15662
@calls 15663 15663
@calls 15664 15663
@calls 15664 15664
@calls 15665 15664
@calls 15665 15665
@calls 15666 15665
@calls 15666 15666
@calls 15667 15666
@calls 15667 15667
@calls 15668 15667
@calls 15668 15668
@calls 15669 15668
@calls 15669 15669
@calls 15670 15669
@calls 15670 15670
@calls 15671 15670
@calls 15671 15671
@calls 15672 15671
@calls 15672 15672
@calls 15673 15672
@calls 15673 15673
@calls 15674 15673
@calls 15674 15674
@calls 15675 15674
@calls 15675 15675
@calls 15676 15675
@calls 15676 15676
@calls 15677 15676
@calls 15677 15677
@calls 15678 15677
@calls 15678 15678
@calls 15679 15678
@calls 15679 15679
@calls 15680 15679
@calls 15680 15680
@calls 15681 15680
@calls 15681 15681
@calls 15682 15681
@calls 15682 15682
@calls 15683 15682
@calls 15683 15683
@calls 15684 15683
@calls 15684 15684
@calls 15685 15684
@calls 15685 15685
@calls 15686 15685
@calls 15686 15686
@calls 15687 15686
@calls 15687 15687
@calls 15688 15687
@calls 15688 15688
@calls 15689 15688
@calls 15689 15689
@calls 15690 15689
@calls 15690 15690
@calls 15691 15690
@calls 15691 15691
@calls 15692 15691
@calls 15692 15692
@calls 15693 15692
@calls 15693 15693
@calls 15694 15693
@calls 15694 15694
@calls 15695 15694
@calls 15695 15695
@calls 15696 15695
@calls 15696 15696
@calls 15697 15696
@calls 15697 15697
@calls 15698 15697
@calls 15698 15698
@calls 15699 15698
@calls 15699 15699
@calls 15700 15699
@calls 15700 15700
@calls 15701 15700
@calls 15701 15701
@calls 15702 15701
@calls 15702 15702
@calls 15703 15702
@calls 15703 15703
@calls 15704 15703
@calls 15704 15704
@calls 15705 15704
@calls 15705 15705
@calls 15706 15705
@calls 15706 15706
@calls 15707 15706
@calls 15707 15707
@calls 15708 15707
@calls 15708 15708
@calls 15709 15708
@calls 15709 15709
@calls 15710 15709
@calls 15710 15710
@calls 15711 15710
@calls 15711 15711
@calls 15712 15711
@calls 15712 15712
@calls 15713 15712
@calls 15713 15713
@calls 15714 15713
@calls 15714 15714
@calls 15715 15714
@calls 15715 15715
@calls 15716 15715
@calls 15716 15716
@calls 15717 15716
@calls 15717 15717
@calls 15718 15717
@calls 15718 15718
@calls 15719 15718
@calls 15719 15719
@calls 15720 15719
@calls 15720 15720
@calls 15721 15720
@calls 15721 15721
@calls 15722 15721
@calls 15722 15722
@calls 15723 15722
@calls 15723 15723
@calls 15724 15723
@calls 15724 15724
@calls 15725 15724
@calls 15725 15725
@calls 15726 15725
@calls 15726 15726
@calls 15727 15726
@calls 15727 15727
@calls 15728 15727
@calls 15728 15728
@calls 15729 15728
@calls 15729 15729
@calls 15730 15729
@calls 15730 15730
@calls 15731 15730
@calls 15731 15731
@calls 15732 15731
@calls 15732 15732
@calls 15733 15732
@calls 15733 15733
@calls 15734 15733
@calls 15734 15734
@calls 15735 15734
@calls 15735 15735
@calls 15736 15735
@calls 15736 15736
@calls 15737 15736
@calls 15737 15737
@calls 15738 15737
@calls 15738 15738
@calls 15739 15738
@calls 15739 15739
@calls 15740 15739
@calls 15740 15740
@calls 15741 15740
@calls 15741 15741
@calls 15742 15741
@calls 15742 15742
@calls 15743 15742
@calls 15743 15743
@calls 15744 15743
@calls 15744 15744
@calls 15745 15744
@calls 15745 15745
@calls 15746 15745
@calls 15746 15746
@calls 15747 15746
@calls 15747 15747
@calls 15748 15747
@calls 15748 15748
@calls 15749 15748
@calls 15749 15749
@calls 15750 15749
@calls 15750 15750
@calls 15751 15750
@calls 15751 15751
@calls 15752 15751
@calls 15752 15752
@calls 15753 15752
@calls 15753 15753
@calls 15754 15753
@calls 15754 15754
@calls 15755 15754
@calls 15755 15755
@calls 15756 15755
@calls 15756 15756
@calls 15757 15756
@calls 15757 15757
@calls 15758 15757
@calls 15758 15758
@calls 15759 15758
@calls 15759 15759
@calls 15760 15759
@calls 15760 15760
@calls 15761 15760
@calls 15761 15761
@calls 15762 15761
@calls 15762 15762
@calls 15763 15762
@calls 15763 15763
@calls 15764 15763
@calls 15764 15764
@calls 15765 15764
@calls 15765 15765
@calls 15766 15765
@calls 15766 15766
@calls 15767 15766
@calls 15767 15767
@calls 15768 15767
@calls 15768 15768
@calls 15769 15768
@calls 15769 15769
@calls 15770 15769
@calls 15770 15770
@calls 15771 15770
@calls 15771 15771
@calls 15772 15771
@calls 15772 15772
@calls 15773 15772
@calls 15773 15773
@calls 15774 15773
@calls 15774 15774
@calls 15775 15774
@calls 15775 15775
@calls 15776 15775
@calls 15776 15776
@calls 15777 15776
@calls 15777 15777
@calls 15778 15777
@calls 15778 15778
@calls 15779 15778
@calls 15779 15779
@calls 15780 15779
@calls 15780 15780
@calls 15781 15780
@calls 15781 15781
@calls 15782 15781
@calls 15782 15782
@calls 15783 15782
@calls 15783 15783
@calls 15784 15783
@calls 15784 15784
@calls 15785 15784
@calls 15785 15785
@calls 15786 15785
@calls 15786 15786
@calls 15787 15786
@calls 15787 15787
@calls 15788 15787
@calls 15788 15788
@calls 15789 15788
@calls 15789 15789
@calls 15790 15789
@calls 15790 15790
@calls 15791 15790
@calls 15791 15791
@calls 15792 15791
@calls 15792 15792
@calls 15793 15792
@calls 15793 15793
@calls 15794 15793
@calls 15794 15794
@calls 15795 15794
@calls 15795 15795
@calls 15796 15795
@calls 15796 15796
@calls 15797 15796
@calls 15797 15797
@calls 15798 15797
@calls 15798 15798
@calls 15799 15798
@calls 15799 15799
@calls 15800 15799
@calls 15800 15800
@calls 15801 15800
@calls 15801 15801
@calls 15802 15801
@calls 15802 15802
@calls 15803 15802
@calls 15803 15803
@calls 15804 15803
@calls 15804 15804
@calls 15805 15804
@calls 15805 15805
@calls 15806 15805
@calls 15806 15806
@calls 15807 15806
@calls 15807 15807
@calls 15808 15807
@calls 15808 15808
@calls 15809 15808
@calls 15809 15809
@calls 15810 15809
@calls 15810 15810
@calls 15811 15810
@calls 15811 15811
@calls 15812 15811
@calls 15812 15812
@calls 15813 15812
@calls 15813 15813
@calls 15814 15813
@calls 15814 15814
@calls 15815 15814
@calls 15815 15815
@calls 15816 15815
@calls 15816 15816
@calls 15817 15816
@calls 15817 15817
@calls 15818 15817
@calls 15818 15818
@calls 15819 15818
@calls 15819 15819
@calls 15820 15819
@calls 15820 15820
@calls 15821 15820
@calls 15821 15821
@calls 15822 15821
@calls 15822 15822
@calls 15823 15822
@calls 15823 15823
@calls 15824 15823
@calls 15824 15824
@calls 15825 15824
@calls 15825 15825
@calls 15826 15825
@calls 15826 15826
@calls 15827 15826
@calls 15827 15827
@calls 15828 15827
@calls 15828 15828
@calls 15829 15828
@calls 15829 15829
@calls 15830 15829
@calls 15830 15830
@calls 15831 15830
@calls 15831 15831
@calls 15832 15831
@calls 15832 15832
@calls 15833 15832
@calls 15833 15833
@calls 15834 15833
@calls 15834 15834
@calls 15835 15834
@calls 15835 15835
@calls 15836 15835
@calls 15836 15836
@calls 15837 15836
@calls 15837 15837
@calls 15838 15837
@calls 15838 15838
@calls 15839 15838
@calls 15839 15839
@calls 15840 15839
@calls 15840 15840
@calls 15841 15840
@calls 15841 15841
@calls 15842 15841
@calls 15842 15842
@calls 15843 15842
@calls 15843 15843
@calls 15844 15843
@calls 15844 15844
@calls 15845 15844
@calls 15845 15845
@calls 15846 15845
@calls 15846 15846
@calls 15847 15846
@calls 15847 15847
@calls 15848 15847
@calls 15848 15848
@calls 15849 15848
@calls 15849 15849
@calls 15850 15849
@calls 15850 15850
@calls 15851 15850
@calls 15851 15851
@calls 15852 15851
@calls 15852 15852
@calls 15853 15852
@calls 15853 15853
@calls 15854 15853
@calls 15854 15854
@calls 15855 15854
@calls 15855 15855
@calls 15856 15855
@calls 15856 15856
@calls 15857 15856
@calls 15857 15857
@calls 15858 15857
@calls 15858 15858
@calls 15859 15858
@calls 15859 15859
@calls 15860 15859
@calls 15860 15860
@calls 15861 15860
@calls 15861 15861
@calls 15862 15861
@calls 15862 15862
@calls 15863 15862
@calls 15863 15863
@calls 15864 15863
@calls 15864 15864
@calls 15865 15864
@calls 15865 15865
@calls 15866 15865
@calls 15866 15866
@calls 15867 15866
@calls 15867 15867
@calls 15868 15867
@calls 15868 15868
@calls 15869 15868
@calls 15869 15869
@calls 15870 15869
@calls 15870 15870
@calls 15871 15870
@calls 15871 15871
@calls 15872 15871
@calls 15872 15872
@calls 15873 15872
@calls 15873 15873
@calls 15874 15873
@calls 15874 15874
@calls 15875 15874
@calls 15875 15875
@calls 15876 15875
@calls 15876 15876
@calls 15877 15876
@calls 15877 15877
@calls 15878 15877
@calls 15878 15878
@calls 15879 15878
@calls 15879 15879
@calls 15880 15879
@calls 15880 15880
@calls 15881 15880
@calls 15881 15881
@calls 15882 15881
@calls 15882 15882
@calls 15883 15882
@calls 15883 15883
@calls 15884 15883
@calls 15884 15884
@calls 15885 15884
@calls 15885 15885
@calls 15886 15885
@calls 15886 15886
@calls 15887 15886
@calls 15887 15887
@calls 15888 15887
@calls 15888 15888
@calls 15889 15888
@calls 15889 15889
@calls 15890 15889
@calls 15890 15890
@calls 15891 15890
@calls 15891 15891
@calls 15892 15891
@calls 15892 15892
@calls 15893 15892
@calls 15893 15893
@calls 15894 15893
@calls 15894 15894
@calls 15895 15894
@calls 15895 15895
@calls 15896 15895
@calls 15896 15896
@calls 15897 15896
@calls 15897 15897
@calls 15898 15897
@calls 15898 15898
@calls 15899 15898
@calls 15899 15899
@calls 15900 15899
@calls 15900 15900
@calls 15901 15900
@calls 15901 15901
@calls 15902 15901
@calls 15902 15902
@calls 15903 15902
@calls 15903 15903
@calls 15904 15903
@calls 15904 15904
@calls 15905 15904
@calls 15905 15905
@calls 15906 15905
@calls 15906 15906
@calls 15907 15906
@calls 15907 15907
@calls 15908 15907
@calls 15908 15908
@calls 15909 15908
@calls 15909 15909
@calls 15910 15909
@calls 15910 15910
@calls 15911 15910
@calls 15911 15911
@calls 15912 15911
@calls 15912 15912
@calls 15913 15912
@calls 15913 15913
@calls 15914 15913
@calls 15914 15914
@calls 15915 15914
@calls 15915 15915
@calls 15916 15915
@calls 15916 15916
@calls 15917 15916
@calls 15917 15917
@calls 15918 15917
@calls 15918 15918
@calls 15919 15918
@calls 15919 15919
@calls 15920 15919
@calls 15920 15920
@calls 15921 15920
@calls 15921 15921
@calls 15922 15921
@calls 15922 15922
@calls 15923 15922
@calls 15923 15923
@calls 15924 15923
@calls 15924 15924
@calls 15925 15924
@calls 15925 15925
@calls 15926 15925
@calls 15926 15926
@calls 15927 15926
@calls 15927 15927
@calls 15928 15927
@calls 15928 15928
@calls 15929 15928
@calls 15929 15929
@calls 15930 15929
@calls 15930 15930
@calls 15931 15930
@calls 15931 15931
@calls 15932 15931
@calls 15932 15932
@calls 15933 15932
@calls 15933 15933
@calls 15934 15933
@calls 15934 15934
@calls 15935 15934
@calls 15935 15935
@calls 15936 15935
@calls 15936 15936
@calls 15937 15936
@calls 15937 15937
@calls 15938 15937
@calls 15938 15938
@calls 15939 15938
@calls 15939 15939
@calls 15940 15939
@calls 15940 15940
@calls 15941 15940
@calls 15941 15941
@calls 15942 15941
@calls 15942 15942
@calls 15943 15942
@calls 15943 15943
@calls 15944 15943
@calls 15944 15944
@calls 15945 15944
@calls 15945 15945
@calls 15946 15945
@calls 15946 15946
@calls 15947 15946
@calls 15947 15947
@calls 15948 15947
@calls 15948 15948
@calls 15949 15948
@calls 15949 15949
@calls 15950 15949
@calls 15950 15950
@calls 15951 15950
@calls 15951 15951
@calls 15952 15951
@calls 15952 15952
@calls 15953 15952
@calls 15953 15953
@calls 15954 15953
@calls 15954 15954
@calls 15955 15954
@calls 15955 15955
@calls 15956 15955
@calls 15956 15956
@calls 15957 15956
@calls 15957 15957
@calls 15958 15957
@calls 15958 15958
@calls 15959 15958
@calls 15959 15959
@calls 15960 15959
@calls 15960 15960
@calls 15961 15960
@calls 15961 15961
@calls 15962 15961
@calls 15962 15962
@calls 15963 15962
@calls 15963 15963
@calls 15964 15963
@calls 15964 15964
@calls 15965 15964
@calls 15965 15965
@calls 15966 15965
@calls 15966 15966
@calls 15967 15966
@calls 15967 15967
@calls 15968 15967
@calls 15968 15968
@calls 15969 15968
@calls 15969 15969
@calls 15970 15969
@calls 15970 15970
@calls 15971 15970
@calls 15971 15971
@calls 15972 15971
@calls 15972 15972
@calls 15973 15972
@calls 15973 15973
@calls 15974 15973
@calls 15974 15974
@calls 15975 15974
@calls 15975 15975
@calls 15976 15975
@calls 15976 15976
@calls 15977 15976
@calls 15977 15977
@calls 15978 15977
@calls 15978 15978
@calls 15979 15978
@calls 15979 15979
@calls 15980 15979
@calls 15980 15980
@calls 15981 15980
@calls 15981 15981
@calls 15982 15981
@calls 15982 15982
@calls 15983 15982
@calls 15983 15983
@calls 15984 15983
@calls 15984 15984
@calls 15985 15984
@calls 15985 15985
@calls 15986 15985
@calls 15986 15986
@calls 15987 15986
@calls 15987 15987
@calls 15988 15987
@calls 15988 15988
@calls 15989 15988
@calls 15989 15989
@calls 15990 15989
@calls 15990 15990
@calls 15991 15990
@calls 15991 15991
@calls 15992 15991
@calls 15992 15992
@calls 15993 15992
@calls 15993 15993
@calls 15994 15993
@calls 15994 15994
@calls 15995 15994
@calls 15995 15995
@calls 15996 15995
@calls 15996 15996
@calls 15997 15996
@calls 15997 15997
@calls 15998 15997
@calls 15998 15998
@calls 15999 15998
@calls 15999 15999
@calls 16000 15999
@calls 16000 16000
@calls 16001 16000
@calls 16001 16001
@calls 16002 16001
@calls 16002 16002
@calls 16003 16002
@calls 16003 16003
@calls 16004 16003
@calls 16004 16004
@calls 16005 16004
@calls 16005 16005
@calls 16006 16005
@calls 16006 16006
@calls 16007 16006
@calls 16007 16007
@calls 16008 16007
@calls 16008 16008
@calls 16009 16008
@calls 16009 16009
@calls 16010 16009
@calls 16010 16010
@calls 16011 16010
@calls 16011 16011
@calls 16012 16011
@calls 16012 16012
@calls 16013 16012
@calls 16013 16013
@calls 16014 16013
@calls 16014 16014
@calls 16015 16014
@calls 16015 16015
@calls 16016 16015
@calls 16016 16016
@calls 16017 16016
@calls 16017 16017
@calls 16018 16017
@calls 16018 16018
@calls 16019 16018
@calls 16019 16019
@calls 16020 16019
@calls 16020 16020
@calls 16021 16020
@calls 16021 16021
@calls 16022 16021
@calls 16022 16022
@calls 16023 16022
@calls 16023 16023
@calls 16024 16023
@calls 16024 16024
@calls 16025 16024
@calls 16025 16025
@calls 16026 16025
@calls 16026 16026
@calls 16027 16026
@calls 16027 16027
@calls 16028 16027
@calls 16028 16028
@calls 16029 16028
@calls 16029 16029
@calls 16030 16029
@calls 16030 16030
@calls 16031 16030
@calls 16031 16031
@calls 16032 16031
@calls 16032 16032
@calls 16033 16032
@calls 16033 16033
@calls 16034 16033
@calls 16034 16034
@calls 16035 16034
@calls 16035 16035
@calls 16036 16035
@calls 16036 16036
@calls 16037 16036
@calls 16037 16037
@calls 16038 16037
@calls 16038 16038
@calls 16039 16038
@calls 16039 16039
@calls 16040 16039
@calls 16040 16040
@calls 16041 16040
@calls 16041 16041
@calls 16042 16041
@calls 16042 16042
@calls 16043 16042
@calls 16043 16043
@calls 16044 16043
@calls 16044 16044
@calls 16045 16044
@calls 16045 16045
@calls 16046 16045
@calls 16046 16046
@calls 16047 16046
@calls 16047 16047
@calls 16048 16047
@calls 16048 16048
@calls 16049 16048
@calls 16049 16049
@calls 16050 16049
@calls 16050 16050
@calls 16051 16050
@calls 16051 16051
@calls 16052 16051
@calls 16052 16052
@calls 16053 16052
@calls 16053 16053
@calls 16054 16053
@calls 16054 16054
@calls 16055 16054
@calls 16055 16055
@calls 16056 16055
@calls 16056 16056
@calls 16057 16056
@calls 16057 16057
@calls 16058 16057
@calls 16058 16058
@calls 16059 16058
@calls 16059 16059
@calls 16060 16059
@calls 16060 16060
@calls 16061 16060
@calls 16061 16061
@calls 16062 16061
@calls 16062 16062
@calls 16063 16062
@calls 16063 16063
@calls 16064 16063
@calls 16064 16064
@calls 16065 16064
@calls 16065 16065
@calls 16066 16065
@calls 16066 16066
@calls 16067 16066
@calls 16067 16067
@calls 16068 16067
@calls 16068 16068
@calls 16069 16068
@calls 16069 16069
@calls 16070 16069
@calls 16070 16070
@calls 16071 16070
@calls 16071 16071
@calls 16072 16071
@calls 16072 16072
@calls 16073 16072
@calls 16073 16073
@calls 16074 16073
@calls 16074 16074
@calls 16075 16074
@calls 16075 16075
@calls 16076 16075
@calls 16076 16076
@calls 16077 16076
@calls 16077 16077
@calls 16078 16077
@calls 16078 16078
@calls 16079 16078
@calls 16079 16079
@calls 16080 16079
@calls 16080 16080
@calls 16081 16080
@calls 16081 16081
@calls 16082 16081
@calls 16082 16082
@calls 16083 16082
@calls 16083 16083
@calls 16084 16083
@calls 16084 16084
@calls 16085 16084
@calls 16085 16085
@calls 16086 16085
@calls 16086 16086
@calls 16087 16086
@calls 16087 16087
@calls 16088 16087
@calls 16088 16088
@calls 16089 16088
@calls 16089 16089
@calls 16090 16089
@calls 16090 16090
@calls 16091 16090
@calls 16091 16091
@calls 16092 16091
@calls 16092 16092
@calls 16093 16092
@calls 16093 16093
@calls 16094 16093
@calls 16094 16094
@calls 16095 16094
@calls 16095 16095
@calls 16096 16095
@calls 16096 16096
@calls 16097 16096
@calls 16097 16097
@calls 16098 16097
@calls 16098 16098
@calls 16099 16098
@calls 16099 16099
@calls 16100 16099
@calls 16100 16100
@calls 16101 16100
@calls 16101 16101
@calls 16102 16101
@calls 16102 16102
@calls 16103 16102
@calls 16103 16103
@calls 16104 16103
@calls 16104 16104
@calls 16105 16104
@calls 16105 16105
@calls 16106 16105
@calls 16106 16106
@calls 16107 16106
@calls 16107 16107
@calls 16108 16107
@calls 16108 16108
@calls 16109 16108
@calls 16109 16109
@calls 16110 16109
@calls 16110 16110
@calls 16111 16110
@calls 16111 16111
@calls 16112 16111
@calls 16112 16112
@calls 16113 16112
@calls 16113 16113
@calls 16114 16113
@calls 16114 16114
@calls 16115 16114
@calls 16115 16115
@calls 16116 16115
@calls 16116 16116
@calls 16117 16116
@calls 16117 16117
@calls 16118 16117
@calls 16118 16118
@calls 16119 16118
@calls 16119 16119
@calls 16120 16119
@calls 16120 16120
@calls 16121 16120
@calls 16121 16121
@calls 16122 16121
@calls 16122 16122
@calls 16123 16122
@calls 16123 16123
@calls 16124 16123
@calls 16124 16124
@calls 16125 16124
@calls 16125 16125
@calls 16126 16125
@calls 16126 16126
@calls 16127 16126
@calls 16127 16127
@calls 16128 16127
@calls 16128 16128
@calls 16129 16128
@calls 16129 16129
@calls 16130 16129
@calls 16130 16130
@calls 16131 16130
@calls 16131 16131
@calls 16132 16131
@calls 16132 16132
@calls 16133 16132
@calls 16133 16133
@calls 16134 16133
@calls 16134 16134
@calls 16135 16134
@calls 16135 16135
@calls 16136 16135
@calls 16136 16136
@calls 16137 16136
@calls 16137 16137
@calls 16138 16137
@calls 16138 16138
@calls 16139 16138
@calls 16139 16139
@calls 16140 16139
@calls 16140 16140
@calls 16141 16140
@calls 16141 16141
@calls 16142 16141
@calls 16142 16142
@calls 16143 16142
@calls 16143 16143
@calls 16144 16143
@calls 16144 16144
@calls 16145 16144
@calls 16145 16145
@calls 16146 16145
@calls 16146 16146
@calls 16147 16146
@calls 16147 16147
@calls 16148 16147
@calls 16148 16148
@calls 16149 16148
@calls 16149 16149
@calls 16150 16149
@calls 16150 16150
@calls 16151 16150
@calls 16151 16151
@calls 16152 16151
@calls 16152 16152
@calls 16153 16152
@calls 16153 16153
@calls 16154 16153
@calls 16154 16154
@calls 16155 16154
@calls 16155 16155
@calls 16156 16155
@calls 16156 16156
@calls 16157 16156
@calls 16157 16157
@calls 16158 16157
@calls 16158 16158
@calls 16159 16158
@calls 16159 16159
@calls 16160 16159
@calls 16160 16160
@calls 16161 16160
@calls 16161 16161
@calls 16162 16161
@calls 16162 16162
@calls 16163 16162
@calls 16163 16163
@calls 16164 16163
@calls 16164 16164
@calls 16165 16164
@calls 16165 16165
@calls 16166 16165
@calls 16166 16166
@calls 16167 16166
@calls 16167 16167
@calls 16168 16167
@calls 16168 16168
@calls 16169 16168
@calls 16169 16169
@calls 16170 16169
@calls 16170 16170
@calls 16171 16170
@calls 16171 16171
@calls 16172 16171
@calls 16172 16172
@calls 16173 16172
@calls 16173 16173
@calls 16174 16173
@calls 16174 16174
@calls 16175 16174
@calls 16175 16175
@calls 16176 16175
@calls 16176 16176
@calls 16177 16176
@calls 16177 16177
@calls 16178 16177
@calls 16178 16178
@calls 16179 16178
@calls 16179 16179
@calls 16180 16179
@calls 16180 16180
@calls 16181 16180
@calls 16181 16181
@calls 16182 16181
@calls 16182 16182
@calls 16183 16182
@calls 16183 16183
@calls 16184 16183
@calls 16184 16184
@calls 16185 16184
@calls 16185 16185
@calls 16186 16185
@calls 16186 16186
@calls 16187 16186
@calls 16187 16187
@calls 16188 16187
@calls 16188 16188
@calls 16189 16188
@calls 16189 16189
@calls 16190 16189
@calls 16190 16190
@calls 16191 16190
@calls 16191 16191
@calls 16192 16191
@calls 16192 16192
@calls 16193 16192
@calls 16193 16193
@calls 16194 16193
@calls 16194 16194
@calls 16195 16194
@calls 16195 16195
@calls 16196 16195
@calls 16196 16196
@calls 16197 16196
@calls 16197 16197
@calls 16198 16197
@calls 16198 16198
@calls 16199 16198
@calls 16199 16199
@calls 16200 16199
@calls 16200 16200
@calls 16201 16200
@calls 16201 16201
@calls 16202 16201
@calls 16202 16202
@calls 16203 16202
@calls 16203 16203
@calls 16204 16203
@calls 16204 16204
@calls 16205 16204
@calls 16205 16205
@calls 16206 16205
@calls 16206 16206
@calls 16207 16206
@calls 16207 16207
@calls 16208 16207
@calls 16208 16208
@calls 16209 16208
@calls 16209 16209
@calls 16210 16209
@calls 16210 16210
@calls 16211 16210
@calls 16211 16211
@calls 16212 16211
@calls 16212 16212
@calls 16213 16212
@calls 16213 16213
@calls 16214 16213
@calls 16214 16214
@calls 16215 16214
@calls 16215 16215
@calls 16216 16215
@calls 16216 16216
@calls 16217 16216
@calls 16217 16217
@calls 16218 16217
@calls 16218 16218
@calls 16219 16218
@calls 16219 16219
@calls 16220 16219
@calls 16220 16220
@calls 16221 16220
@calls 16221 16221
@calls 16222 16221
@calls 16222 16222
@calls 16223 16222
@calls 16223 16223
@calls 16224 16223
@calls 16224 16224
@calls 16225 16224
@calls 16225 16225
@calls 16226 16225
@calls 16226 16226
@calls 16227 16226
@calls 16227 16227
@calls 16228 16227
@calls 16228 16228
@calls 16229 16228
@calls 16229 16229
@calls 16230 16229
@calls 16230 16230
@calls 16231 16230
@calls 16231 16231
@calls 16232 16231
@calls 16232 16232
@calls 16233 16232
@calls 16233 16233
@calls 16234 16233
@calls 16234 16234
@calls 16235 16234
@calls 16235 16235
@calls 16236 16235
@calls 16236 16236
@calls 16237 16236
@calls 16237 16237
@calls 16238 16237
@calls 16238 16238
@calls 16239 16238
@calls 16239 16239
@calls 16240 16239
@calls 16240 16240
@calls 16241 16240
@calls 16241 16241
@calls 16242 16241
@calls 16242 16242
@calls 16243 16242
@calls 16243 16243
@calls 16244 16243
@calls 16244 16244
@calls 16245 16244
@calls 16245 16245
@calls 16246 16245
@calls 16246 16246
@calls 16247 16246
@calls 16247 16247
@calls 16248 16247
@calls 16248 16248
@calls 16249 16248
@calls 16249 16249
@calls 16250 16249
@calls 16250 16250
@calls 16251 16250
@calls 16251 16251
@calls 16252 16251
@calls 16252 16252
@calls 16253 16252
@calls 16253 16253
@calls 16254 16253
@calls 16254 16254
@calls 16255 16254
@calls 16255 16255
@calls 16256 16255
@calls 16256 16256
@calls 16257 16256
@calls 16257 16257
@calls 16258 16257
@calls 16258 16258
@calls 16259 16258
@calls 16259 16259
@calls 16260 16259
@calls 16260 16260
@calls 16261 16260
@calls 16261 16261
@calls 16262 16261
@calls 16262 16262
@calls 16263 16262
@calls 16263 16263
@calls 16264 16263
@calls 16264 16264
@calls 16265 16264
@calls 16265 16265
@calls 16266 16265
@calls 16266 16266
@calls 16267 16266
@calls 16267 16267
@calls 16268 16267
@calls 16268 16268
@calls 16269 16268
@calls 16269 16269
@calls 16270 16269
@calls 16270 16270
@calls 16271 16270
@calls 16271 16271
@calls 16272 16271
@calls 16272 16272
@calls 16273 16272
@calls 16273 16273
@calls 16274 16273
@calls 16274 16274
@calls 16275 16274
@calls 16275 16275
@calls 16276 16275
@calls 16276 16276
@calls 16277 16276
@calls 16277 16277
@calls 16278 16277
@calls 16278 16278
@calls 16279 16278
@calls 16279 16279
@calls 16280 16279
@calls 16280 16280
@calls 16281 16280
@calls 16281 16281
@calls 16282 16281
@calls 16282 16282
@calls 16283 16282
@calls 16283 16283
@calls 16284 16283
@calls 16284 16284
@calls 16285 16284
@calls 16285 16285
@calls 16286 16285
@calls 16286 16286
@calls 16287 16286
@calls 16287 16287
@calls 16288 16287
@calls 16288 16288
@calls 16289 16288
@calls 16289 16289
@calls 16290 16289
@calls 16290 16290
@calls 16291 16290
@calls 16291 16291
@calls 16292 16291
@calls 16292 16292
@calls 16293 16292
@calls 16293 16293
@calls 16294 16293
@calls 16294 16294
@calls 16295 16294
@calls 16295 16295
@calls 16296 16295
@calls 16296 16296
@calls 16297 16296
@calls 16297 16297
@calls 16298 16297
@calls 16298 16298
@calls 16299 16298
@calls 16299 16299
@calls 16300 16299
@calls 16300 16300
@calls 16301 16300
@calls 16301 16301
@calls 16302 16301
@calls 16302 16302
@calls 16303 16302
@calls 16303 16303
@calls 16304 16303
@calls 16304 16304
@calls 16305 16304
@calls 16305 16305
@calls 16306 16305
@calls 16306 16306
@calls 16307 16306
@calls 16307 16307
@calls 16308 16307
@calls 16308 16308
@calls 16309 16308
@calls 16309 16309
@calls 16310 16309
@calls 16310 16310
@calls 16311 16310
@calls 16311 16311
@calls 16312 16311
@calls 16312 16312
@calls 16313 16312
@calls 16313 16313
@calls 16314 16313
@calls 16314 16314
@calls 16315 16314
@calls 16315 16315
@calls 16316 16315
@calls 16316 16316
@calls 16317 16316
@calls 16317 16317
@calls 16318 16317
@calls 16318 16318
@calls 16319 16318
@calls 16319 16319
@calls 16320 16319
@calls 16320 16320
@calls 16321 16320
@calls 16321 16321
@calls 16322 16321
@calls 16322 16322
@calls 16323 16322
@calls 16323 16323
@calls 16324 16323
@calls 16324 16324
@calls 16325 16324
@calls 16325 16325
@calls 16326 16325
@calls 16326 16326
@calls 16327 16326
@calls 16327 16327
@calls 16328 16327
@calls 16328 16328
@calls 16329 16328
@calls 16329 16329
@calls 16330 16329
@calls 16330 16330
@calls 16331 16330
@calls 16331 16331
@calls 16332 16331
@calls 16332 16332
@calls 16333 16332
@calls 16333 16333
@calls 16334 16333
@calls 16334 16334
@calls 16335 16334
@calls 16335 16335
@calls 16336 16335
@calls 16336 16336
@calls 16337 16336
@calls 16337 16337
@calls 16338 16337
@calls 16338 16338
@calls 16339 16338
@calls 16339 16339
@calls 16340 16339
@calls 16340 16340
@calls 16341 16340
@calls 16341 16341
@calls 16342 16341
@calls 16342 16342
@calls 16343 16342
@calls 16343 16343
@calls 16344 16343
@calls 16344 16344
@calls 16345 16344
@calls 16345 16345
@calls 16346 16345
@calls 16346 16346
@calls 16347 16346
@calls 16347 16347
@calls 16348 16347
@calls 16348 16348
@calls 16349 16348
@calls 16349 16349
@calls 16350 16349
@calls 16350 16350
@calls 16351 16350
@calls 16351 16351
@calls 16352 16351
@calls 16352 16352
@calls 16353 16352
@calls 16353 16353
@calls 16354 16353
@calls 16354 16354
@calls 16355 16354
@calls 16355 16355
@calls 16356 16355
@calls 16356 16356
@calls 16357 16356
@calls 16357 16357
@calls 16358 16357
@calls 16358 16358
@calls 16359 16358
@calls 16359 16359
@calls 16360 16359
@calls 16360 16360
@calls 16361 16360
@calls 16361 16361
@calls 16362 16361
@calls 16362 16362
@calls 16363 16362
@calls 16363 16363
@calls 16364 16363
@calls 16364 16364
@calls 16365 16364
@calls 16365 16365
@calls 16366 16365
@calls 16366 16366
@calls 16367 16366
@calls 16367 16367
@calls 16368 16367
@calls 16368 16368
@calls 16369 16368
@calls 16369 16369
@calls 16370 16369
@calls 16370 16370
@calls 16371 16370
@calls 16371 16371
@calls 16372 16371
@calls 16372 16372
@calls 16373 16372
@calls 16373 16373
@calls 16374 16373
@calls 16374 16374
@calls 16375 16374
@calls 16375 16375
@calls 16376 16375
@calls 16376 16376
@calls 16377 16376
@calls 16377 16377
@calls 16378 16377
@calls 16378 16378
@calls 16379 16378
@calls 16379 16379
@calls 16380 16379
@calls 16380 16380
@calls 16381 16380
@calls 16381 16381
@calls 16382 16381
@calls 16382 16382
@calls 16383 16382
@calls 16383 16383
@calls 16384 16383
@calls 16384 16384
@calls 16385 16384
@calls 16385 16385
@calls 16386 16385
@calls 16386 16386
@calls 16387 16386
@calls 16387 16387
@calls 16388 16387
@calls 16388 16388
@calls 16389 16388
@calls 16389 16389
@calls 16390 16389
@calls 16390 16390
@calls 16391 16390
@calls 16391 16391
@calls 16392 16391
@calls 16392 16392
@calls 16393 16392
@calls 16393 16393
@calls 16394 16393
@calls 16394 16394
@calls 16395 16394
@calls 16395 16395
@calls 16396 16395
@calls 16396 16396
@calls 16397 16396
@calls 16397 16397
@calls 16398 16397
@calls 16398 16398
@calls 16399 16398
@calls 16399 16399
@calls 16400 16399
@calls 16400 16400
@calls 16401 16400
@calls 16401 16401
@calls 16402 16401
@calls 16402 16402
@calls 16403 16402
@calls 16403 16403
@calls 16404 16403
@calls 16404 16404
@calls 16405 16404
@calls 16405 16405
@calls 16406 16405
@calls 16406 16406
@calls 16407 16406
@calls 16407 16407
@calls 16408 16407
@calls 16408 16408
@calls 16409 16408
@calls 16409 16409
@calls 16410 16409
@calls 16410 16410
@calls 16411 16410
@calls 16411 16411
@calls 16412 16411
@calls 16412 16412
@calls 16413 16412
@calls 16413 16413
@calls 16414 16413
@calls 16414 16414
@calls 16415 16414
@calls 16415 16415
@calls 16416 16415
@calls 16416 16416
@calls 16417 16416
@calls 16417 16417
@calls 16418 16417
@calls 16418 16418
@calls 16419 16418
@calls 16419 16419
@calls 16420 16419
@calls 16420 16420
@calls 16421 16420
@calls 16421 16421
@calls 16422 16421
@calls 16422 16422
@calls 16423 16422
@calls 16423 16423
@calls 16424 16423
@calls 16424 16424
@calls 16425 16424
@calls 16425 16425
@calls 16426 16425
@calls 16426 16426
@calls 16427 16426
@calls 16427 16427
@calls 16428 16427
@calls 16428 16428
@calls 16429 16428
@calls 16429 16429
@calls 16430 16429
@calls 16430 16430
@calls 16431 16430
@calls 16431 16431
@calls 16432 16431
@calls 16432 16432
@calls 16433 16432
@calls 16433 16433
@calls 16434 16433
@calls 16434 16434
@calls 16435 16434
@calls 16435 16435
@calls 16436 16435
@calls 16436 16436
@calls 16437 16436
@calls 16437 16437
@calls 16438 16437
@calls 16438 16438
@calls 16439 16438
@calls 16439 16439
@calls 16440 16439
@calls 16440 16440
@calls 16441 16440
@calls 16441 16441
@calls 16442 16441
@calls 16442 16442
@calls 16443 16442
@calls 16443 16443
@calls 16444 16443
@calls 16444 16444
@calls 16445 16444
@calls 16445 16445
@calls 16446 16445
@calls 16446 16446
@calls 16447 16446
@calls 16447 16447
@calls 16448 16447
@calls 16448 16448
@calls 16449 16448
@calls 16449 16449
@calls 16450 16449
@calls 16450 16450
@calls 16451 16450
@calls 16451 16451
@calls 16452 16451
@calls 16452 16452
@calls 16453 16452
@calls 16453 16453
@calls 16454 16453
@calls 16454 16454
@calls 16455 16454
@calls 16455 16455
@calls 16456 16455
@calls 16456 16456
@calls 16457 16456
@calls 16457 16457
@calls 16458 16457
@calls 16458 16458
@calls 16459 16458
@calls 16459 16459
@calls 16460 16459
@calls 16460 16460
@calls 16461 16460
@calls 16461 16461
@calls 16462 16461
@calls 16462 16462
@calls 16463 16462
@calls 16463 16463
@calls 16464 16463
@calls 16464 16464
@calls 16465 16464
@calls 16465 16465
@calls 16466 16465
@calls 16466 16466
@calls 16467 16466
@calls 16467 16467
@calls 16468 16467
@calls 16468 16468
@calls 16469 16468
@calls 16469 16469
@calls 16470 16469
@calls 16470 16470
@calls 16471 16470
@calls 16471 16471
@calls 16472 16471
@calls 16472 16472
@calls 16473 16472
@calls 16473 16473
@calls 16474 16473
@calls 16474 16474
@calls 16475 16474
@calls 16475 16475
@calls 16476 16475
@calls 16476 16476
@calls 16477 16476
@calls 16477 16477
@calls 16478 16477
@calls 16478 16478
@calls 16479 16478
@calls 16479 16479
@calls 16480 16479
@calls 16480 16480
@calls 16481 16480
@calls 16481 16481
@calls 16482 16481
@calls 16482 16482
@calls 16483 16482
@calls 16483 16483
@calls 16484 16483
@calls 16484 16484
@calls 16485 16484
@calls 16485 16485
@calls 16486 16485
@calls 16486 16486
@calls 16487 16486
@calls 16487 16487
@calls 16488 16487
@calls 16488 16488
@calls 16489 16488
@calls 16489 16489
@calls 16490 16489
@calls 16490 16490
@calls 16491 16490
@calls 16491 16491
@calls 16492 16491
@calls 16492 16492
@calls 16493 16492
@calls 16493 16493
@calls 16494 16493
@calls 16494 16494
@calls 16495 16494
@calls 16495 16495
@calls 16496 16495
@calls 16496 16496
@calls 16497 16496
@calls 16497 16497
@calls 16498 16497
@calls 16498 16498
@calls 16499 16498
@calls 16499 16499
@calls 16500 16499
@calls 16500 16500
@calls 16501 16500
@calls 16501 16501
@calls 16502 16501
@calls 16502 16502
@calls 16503 16502
@calls 16503 16503
@calls 16504 16503
@calls 16504 16504
@calls 16505 16504
@calls 16505 16505
@calls 16506 16505
@calls 16506 16506
@calls 16507 16506
@calls 16507 16507
@calls 16508 16507
@calls 16508 16508
@calls 16509 16508
@calls 16509 16509
@calls 16510 16509
@calls 16510 16510
@calls 16511 16510
@calls 16511 16511
@calls 16512 16511
@calls 16512 16512
@calls 16513 16512
@calls 16513 16513
@calls 16514 16513
@calls 16514 16514
@calls 16515 16514
@calls 16515 16515
@calls 16516 16515
@calls 16516 16516
@calls 16517 16516
@calls 16517 16517
@calls 16518 16517
@calls 16518 16518
@calls 16519 16518
@calls 16519 16519
@calls 16520 16519
@calls 16520 16520
@calls 16521 16520
@calls 16521 16521
@calls 16522 16521
@calls 16522 16522
@calls 16523 16522
@calls 16523 16523
@calls 16524 16523
@calls 16524 16524
@calls 16525 16524
@calls 16525 16525
@calls 16526 16525
@calls 16526 16526
@calls 16527 16526
@calls 16527 16527
@calls 16528 16527
@calls 16528 16528
@calls 16529 16528
@calls 16529 16529
@calls 16530 16529
@calls 16530 16530
@calls 16531 16530
@calls 16531 16531
@calls 16532 16531
@calls 16532 16532
@calls 16533 16532
@calls 16533 16533
@calls 16534 16533
@calls 16534 16534
@calls 16535 16534
@calls 16535 16535
@calls 16536 16535
@calls 16536 16536
@calls 16537 16536
@calls 16537 16537
@calls 16538 16537
@calls 16538 16538
@calls 16539 16538
@calls 16539 16539
@calls 16540 16539
@calls 16540 16540
@calls 16541 16540
@calls 16541 16541
@calls 16542 16541
@calls 16542 16542
@calls 16543 16542
@calls 16543 16543
@calls 16544 16543
@calls 16544 16544
@calls 16545 16544
@calls 16545 16545
@calls 16546 16545
@calls 16546 16546
@calls 16547 16546
@calls 16547 16547
@calls 16548 16547
@calls 16548 16548
@calls 16549 16548
@calls 16549 16549
@calls 16550 16549
@calls 16550 16550
@calls 16551 16550
@calls 16551 16551
@calls 16552 16551
@calls 16552 16552
@calls 16553 16552
@calls 16553 16553
@calls 16554 16553
@calls 16554 16554
@calls 16555 16554
@calls 16555 16555
@calls 16556 16555
@calls 16556 16556
@calls 16557 16556
@calls 16557 16557
@calls 16558 16557
@calls 16558 16558
@calls 16559 16558
@calls 16559 16559
@calls 16560 16559
@calls 16560 16560
@calls 16561 16560
@calls 16561 16561
@calls 16562 16561
@calls 16562 16562
@calls 16563 16562
@calls 16563 16563
@calls 16564 16563
@calls 16564 16564
@calls 16565 16564
@calls 16565 16565
@calls 16566 16565
@calls 16566 16566
@calls 16567 16566
@calls 16567 16567
@calls 16568 16567
@calls 16568 16568
@calls 16569 16568
@calls 16569 16569
@calls 16570 16569
@calls 16570 16570
@calls 16571 16570
@calls 16571 16571
@calls 16572 16571
@calls 16572 16572
@calls 16573 16572
@calls 16573 16573
@calls 16574 16573
@calls 16574 16574
@calls 16575 16574
@calls 16575 16575
@calls 16576 16575
@calls 16576 16576
@calls 16577 16576
@calls 16577 16577
@calls 16578 16577
@calls 16578 16578
@calls 16579 16578
@calls 16579 16579
@calls 16580 16579
@calls 16580 16580
@calls 16581 16580
@calls 16581 16581
@calls 16582 16581
@calls 16582 16582
@calls 16583 16582
@calls 16583 16583
@calls 16584 16583
@calls 16584 16584
@calls 16585 16584
@calls 16585 16585
@calls 16586 16585
@calls 16586 16586
@calls 16587 16586
@calls 16587 16587
@calls 16588 16587
@calls 16588 16588
@calls 16589 16588
@calls 16589 16589
@calls 16590 16589
@calls 16590 16590
@calls 16591 16590
@calls 16591 16591
@calls 16592 16591
@calls 16592 16592
@calls 16593 16592
@calls 16593 16593
@calls 16594 16593
@calls 16594 16594
@calls 16595 16594
@calls 16595 16595
@calls 16596 16595
@calls 16596 16596
@calls 16597 16596
@calls 16597 16597
@calls 16598 16597
@calls 16598 16598
@calls 16599 16598
@calls 16599 16599
@calls 16600 16599
@calls 16600 16600
@calls 16601 16600
@calls 16601 16601
@calls 16602 16601
@calls 16602 16602
@calls 16603 16602
@calls 16603 16603
@calls 16604 16603
@calls 16604 16604
@calls 16605 16604
@calls 16605 16605
@calls 16606 16605
@calls 16606 16606
@calls 16607 16606
@calls 16607 16607
@calls 16608 16607
@calls 16608 16608
@calls 16609 16608
@calls 16609 16609
@calls 16610 16609
@calls 16610 16610
@calls 16611 16610
@calls 16611 16611
@calls 16612 16611
@calls 16612 16612
@calls 16613 16612
@calls 16613 16613
@calls 16614 16613
@calls 16614 16614
@calls 16615 16614
@calls 16615 16615
@calls 16616 16615
@calls 16616 16616
@calls 16617 16616
@calls 16617 16617
@calls 16618 16617
@calls 16618 16618
@calls 16619 16618
@calls 16619 16619
@calls 16620 16619
@calls 16620 16620
@calls 16621 16620
@calls 16621 16621
@calls 16622 16621
@calls 16622 16622
@calls 16623 16622
@calls 16623 16623
@calls 16624 16623
@calls 16624 16624
@calls 16625 16624
@calls 16625 16625
@calls 16626 16625
@calls 16626 16626
@calls 16627 16626
@calls 16627 16627
@calls 16628 16627
@calls 16628 16628
@calls 16629 16628
@calls 16629 16629
@calls 16630 16629
@calls 16630 16630
@calls 16631 16630
@calls 16631 16631
@calls 16632 16631
@calls 16632 16632
@calls 16633 16632
@calls 16633 16633
@calls 16634 16633
@calls 16634 16634
@calls 16635 16634
@calls 16635 16635
@calls 16636 16635
@calls 16636 16636
@calls 16637 16636
@calls 16637 16637
@calls 16638 16637
@calls 16638 16638
@calls 16639 16638
@calls 16639 16639
@calls 16640 16639
@calls 16640 16640
@calls 16641 16640
@calls 16641 16641
@calls 16642 16641
@calls 16642 16642
@calls 16643 16642
@calls 16643 16643
@calls 16644 16643
@calls 16644 16644
@calls 16645 16644
@calls 16645 16645
@calls 16646 16645
@calls 16646 16646
@calls 16647 16646
@calls 16647 16647
@calls 16648 16647
@calls 16648 16648
@calls 16649 16648
@calls 16649 16649
@calls 16650 16649
@calls 16650 16650
