@calls 0 1
@calls 0 2
@calls 0 3
@calls 0 4
@calls 0 5
@calls 0 6
@calls 0 7
@calls 0 8
@calls 0 9
@calls 0 10
@calls 0 11
@calls 0 12
@calls 0 13
@calls 0 14
@calls 0 15
@calls 0 16
@calls 0 17
@calls 0 18
@calls 0 19
@calls 0 20
@calls 0 21
@calls 0 22
@calls 0 23
@calls 0 24
@calls 0 25
@calls 0 26
@calls 0 27
@calls 0 28
@calls 0 29
@calls 0 30
@calls 0 31
@calls 0 32
@calls 0 33
@calls 0 34
@calls 0 35
@calls 0 36
@calls 0 37
@calls 0 38
@calls 0 39
@calls 0 40
@calls 0 41
@calls 0 42
@calls 0 43
@calls 0 44
@calls 0 45
@calls 0 46
@calls 0 47
@calls 0 48
@calls 0 49
@calls 0 50
@calls 0 51
@calls 0 52
@calls 0 53
@calls 0 54
@calls 0 55
@calls 0 56
@calls 0 57
@calls 0 58
@calls 0 59
@calls 0 60
@calls 0 61
@calls 0 62
@calls 0 63
@calls 0 64
@calls 0 65
@calls 0 66
@calls 0 67
@calls 0 68
@calls 0 69
@calls 0 70
@calls 0 71
@calls 0 72
@calls 0 73
@calls 0 74
@calls 0 75
@calls 0 76
@calls 0 77
@calls 0 78
@calls 0 79
@calls 0 80
@calls 0 81
@calls 0 82
@calls 0 83
@calls 0 84
@calls 0 85
@calls 0 86
@calls 0 87
@calls 0 88
@calls 0 89
@calls 0 90
@calls 0 91
@calls 0 92
@calls 0 93
@calls 0 94
@calls 0 95
@calls 0 96
@calls 0 97
@calls 0 98
@calls 0 99
@calls 0 100
@calls 0 101
@calls 0 102
@calls 0 103
@calls 0 104
@calls 0 105
@calls 0 106
@calls 0 107
@calls 0 108
@calls 0 109
@calls 0 110
@calls 0 111
@calls 0 112
@calls 0 113
@calls 0 114
@calls 0 115
@calls 0 116
@calls 0 117
@calls 0 118
@calls 0 119
@calls 0 120
@calls 0 121
@calls 0 122
@calls 0 123
@calls 0 124
@calls 0 125
@calls 0 126
@calls 0 127
@calls 0 128
@calls 0 129
@calls 0 130
@calls 0 131
@calls 0 132
@calls 0 133
@calls 0 134
@calls 0 135
@calls 0 136
@calls 0 137
@calls 0 138
@calls 0 139
@calls 0 140
@calls 0 141
@calls 0 142
@calls 0 143
@calls 0 144
@calls 0 145
@calls 0 146
@calls 0 147
@calls 0 148
@calls 0 149
@calls 0 150
@calls 0 151
@calls 0 152
@calls 0 153
@calls 0 154
@calls 0 155
@calls 0 156
@calls 0 157
@calls 0 158
@calls 0 159
@calls 0 160
@calls 0 161
@calls 0 162
@calls 0 163
@calls 0 164
@calls 0 165
@calls 0 166
@calls 0 167
@calls 0 168
@calls 0 169
@calls 0 170
@calls 0 171
@calls 0 172
@calls 0 173
@calls 0 174
@calls 0 175
@calls 0 176
@calls 0 177
@calls 0 178
@calls 0 179
@calls 0 180
@calls 0 181
@calls 0 182
@calls 0 183
@calls 0 184
@calls 0 185
@calls 0 186
@calls 0 187
@calls 0 188
@calls 0 189
@calls 0 190
@calls 0 191
@calls 0 192
@calls 0 193
@calls 0 194
@calls 0 195
@calls 0 196
@calls 0 197
@calls 0 198
@calls 0 199
@calls 0 200
@calls 0 201
@calls 0 202
@calls 0 203
@calls 0 204
@calls 0 205
@calls 0 206
@calls 0 207
@calls 0 208
@calls 0 209
@calls 0 210
@calls 0 211
@calls 0 212
@calls 0 213
@calls 0 214
@calls 0 215
@calls 0 216
@calls 0 217
@calls 0 218
@calls 0 219
@calls 0 220
@calls 0 221
@calls 0 222
@calls 0 223
@calls 0 224
@calls 0 225
@calls 0 226
@calls 0 227
@calls 0 228
@calls 0 229
@calls 0 230
@calls 0 231
@calls 0 232
@calls 0 233
@calls 0 234
@calls 0 235
@calls 0 236
@calls 0 237
@calls 0 238
@calls 0 239
@calls 0 240
@calls 0 241
@calls 0 242
@calls 0 243
@calls 0 244
@calls 0 245
@calls 0 246
@calls 0 247
@calls 0 248
@calls 0 249
@calls 0 250
@calls 0 251
@calls 0 252
@calls 0 253
@calls 0 254
@calls 0 255
@calls 0 256
@calls 0 257
@calls 0 258
@calls 0 259
@calls 0 260
@calls 0 261
@calls 0 262
@calls 0 263
@calls 0 264
@calls 0 265
@calls 0 266
@calls 0 267
@calls 0 268
@calls 0 269
@calls 0 270
@calls 0 271
@calls 0 272
@calls 0 273
@calls 0 274
@calls 0 275
@calls 0 276
@calls 0 277
@calls 0 278
@calls 0 279
@calls 0 280
@calls 0 281
@calls 0 282
@calls 0 283
@calls 0 284
@calls 0 285
@calls 0 286
@calls 0 287
@calls 0 288
@calls 0 289
@calls 0 290
@calls 0 291
@calls 0 292
@calls 0 293
@calls 0 294
@calls 0 295
@calls 0 296
@calls 0 297
@calls 0 298
@calls 0 299
@calls 0 300
@calls 0 301
@calls 0 302
@calls 0 303
@calls 0 304
@calls 0 305
@calls 0 306
@calls 0 307
@calls 0 308
@calls 0 309
@calls 0 310
@calls 0 311
@calls 0 312
@calls 0 313
@calls 0 314
@calls 0 315
@calls 0 316
@calls 0 317
@calls 0 318
@calls 0 319
@calls 0 320
@calls 0 321
@calls 0 322
@calls 0 323
@calls 0 324
@calls 0 325
@calls 0 326
@calls 0 327
@calls 0 328
@calls 0 329
@calls 0 330
@calls 0 331
@calls 0 332
@calls 0 333
@calls 0 334
@calls 0 335
@calls 0 336
@calls 0 337
@calls 0 338
@calls 0 339
@calls 0 340
@calls 0 341
@calls 0 342
@calls 0 343
@calls 0 344
@calls 0 345
@calls 0 346
@calls 0 347
@calls 0 348
@calls 0 349
@calls 0 350
@calls 0 351
@calls 0 352
@calls 0 353
@calls 0 354
@calls 0 355
@calls 0 356
@calls 0 357
@calls 0 358
@calls 0 359
@calls 0 360
@calls 0 361
@calls 0 362
@calls 0 363
@calls 0 364
@calls 0 365
@calls 0 366
@calls 0 367
@calls 0 368
@calls 0 369
@calls 0 370
@calls 0 371
@calls 0 372
@calls 0 373
@calls 0 374
@calls 0 375
@calls 0 376
@calls 0 377
@calls 0 378
@calls 0 379
@calls 0 380
@calls 0 381
@calls 0 382
@calls 0 383
@calls 0 384
@calls 0 385
@calls 0 386
@calls 0 387
@calls 0 388
@calls 0 389
@calls 0 390
@calls 0 391
@calls 0 392
@calls 0 393
@calls 0 394
@calls 0 395
@calls 0 396
@calls 0 397
@calls 0 398
@calls 0 399
@calls 0 400
@calls 0 401
@calls 0 402
@calls 0 403
@calls 0 404
@calls 0 405
@calls 0 406
@calls 0 407
@calls 0 408
@calls 0 409
@calls 0 410
@calls 0 411
@calls 0 412
@calls 0 413
@calls 0 414
@calls 0 415
@calls 0 416
@calls 0 417
@calls 0 418
@calls 0 419
@calls 0 420
@calls 0 421
@calls 0 422
@calls 0 423
@calls 0 424
@calls 0 425
@calls 0 426
@calls 0 427
@calls 0 428
@calls 0 429
@calls 0 430
@calls 0 431
@calls 0 432
@calls 0 433
@calls 0 434
@calls 0 435
@calls 0 436
@calls 0 437
@calls 0 438
@calls 0 439
@calls 0 440
@calls 0 441
@calls 0 442
@calls 0 443
@calls 0 444
@calls 0 445
@calls 0 446
@calls 0 447
@calls 0 448
@calls 0 449
@calls 0 450
@calls 0 451
@calls 0 452
@calls 0 453
@calls 0 454
@calls 0 455
@calls 0 456
@calls 0 457
@calls 0 458
@calls 0 459
@calls 0 460
@calls 0 461
@calls 0 462
@calls 0 463
@calls 0 464
@calls 0 465
@calls 0 466
@calls 0 467
@calls 0 468
@calls 0 469
@calls 0 470
@calls 0 471
@calls 0 472
@calls 0 473
@calls 0 474
@calls 0 475
@calls 0 476
@calls 0 477
@calls 0 478
@calls 0 479
@calls 0 480
@calls 0 481
@calls 0 482
@calls 0 483
@calls 0 484
@calls 0 485
@calls 0 486
@calls 0 487
@calls 0 488
@calls 0 489
@calls 0 490
@calls 0 491
@calls 0 492
@calls 0 493
@calls 0 494
@calls 0 495
@calls 0 496
@calls 0 497
@calls 0 498
@calls 0 499
@calls 0 500
@calls 0 501
@calls 0 502
@calls 0 503
@calls 0 504
@calls 0 505
@calls 0 506
@calls 0 507
@calls 0 508
@calls 0 509
@calls 0 510
@calls 0 511
@calls 0 512
@calls 0 513
@calls 0 514
@calls 0 515
@calls 0 516
@calls 0 517
@calls 0 518
@calls 0 519
@calls 0 520
@calls 0 521
@calls 0 522
@calls 0 523
@calls 0 524
@calls 0 525
@calls 0 526
@calls 0 527
@calls 0 528
@calls 0 529
@calls 0 530
@calls 0 531
@calls 0 532
@calls 0 533
@calls 0 534
@calls 0 535
@calls 0 536
@calls 0 537
@calls 0 538
@calls 0 539
@calls 0 540
@calls 0 541
@calls 0 542
@calls 0 543
@calls 0 544
@calls 0 545
@calls 0 546
@calls 0 547
@calls 0 548
@calls 0 549
@calls 0 550
@calls 0 551
@calls 0 552
@calls 0 553
@calls 0 554
@calls 0 555
@calls 0 556
@calls 0 557
@calls 0 558
@calls 0 559
@calls 0 560
@calls 0 561
@calls 0 562
@calls 0 563
@calls 0 564
@calls 0 565
@calls 0 566
@calls 0 567
@calls 0 568
@calls 0 569
@calls 0 570
@calls 0 571
@calls 0 572
@calls 0 573
@calls 0 574
@calls 0 575
@calls 0 576
@calls 0 577
@calls 0 578
@calls 0 579
@calls 0 580
@calls 0 581
@calls 0 582
@calls 0 583
@calls 0 584
@calls 0 585
@calls 0 586
@calls 0 587
@calls 0 588
@calls 0 589
@calls 0 590
@calls 0 591
@calls 0 592
@calls 0 593
@calls 0 594
@calls 0 595
@calls 0 596
@calls 0 597
@calls 0 598
@calls 0 599
@calls 0 600
@calls 0 601
@calls 0 602
@calls 0 603
@calls 0 604
@calls 0 605
@calls 0 606
@calls 0 607
@calls 0 608
@calls 0 609
@calls 0 610
@calls 0 611
@calls 0 612
@calls 0 613
@calls 0 614
@calls 0 615
@calls 0 616
@calls 0 617
@calls 0 618
@calls 0 619
@calls 0 620
@calls 0 621
@calls 0 622
@calls 0 623
@calls 0 624
@calls 0 625
@calls 0 626
@calls 0 627
@calls 0 628
@calls 0 629
@calls 0 630
@calls 0 631
@calls 0 632
@calls 0 633
@calls 0 634
@calls 0 635
@calls 0 636
@calls 0 637
@calls 0 638
@calls 0 639
@calls 0 640
@calls 0 641
@calls 0 642
@calls 0 643
@calls 0 644
@calls 0 645
@calls 0 646
@calls 0 647
@calls 0 648
@calls 0 649
@calls 0 650
@calls 0 651
@calls 0 652
@calls 0 653
@calls 0 654
@calls 0 655
@calls 0 656
@calls 0 657
@calls 0 658
@calls 0 659
@calls 0 660
@calls 0 661
@calls 0 662
@calls 0 663
@calls 0 664
@calls 0 665
@calls 0 666
@calls 0 667
@calls 0 668
@calls 0 669
@calls 0 670
@calls 0 671
@calls 0 672
@calls 0 673
@calls 0 674
@calls 0 675
@calls 0 676
@calls 0 677
@calls 0 678
@calls 0 679
@calls 0 680
@calls 0 681
@calls 0 682
@calls 0 683
@calls 0 684
@calls 0 685
@calls 0 686
@calls 0 687
@calls 0 688
@calls 0 689
@calls 0 690
@calls 0 691
@calls 0 692
@calls 0 693
@calls 0 694
@calls 0 695
@calls 0 696
@calls 0 697
@calls 0 698
@calls 0 699
@calls 0 700
@calls 0 701
@calls 0 702
@calls 0 703
@calls 0 704
@calls 0 705
@calls 0 706
@calls 0 707
@calls 0 708
@calls 0 709
@calls 0 710
@calls 0 711
@calls 0 712
@calls 0 713
@calls 0 714
@calls 0 715
@calls 0 716
@calls 0 717
@calls 0 718
@calls 0 719
@calls 0 720
@calls 0 721
@calls 0 722
@calls 0 723
@calls 0 724
@calls 0 725
@calls 0 726
@calls 0 727
@calls 0 728
@calls 0 729
@calls 0 730
@calls 0 731
@calls 0 732
@calls 0 733
@calls 0 734
@calls 0 735
@calls 0 736
@calls 0 737
@calls 0 738
@calls 0 739
@calls 0 740
@calls 0 741
@calls 0 742
@calls 0 743
@calls 0 744
@calls 0 745
@calls 0 746
@calls 0 747
@calls 0 748
@calls 0 749
@calls 0 750
@calls 0 751
@calls 0 752
@calls 0 753
@calls 0 754
@calls 0 755
@calls 0 756
@calls 0 757
@calls 0 758
@calls 0 759
@calls 0 760
@calls 0 761
@calls 0 762
@calls 0 763
@calls 0 764
@calls 0 765
@calls 0 766
@calls 0 767
@calls 0 768
@calls 0 769
@calls 0 770
@calls 0 771
@calls 0 772
@calls 0 773
@calls 0 774
@calls 0 775
@calls 0 776
@calls 0 777
@calls 0 778
@calls 0 779
@calls 0 780
@calls 0 781
@calls 0 782
@calls 0 783
@calls 0 784
@calls 0 785
@calls 0 786
@calls 0 787
@calls 0 788
@calls 0 789
@calls 0 790
@calls 0 791
@calls 0 792
@calls 0 793
@calls 0 794
@calls 0 795
@calls 0 796
@calls 0 797
@calls 0 798
@calls 0 799
@calls 0 800
@calls 0 801
@calls 0 802
@calls 0 803
@calls 0 804
@calls 0 805
@calls 0 806
@calls 0 807
@calls 0 808
@calls 0 809
@calls 0 810
@calls 0 811
@calls 0 812
@calls 0 813
@calls 0 814
@calls 0 815
@calls 0 816
@calls 0 817
@calls 0 818
@calls 0 819
@calls 0 820
@calls 0 821
@calls 0 822
@calls 0 823
@calls 0 824
@calls 0 825
@calls 0 826
@calls 0 827
@calls 0 828
@calls 0 829
@calls 0 830
@calls 0 831
@calls 0 832
@calls 0 833
@calls 0 834
@calls 0 835
@calls 0 836
@calls 0 837
@calls 0 838
@calls 0 839
@calls 0 840
@calls 0 841
@calls 0 842
@calls 0 843
@calls 0 844
@calls 0 845
@calls 0 846
@calls 0 847
@calls 0 848
@calls 0 849
@calls 0 850
@calls 0 851
@calls 0 852
@calls 0 853
@calls 0 854
@calls 0 855
@calls 0 856
@calls 0 857
@calls 0 858
@calls 0 859
@calls 0 860
@calls 0 861
@calls 0 862
@calls 0 863
@calls 0 864
@calls 0 865
@calls 0 866
@calls 0 867
@calls 0 868
@calls 0 869
@calls 0 870
@calls 0 871
@calls 0 872
@calls 0 873
@calls 0 874
@calls 0 875
@calls 0 876
@calls 0 877
@calls 0 878
@calls 0 879
@calls 0 880
@calls 0 881
@calls 0 882
@calls 0 883
@calls 0 884
@calls 0 885
@calls 0 886
@calls 0 887
@calls 0 888
@calls 0 889
@calls 0 890
@calls 0 891
@calls 0 892
@calls 0 893
@calls 0 894
@calls 0 895
@calls 0 896
@calls 0 897
@calls 0 898
@calls 0 899
@calls 0 900
@calls 0 901
@calls 0 902
@calls 0 903
@calls 0 904
@calls 0 905
@calls 0 906
@calls 0 907
@calls 0 908
@calls 0 909
@calls 0 910
@calls 0 911
@calls 0 912
@calls 0 913
@calls 0 914
@calls 0 915
@calls 0 916
@calls 0 917
@calls 0 918
@calls 0 919
@calls 0 920
@calls 0 921
@calls 0 922
@calls 0 923
@calls 0 924
@calls 0 925
@calls 0 926
@calls 0 927
@calls 0 928
@calls 0 929
@calls 0 930
@calls 0 931
@calls 0 932
@calls 0 933
@calls 0 934
@calls 0 935
@calls 0 936
@calls 0 937
@calls 0 938
@calls 0 939
@calls 0 940
@calls 0 941
@calls 0 942
@calls 0 943
@calls 0 944
@calls 0 945
@calls 0 946
@calls 0 947
@calls 0 948
@calls 0 949
@calls 0 950
@calls 0 951
@calls 0 952
@calls 0 953
@calls 0 954
@calls 0 955
@calls 0 956
@calls 0 957
@calls 0 958
@calls 0 959
@calls 0 960
@calls 0 961
@calls 0 962
@calls 0 963
@calls 0 964
@calls 0 965
@calls 0 966
@calls 0 967
@calls 0 968
@calls 0 969
@calls 0 970
@calls 0 971
@calls 0 972
@calls 0 973
@calls 0 974
@calls 0 975
@calls 0 976
@calls 0 977
@calls 0 978
@calls 0 979
@calls 0 980
@calls 0 981
@calls 0 982
@calls 0 983
@calls 0 984
@calls 0 985
@calls 0 986
@calls 0 987
@calls 0 988
@calls 0 989
@calls 0 990
@calls 0 991
@calls 0 992
@calls 0 993
@calls 0 994
@calls 0 995
@calls 0 996
@calls 0 997
@calls 0 998
@calls 0 999
@calls 0 1000
@calls 0 1001
@calls 0 1002
@calls 0 1003
@calls 0 1004
@calls 0 1005
@calls 0 1006
@calls 0 1007
@calls 0 1008
@calls 0 1009
@calls 0 1010
@calls 0 1011
@calls 0 1012
@calls 0 1013
@calls 0 1014
@calls 0 1015
@calls 0 1016
@calls 0 1017
@calls 0 1018
@calls 0 1019
@calls 0 1020
@calls 0 1021
@calls 0 1022
@calls 0 1023
@calls 0 1024
@calls 0 1025
@calls 0 1026
@calls 0 1027
@calls 0 1028
@calls 0 1029
@calls 0 1030
@calls 0 1031
@calls 0 1032
@calls 0 1033
@calls 0 1034
@calls 0 1035
@calls 0 1036
@calls 0 1037
@calls 0 1038
@calls 0 1039
@calls 0 1040
@calls 0 1041
@calls 0 1042
@calls 0 1043
@calls 0 1044
@calls 0 1045
@calls 0 1046
@calls 0 1047
@calls 0 1048
@calls 0 1049
@calls 0 1050
@calls 0 1051
@calls 0 1052
@calls 0 1053
@calls 0 1054
@calls 0 1055
@calls 0 1056
@calls 0 1057
@calls 0 1058
@calls 0 1059
@calls 0 1060
@calls 0 1061
@calls 0 1062
@calls 0 1063
@calls 0 1064
@calls 0 1065
@calls 0 1066
@calls 0 1067
@calls 0 1068
@calls 0 1069
@calls 0 1070
@calls 0 1071
@calls 0 1072
@calls 0 1073
@calls 0 1074
@calls 0 1075
@calls 0 1076
@calls 0 1077
@calls 0 1078
@calls 0 1079
@calls 0 1080
@calls 0 1081
@calls 0 1082
@calls 0 1083
@calls 0 1084
@calls 0 1085
@calls 0 1086
@calls 0 1087
@calls 0 1088
@calls 0 1089
@calls 0 1090
@calls 0 1091
@calls 0 1092
@calls 0 1093
@calls 0 1094
@calls 0 1095
@calls 0 1096
@calls 0 1097
@calls 0 1098
@calls 0 1099
@calls 0 1100
@calls 0 1101
@calls 0 1102
@calls 0 1103
@calls 0 1104
@calls 0 1105
@calls 0 1106
@calls 0 1107
@calls 0 1108
@calls 0 1109
@calls 0 1110
@calls 0 1111
@calls 0 1112
@calls 0 1113
@calls 0 1114
@calls 0 1115
@calls 0 1116
@calls 0 1117
@calls 0 1118
@calls 0 1119
@calls 0 1120
@calls 0 1121
@calls 0 1122
@calls 0 1123
@calls 0 1124
@calls 0 1125
@calls 0 1126
@calls 0 1127
@calls 0 1128
@calls 0 1129
@calls 0 1130
@calls 0 1131
@calls 0 1132
@calls 0 1133
@calls 0 1134
@calls 0 1135
@calls 0 1136
@calls 0 1137
@calls 0 1138
@calls 0 1139
@calls 0 1140
@calls 0 1141
@calls 0 1142
@calls 0 1143
@calls 0 1144
@calls 0 1145
@calls 0 1146
@calls 0 1147
@calls 0 1148
@calls 0 1149
@calls 0 1150
@calls 0 1151
@calls 0 1152
@calls 0 1153
@calls 0 1154
@calls 0 1155
@calls 0 1156
@calls 0 1157
@calls 0 1158
@calls 0 1159
@calls 0 1160
@calls 0 1161
@calls 0 1162
@calls 0 1163
@calls 0 1164
@calls 0 1165
@calls 0 1166
@calls 0 1167
@calls 0 1168
@calls 0 1169
@calls 0 1170
@calls 0 1171
@calls 0 1172
@calls 0 1173
@calls 0 1174
@calls 0 1175
@calls 0 1176
@calls 0 1177
@calls 0 1178
@calls 0 1179
@calls 0 1180
@calls 0 1181
@calls 0 1182
@calls 0 1183
@calls 0 1184
@calls 0 1185
@calls 0 1186
@calls 0 1187
@calls 0 1188
@calls 0 1189
@calls 0 1190
@calls 0 1191
@calls 0 1192
@calls 0 1193
@calls 0 1194
@calls 0 1195
@calls 0 1196
@calls 0 1197
@calls 0 1198
@calls 0 1199
@calls 0 1200
@calls 0 1201
@calls 0 1202
@calls 0 1203
@calls 0 1204
@calls 0 1205
@calls 0 1206
@calls 0 1207
@calls 0 1208
@calls 0 1209
@calls 0 1210
@calls 0 1211
@calls 0 1212
@calls 0 1213
@calls 0 1214
@calls 0 1215
@calls 0 1216
@calls 0 1217
@calls 0 1218
@calls 0 1219
@calls 0 1220
@calls 0 1221
@calls 0 1222
@calls 0 1223
@calls 0 1224
@calls 0 1225
@calls 0 1226
@calls 0 1227
@calls 0 1228
@calls 0 1229
@calls 0 1230
@calls 0 1231
@calls 0 1232
@calls 0 1233
@calls 0 1234
@calls 0 1235
@calls 0 1236
@calls 0 1237
@calls 0 1238
@calls 0 1239
@calls 0 1240
@calls 0 1241
@calls 0 1242
@calls 0 1243
@calls 0 1244
@calls 0 1245
@calls 0 1246
@calls 0 1247
@calls 0 1248
@calls 0 1249
@calls 0 1250
@calls 0 1251
@calls 0 1252
@calls 0 1253
@calls 0 1254
@calls 0 1255
@calls 0 1256
@calls 0 1257
@calls 0 1258
@calls 0 1259
@calls 0 1260
@calls 0 1261
@calls 0 1262
@calls 0 1263
@calls 0 1264
@calls 0 1265
@calls 0 1266
@calls 0 1267
@calls 0 1268
@calls 0 1269
@calls 0 1270
@calls 0 1271
@calls 0 1272
@calls 0 1273
@calls 0 1274
@calls 0 1275
@calls 0 1276
@calls 0 1277
@calls 0 1278
@calls 0 1279
@calls 0 1280
@calls 0 1281
@calls 0 1282
@calls 0 1283
@calls 0 1284
@calls 0 1285
@calls 0 1286
@calls 0 1287
@calls 0 1288
@calls 0 1289
@calls 0 1290
@calls 0 1291
@calls 0 1292
@calls 0 1293
@calls 0 1294
@calls 0 1295
@calls 0 1296
@calls 0 1297
@calls 0 1298
@calls 0 1299
@calls 0 1300
@calls 0 1301
@calls 0 1302
@calls 0 1303
@calls 0 1304
@calls 0 1305
@calls 0 1306
@calls 0 1307
@calls 0 1308
@calls 0 1309
@calls 0 1310
@calls 0 1311
@calls 0 1312
@calls 0 1313
@calls 0 1314
@calls 0 1315
@calls 0 1316
@calls 0 1317
@calls 0 1318
@calls 0 1319
@calls 0 1320
@calls 0 1321
@calls 0 1322
@calls 0 1323
@calls 0 1324
@calls 0 1325
@calls 0 1326
@calls 0 1327
@calls 0 1328
@calls 0 1329
@calls 0 1330
@calls 0 1331
@calls 0 1332
@calls 0 1333
@calls 0 1334
@calls 0 1335
@calls 0 1336
@calls 0 1337
@calls 0 1338
@calls 0 1339
@calls 0 1340
@calls 0 1341
@calls 0 1342
@calls 0 1343
@calls 0 1344
@calls 0 1345
@calls 0 1346
@calls 0 1347
@calls 0 1348
@calls 0 1349
@calls 0 1350
@calls 0 1351
@calls 0 1352
@calls 0 1353
@calls 0 1354
@calls 0 1355
@calls 0 1356
@calls 0 1357
@calls 0 1358
@calls 0 1359
@calls 0 1360
@calls 0 1361
@calls 0 1362
@calls 0 1363
@calls 0 1364
@calls 0 1365
@calls 0 1366
@calls 0 1367
@calls 0 1368
@calls 0 1369
@calls 0 1370
@calls 0 1371
@calls 0 1372
@calls 0 1373
@calls 0 1374
@calls 0 1375
@calls 0 1376
@calls 0 1377
@calls 0 1378
@calls 0 1379
@calls 0 1380
@calls 0 1381
@calls 0 1382
@calls 0 1383
@calls 0 1384
@calls 0 1385
@calls 0 1386
@calls 0 1387
@calls 0 1388
@calls 0 1389
@calls 0 1390
@calls 0 1391
@calls 0 1392
@calls 0 1393
@calls 0 1394
@calls 0 1395
@calls 0 1396
@calls 0 1397
@calls 0 1398
@calls 0 1399
@calls 0 1400
@calls 0 1401
@calls 0 1402
@calls 0 1403
@calls 0 1404
@calls 0 1405
@calls 0 1406
@calls 0 1407
@calls 0 1408
@calls 0 1409
@calls 0 1410
@calls 0 1411
@calls 0 1412
@calls 0 1413
@calls 0 1414
@calls 0 1415
@calls 0 1416
@calls 0 1417
@calls 0 1418
@calls 0 1419
@calls 0 1420
@calls 0 1421
@calls 0 1422
@calls 0 1423
@calls 0 1424
@calls 0 1425
@calls 0 1426
@calls 0 1427
@calls 0 1428
@calls 0 1429
@calls 0 1430
@calls 0 1431
@calls 0 1432
@calls 0 1433
@calls 0 1434
@calls 0 1435
@calls 0 1436
@calls 0 1437
@calls 0 1438
@calls 0 1439
@calls 0 1440
@calls 0 1441
@calls 0 1442
@calls 0 1443
@calls 0 1444
@calls 0 1445
@calls 0 1446
@calls 0 1447
@calls 0 1448
@calls 0 1449
@calls 0 1450
@calls 0 1451
@calls 0 1452
@calls 0 1453
@calls 0 1454
@calls 0 1455
@calls 0 1456
@calls 0 1457
@calls 0 1458
@calls 0 1459
@calls 0 1460
@calls 0 1461
@calls 0 1462
@calls 0 1463
@calls 0 1464
@calls 0 1465
@calls 0 1466
@calls 0 1467
@calls 0 1468
@calls 0 1469
@calls 0 1470
@calls 0 1471
@calls 0 1472
@calls 0 1473
@calls 0 1474
@calls 0 1475
@calls 0 1476
@calls 0 1477
@calls 0 1478
@calls 0 1479
@calls 0 1480
@calls 0 1481
@calls 0 1482
@calls 0 1483
@calls 0 1484
@calls 0 1485
@calls 0 1486
@calls 0 1487
@calls 0 1488
@calls 0 1489
@calls 0 1490
@calls 0 1491
@calls 0 1492
@calls 0 1493
@calls 0 1494
@calls 0 1495
@calls 0 1496
@calls 0 1497
@calls 0 1498
@calls 0 1499
@calls 0 1500
@calls 0 1501
@calls 0 1502
@calls 0 1503
@calls 0 1504
@calls 0 1505
@calls 0 1506
@calls 0 1507
@calls 0 1508
@calls 0 1509
@calls 0 1510
@calls 0 1511
@calls 0 1512
@calls 0 1513
@calls 0 1514
@calls 0 1515
@calls 0 1516
@calls 0 1517
@calls 0 1518
@calls 0 1519
@calls 0 1520
@calls 0 1521
@calls 0 1522
@calls 0 1523
@calls 0 1524
@calls 0 1525
@calls 0 1526
@calls 0 1527
@calls 0 1528
@calls 0 1529
@calls 0 1530
@calls 0 1531
@calls 0 1532
@calls 0 1533
@calls 0 1534
@calls 0 1535
@calls 0 1536
@calls 0 1537
@calls 0 1538
@calls 0 1539
@calls 0 1540
@calls 0 1541
@calls 0 1542
@calls 0 1543
@calls 0 1544
@calls 0 1545
@calls 0 1546
@calls 0 1547
@calls 0 1548
@calls 0 1549
@calls 0 1550
@calls 0 1551
@calls 0 1552
@calls 0 1553
@calls 0 1554
@calls 0 1555
@calls 0 1556
@calls 0 1557
@calls 0 1558
@calls 0 1559
@calls 0 1560
@calls 0 1561
@calls 0 1562
@calls 0 1563
@calls 0 1564
@calls 0 1565
@calls 0 1566
@calls 0 1567
@calls 0 1568
@calls 0 1569
@calls 0 1570
@calls 0 1571
@calls 0 1572
@calls 0 1573
@calls 0 1574
@calls 0 1575
@calls 0 1576
@calls 0 1577
@calls 0 1578
@calls 0 1579
@calls 0 1580
@calls 0 1581
@calls 0 1582
@calls 0 1583
@calls 0 1584
@calls 0 1585
@calls 0 1586
@calls 0 1587
@calls 0 1588
@calls 0 1589
@calls 0 1590
@calls 0 1591
@calls 0 1592
@calls 0 1593
@calls 0 1594
@calls 0 1595
@calls 0 1596
@calls 0 1597
@calls 0 1598
@calls 0 1599
@calls 0 1600
@calls 0 1601
@calls 0 1602
@calls 0 1603
@calls 0 1604
@calls 0 1605
@calls 0 1606
@calls 0 1607
@calls 0 1608
@calls 0 1609
@calls 0 1610
@calls 0 1611
@calls 0 1612
@calls 0 1613
@calls 0 1614
@calls 0 1615
@calls 0 1616
@calls 0 1617
@calls 0 1618
@calls 0 1619
@calls 0 1620
@calls 0 1621
@calls 0 1622
@calls 0 1623
@calls 0 1624
@calls 0 1625
@calls 0 1626
@calls 0 1627
@calls 0 1628
@calls 0 1629
@calls 0 1630
@calls 0 1631
@calls 0 1632
@calls 0 1633
@calls 0 1634
@calls 0 1635
@calls 0 1636
@calls 0 1637
@calls 0 1638
@calls 0 1639
@calls 0 1640
@calls 0 1641
@calls 0 1642
@calls 0 1643
@calls 0 1644
@calls 0 1645
@calls 0 1646
@calls 0 1647
@calls 0 1648
@calls 0 1649
@calls 0 1650
@calls 0 1651
@calls 0 1652
@calls 0 1653
@calls 0 1654
@calls 0 1655
@calls 0 1656
@calls 0 1657
@calls 0 1658
@calls 0 1659
@calls 0 1660
@calls 0 1661
@calls 0 1662
@calls 0 1663
@calls 0 1664
@calls 0 1665
@calls 0 1666
@calls 0 1667
@calls 0 1668
@calls 0 1669
@calls 0 1670
@calls 0 1671
@calls 0 1672
@calls 0 1673
@calls 0 1674
@calls 0 1675
@calls 0 1676
@calls 0 1677
@calls 0 1678
@calls 0 1679
@calls 0 1680
@calls 0 1681
@calls 0 1682
@calls 0 1683
@calls 0 1684
@calls 0 1685
@calls 0 1686
@calls 0 1687
@calls 0 1688
@calls 0 1689
@calls 0 1690
@calls 0 1691
@calls 0 1692
@calls 0 1693
@calls 0 1694
@calls 0 1695
@calls 0 1696
@calls 0 1697
@calls 0 1698
@calls 0 1699
@calls 0 1700
@calls 0 1701
@calls 0 1702
@calls 0 1703
@calls 0 1704
@calls 0 1705
@calls 0 1706
@calls 0 1707
@calls 0 1708
@calls 0 1709
@calls 0 1710
@calls 0 1711
@calls 0 1712
@calls 0 1713
@calls 0 1714
@calls 0 1715
@calls 0 1716
@calls 0 1717
@calls 0 1718
@calls 0 1719
@calls 0 1720
@calls 0 1721
@calls 0 1722
@calls 0 1723
@calls 0 1724
@calls 0 1725
@calls 0 1726
@calls 0 1727
@calls 0 1728
@calls 0 1729
@calls 0 1730
@calls 0 1731
@calls 0 1732
@calls 0 1733
@calls 0 1734
@calls 0 1735
@calls 0 1736
@calls 0 1737
@calls 0 1738
@calls 0 1739
@calls 0 1740
@calls 0 1741
@calls 0 1742
@calls 0 1743
@calls 0 1744
@calls 0 1745
@calls 0 1746
@calls 0 1747
@calls 0 1748
@calls 0 1749
@calls 0 1750
@calls 0 1751
@calls 0 1752
@calls 0 1753
@calls 0 1754
@calls 0 1755
@calls 0 1756
@calls 0 1757
@calls 0 1758
@calls 0 1759
@calls 0 1760
@calls 0 1761
@calls 0 1762
@calls 0 1763
@calls 0 1764
@calls 0 1765
@calls 0 1766
@calls 0 1767
@calls 0 1768
@calls 0 1769
@calls 0 1770
@calls 0 1771
@calls 0 1772
@calls 0 1773
@calls 0 1774
@calls 0 1775
@calls 0 1776
@calls 0 1777
@calls 0 1778
@calls 0 1779
@calls 0 1780
@calls 0 1781
@calls 0 1782
@calls 0 1783
@calls 0 1784
@calls 0 1785
@calls 0 1786
@calls 0 1787
@calls 0 1788
@calls 0 1789
@calls 0 1790
@calls 0 1791
@calls 0 1792
@calls 0 1793
@calls 0 1794
@calls 0 1795
@calls 0 1796
@calls 0 1797
@calls 0 1798
@calls 0 1799
@calls 0 1800
@calls 0 1801
@calls 0 1802
@calls 0 1803
@calls 0 1804
@calls 0 1805
@calls 0 1806
@calls 0 1807
@calls 0 1808
@calls 0 1809
@calls 0 1810
@calls 0 1811
@calls 0 1812
@calls 0 1813
@calls 0 1814
@calls 0 1815
@calls 0 1816
@calls 0 1817
@calls 0 1818
@calls 0 1819
@calls 0 1820
@calls 0 1821
@calls 0 1822
@calls 0 1823
@calls 0 1824
@calls 0 1825
@calls 0 1826
@calls 0 1827
@calls 0 1828
@calls 0 1829
@calls 0 1830
@calls 0 1831
@calls 0 1832
@calls 0 1833
@calls 0 1834
@calls 0 1835
@calls 0 1836
@calls 0 1837
@calls 0 1838
@calls 0 1839
@calls 0 1840
@calls 0 1841
@calls 0 1842
@calls 0 1843
@calls 0 1844
@calls 0 1845
@calls 0 1846
@calls 0 1847
@calls 0 1848
@calls 0 1849
@calls 0 1850
@calls 0 1851
@calls 0 1852
@calls 0 1853
@calls 0 1854
@calls 0 1855
@calls 0 1856
@calls 0 1857
@calls 0 1858
@calls 0 1859
@calls 0 1860
@calls 0 1861
@calls 0 1862
@calls 0 1863
@calls 0 1864
@calls 0 1865
@calls 0 1866
@calls 0 1867
@calls 0 1868
@calls 0 1869
@calls 0 1870
@calls 0 1871
@calls 0 1872
@calls 0 1873
@calls 0 1874
@calls 0 1875
@calls 0 1876
@calls 0 1877
@calls 0 1878
@calls 0 1879
@calls 0 1880
@calls 0 1881
@calls 0 1882
@calls 0 1883
@calls 0 1884
@calls 0 1885
@calls 0 1886
@calls 0 1887
@calls 0 1888
@calls 0 1889
@calls 0 1890
@calls 0 1891
@calls 0 1892
@calls 0 1893
@calls 0 1894
@calls 0 1895
@calls 0 1896
@calls 0 1897
@calls 0 1898
@calls 0 1899
@calls 0 1900
@calls 0 1901
@calls 0 1902
@calls 0 1903
@calls 0 1904
@calls 0 1905
@calls 0 1906
@calls 0 1907
@calls 0 1908
@calls 0 1909
@calls 0 1910
@calls 0 1911
@calls 0 1912
@calls 0 1913
@calls 0 1914
@calls 0 1915
@calls 0 1916
@calls 0 1917
@calls 0 1918
@calls 0 1919
@calls 0 1920
@calls 0 1921
@calls 0 1922
@calls 0 1923
@calls 0 1924
@calls 0 1925
@calls 0 1926
@calls 0 1927
@calls 0 1928
@calls 0 1929
@calls 0 1930
@calls 0 1931
@calls 0 1932
@calls 0 1933
@calls 0 1934
@calls 0 1935
@calls 0 1936
@calls 0 1937
@calls 0 1938
@calls 0 1939
@calls 0 1940
@calls 0 1941
@calls 0 1942
@calls 0 1943
@calls 0 1944
@calls 0 1945
@calls 0 1946
@calls 0 1947
@calls 0 1948
@calls 0 1949
@calls 0 1950
@calls 0 1951
@calls 0 1952
@calls 0 1953
@calls 0 1954
@calls 0 1955
@calls 0 1956
@calls 0 1957
@calls 0 1958
@calls 0 1959
@calls 0 1960
@calls 0 1961
@calls 0 1962
@calls 0 1963
@calls 0 1964
@calls 0 1965
@calls 0 1966
@calls 0 1967
@calls 0 1968
@calls 0 1969
@calls 0 1970
@calls 0 1971
@calls 0 1972
@calls 0 1973
@calls 0 1974
@calls 0 1975
@calls 0 1976
@calls 0 1977
@calls 0 1978
@calls 0 1979
@calls 0 1980
@calls 0 1981
@calls 0 1982
@calls 0 1983
@calls 0 1984
@calls 0 1985
@calls 0 1986
@calls 0 1987
@calls 0 1988
@calls 0 1989
@calls 0 1990
@calls 0 1991
@calls 0 1992
@calls 0 1993
@calls 0 1994
@calls 0 1995
@calls 0 1996
@calls 0 1997
@calls 0 1998
@calls 0 1999
@calls 0 2000
@calls 0 2001
@calls 0 2002
@calls 0 2003
@calls 0 2004
@calls 0 2005
@calls 0 2006
@calls 0 2007
@calls 0 2008
@calls 0 2009
@calls 0 2010
@calls 0 2011
@calls 0 2012
@calls 0 2013
@calls 0 2014
@calls 0 2015
@calls 0 2016
@calls 0 2017
@calls 0 2018
@calls 0 2019
@calls 0 2020
@calls 0 2021
@calls 0 2022
@calls 0 2023
@calls 0 2024
@calls 0 2025
@calls 0 2026
@calls 0 2027
@calls 0 2028
@calls 0 2029
@calls 0 2030
@calls 0 2031
@calls 0 2032
@calls 0 2033
@calls 0 2034
@calls 0 2035
@calls 0 2036
@calls 0 2037
@calls 0 2038
@calls 0 2039
@calls 0 2040
@calls 0 2041
@calls 0 2042
@calls 0 2043
@calls 0 2044
@calls 0 2045
@calls 0 2046
@calls 0 2047
@calls 0 2048
@calls 0 2049
@calls 0 2050
@calls 0 2051
@calls 0 2052
@calls 0 2053
@calls 0 2054
@calls 0 2055
@calls 0 2056
@calls 0 2057
@calls 0 2058
@calls 0 2059
@calls 0 2060
@calls 0 2061
@calls 0 2062
@calls 0 2063
@calls 0 2064
@calls 0 2065
@calls 0 2066
@calls 0 2067
@calls 0 2068
@calls 0 2069
@calls 0 2070
@calls 0 2071
@calls 0 2072
@calls 0 2073
@calls 0 2074
@calls 0 2075
@calls 0 2076
@calls 0 2077
@calls 0 2078
@calls 0 2079
@calls 0 2080
@calls 0 2081
@calls 0 2082
@calls 0 2083
@calls 0 2084
@calls 0 2085
@calls 0 2086
@calls 0 2087
@calls 0 2088
@calls 0 2089
@calls 0 2090
@calls 0 2091
@calls 0 2092
@calls 0 2093
@calls 0 2094
@calls 0 2095
@calls 0 2096
@calls 0 2097
@calls 0 2098
@calls 0 2099
@calls 0 2100
@calls 0 2101
@calls 0 2102
@calls 0 2103
@calls 0 2104
@calls 0 2105
@calls 0 2106
@calls 0 2107
@calls 0 2108
@calls 0 2109
@calls 0 2110
@calls 0 2111
@calls 0 2112
@calls 0 2113
@calls 0 2114
@calls 0 2115
@calls 0 2116
@calls 0 2117
@calls 0 2118
@calls 0 2119
@calls 0 2120
@calls 0 2121
@calls 0 2122
@calls 0 2123
@calls 0 2124
@calls 0 2125
@calls 0 2126
@calls 0 2127
@calls 0 2128
@calls 0 2129
@calls 0 2130
@calls 0 2131
@calls 0 2132
@calls 0 2133
@calls 0 2134
@calls 0 2135
@calls 0 2136
@calls 0 2137
@calls 0 2138
@calls 0 2139
@calls 0 2140
@calls 0 2141
@calls 0 2142
@calls 0 2143
@calls 0 2144
@calls 0 2145
@calls 0 2146
@calls 0 2147
@calls 0 2148
@calls 0 2149
@calls 0 2150
@calls 0 2151
@calls 0 2152
@calls 0 2153
@calls 0 2154
@calls 0 2155
@calls 0 2156
@calls 0 2157
@calls 0 2158
@calls 0 2159
@calls 0 2160
@calls 0 2161
@calls 0 2162
@calls 0 2163
@calls 0 2164
@calls 0 2165
@calls 0 2166
@calls 0 2167
@calls 0 2168
@calls 0 2169
@calls 0 2170
@calls 0 2171
@calls 0 2172
@calls 0 2173
@calls 0 2174
@calls 0 2175
@calls 0 2176
@calls 0 2177
@calls 0 2178
@calls 0 2179
@calls 0 2180
@calls 0 2181
@calls 0 2182
@calls 0 2183
@calls 0 2184
@calls 0 2185
@calls 0 2186
@calls 0 2187
@calls 0 2188
@calls 0 2189
@calls 0 2190
@calls 0 2191
@calls 0 2192
@calls 0 2193
@calls 0 2194
@calls 0 2195
@calls 0 2196
@calls 0 2197
@calls 0 2198
@calls 0 2199
@calls 0 2200
@calls 0 2201
@calls 0 2202
@calls 0 2203
@calls 0 2204
@calls 0 2205
@calls 0 2206
@calls 0 2207
@calls 0 2208
@calls 0 2209
@calls 0 2210
@calls 0 2211
@calls 0 2212
@calls 0 2213
@calls 0 2214
@calls 0 2215
@calls 0 2216
@calls 0 2217
@calls 0 2218
@calls 0 2219
@calls 0 2220
@calls 0 2221
@calls 0 2222
@calls 0 2223
@calls 0 2224
@calls 0 2225
@calls 0 2226
@calls 0 2227
@calls 0 2228
@calls 0 2229
@calls 0 2230
@calls 0 2231
@calls 0 2232
@calls 0 2233
@calls 0 2234
@calls 0 2235
@calls 0 2236
@calls 0 2237
@calls 0 2238
@calls 0 2239
@calls 0 2240
@calls 0 2241
@calls 0 2242
@calls 0 2243
@calls 0 2244
@calls 0 2245
@calls 0 2246
@calls 0 2247
@calls 0 2248
@calls 0 2249
@calls 0 2250
@calls 0 2251
@calls 0 2252
@calls 0 2253
@calls 0 2254
@calls 0 2255
@calls 0 2256
@calls 0 2257
@calls 0 2258
@calls 0 2259
@calls 0 2260
@calls 0 2261
@calls 0 2262
@calls 0 2263
@calls 0 2264
@calls 0 2265
@calls 0 2266
@calls 0 2267
@calls 0 2268
@calls 0 2269
@calls 0 2270
@calls 0 2271
@calls 0 2272
@calls 0 2273
@calls 0 2274
@calls 0 2275
@calls 0 2276
@calls 0 2277
@calls 0 2278
@calls 0 2279
@calls 0 2280
@calls 0 2281
@calls 0 2282
@calls 0 2283
@calls 0 2284
@calls 0 2285
@calls 0 2286
@calls 0 2287
@calls 0 2288
@calls 0 2289
@calls 0 2290
@calls 0 2291
@calls 0 2292
@calls 0 2293
@calls 0 2294
@calls 0 2295
@calls 0 2296
@calls 0 2297
@calls 0 2298
@calls 0 2299
@calls 0 2300
@calls 0 2301
@calls 0 2302
@calls 0 2303
@calls 0 2304
@calls 0 2305
@calls 0 2306
@calls 0 2307
@calls 0 2308
@calls 0 2309
@calls 0 2310
@calls 0 2311
@calls 0 2312
@calls 0 2313
@calls 0 2314
@calls 0 2315
@calls 0 2316
@calls 0 2317
@calls 0 2318
@calls 0 2319
@calls 0 2320
@calls 0 2321
@calls 0 2322
@calls 0 2323
@calls 0 2324
@calls 0 2325
@calls 0 2326
@calls 0 2327
@calls 0 2328
@calls 0 2329
@calls 0 2330
@calls 0 2331
@calls 0 2332
@calls 0 2333
@calls 0 2334
@calls 0 2335
@calls 0 2336
@calls 0 2337
@calls 0 2338
@calls 0 2339
@calls 0 2340
@calls 0 2341
@calls 0 2342
@calls 0 2343
@calls 0 2344
@calls 0 2345
@calls 0 2346
@calls 0 2347
@calls 0 2348
@calls 0 2349
@calls 0 2350
@calls 0 2351
@calls 0 2352
@calls 0 2353
@calls 0 2354
@calls 0 2355
@calls 0 2356
@calls 0 2357
@calls 0 2358
@calls 0 2359
@calls 0 2360
@calls 0 2361
@calls 0 2362
@calls 0 2363
@calls 0 2364
@calls 0 2365
@calls 0 2366
@calls 0 2367
@calls 0 2368
@calls 0 2369
@calls 0 2370
@calls 0 2371
@calls 0 2372
@calls 0 2373
@calls 0 2374
@calls 0 2375
@calls 0 2376
@calls 0 2377
@calls 0 2378
@calls 0 2379
@calls 0 2380
@calls 0 2381
@calls 0 2382
@calls 0 2383
@calls 0 2384
@calls 0 2385
@calls 0 2386
@calls 0 2387
@calls 0 2388
@calls 0 2389
@calls 0 2390
@calls 0 2391
@calls 0 2392
@calls 0 2393
@calls 0 2394
@calls 0 2395
@calls 0 2396
@calls 0 2397
@calls 0 2398
@calls 0 2399
@calls 0 2400
@calls 0 2401
@calls 0 2402
@calls 0 2403
@calls 0 2404
@calls 0 2405
@calls 0 2406
@calls 0 2407
@calls 0 2408
@calls 0 2409
@calls 0 2410
@calls 0 2411
@calls 0 2412
@calls 0 2413
@calls 0 2414
@calls 0 2415
@calls 0 2416
@calls 0 2417
@calls 0 2418
@calls 0 2419
@calls 0 2420
@calls 0 2421
@calls 0 2422
@calls 0 2423
@calls 0 2424
@calls 0 2425
@calls 0 2426
@calls 0 2427
@calls 0 2428
@calls 0 2429
@calls 0 2430
@calls 0 2431
@calls 0 2432
@calls 0 2433
@calls 0 2434
@calls 0 2435
@calls 0 2436
@calls 0 2437
@calls 0 2438
@calls 0 2439
@calls 0 2440
@calls 0 2441
@calls 0 2442
@calls 0 2443
@calls 0 2444
@calls 0 2445
@calls 0 2446
@calls 0 2447
@calls 0 2448
@calls 0 2449
@calls 0 2450
@calls 0 2451
@calls 0 2452
@calls 0 2453
@calls 0 2454
@calls 0 2455
@calls 0 2456
@calls 0 2457
@calls 0 2458
@calls 0 2459
@calls 0 2460
@calls 0 2461
@calls 0 2462
@calls 0 2463
@calls 0 2464
@calls 0 2465
@calls 0 2466
@calls 0 2467
@calls 0 2468
@calls 0 2469
@calls 0 2470
@calls 0 2471
@calls 0 2472
@calls 0 2473
@calls 0 2474
@calls 0 2475
@calls 0 2476
@calls 0 2477
@calls 0 2478
@calls 0 2479
@calls 0 2480
@calls 0 2481
@calls 0 2482
@calls 0 2483
@calls 0 2484
@calls 0 2485
@calls 0 2486
@calls 0 2487
@calls 0 2488
@calls 0 2489
@calls 0 2490
@calls 0 2491
@calls 0 2492
@calls 0 2493
@calls 0 2494
@calls 0 2495
@calls 0 2496
@calls 0 2497
@calls 0 2498
@calls 0 2499
@calls 0 2500
@calls 0 2501
@calls 0 2502
@calls 0 2503
@calls 0 2504
@calls 0 2505
@calls 0 2506
@calls 0 2507
@calls 0 2508
@calls 0 2509
@calls 0 2510
@calls 0 2511
@calls 0 2512
@calls 0 2513
@calls 0 2514
@calls 0 2515
@calls 0 2516
@calls 0 2517
@calls 0 2518
@calls 0 2519
@calls 0 2520
@calls 0 2521
@calls 0 2522
@calls 0 2523
@calls 0 2524
@calls 0 2525
@calls 0 2526
@calls 0 2527
@calls 0 2528
@calls 0 2529
@calls 0 2530
@calls 0 2531
@calls 0 2532
@calls 0 2533
@calls 0 2534
@calls 0 2535
@calls 0 2536
@calls 0 2537
@calls 0 2538
@calls 0 2539
@calls 0 2540
@calls 0 2541
@calls 0 2542
@calls 0 2543
@calls 0 2544
@calls 0 2545
@calls 0 2546
@calls 0 2547
@calls 0 2548
@calls 0 2549
@calls 0 2550
@calls 0 2551
@calls 0 2552
@calls 0 2553
@calls 0 2554
@calls 0 2555
@calls 0 2556
@calls 0 2557
@calls 0 2558
@calls 0 2559
@calls 0 2560
@calls 0 2561
@calls 0 2562
@calls 0 2563
@calls 0 2564
@calls 0 2565
@calls 0 2566
@calls 0 2567
@calls 0 2568
@calls 0 2569
@calls 0 2570
@calls 0 2571
@calls 0 2572
@calls 0 2573
@calls 0 2574
@calls 0 2575
@calls 0 2576
@calls 0 2577
@calls 0 2578
@calls 0 2579
@calls 0 2580
@calls 0 2581
@calls 0 2582
@calls 0 2583
@calls 0 2584
@calls 0 2585
@calls 0 2586
@calls 0 2587
@calls 0 2588
@calls 0 2589
@calls 0 2590
@calls 0 2591
@calls 0 2592
@calls 0 2593
@calls 0 2594
@calls 0 2595
@calls 0 2596
@calls 0 2597
@calls 0 2598
@calls 0 2599
@calls 0 2600
@calls 0 2601
@calls 0 2602
@calls 0 2603
@calls 0 2604
@calls 0 2605
@calls 0 2606
@calls 0 2607
@calls 0 2608
@calls 0 2609
@calls 0 2610
@calls 0 2611
@calls 0 2612
@calls 0 2613
@calls 0 2614
@calls 0 2615
@calls 0 2616
@calls 0 2617
@calls 0 2618
@calls 0 2619
@calls 0 2620
@calls 0 2621
@calls 0 2622
@calls 0 2623
@calls 0 2624
@calls 0 2625
@calls 0 2626
@calls 0 2627
@calls 0 2628
@calls 0 2629
@calls 0 2630
@calls 0 2631
@calls 0 2632
@calls 0 2633
@calls 0 2634
@calls 0 2635
@calls 0 2636
@calls 0 2637
@calls 0 2638
@calls 0 2639
@calls 0 2640
@calls 0 2641
@calls 0 2642
@calls 0 2643
@calls 0 2644
@calls 0 2645
@calls 0 2646
@calls 0 2647
@calls 0 2648
@calls 0 2649
@calls 0 2650
@calls 0 2651
@calls 0 2652
@calls 0 2653
@calls 0 2654
@calls 0 2655
@calls 0 2656
@calls 0 2657
@calls 0 2658
@calls 0 2659
@calls 0 2660
@calls 0 2661
@calls 0 2662
@calls 0 2663
@calls 0 2664
@calls 0 2665
@calls 0 2666
@calls 0 2667
@calls 0 2668
@calls 0 2669
@calls 0 2670
@calls 0 2671
@calls 0 2672
@calls 0 2673
@calls 0 2674
@calls 0 2675
@calls 0 2676
@calls 0 2677
@calls 0 2678
@calls 0 2679
@calls 0 2680
@calls 0 2681
@calls 0 2682
@calls 0 2683
@calls 0 2684
@calls 0 2685
@calls 0 2686
@calls 0 2687
@calls 0 2688
@calls 0 2689
@calls 0 2690
@calls 0 2691
@calls 0 2692
@calls 0 2693
@calls 0 2694
@calls 0 2695
@calls 0 2696
@calls 0 2697
@calls 0 2698
@calls 0 2699
@calls 0 2700
@calls 0 2701
@calls 0 2702
@calls 0 2703
@calls 0 2704
@calls 0 2705
@calls 0 2706
@calls 0 2707
@calls 0 2708
@calls 0 2709
@calls 0 2710
@calls 0 2711
@calls 0 2712
@calls 0 2713
@calls 0 2714
@calls 0 2715
@calls 0 2716
@calls 0 2717
@calls 0 2718
@calls 0 2719
@calls 0 2720
@calls 0 2721
@calls 0 2722
@calls 0 2723
@calls 0 2724
@calls 0 2725
@calls 0 2726
@calls 0 2727
@calls 0 2728
@calls 0 2729
@calls 0 2730
@calls 0 2731
@calls 0 2732
@calls 0 2733
@calls 0 2734
@calls 0 2735
@calls 0 2736
@calls 0 2737
@calls 0 2738
@calls 0 2739
@calls 0 2740
@calls 0 2741
@calls 0 2742
@calls 0 2743
@calls 0 2744
@calls 0 2745
@calls 0 2746
@calls 0 2747
@calls 0 2748
@calls 0 2749
@calls 0 2750
@calls 0 2751
@calls 0 2752
@calls 0 2753
@calls 0 2754
@calls 0 2755
@calls 0 2756
@calls 0 2757
@calls 0 2758
@calls 0 2759
@calls 0 2760
@calls 0 2761
@calls 0 2762
@calls 0 2763
@calls 0 2764
@calls 0 2765
@calls 0 2766
@calls 0 2767
@calls 0 2768
@calls 0 2769
@calls 0 2770
@calls 0 2771
@calls 0 2772
@calls 0 2773
@calls 0 2774
@calls 0 2775
@calls 0 2776
@calls 0 2777
@calls 0 2778
@calls 0 2779
@calls 0 2780
@calls 0 2781
@calls 0 2782
@calls 0 2783
@calls 0 2784
@calls 0 2785
@calls 0 2786
@calls 0 2787
@calls 0 2788
@calls 0 2789
@calls 0 2790
@calls 0 2791
@calls 0 2792
@calls 0 2793
@calls 0 2794
@calls 0 2795
@calls 0 2796
@calls 0 2797
@calls 0 2798
@calls 0 2799
@calls 0 2800
@calls 0 2801
@calls 0 2802
@calls 0 2803
@calls 0 2804
@calls 0 2805
@calls 0 2806
@calls 0 2807
@calls 0 2808
@calls 0 2809
@calls 0 2810
@calls 0 2811
@calls 0 2812
@calls 0 2813
@calls 0 2814
@calls 0 2815
@calls 0 2816
@calls 0 2817
@calls 0 2818
@calls 0 2819
@calls 0 2820
@calls 0 2821
@calls 0 2822
@calls 0 2823
@calls 0 2824
@calls 0 2825
@calls 0 2826
@calls 0 2827
@calls 0 2828
@calls 0 2829
@calls 0 2830
@calls 0 2831
@calls 0 2832
@calls 0 2833
@calls 0 2834
@calls 0 2835
@calls 0 2836
@calls 0 2837
@calls 0 2838
@calls 0 2839
@calls 0 2840
@calls 0 2841
@calls 0 2842
@calls 0 2843
@calls 0 2844
@calls 0 2845
@calls 0 2846
@calls 0 2847
@calls 0 2848
@calls 0 2849
@calls 0 2850
@calls 0 2851
@calls 0 2852
@calls 0 2853
@calls 0 2854
@calls 0 2855
@calls 0 2856
@calls 0 2857
@calls 0 2858
@calls 0 2859
@calls 0 2860
@calls 0 2861
@calls 0 2862
@calls 0 2863
@calls 0 2864
@calls 0 2865
@calls 0 2866
@calls 0 2867
@calls 0 2868
@calls 0 2869
@calls 0 2870
@calls 0 2871
@calls 0 2872
@calls 0 2873
@calls 0 2874
@calls 0 2875
@calls 0 2876
@calls 0 2877
@calls 0 2878
@calls 0 2879
@calls 0 2880
@calls 0 2881
@calls 0 2882
@calls 0 2883
@calls 0 2884
@calls 0 2885
@calls 0 2886
@calls 0 2887
@calls 0 2888
@calls 0 2889
@calls 0 2890
@calls 0 2891
@calls 0 2892
@calls 0 2893
@calls 0 2894
@calls 0 2895
@calls 0 2896
@calls 0 2897
@calls 0 2898
@calls 0 2899
@calls 0 2900
@calls 0 2901
@calls 0 2902
@calls 0 2903
@calls 0 2904
@calls 0 2905
@calls 0 2906
@calls 0 2907
@calls 0 2908
@calls 0 2909
@calls 0 2910
@calls 0 2911
@calls 0 2912
@calls 0 2913
@calls 0 2914
@calls 0 2915
@calls 0 2916
@calls 0 2917
@calls 0 2918
@calls 0 2919
@calls 0 2920
@calls 0 2921
@calls 0 2922
@calls 0 2923
@calls 0 2924
@calls 0 2925
@calls 0 2926
@calls 0 2927
@calls 0 2928
@calls 0 2929
@calls 0 2930
@calls 0 2931
@calls 0 2932
@calls 0 2933
@calls 0 2934
@calls 0 2935
@calls 0 2936
@calls 0 2937
@calls 0 2938
@calls 0 2939
@calls 0 2940
@calls 0 2941
@calls 0 2942
@calls 0 2943
@calls 0 2944
@calls 0 2945
@calls 0 2946
@calls 0 2947
@calls 0 2948
@calls 0 2949
@calls 0 2950
@calls 0 2951
@calls 0 2952
@calls 0 2953
@calls 0 2954
@calls 0 2955
@calls 0 2956
@calls 0 2957
@calls 0 2958
@calls 0 2959
@calls 0 2960
@calls 0 2961
@calls 0 2962
@calls 0 2963
@calls 0 2964
@calls 0 2965
@calls 0 2966
@calls 0 2967
@calls 0 2968
@calls 0 2969
@calls 0 2970
@calls 0 2971
@calls 0 2972
@calls 0 2973
@calls 0 2974
@calls 0 2975
@calls 0 2976
@calls 0 2977
@calls 0 2978
@calls 0 2979
@calls 0 2980
@calls 0 2981
@calls 0 2982
@calls 0 2983
@calls 0 2984
@calls 0 2985
@calls 0 2986
@calls 0 2987
@calls 0 2988
@calls 0 2989
@calls 0 2990
@calls 0 2991
@calls 0 2992
@calls 0 2993
@calls 0 2994
@calls 0 2995
@calls 0 2996
@calls 0 2997
@calls 0 2998
@calls 0 2999
@calls 0 3000
@calls 0 3001
@calls 0 3002
@calls 0 3003
@calls 0 3004
@calls 0 3005
@calls 0 3006
@calls 0 3007
@calls 0 3008
@calls 0 3009
@calls 0 3010
@calls 0 3011
@calls 0 3012
@calls 0 3013
@calls 0 3014
@calls 0 3015
@calls 0 3016
@calls 0 3017
@calls 0 3018
@calls 0 3019
@calls 0 3020
@calls 0 3021
@calls 0 3022
@calls 0 3023
@calls 0 3024
@calls 0 3025
@calls 0 3026
@calls 0 3027
@calls 0 3028
@calls 0 3029
@calls 0 3030
@calls 0 3031
@calls 0 3032
@calls 0 3033
@calls 0 3034
@calls 0 3035
@calls 0 3036
@calls 0 3037
@calls 0 3038
@calls 0 3039
@calls 0 3040
@calls 0 3041
@calls 0 3042
@calls 0 3043
@calls 0 3044
@calls 0 3045
@calls 0 3046
@calls 0 3047
@calls 0 3048
@calls 0 3049
@calls 0 3050
@calls 0 3051
@calls 0 3052
@calls 0 3053
@calls 0 3054
@calls 0 3055
@calls 0 3056
@calls 0 3057
@calls 0 3058
@calls 0 3059
@calls 0 3060
@calls 0 3061
@calls 0 3062
@calls 0 3063
@calls 0 3064
@calls 0 3065
@calls 0 3066
@calls 0 3067
@calls 0 3068
@calls 0 3069
@calls 0 3070
@calls 0 3071
@calls 0 3072
@calls 0 3073
@calls 0 3074
@calls 0 3075
@calls 0 3076
@calls 0 3077
@calls 0 3078
@calls 0 3079
@calls 0 3080
@calls 0 3081
@calls 0 3082
@calls 0 3083
@calls 0 3084
@calls 0 3085
@calls 0 3086
@calls 0 3087
@calls 0 3088
@calls 0 3089
@calls 0 3090
@calls 0 3091
@calls 0 3092
@calls 0 3093
@calls 0 3094
@calls 0 3095
@calls 0 3096
@calls 0 3097
@calls 0 3098
@calls 0 3099
@calls 0 3100
@calls 0 3101
@calls 0 3102
@calls 0 3103
@calls 0 3104
@calls 0 3105
@calls 0 3106
@calls 0 3107
@calls 0 3108
@calls 0 3109
@calls 0 3110
@calls 0 3111
@calls 0 3112
@calls 0 3113
@calls 0 3114
@calls 0 3115
@calls 0 3116
@calls 0 3117
@calls 0 3118
@calls 0 3119
@calls 0 3120
@calls 0 3121
@calls 0 3122
@calls 0 3123
@calls 0 3124
@calls 0 3125
@calls 0 3126
@calls 0 3127
@calls 0 3128
@calls 0 3129
@calls 0 3130
@calls 0 3131
@calls 0 3132
@calls 0 3133
@calls 0 3134
@calls 0 3135
@calls 0 3136
@calls 0 3137
@calls 0 3138
@calls 0 3139
@calls 0 3140
@calls 0 3141
@calls 0 3142
@calls 0 3143
@calls 0 3144
@calls 0 3145
@calls 0 3146
@calls 0 3147
@calls 0 3148
@calls 0 3149
@calls 0 3150
@calls 0 3151
@calls 0 3152
@calls 0 3153
@calls 0 3154
@calls 0 3155
@calls 0 3156
@calls 0 3157
@calls 0 3158
@calls 0 3159
@calls 0 3160
@calls 0 3161
@calls 0 3162
@calls 0 3163
@calls 0 3164
@calls 0 3165
@calls 0 3166
@calls 0 3167
@calls 0 3168
@calls 0 3169
@calls 0 3170
@calls 0 3171
@calls 0 3172
@calls 0 3173
@calls 0 3174
@calls 0 3175
@calls 0 3176
@calls 0 3177
@calls 0 3178
@calls 0 3179
@calls 0 3180
@calls 0 3181
@calls 0 3182
@calls 0 3183
@calls 0 3184
@calls 0 3185
@calls 0 3186
@calls 0 3187
@calls 0 3188
@calls 0 3189
@calls 0 3190
@calls 0 3191
@calls 0 3192
@calls 0 3193
@calls 0 3194
@calls 0 3195
@calls 0 3196
@calls 0 3197
@calls 0 3198
@calls 0 3199
@calls 0 3200
@calls 0 3201
@calls 0 3202
@calls 0 3203
@calls 0 3204
@calls 0 3205
@calls 0 3206
@calls 0 3207
@calls 0 3208
@calls 0 3209
@calls 0 3210
@calls 0 3211
@calls 0 3212
@calls 0 3213
@calls 0 3214
@calls 0 3215
@calls 0 3216
@calls 0 3217
@calls 0 3218
@calls 0 3219
@calls 0 3220
@calls 0 3221
@calls 0 3222
@calls 0 3223
@calls 0 3224
@calls 0 3225
@calls 0 3226
@calls 0 3227
@calls 0 3228
@calls 0 3229
@calls 0 3230
@calls 0 3231
@calls 0 3232
@calls 0 3233
@calls 0 3234
@calls 0 3235
@calls 0 3236
@calls 0 3237
@calls 0 3238
@calls 0 3239
@calls 0 3240
@calls 0 3241
@calls 0 3242
@calls 0 3243
@calls 0 3244
@calls 0 3245
@calls 0 3246
@calls 0 3247
@calls 0 3248
@calls 0 3249
@calls 0 3250
@calls 0 3251
@calls 0 3252
@calls 0 3253
@calls 0 3254
@calls 0 3255
@calls 0 3256
@calls 0 3257
@calls 0 3258
@calls 0 3259
@calls 0 3260
@calls 0 3261
@calls 0 3262
@calls 0 3263
@calls 0 3264
@calls 0 3265
@calls 0 3266
@calls 0 3267
@calls 0 3268
@calls 0 3269
@calls 0 3270
@calls 0 3271
@calls 0 3272
@calls 0 3273
@calls 0 3274
@calls 0 3275
@calls 0 3276
@calls 0 3277
@calls 0 3278
@calls 0 3279
@calls 0 3280
@calls 0 3281
@calls 0 3282
@calls 0 3283
@calls 0 3284
@calls 0 3285
@calls 0 3286
@calls 0 3287
@calls 0 3288
@calls 0 3289
@calls 0 3290
@calls 0 3291
@calls 0 3292
@calls 0 3293
@calls 0 3294
@calls 0 3295
@calls 0 3296
@calls 0 3297
@calls 0 3298
@calls 0 3299
@calls 0 3300
@calls 0 3301
@calls 0 3302
@calls 0 3303
@calls 0 3304
@calls 0 3305
@calls 0 3306
@calls 0 3307
@calls 0 3308
@calls 0 3309
@calls 0 3310
@calls 0 3311
@calls 0 3312
@calls 0 3313
@calls 0 3314
@calls 0 3315
@calls 0 3316
@calls 0 3317
@calls 0 3318
@calls 0 3319
@calls 0 3320
@calls 0 3321
@calls 0 3322
@calls 0 3323
@calls 0 3324
@calls 0 3325
@calls 0 3326
@calls 0 3327
@calls 0 3328
@calls 0 3329
@calls 0 3330
@calls 0 3331
@calls 0 3332
@calls 0 3333
@calls 0 3334
@calls 0 3335
@calls 0 3336
@calls 0 3337
@calls 0 3338
@calls 0 3339
@calls 0 3340
@calls 0 3341
@calls 0 3342
@calls 0 3343
@calls 0 3344
@calls 0 3345
@calls 0 3346
@calls 0 3347
@calls 0 3348
@calls 0 3349
@calls 0 3350
@calls 0 3351
@calls 0 3352
@calls 0 3353
@calls 0 3354
@calls 0 3355
@calls 0 3356
@calls 0 3357
@calls 0 3358
@calls 0 3359
@calls 0 3360
@calls 0 3361
@calls 0 3362
@calls 0 3363
@calls 0 3364
@calls 0 3365
@calls 0 3366
@calls 0 3367
@calls 0 3368
@calls 0 3369
@calls 0 3370
@calls 0 3371
@calls 0 3372
@calls 0 3373
@calls 0 3374
@calls 0 3375
@calls 0 3376
@calls 0 3377
@calls 0 3378
@calls 0 3379
@calls 0 3380
@calls 0 3381
@calls 0 3382
@calls 0 3383
@calls 0 3384
@calls 0 3385
@calls 0 3386
@calls 0 3387
@calls 0 3388
@calls 0 3389
@calls 0 3390
@calls 0 3391
@calls 0 3392
@calls 0 3393
@calls 0 3394
@calls 0 3395
@calls 0 3396
@calls 0 3397
@calls 0 3398
@calls 0 3399
@calls 0 3400
@calls 0 3401
@calls 0 3402
@calls 0 3403
@calls 0 3404
@calls 0 3405
@calls 0 3406
@calls 0 3407
@calls 0 3408
@calls 0 3409
@calls 0 3410
@calls 0 3411
@calls 0 3412
@calls 0 3413
@calls 0 3414
@calls 0 3415
@calls 0 3416
@calls 0 3417
@calls 0 3418
@calls 0 3419
@calls 0 3420
@calls 0 3421
@calls 0 3422
@calls 0 3423
@calls 0 3424
@calls 0 3425
@calls 0 3426
@calls 0 3427
@calls 0 3428
@calls 0 3429
@calls 0 3430
@calls 0 3431
@calls 0 3432
@calls 0 3433
@calls 0 3434
@calls 0 3435
@calls 0 3436
@calls 0 3437
@calls 0 3438
@calls 0 3439
@calls 0 3440
@calls 0 3441
@calls 0 3442
@calls 0 3443
@calls 0 3444
@calls 0 3445
@calls 0 3446
@calls 0 3447
@calls 0 3448
@calls 0 3449
@calls 0 3450
@calls 0 3451
@calls 0 3452
@calls 0 3453
@calls 0 3454
@calls 0 3455
@calls 0 3456
@calls 0 3457
@calls 0 3458
@calls 0 3459
@calls 0 3460
@calls 0 3461
@calls 0 3462
@calls 0 3463
@calls 0 3464
@calls 0 3465
@calls 0 3466
@calls 0 3467
@calls 0 3468
@calls 0 3469
@calls 0 3470
@calls 0 3471
@calls 0 3472
@calls 0 3473
@calls 0 3474
@calls 0 3475
@calls 0 3476
@calls 0 3477
@calls 0 3478
@calls 0 3479
@calls 0 3480
@calls 0 3481
@calls 0 3482
@calls 0 3483
@calls 0 3484
@calls 0 3485
@calls 0 3486
@calls 0 3487
@calls 0 3488
@calls 0 3489
@calls 0 3490
@calls 0 3491
@calls 0 3492
@calls 0 3493
@calls 0 3494
@calls 0 3495
@calls 0 3496
@calls 0 3497
@calls 0 3498
@calls 0 3499
@calls 0 3500
@calls 0 3501
@calls 0 3502
@calls 0 3503
@calls 0 3504
@calls 0 3505
@calls 0 3506
@calls 0 3507
@calls 0 3508
@calls 0 3509
@calls 0 3510
@calls 0 3511
@calls 0 3512
@calls 0 3513
@calls 0 3514
@calls 0 3515
@calls 0 3516
@calls 0 3517
@calls 0 3518
@calls 0 3519
@calls 0 3520
@calls 0 3521
@calls 0 3522
@calls 0 3523
@calls 0 3524
@calls 0 3525
@calls 0 3526
@calls 0 3527
@calls 0 3528
@calls 0 3529
@calls 0 3530
@calls 0 3531
@calls 0 3532
@calls 0 3533
@calls 0 3534
@calls 0 3535
@calls 0 3536
@calls 0 3537
@calls 0 3538
@calls 0 3539
@calls 0 3540
@calls 0 3541
@calls 0 3542
@calls 0 3543
@calls 0 3544
@calls 0 3545
@calls 0 3546
@calls 0 3547
@calls 0 3548
@calls 0 3549
@calls 0 3550
@calls 0 3551
@calls 0 3552
@calls 0 3553
@calls 0 3554
@calls 0 3555
@calls 0 3556
@calls 0 3557
@calls 0 3558
@calls 0 3559
@calls 0 3560
@calls 0 3561
@calls 0 3562
@calls 0 3563
@calls 0 3564
@calls 0 3565
@calls 0 3566
@calls 0 3567
@calls 0 3568
@calls 0 3569
@calls 0 3570
@calls 0 3571
@calls 0 3572
@calls 0 3573
@calls 0 3574
@calls 0 3575
@calls 0 3576
@calls 0 3577
@calls 0 3578
@calls 0 3579
@calls 0 3580
@calls 0 3581
@calls 0 3582
@calls 0 3583
@calls 0 3584
@calls 0 3585
@calls 0 3586
@calls 0 3587
@calls 0 3588
@calls 0 3589
@calls 0 3590
@calls 0 3591
@calls 0 3592
@calls 0 3593
@calls 0 3594
@calls 0 3595
@calls 0 3596
@calls 0 3597
@calls 0 3598
@calls 0 3599
@calls 0 3600
@calls 0 3601
@calls 0 3602
@calls 0 3603
@calls 0 3604
@calls 0 3605
@calls 0 3606
@calls 0 3607
@calls 0 3608
@calls 0 3609
@calls 0 3610
@calls 0 3611
@calls 0 3612
@calls 0 3613
@calls 0 3614
@calls 0 3615
@calls 0 3616
@calls 0 3617
@calls 0 3618
@calls 0 3619
@calls 0 3620
@calls 0 3621
@calls 0 3622
@calls 0 3623
@calls 0 3624
@calls 0 3625
@calls 0 3626
@calls 0 3627
@calls 0 3628
@calls 0 3629
@calls 0 3630
@calls 0 3631
@calls 0 3632
@calls 0 3633
@calls 0 3634
@calls 0 3635
@calls 0 3636
@calls 0 3637
@calls 0 3638
@calls 0 3639
@calls 0 3640
@calls 0 3641
@calls 0 3642
@calls 0 3643
@calls 0 3644
@calls 0 3645
@calls 0 3646
@calls 0 3647
@calls 0 3648
@calls 0 3649
@calls 0 3650
@calls 0 3651
@calls 0 3652
@calls 0 3653
@calls 0 3654
@calls 0 3655
@calls 0 3656
@calls 0 3657
@calls 0 3658
@calls 0 3659
@calls 0 3660
@calls 0 3661
@calls 0 3662
@calls 0 3663
@calls 0 3664
@calls 0 3665
@calls 0 3666
@calls 0 3667
@calls 0 3668
@calls 0 3669
@calls 0 3670
@calls 0 3671
@calls 0 3672
@calls 0 3673
@calls 0 3674
@calls 0 3675
@calls 0 3676
@calls 0 3677
@calls 0 3678
@calls 0 3679
@calls 0 3680
@calls 0 3681
@calls 0 3682
@calls 0 3683
@calls 0 3684
@calls 0 3685
@calls 0 3686
@calls 0 3687
@calls 0 3688
@calls 0 3689
@calls 0 3690
@calls 0 3691
@calls 0 3692
@calls 0 3693
@calls 0 3694
@calls 0 3695
@calls 0 3696
@calls 0 3697
@calls 0 3698
@calls 0 3699
@calls 0 3700
@calls 0 3701
@calls 0 3702
@calls 0 3703
@calls 0 3704
@calls 0 3705
@calls 0 3706
@calls 0 3707
@calls 0 3708
@calls 0 3709
@calls 0 3710
@calls 0 3711
@calls 0 3712
@calls 0 3713
@calls 0 3714
@calls 0 3715
@calls 0 3716
@calls 0 3717
@calls 0 3718
@calls 0 3719
@calls 0 3720
@calls 0 3721
@calls 0 3722
@calls 0 3723
@calls 0 3724
@calls 0 3725
@calls 0 3726
@calls 0 3727
@calls 0 3728
@calls 0 3729
@calls 0 3730
@calls 0 3731
@calls 0 3732
@calls 0 3733
@calls 0 3734
@calls 0 3735
@calls 0 3736
@calls 0 3737
@calls 0 3738
@calls 0 3739
@calls 0 3740
@calls 0 3741
@calls 0 3742
@calls 0 3743
@calls 0 3744
@calls 0 3745
@calls 0 3746
@calls 0 3747
@calls 0 3748
@calls 0 3749
@calls 0 3750
@calls 0 3751
@calls 0 3752
@calls 0 3753
@calls 0 3754
@calls 0 3755
@calls 0 3756
@calls 0 3757
@calls 0 3758
@calls 0 3759
@calls 0 3760
@calls 0 3761
@calls 0 3762
@calls 0 3763
@calls 0 3764
@calls 0 3765
@calls 0 3766
@calls 0 3767
@calls 0 3768
@calls 0 3769
@calls 0 3770
@calls 0 3771
@calls 0 3772
@calls 0 3773
@calls 0 3774
@calls 0 3775
@calls 0 3776
@calls 0 3777
@calls 0 3778
@calls 0 3779
@calls 0 3780
@calls 0 3781
@calls 0 3782
@calls 0 3783
@calls 0 3784
@calls 0 3785
@calls 0 3786
@calls 0 3787
@calls 0 3788
@calls 0 3789
@calls 0 3790
@calls 0 3791
@calls 0 3792
@calls 0 3793
@calls 0 3794
@calls 0 3795
@calls 0 3796
@calls 0 3797
@calls 0 3798
@calls 0 3799
@calls 0 3800
@calls 0 3801
@calls 0 3802
@calls 0 3803
@calls 0 3804
@calls 0 3805
@calls 0 3806
@calls 0 3807
@calls 0 3808
@calls 0 3809
@calls 0 3810
@calls 0 3811
@calls 0 3812
@calls 0 3813
@calls 0 3814
@calls 0 3815
@calls 0 3816
@calls 0 3817
@calls 0 3818
@calls 0 3819
@calls 0 3820
@calls 0 3821
@calls 0 3822
@calls 0 3823
@calls 0 3824
@calls 0 3825
@calls 0 3826
@calls 0 3827
@calls 0 3828
@calls 0 3829
@calls 0 3830
@calls 0 3831
@calls 0 3832
@calls 0 3833
@calls 0 3834
@calls 0 3835
@calls 0 3836
@calls 0 3837
@calls 0 3838
@calls 0 3839
@calls 0 3840
@calls 0 3841
@calls 0 3842
@calls 0 3843
@calls 0 3844
@calls 0 3845
@calls 0 3846
@calls 0 3847
@calls 0 3848
@calls 0 3849
@calls 0 3850
@calls 0 3851
@calls 0 3852
@calls 0 3853
@calls 0 3854
@calls 0 3855
@calls 0 3856
@calls 0 3857
@calls 0 3858
@calls 0 3859
@calls 0 3860
@calls 0 3861
@calls 0 3862
@calls 0 3863
@calls 0 3864
@calls 0 3865
@calls 0 3866
@calls 0 3867
@calls 0 3868
@calls 0 3869
@calls 0 3870
@calls 0 3871
@calls 0 3872
@calls 0 3873
@calls 0 3874
@calls 0 3875
@calls 0 3876
@calls 0 3877
@calls 0 3878
@calls 0 3879
@calls 0 3880
@calls 0 3881
@calls 0 3882
@calls 0 3883
@calls 0 3884
@calls 0 3885
@calls 0 3886
@calls 0 3887
@calls 0 3888
@calls 0 3889
@calls 0 3890
@calls 0 3891
@calls 0 3892
@calls 0 3893
@calls 0 3894
@calls 0 3895
@calls 0 3896
@calls 0 3897
@calls 0 3898
@calls 0 3899
@calls 0 3900
@calls 0 3901
@calls 0 3902
@calls 0 3903
@calls 0 3904
@calls 0 3905
@calls 0 3906
@calls 0 3907
@calls 0 3908
@calls 0 3909
@calls 0 3910
@calls 0 3911
@calls 0 3912
@calls 0 3913
@calls 0 3914
@calls 0 3915
@calls 0 3916
@calls 0 3917
@calls 0 3918
@calls 0 3919
@calls 0 3920
@calls 0 3921
@calls 0 3922
@calls 0 3923
@calls 0 3924
@calls 0 3925
@calls 0 3926
@calls 0 3927
@calls 0 3928
@calls 0 3929
@calls 0 3930
@calls 0 3931
@calls 0 3932
@calls 0 3933
@calls 0 3934
@calls 0 3935
@calls 0 3936
@calls 0 3937
@calls 0 3938
@calls 0 3939
@calls 0 3940
@calls 0 3941
@calls 0 3942
@calls 0 3943
@calls 0 3944
@calls 0 3945
@calls 0 3946
@calls 0 3947
@calls 0 3948
@calls 0 3949
@calls 0 3950
@calls 0 3951
@calls 0 3952
@calls 0 3953
@calls 0 3954
@calls 0 3955
@calls 0 3956
@calls 0 3957
@calls 0 3958
@calls 0 3959
@calls 0 3960
@calls 0 3961
@calls 0 3962
@calls 0 3963
@calls 0 3964
@calls 0 3965
@calls 0 3966
@calls 0 3967
@calls 0 3968
@calls 0 3969
@calls 0 3970
@calls 0 3971
@calls 0 3972
@calls 0 3973
@calls 0 3974
@calls 0 3975
@calls 0 3976
@calls 0 3977
@calls 0 3978
@calls 0 3979
@calls 0 3980
@calls 0 3981
@calls 0 3982
@calls 0 3983
@calls 0 3984
@calls 0 3985
@calls 0 3986
@calls 0 3987
@calls 0 3988
@calls 0 3989
@calls 0 3990
@calls 0 3991
@calls 0 3992
@calls 0 3993
@calls 0 3994
@calls 0 3995
@calls 0 3996
@calls 0 3997
@calls 0 3998
@calls 0 3999
@calls 0 4000
@calls 0 4001
@calls 0 4002
@calls 0 4003
@calls 0 4004
@calls 0 4005
@calls 0 4006
@calls 0 4007
@calls 0 4008
@calls 0 4009
@calls 0 4010
@calls 0 4011
@calls 0 4012
@calls 0 4013
@calls 0 4014
@calls 0 4015
@calls 0 4016
@calls 0 4017
@calls 0 4018
@calls 0 4019
@calls 0 4020
@calls 0 4021
@calls 0 4022
@calls 0 4023
@calls 0 4024
@calls 0 4025
@calls 0 4026
@calls 0 4027
@calls 0 4028
@calls 0 4029
@calls 0 4030
@calls 0 4031
@calls 0 4032
@calls 0 4033
@calls 0 4034
@calls 0 4035
@calls 0 4036
@calls 0 4037
@calls 0 4038
@calls 0 4039
@calls 0 4040
@calls 0 4041
@calls 0 4042
@calls 0 4043
@calls 0 4044
@calls 0 4045
@calls 0 4046
@calls 0 4047
@calls 0 4048
@calls 0 4049
@calls 0 4050
@calls 0 4051
@calls 0 4052
@calls 0 4053
@calls 0 4054
@calls 0 4055
@calls 0 4056
@calls 0 4057
@calls 0 4058
@calls 0 4059
@calls 0 4060
@calls 0 4061
@calls 0 4062
@calls 0 4063
@calls 0 4064
@calls 0 4065
@calls 0 4066
@calls 0 4067
@calls 0 4068
@calls 0 4069
@calls 0 4070
@calls 0 4071
@calls 0 4072
@calls 0 4073
@calls 0 4074
@calls 0 4075
@calls 0 4076
@calls 0 4077
@calls 0 4078
@calls 0 4079
@calls 0 4080
@calls 0 4081
@calls 0 4082
@calls 0 4083
@calls 0 4084
@calls 0 4085
@calls 0 4086
@calls 0 4087
@calls 0 4088
@calls 0 4089
@calls 0 4090
@calls 0 4091
@calls 0 4092
@calls 0 4093
@calls 0 4094
@calls 0 4095
@calls 0 4096
@calls 0 4097
@calls 0 4098
@calls 0 4099
@calls 0 4100
@calls 0 4101
@calls 0 4102
@calls 0 4103
@calls 0 4104
@calls 0 4105
@calls 0 4106
@calls 0 4107
@calls 0 4108
@calls 0 4109
@calls 0 4110
@calls 0 4111
@calls 0 4112
@calls 0 4113
@calls 0 4114
@calls 0 4115
@calls 0 4116
@calls 0 4117
@calls 0 4118
@calls 0 4119
@calls 0 4120
@calls 0 4121
@calls 0 4122
@calls 0 4123
@calls 0 4124
@calls 0 4125
@calls 0 4126
@calls 0 4127
@calls 0 4128
@calls 0 4129
@calls 0 4130
@calls 0 4131
@calls 0 4132
@calls 0 4133
@calls 0 4134
@calls 0 4135
@calls 0 4136
@calls 0 4137
@calls 0 4138
@calls 0 4139
@calls 0 4140
@calls 0 4141
@calls 0 4142
@calls 0 4143
@calls 0 4144
@calls 0 4145
@calls 0 4146
@calls 0 4147
@calls 0 4148
@calls 0 4149
@calls 0 4150
@calls 0 4151
@calls 0 4152
@calls 0 4153
@calls 0 4154
@calls 0 4155
@calls 0 4156
@calls 0 4157
@calls 0 4158
@calls 0 4159
@calls 0 4160
@calls 0 4161
@calls 0 4162
@calls 0 4163
@calls 0 4164
@calls 0 4165
@calls 0 4166
@calls 0 4167
@calls 0 4168
@calls 0 4169
@calls 0 4170
@calls 0 4171
@calls 0 4172
@calls 0 4173
@calls 0 4174
@calls 0 4175
@calls 0 4176
@calls 0 4177
@calls 0 4178
@calls 0 4179
@calls 0 4180
@calls 0 4181
@calls 0 4182
@calls 0 4183
@calls 0 4184
@calls 0 4185
@calls 0 4186
@calls 0 4187
@calls 0 4188
@calls 0 4189
@calls 0 4190
@calls 0 4191
@calls 0 4192
@calls 0 4193
@calls 0 4194
@calls 0 4195
@calls 0 4196
@calls 0 4197
@calls 0 4198
@calls 0 4199
@calls 0 4200
@calls 0 4201
@calls 0 4202
@calls 0 4203
@calls 0 4204
@calls 0 4205
@calls 0 4206
@calls 0 4207
@calls 0 4208
@calls 0 4209
@calls 0 4210
@calls 0 4211
@calls 0 4212
@calls 0 4213
@calls 0 4214
@calls 0 4215
@calls 0 4216
@calls 0 4217
@calls 0 4218
@calls 0 4219
@calls 0 4220
@calls 0 4221
@calls 0 4222
@calls 0 4223
@calls 0 4224
@calls 0 4225
@calls 0 4226
@calls 0 4227
@calls 0 4228
@calls 0 4229
@calls 0 4230
@calls 0 4231
@calls 0 4232
@calls 0 4233
@calls 0 4234
@calls 0 4235
@calls 0 4236
@calls 0 4237
@calls 0 4238
@calls 0 4239
@calls 0 4240
@calls 0 4241
@calls 0 4242
@calls 0 4243
@calls 0 4244
@calls 0 4245
@calls 0 4246
@calls 0 4247
@calls 0 4248
@calls 0 4249
@calls 0 4250
@calls 0 4251
@calls 0 4252
@calls 0 4253
@calls 0 4254
@calls 0 4255
@calls 0 4256
@calls 0 4257
@calls 0 4258
@calls 0 4259
@calls 0 4260
@calls 0 4261
@calls 0 4262
@calls 0 4263
@calls 0 4264
@calls 0 4265
@calls 0 4266
@calls 0 4267
@calls 0 4268
@calls 0 4269
@calls 0 4270
@calls 0 4271
@calls 0 4272
@calls 0 4273
@calls 0 4274
@calls 0 4275
@calls 0 4276
@calls 0 4277
@calls 0 4278
@calls 0 4279
@calls 0 4280
@calls 0 4281
@calls 0 4282
@calls 0 4283
@calls 0 4284
@calls 0 4285
@calls 0 4286
@calls 0 4287
@calls 0 4288
@calls 0 4289
@calls 0 4290
@calls 0 4291
@calls 0 4292
@calls 0 4293
@calls 0 4294
@calls 0 4295
@calls 0 4296
@calls 0 4297
@calls 0 4298
@calls 0 4299
@calls 0 4300
@calls 0 4301
@calls 0 4302
@calls 0 4303
@calls 0 4304
@calls 0 4305
@calls 0 4306
@calls 0 4307
@calls 0 4308
@calls 0 4309
@calls 0 4310
@calls 0 4311
@calls 0 4312
@calls 0 4313
@calls 0 4314
@calls 0 4315
@calls 0 4316
@calls 0 4317
@calls 0 4318
@calls 0 4319
@calls 0 4320
@calls 0 4321
@calls 0 4322
@calls 0 4323
@calls 0 4324
@calls 0 4325
@calls 0 4326
@calls 0 4327
@calls 0 4328
@calls 0 4329
@calls 0 4330
@calls 0 4331
@calls 0 4332
@calls 0 4333
@calls 0 4334
@calls 0 4335
@calls 0 4336
@calls 0 4337
@calls 0 4338
@calls 0 4339
@calls 0 4340
@calls 0 4341
@calls 0 4342
@calls 0 4343
@calls 0 4344
@calls 0 4345
@calls 0 4346
@calls 0 4347
@calls 0 4348
@calls 0 4349
@calls 0 4350
@calls 0 4351
@calls 0 4352
@calls 0 4353
@calls 0 4354
@calls 0 4355
@calls 0 4356
@calls 0 4357
@calls 0 4358
@calls 0 4359
@calls 0 4360
@calls 0 4361
@calls 0 4362
@calls 0 4363
@calls 0 4364
@calls 0 4365
@calls 0 4366
@calls 0 4367
@calls 0 4368
@calls 0 4369
@calls 0 4370
@calls 0 4371
@calls 0 4372
@calls 0 4373
@calls 0 4374
@calls 0 4375
@calls 0 4376
@calls 0 4377
@calls 0 4378
@calls 0 4379
@calls 0 4380
@calls 0 4381
@calls 0 4382
@calls 0 4383
@calls 0 4384
@calls 0 4385
@calls 0 4386
@calls 0 4387
@calls 0 4388
@calls 0 4389
@calls 0 4390
@calls 0 4391
@calls 0 4392
@calls 0 4393
@calls 0 4394
@calls 0 4395
@calls 0 4396
@calls 0 4397
@calls 0 4398
@calls 0 4399
@calls 0 4400
@calls 0 4401
@calls 0 4402
@calls 0 4403
@calls 0 4404
@calls 0 4405
@calls 0 4406
@calls 0 4407
@calls 0 4408
@calls 0 4409
@calls 0 4410
@calls 0 4411
@calls 0 4412
@calls 0 4413
@calls 0 4414
@calls 0 4415
@calls 0 4416
@calls 0 4417
@calls 0 4418
@calls 0 4419
@calls 0 4420
@calls 0 4421
@calls 0 4422
@calls 0 4423
@calls 0 4424
@calls 0 4425
@calls 0 4426
@calls 0 4427
@calls 0 4428
@calls 0 4429
@calls 0 4430
@calls 0 4431
@calls 0 4432
@calls 0 4433
@calls 0 4434
@calls 0 4435
@calls 0 4436
@calls 0 4437
@calls 0 4438
@calls 0 4439
@calls 0 4440
@calls 0 4441
@calls 0 4442
@calls 0 4443
@calls 0 4444
@calls 0 4445
@calls 0 4446
@calls 0 4447
@calls 0 4448
@calls 0 4449
@calls 0 4450
@calls 0 4451
@calls 0 4452
@calls 0 4453
@calls 0 4454
@calls 0 4455
@calls 0 4456
@calls 0 4457
@calls 0 4458
@calls 0 4459
@calls 0 4460
@calls 0 4461
@calls 0 4462
@calls 0 4463
@calls 0 4464
@calls 0 4465
@calls 0 4466
@calls 0 4467
@calls 0 4468
@calls 0 4469
@calls 0 4470
@calls 0 4471
@calls 0 4472
@calls 0 4473
@calls 0 4474
@calls 0 4475
@calls 0 4476
@calls 0 4477
@calls 0 4478
@calls 0 4479
@calls 0 4480
@calls 0 4481
@calls 0 4482
@calls 0 4483
@calls 0 4484
@calls 0 4485
@calls 0 4486
@calls 0 4487
@calls 0 4488
@calls 0 4489
@calls 0 4490
@calls 0 4491
@calls 0 4492
@calls 0 4493
@calls 0 4494
@calls 0 4495
@calls 0 4496
@calls 0 4497
@calls 0 4498
@calls 0 4499
@calls 0 4500
@calls 0 4501
@calls 0 4502
@calls 0 4503
@calls 0 4504
@calls 0 4505
@calls 0 4506
@calls 0 4507
@calls 0 4508
@calls 0 4509
@calls 0 4510
@calls 0 4511
@calls 0 4512
@calls 0 4513
@calls 0 4514
@calls 0 4515
@calls 0 4516
@calls 0 4517
@calls 0 4518
@calls 0 4519
@calls 0 4520
@calls 0 4521
@calls 0 4522
@calls 0 4523
@calls 0 4524
@calls 0 4525
@calls 0 4526
@calls 0 4527
@calls 0 4528
@calls 0 4529
@calls 0 4530
@calls 0 4531
@calls 0 4532
@calls 0 4533
@calls 0 4534
@calls 0 4535
@calls 0 4536
@calls 0 4537
@calls 0 4538
@calls 0 4539
@calls 0 4540
@calls 0 4541
@calls 0 4542
@calls 0 4543
@calls 0 4544
@calls 0 4545
@calls 0 4546
@calls 0 4547
@calls 0 4548
@calls 0 4549
@calls 0 4550
@calls 0 4551
@calls 0 4552
@calls 0 4553
@calls 0 4554
@calls 0 4555
@calls 0 4556
@calls 0 4557
@calls 0 4558
@calls 0 4559
@calls 0 4560
@calls 0 4561
@calls 0 4562
@calls 0 4563
@calls 0 4564
@calls 0 4565
@calls 0 4566
@calls 0 4567
@calls 0 4568
@calls 0 4569
@calls 0 4570
@calls 0 4571
@calls 0 4572
@calls 0 4573
@calls 0 4574
@calls 0 4575
@calls 0 4576
@calls 0 4577
@calls 0 4578
@calls 0 4579
@calls 0 4580
@calls 0 4581
@calls 0 4582
@calls 0 4583
@calls 0 4584
@calls 0 4585
@calls 0 4586
@calls 0 4587
@calls 0 4588
@calls 0 4589
@calls 0 4590
@calls 0 4591
@calls 0 4592
@calls 0 4593
@calls 0 4594
@calls 0 4595
@calls 0 4596
@calls 0 4597
@calls 0 4598
@calls 0 4599
@calls 0 4600
@calls 0 4601
@calls 0 4602
@calls 0 4603
@calls 0 4604
@calls 0 4605
@calls 0 4606
@calls 0 4607
@calls 0 4608
@calls 0 4609
@calls 0 4610
@calls 0 4611
@calls 0 4612
@calls 0 4613
@calls 0 4614
@calls 0 4615
@calls 0 4616
@calls 0 4617
@calls 0 4618
@calls 0 4619
@calls 0 4620
@calls 0 4621
@calls 0 4622
@calls 0 4623
@calls 0 4624
@calls 0 4625
@calls 0 4626
@calls 0 4627
@calls 0 4628
@calls 0 4629
@calls 0 4630
@calls 0 4631
@calls 0 4632
@calls 0 4633
@calls 0 4634
@calls 0 4635
@calls 0 4636
@calls 0 4637
@calls 0 4638
@calls 0 4639
@calls 0 4640
@calls 0 4641
@calls 0 4642
@calls 0 4643
@calls 0 4644
@calls 0 4645
@calls 0 4646
@calls 0 4647
@calls 0 4648
@calls 0 4649
@calls 0 4650
@calls 0 4651
@calls 0 4652
@calls 0 4653
@calls 0 4654
@calls 0 4655
@calls 0 4656
@calls 0 4657
@calls 0 4658
@calls 0 4659
@calls 0 4660
@calls 0 4661
@calls 0 4662
@calls 0 4663
@calls 0 4664
@calls 0 4665
@calls 0 4666
@calls 0 4667
@calls 0 4668
@calls 0 4669
@calls 0 4670
@calls 0 4671
@calls 0 4672
@calls 0 4673
@calls 0 4674
@calls 0 4675
@calls 0 4676
@calls 0 4677
@calls 0 4678
@calls 0 4679
@calls 0 4680
@calls 0 4681
@calls 0 4682
@calls 0 4683
@calls 0 4684
@calls 0 4685
@calls 0 4686
@calls 0 4687
@calls 0 4688
@calls 0 4689
@calls 0 4690
@calls 0 4691
@calls 0 4692
@calls 0 4693
@calls 0 4694
@calls 0 4695
@calls 0 4696
@calls 0 4697
@calls 0 4698
@calls 0 4699
@calls 0 4700
@calls 0 4701
@calls 0 4702
@calls 0 4703
@calls 0 4704
@calls 0 4705
@calls 0 4706
@calls 0 4707
@calls 0 4708
@calls 0 4709
@calls 0 4710
@calls 0 4711
@calls 0 4712
@calls 0 4713
@calls 0 4714
@calls 0 4715
@calls 0 4716
@calls 0 4717
@calls 0 4718
@calls 0 4719
@calls 0 4720
@calls 0 4721
@calls 0 4722
@calls 0 4723
@calls 0 4724
@calls 0 4725
@calls 0 4726
@calls 0 4727
@calls 0 4728
@calls 0 4729
@calls 0 4730
@calls 0 4731
@calls 0 4732
@calls 0 4733
@calls 0 4734
@calls 0 4735
@calls 0 4736
@calls 0 4737
@calls 0 4738
@calls 0 4739
@calls 0 4740
@calls 0 4741
@calls 0 4742
@calls 0 4743
@calls 0 4744
@calls 0 4745
@calls 0 4746
@calls 0 4747
@calls 0 4748
@calls 0 4749
@calls 0 4750
@calls 0 4751
@calls 0 4752
@calls 0 4753
@calls 0 4754
@calls 0 4755
@calls 0 4756
@calls 0 4757
@calls 0 4758
@calls 0 4759
@calls 0 4760
@calls 0 4761
@calls 0 4762
@calls 0 4763
@calls 0 4764
@calls 0 4765
@calls 0 4766
@calls 0 4767
@calls 0 4768
@calls 0 4769
@calls 0 4770
@calls 0 4771
@calls 0 4772
@calls 0 4773
@calls 0 4774
@calls 0 4775
@calls 0 4776
@calls 0 4777
@calls 0 4778
@calls 0 4779
@calls 0 4780
@calls 0 4781
@calls 0 4782
@calls 0 4783
@calls 0 4784
@calls 0 4785
@calls 0 4786
@calls 0 4787
@calls 0 4788
@calls 0 4789
@calls 0 4790
@calls 0 4791
@calls 0 4792
@calls 0 4793
@calls 0 4794
@calls 0 4795
@calls 0 4796
@calls 0 4797
@calls 0 4798
@calls 0 4799
@calls 0 4800
@calls 0 4801
@calls 0 4802
@calls 0 4803
@calls 0 4804
@calls 0 4805
@calls 0 4806
@calls 0 4807
@calls 0 4808
@calls 0 4809
@calls 0 4810
@calls 0 4811
@calls 0 4812
@calls 0 4813
@calls 0 4814
@calls 0 4815
@calls 0 4816
@calls 0 4817
@calls 0 4818
@calls 0 4819
@calls 0 4820
@calls 0 4821
@calls 0 4822
@calls 0 4823
@calls 0 4824
@calls 0 4825
@calls 0 4826
@calls 0 4827
@calls 0 4828
@calls 0 4829
@calls 0 4830
@calls 0 4831
@calls 0 4832
@calls 0 4833
@calls 0 4834
@calls 0 4835
@calls 0 4836
@calls 0 4837
@calls 0 4838
@calls 0 4839
@calls 0 4840
@calls 0 4841
@calls 0 4842
@calls 0 4843
@calls 0 4844
@calls 0 4845
@calls 0 4846
@calls 0 4847
@calls 0 4848
@calls 0 4849
@calls 0 4850
@calls 0 4851
@calls 0 4852
@calls 0 4853
@calls 0 4854
@calls 0 4855
@calls 0 4856
@calls 0 4857
@calls 0 4858
@calls 0 4859
@calls 0 4860
@calls 0 4861
@calls 0 4862
@calls 0 4863
@calls 0 4864
@calls 0 4865
@calls 0 4866
@calls 0 4867
@calls 0 4868
@calls 0 4869
@calls 0 4870
@calls 0 4871
@calls 0 4872
@calls 0 4873
@calls 0 4874
@calls 0 4875
@calls 0 4876
@calls 0 4877
@calls 0 4878
@calls 0 4879
@calls 0 4880
@calls 0 4881
@calls 0 4882
@calls 0 4883
@calls 0 4884
@calls 0 4885
@calls 0 4886
@calls 0 4887
@calls 0 4888
@calls 0 4889
@calls 0 4890
@calls 0 4891
@calls 0 4892
@calls 0 4893
@calls 0 4894
@calls 0 4895
@calls 0 4896
@calls 0 4897
@calls 0 4898
@calls 0 4899
@calls 0 4900
@calls 0 4901
@calls 0 4902
@calls 0 4903
@calls 0 4904
@calls 0 4905
@calls 0 4906
@calls 0 4907
@calls 0 4908
@calls 0 4909
@calls 0 4910
@calls 0 4911
@calls 0 4912
@calls 0 4913
@calls 0 4914
@calls 0 4915
@calls 0 4916
@calls 0 4917
@calls 0 4918
@calls 0 4919
@calls 0 4920
@calls 0 4921
@calls 0 4922
@calls 0 4923
@calls 0 4924
@calls 0 4925
@calls 0 4926
@calls 0 4927
@calls 0 4928
@calls 0 4929
@calls 0 4930
@calls 0 4931
@calls 0 4932
@calls 0 4933
@calls 0 4934
@calls 0 4935
@calls 0 4936
@calls 0 4937
@calls 0 4938
@calls 0 4939
@calls 0 4940
@calls 0 4941
@calls 0 4942
@calls 0 4943
@calls 0 4944
@calls 0 4945
@calls 0 4946
@calls 0 4947
@calls 0 4948
@calls 0 4949
@calls 0 4950
@calls 0 4951
@calls 0 4952
@calls 0 4953
@calls 0 4954
@calls 0 4955
@calls 0 4956
@calls 0 4957
@calls 0 4958
@calls 0 4959
@calls 0 4960
@calls 0 4961
@calls 0 4962
@calls 0 4963
@calls 0 4964
@calls 0 4965
@calls 0 4966
@calls 0 4967
@calls 0 4968
@calls 0 4969
@calls 0 4970
@calls 0 4971
@calls 0 4972
@calls 0 4973
@calls 0 4974
@calls 0 4975
@calls 0 4976
@calls 0 4977
@calls 0 4978
@calls 0 4979
@calls 0 4980
@calls 0 4981
@calls 0 4982
@calls 0 4983
@calls 0 4984
@calls 0 4985
@calls 0 4986
@calls 0 4987
@calls 0 4988
@calls 0 4989
@calls 0 4990
@calls 0 4991
@calls 0 4992
@calls 0 4993
@calls 0 4994
@calls 0 4995
@calls 0 4996
@calls 0 4997
@calls 0 4998
@calls 0 4999
@calls 0 5000
@calls 0 5001
@calls 0 5002
@calls 0 5003
@calls 0 5004
@calls 0 5005
@calls 0 5006
@calls 0 5007
@calls 0 5008
@calls 0 5009
@calls 0 5010
@calls 0 5011
@calls 0 5012
@calls 0 5013
@calls 0 5014
@calls 0 5015
@calls 0 5016
@calls 0 5017
@calls 0 5018
@calls 0 5019
@calls 0 5020
@calls 0 5021
@calls 0 5022
@calls 0 5023
@calls 0 5024
@calls 0 5025
@calls 0 5026
@calls 0 5027
@calls 0 5028
@calls 0 5029
@calls 0 5030
@calls 0 5031
@calls 0 5032
@calls 0 5033
@calls 0 5034
@calls 0 5035
@calls 0 5036
@calls 0 5037
@calls 0 5038
@calls 0 5039
@calls 0 5040
@calls 0 5041
@calls 0 5042
@calls 0 5043
@calls 0 5044
@calls 0 5045
@calls 0 5046
@calls 0 5047
@calls 0 5048
@calls 0 5049
@calls 0 5050
@calls 0 5051
@calls 0 5052
@calls 0 5053
@calls 0 5054
@calls 0 5055
@calls 0 5056
@calls 0 5057
@calls 0 5058
@calls 0 5059
@calls 0 5060
@calls 0 5061
@calls 0 5062
@calls 0 5063
@calls 0 5064
@calls 0 5065
@calls 0 5066
@calls 0 5067
@calls 0 5068
@calls 0 5069
@calls 0 5070
@calls 0 5071
@calls 0 5072
@calls 0 5073
@calls 0 5074
@calls 0 5075
@calls 0 5076
@calls 0 5077
@calls 0 5078
@calls 0 5079
@calls 0 5080
@calls 0 5081
@calls 0 5082
@calls 0 5083
@calls 0 5084
@calls 0 5085
@calls 0 5086
@calls 0 5087
@calls 0 5088
@calls 0 5089
@calls 0 5090
@calls 0 5091
@calls 0 5092
@calls 0 5093
@calls 0 5094
@calls 0 5095
@calls 0 5096
@calls 0 5097
@calls 0 5098
@calls 0 5099
@calls 0 5100
@calls 0 5101
@calls 0 5102
@calls 0 5103
@calls 0 5104
@calls 0 5105
@calls 0 5106
@calls 0 5107
@calls 0 5108
@calls 0 5109
@calls 0 5110
@calls 0 5111
@calls 0 5112
@calls 0 5113
@calls 0 5114
@calls 0 5115
@calls 0 5116
@calls 0 5117
@calls 0 5118
@calls 0 5119
@calls 0 5120
@calls 0 5121
@calls 0 5122
@calls 0 5123
@calls 0 5124
@calls 0 5125
@calls 0 5126
@calls 0 5127
@calls 0 5128
@calls 0 5129
@calls 0 5130
@calls 0 5131
@calls 0 5132
@calls 0 5133
@calls 0 5134
@calls 0 5135
@calls 0 5136
@calls 0 5137
@calls 0 5138
@calls 0 5139
@calls 0 5140
@calls 0 5141
@calls 0 5142
@calls 0 5143
@calls 0 5144
@calls 0 5145
@calls 0 5146
@calls 0 5147
@calls 0 5148
@calls 0 5149
@calls 0 5150
@calls 0 5151
@calls 0 5152
@calls 0 5153
@calls 0 5154
@calls 0 5155
@calls 0 5156
@calls 0 5157
@calls 0 5158
@calls 0 5159
@calls 0 5160
@calls 0 5161
@calls 0 5162
@calls 0 5163
@calls 0 5164
@calls 0 5165
@calls 0 5166
@calls 0 5167
@calls 0 5168
@calls 0 5169
@calls 0 5170
@calls 0 5171
@calls 0 5172
@calls 0 5173
@calls 0 5174
@calls 0 5175
@calls 0 5176
@calls 0 5177
@calls 0 5178
@calls 0 5179
@calls 0 5180
@calls 0 5181
@calls 0 5182
@calls 0 5183
@calls 0 5184
@calls 0 5185
@calls 0 5186
@calls 0 5187
@calls 0 5188
@calls 0 5189
@calls 0 5190
@calls 0 5191
@calls 0 5192
@calls 0 5193
@calls 0 5194
@calls 0 5195
@calls 0 5196
@calls 0 5197
@calls 0 5198
@calls 0 5199
@calls 0 5200
@calls 0 5201
@calls 0 5202
@calls 0 5203
@calls 0 5204
@calls 0 5205
@calls 0 5206
@calls 0 5207
@calls 0 5208
@calls 0 5209
@calls 0 5210
@calls 0 5211
@calls 0 5212
@calls 0 5213
@calls 0 5214
@calls 0 5215
@calls 0 5216
@calls 0 5217
@calls 0 5218
@calls 0 5219
@calls 0 5220
@calls 0 5221
@calls 0 5222
@calls 0 5223
@calls 0 5224
@calls 0 5225
@calls 0 5226
@calls 0 5227
@calls 0 5228
@calls 0 5229
@calls 0 5230
@calls 0 5231
@calls 0 5232
@calls 0 5233
@calls 0 5234
@calls 0 5235
@calls 0 5236
@calls 0 5237
@calls 0 5238
@calls 0 5239
@calls 0 5240
@calls 0 5241
@calls 0 5242
@calls 0 5243
@calls 0 5244
@calls 0 5245
@calls 0 5246
@calls 0 5247
@calls 0 5248
@calls 0 5249
@calls 0 5250
@calls 0 5251
@calls 0 5252
@calls 0 5253
@calls 0 5254
@calls 0 5255
@calls 0 5256
@calls 0 5257
@calls 0 5258
@calls 0 5259
@calls 0 5260
@calls 0 5261
@calls 0 5262
@calls 0 5263
@calls 0 5264
@calls 0 5265
@calls 0 5266
@calls 0 5267
@calls 0 5268
@calls 0 5269
@calls 0 5270
@calls 0 5271
@calls 0 5272
@calls 0 5273
@calls 0 5274
@calls 0 5275
@calls 0 5276
@calls 0 5277
@calls 0 5278
@calls 0 5279
@calls 0 5280
@calls 0 5281
@calls 0 5282
@calls 0 5283
@calls 0 5284
@calls 0 5285
@calls 0 5286
@calls 0 5287
@calls 0 5288
@calls 0 5289
@calls 0 5290
@calls 0 5291
@calls 0 5292
@calls 0 5293
@calls 0 5294
@calls 0 5295
@calls 0 5296
@calls 0 5297
@calls 0 5298
@calls 0 5299
@calls 0 5300
@calls 0 5301
@calls 0 5302
@calls 0 5303
@calls 0 5304
@calls 0 5305
@calls 0 5306
@calls 0 5307
@calls 0 5308
@calls 0 5309
@calls 0 5310
@calls 0 5311
@calls 0 5312
@calls 0 5313
@calls 0 5314
@calls 0 5315
@calls 0 5316
@calls 0 5317
@calls 0 5318
@calls 0 5319
@calls 0 5320
@calls 0 5321
@calls 0 5322
@calls 0 5323
@calls 0 5324
@calls 0 5325
@calls 0 5326
@calls 0 5327
@calls 0 5328
@calls 0 5329
@calls 0 5330
@calls 0 5331
@calls 0 5332
@calls 0 5333
@calls 0 5334
@calls 0 5335
@calls 0 5336
@calls 0 5337
@calls 0 5338
@calls 0 5339
@calls 0 5340
@calls 0 5341
@calls 0 5342
@calls 0 5343
@calls 0 5344
@calls 0 5345
@calls 0 5346
@calls 0 5347
@calls 0 5348
@calls 0 5349
@calls 0 5350
@calls 0 5351
@calls 0 5352
@calls 0 5353
@calls 0 5354
@calls 0 5355
@calls 0 5356
@calls 0 5357
@calls 0 5358
@calls 0 5359
@calls 0 5360
@calls 0 5361
@calls 0 5362
@calls 0 5363
@calls 0 5364
@calls 0 5365
@calls 0 5366
@calls 0 5367
@calls 0 5368
@calls 0 5369
@calls 0 5370
@calls 0 5371
@calls 0 5372
@calls 0 5373
@calls 0 5374
@calls 0 5375
@calls 0 5376
@calls 0 5377
@calls 0 5378
@calls 0 5379
@calls 0 5380
@calls 0 5381
@calls 0 5382
@calls 0 5383
@calls 0 5384
@calls 0 5385
@calls 0 5386
@calls 0 5387
@calls 0 5388
@calls 0 5389
@calls 0 5390
@calls 0 5391
@calls 0 5392
@calls 0 5393
@calls 0 5394
@calls 0 5395
@calls 0 5396
@calls 0 5397
@calls 0 5398
@calls 0 5399
@calls 0 5400
@calls 0 5401
@calls 0 5402
@calls 0 5403
@calls 0 5404
@calls 0 5405
@calls 0 5406
@calls 0 5407
@calls 0 5408
@calls 0 5409
@calls 0 5410
@calls 0 5411
@calls 0 5412
@calls 0 5413
@calls 0 5414
@calls 0 5415
@calls 0 5416
@calls 0 5417
@calls 0 5418
@calls 0 5419
@calls 0 5420
@calls 0 5421
@calls 0 5422
@calls 0 5423
@calls 0 5424
@calls 0 5425
@calls 0 5426
@calls 0 5427
@calls 0 5428
@calls 0 5429
@calls 0 5430
@calls 0 5431
@calls 0 5432
@calls 0 5433
@calls 0 5434
@calls 0 5435
@calls 0 5436
@calls 0 5437
@calls 0 5438
@calls 0 5439
@calls 0 5440
@calls 0 5441
@calls 0 5442
@calls 0 5443
@calls 0 5444
@calls 0 5445
@calls 0 5446
@calls 0 5447
@calls 0 5448
@calls 0 5449
@calls 0 5450
@calls 0 5451
@calls 0 5452
@calls 0 5453
@calls 0 5454
@calls 0 5455
@calls 0 5456
@calls 0 5457
@calls 0 5458
@calls 0 5459
@calls 0 5460
@calls 0 5461
@calls 0 5462
@calls 0 5463
@calls 0 5464
@calls 0 5465
@calls 0 5466
@calls 0 5467
@calls 0 5468
@calls 0 5469
@calls 0 5470
@calls 0 5471
@calls 0 5472
@calls 0 5473
@calls 0 5474
@calls 0 5475
@calls 0 5476
@calls 0 5477
@calls 0 5478
@calls 0 5479
@calls 0 5480
@calls 0 5481
@calls 0 5482
@calls 0 5483
@calls 0 5484
@calls 0 5485
@calls 0 5486
@calls 0 5487
@calls 0 5488
@calls 0 5489
@calls 0 5490
@calls 0 5491
@calls 0 5492
@calls 0 5493
@calls 0 5494
@calls 0 5495
@calls 0 5496
@calls 0 5497
@calls 0 5498
@calls 0 5499
@calls 0 5500
@calls 0 5501
@calls 0 5502
@calls 0 5503
@calls 0 5504
@calls 0 5505
@calls 0 5506
@calls 0 5507
@calls 0 5508
@calls 0 5509
@calls 0 5510
@calls 0 5511
@calls 0 5512
@calls 0 5513
@calls 0 5514
@calls 0 5515
@calls 0 5516
@calls 0 5517
@calls 0 5518
@calls 0 5519
@calls 0 5520
@calls 0 5521
@calls 0 5522
@calls 0 5523
@calls 0 5524
@calls 0 5525
@calls 0 5526
@calls 0 5527
@calls 0 5528
@calls 0 5529
@calls 0 5530
@calls 0 5531
@calls 0 5532
@calls 0 5533
@calls 0 5534
@calls 0 5535
@calls 0 5536
@calls 0 5537
@calls 0 5538
@calls 0 5539
@calls 0 5540
@calls 0 5541
@calls 0 5542
@calls 0 5543
@calls 0 5544
@calls 0 5545
@calls 0 5546
@calls 0 5547
@calls 0 5548
@calls 0 5549
@calls 0 5550
@calls 0 5551
@calls 0 5552
@calls 0 5553
@calls 0 5554
@calls 0 5555
@calls 0 5556
@calls 0 5557
@calls 0 5558
@calls 0 5559
@calls 0 5560
@calls 0 5561
@calls 0 5562
@calls 0 5563
@calls 0 5564
@calls 0 5565
@calls 0 5566
@calls 0 5567
@calls 0 5568
@calls 0 5569
@calls 0 5570
@calls 0 5571
@calls 0 5572
@calls 0 5573
@calls 0 5574
@calls 0 5575
@calls 0 5576
@calls 0 5577
@calls 0 5578
@calls 0 5579
@calls 0 5580
@calls 0 5581
@calls 0 5582
@calls 0 5583
@calls 0 5584
@calls 0 5585
@calls 0 5586
@calls 0 5587
@calls 0 5588
@calls 0 5589
@calls 0 5590
@calls 0 5591
@calls 0 5592
@calls 0 5593
@calls 0 5594
@calls 0 5595
@calls 0 5596
@calls 0 5597
@calls 0 5598
@calls 0 5599
@calls 0 5600
@calls 0 5601
@calls 0 5602
@calls 0 5603
@calls 0 5604
@calls 0 5605
@calls 0 5606
@calls 0 5607
@calls 0 5608
@calls 0 5609
@calls 0 5610
@calls 0 5611
@calls 0 5612
@calls 0 5613
@calls 0 5614
@calls 0 5615
@calls 0 5616
@calls 0 5617
@calls 0 5618
@calls 0 5619
@calls 0 5620
@calls 0 5621
@calls 0 5622
@calls 0 5623
@calls 0 5624
@calls 0 5625
@calls 0 5626
@calls 0 5627
@calls 0 5628
@calls 0 5629
@calls 0 5630
@calls 0 5631
@calls 0 5632
@calls 0 5633
@calls 0 5634
@calls 0 5635
@calls 0 5636
@calls 0 5637
@calls 0 5638
@calls 0 5639
@calls 0 5640
@calls 0 5641
@calls 0 5642
@calls 0 5643
@calls 0 5644
@calls 0 5645
@calls 0 5646
@calls 0 5647
@calls 0 5648
@calls 0 5649
@calls 0 5650
@calls 0 5651
@calls 0 5652
@calls 0 5653
@calls 0 5654
@calls 0 5655
@calls 0 5656
@calls 0 5657
@calls 0 5658
@calls 0 5659
@calls 0 5660
@calls 0 5661
@calls 0 5662
@calls 0 5663
@calls 0 5664
@calls 0 5665
@calls 0 5666
@calls 0 5667
@calls 0 5668
@calls 0 5669
@calls 0 5670
@calls 0 5671
@calls 0 5672
@calls 0 5673
@calls 0 5674
@calls 0 5675
@calls 0 5676
@calls 0 5677
@calls 0 5678
@calls 0 5679
@calls 0 5680
@calls 0 5681
@calls 0 5682
@calls 0 5683
@calls 0 5684
@calls 0 5685
@calls 0 5686
@calls 0 5687
@calls 0 5688
@calls 0 5689
@calls 0 5690
@calls 0 5691
@calls 0 5692
@calls 0 5693
@calls 0 5694
@calls 0 5695
@calls 0 5696
@calls 0 5697
@calls 0 5698
@calls 0 5699
@calls 0 5700
@calls 0 5701
@calls 0 5702
@calls 0 5703
@calls 0 5704
@calls 0 5705
@calls 0 5706
@calls 0 5707
@calls 0 5708
@calls 0 5709
@calls 0 5710
@calls 0 5711
@calls 0 5712
@calls 0 5713
@calls 0 5714
@calls 0 5715
@calls 0 5716
@calls 0 5717
@calls 0 5718
@calls 0 5719
@calls 0 5720
@calls 0 5721
@calls 0 5722
@calls 0 5723
@calls 0 5724
@calls 0 5725
@calls 0 5726
@calls 0 5727
@calls 0 5728
@calls 0 5729
@calls 0 5730
@calls 0 5731
@calls 0 5732
@calls 0 5733
@calls 0 5734
@calls 0 5735
@calls 0 5736
@calls 0 5737
@calls 0 5738
@calls 0 5739
@calls 0 5740
@calls 0 5741
@calls 0 5742
@calls 0 5743
@calls 0 5744
@calls 0 5745
@calls 0 5746
@calls 0 5747
@calls 0 5748
@calls 0 5749
@calls 0 5750
@calls 0 5751
@calls 0 5752
@calls 0 5753
@calls 0 5754
@calls 0 5755
@calls 0 5756
@calls 0 5757
@calls 0 5758
@calls 0 5759
@calls 0 5760
@calls 0 5761
@calls 0 5762
@calls 0 5763
@calls 0 5764
@calls 0 5765
@calls 0 5766
@calls 0 5767
@calls 0 5768
@calls 0 5769
@calls 0 5770
@calls 0 5771
@calls 0 5772
@calls 0 5773
@calls 0 5774
@calls 0 5775
@calls 0 5776
@calls 0 5777
@calls 0 5778
@calls 0 5779
@calls 0 5780
@calls 0 5781
@calls 0 5782
@calls 0 5783
@calls 0 5784
@calls 0 5785
@calls 0 5786
@calls 0 5787
@calls 0 5788
@calls 0 5789
@calls 0 5790
@calls 0 5791
@calls 0 5792
@calls 0 5793
@calls 0 5794
@calls 0 5795
@calls 0 5796
@calls 0 5797
@calls 0 5798
@calls 0 5799
@calls 0 5800
@calls 0 5801
@calls 0 5802
@calls 0 5803
@calls 0 5804
@calls 0 5805
@calls 0 5806
@calls 0 5807
@calls 0 5808
@calls 0 5809
@calls 0 5810
@calls 0 5811
@calls 0 5812
@calls 0 5813
@calls 0 5814
@calls 0 5815
@calls 0 5816
@calls 0 5817
@calls 0 5818
@calls 0 5819
@calls 0 5820
@calls 0 5821
@calls 0 5822
@calls 0 5823
@calls 0 5824
@calls 0 5825
@calls 0 5826
@calls 0 5827
@calls 0 5828
@calls 0 5829
@calls 0 5830
@calls 0 5831
@calls 0 5832
@calls 0 5833
@calls 0 5834
@calls 0 5835
@calls 0 5836
@calls 0 5837
@calls 0 5838
@calls 0 5839
@calls 0 5840
@calls 0 5841
@calls 0 5842
@calls 0 5843
@calls 0 5844
@calls 0 5845
@calls 0 5846
@calls 0 5847
@calls 0 5848
@calls 0 5849
@calls 0 5850
@calls 0 5851
@calls 0 5852
@calls 0 5853
@calls 0 5854
@calls 0 5855
@calls 0 5856
@calls 0 5857
@calls 0 5858
@calls 0 5859
@calls 0 5860
@calls 0 5861
@calls 0 5862
@calls 0 5863
@calls 0 5864
@calls 0 5865
@calls 0 5866
@calls 0 5867
@calls 0 5868
@calls 0 5869
@calls 0 5870
@calls 0 5871
@calls 0 5872
@calls 0 5873
@calls 0 5874
@calls 0 5875
@calls 0 5876
@calls 0 5877
@calls 0 5878
@calls 0 5879
@calls 0 5880
@calls 0 5881
@calls 0 5882
@calls 0 5883
@calls 0 5884
@calls 0 5885
@calls 0 5886
@calls 0 5887
@calls 0 5888
@calls 0 5889
@calls 0 5890
@calls 0 5891
@calls 0 5892
@calls 0 5893
@calls 0 5894
@calls 0 5895
@calls 0 5896
@calls 0 5897
@calls 0 5898
@calls 0 5899
@calls 0 5900
@calls 0 5901
@calls 0 5902
@calls 0 5903
@calls 0 5904
@calls 0 5905
@calls 0 5906
@calls 0 5907
@calls 0 5908
@calls 0 5909
@calls 0 5910
@calls 0 5911
@calls 0 5912
@calls 0 5913
@calls 0 5914
@calls 0 5915
@calls 0 5916
@calls 0 5917
@calls 0 5918
@calls 0 5919
@calls 0 5920
@calls 0 5921
@calls 0 5922
@calls 0 5923
@calls 0 5924
@calls 0 5925
@calls 0 5926
@calls 0 5927
@calls 0 5928
@calls 0 5929
@calls 0 5930
@calls 0 5931
@calls 0 5932
@calls 0 5933
@calls 0 5934
@calls 0 5935
@calls 0 5936
@calls 0 5937
@calls 0 5938
@calls 0 5939
@calls 0 5940
@calls 0 5941
@calls 0 5942
@calls 0 5943
@calls 0 5944
@calls 0 5945
@calls 0 5946
@calls 0 5947
@calls 0 5948
@calls 0 5949
@calls 0 5950
@calls 0 5951
@calls 0 5952
@calls 0 5953
@calls 0 5954
@calls 0 5955
@calls 0 5956
@calls 0 5957
@calls 0 5958
@calls 0 5959
@calls 0 5960
@calls 0 5961
@calls 0 5962
@calls 0 5963
@calls 0 5964
@calls 0 5965
@calls 0 5966
@calls 0 5967
@calls 0 5968
@calls 0 5969
@calls 0 5970
@calls 0 5971
@calls 0 5972
@calls 0 5973
@calls 0 5974
@calls 0 5975
@calls 0 5976
@calls 0 5977
@calls 0 5978
@calls 0 5979
@calls 0 5980
@calls 0 5981
@calls 0 5982
@calls 0 5983
@calls 0 5984
@calls 0 5985
@calls 0 5986
@calls 0 5987
@calls 0 5988
@calls 0 5989
@calls 0 5990
@calls 0 5991
@calls 0 5992
@calls 0 5993
@calls 0 5994
@calls 0 5995
@calls 0 5996
@calls 0 5997
@calls 0 5998
@calls 0 5999
@calls 0 6000
@calls 0 6001
@calls 0 6002
@calls 0 6003
@calls 0 6004
@calls 0 6005
@calls 0 6006
@calls 0 6007
@calls 0 6008
@calls 0 6009
@calls 0 6010
@calls 0 6011
@calls 0 6012
@calls 0 6013
@calls 0 6014
@calls 0 6015
@calls 0 6016
@calls 0 6017
@calls 0 6018
@calls 0 6019
@calls 0 6020
@calls 0 6021
@calls 0 6022
@calls 0 6023
@calls 0 6024
@calls 0 6025
@calls 0 6026
@calls 0 6027
@calls 0 6028
@calls 0 6029
@calls 0 6030
@calls 0 6031
@calls 0 6032
@calls 0 6033
@calls 0 6034
@calls 0 6035
@calls 0 6036
@calls 0 6037
@calls 0 6038
@calls 0 6039
@calls 0 6040
@calls 0 6041
@calls 0 6042
@calls 0 6043
@calls 0 6044
@calls 0 6045
@calls 0 6046
@calls 0 6047
@calls 0 6048
@calls 0 6049
@calls 0 6050
@calls 0 6051
@calls 0 6052
@calls 0 6053
@calls 0 6054
@calls 0 6055
@calls 0 6056
@calls 0 6057
@calls 0 6058
@calls 0 6059
@calls 0 6060
@calls 0 6061
@calls 0 6062
@calls 0 6063
@calls 0 6064
@calls 0 6065
@calls 0 6066
@calls 0 6067
@calls 0 6068
@calls 0 6069
@calls 0 6070
@calls 0 6071
@calls 0 6072
@calls 0 6073
@calls 0 6074
@calls 0 6075
@calls 0 6076
@calls 0 6077
@calls 0 6078
@calls 0 6079
@calls 0 6080
@calls 0 6081
@calls 0 6082
@calls 0 6083
@calls 0 6084
@calls 0 6085
@calls 0 6086
@calls 0 6087
@calls 0 6088
@calls 0 6089
@calls 0 6090
@calls 0 6091
@calls 0 6092
@calls 0 6093
@calls 0 6094
@calls 0 6095
@calls 0 6096
@calls 0 6097
@calls 0 6098
@calls 0 6099
@calls 0 6100
@calls 0 6101
@calls 0 6102
@calls 0 6103
@calls 0 6104
@calls 0 6105
@calls 0 6106
@calls 0 6107
@calls 0 6108
@calls 0 6109
@calls 0 6110
@calls 0 6111
@calls 0 6112
@calls 0 6113
@calls 0 6114
@calls 0 6115
@calls 0 6116
@calls 0 6117
@calls 0 6118
@calls 0 6119
@calls 0 6120
@calls 0 6121
@calls 0 6122
@calls 0 6123
@calls 0 6124
@calls 0 6125
@calls 0 6126
@calls 0 6127
@calls 0 6128
@calls 0 6129
@calls 0 6130
@calls 0 6131
@calls 0 6132
@calls 0 6133
@calls 0 6134
@calls 0 6135
@calls 0 6136
@calls 0 6137
@calls 0 6138
@calls 0 6139
@calls 0 6140
@calls 0 6141
@calls 0 6142
@calls 0 6143
@calls 0 6144
@calls 0 6145
@calls 0 6146
@calls 0 6147
@calls 0 6148
@calls 0 6149
@calls 0 6150
@calls 0 6151
@calls 0 6152
@calls 0 6153
@calls 0 6154
@calls 0 6155
@calls 0 6156
@calls 0 6157
@calls 0 6158
@calls 0 6159
@calls 0 6160
@calls 0 6161
@calls 0 6162
@calls 0 6163
@calls 0 6164
@calls 0 6165
@calls 0 6166
@calls 0 6167
@calls 0 6168
@calls 0 6169
@calls 0 6170
@calls 0 6171
@calls 0 6172
@calls 0 6173
@calls 0 6174
@calls 0 6175
@calls 0 6176
@calls 0 6177
@calls 0 6178
@calls 0 6179
@calls 0 6180
@calls 0 6181
@calls 0 6182
@calls 0 6183
@calls 0 6184
@calls 0 6185
@calls 0 6186
@calls 0 6187
@calls 0 6188
@calls 0 6189
@calls 0 6190
@calls 0 6191
@calls 0 6192
@calls 0 6193
@calls 0 6194
@calls 0 6195
@calls 0 6196
@calls 0 6197
@calls 0 6198
@calls 0 6199
@calls 0 6200
@calls 0 6201
@calls 0 6202
@calls 0 6203
@calls 0 6204
@calls 0 6205
@calls 0 6206
@calls 0 6207
@calls 0 6208
@calls 0 6209
@calls 0 6210
@calls 0 6211
@calls 0 6212
@calls 0 6213
@calls 0 6214
@calls 0 6215
@calls 0 6216
@calls 0 6217
@calls 0 6218
@calls 0 6219
@calls 0 6220
@calls 0 6221
@calls 0 6222
@calls 0 6223
@calls 0 6224
@calls 0 6225
@calls 0 6226
@calls 0 6227
@calls 0 6228
@calls 0 6229
@calls 0 6230
@calls 0 6231
@calls 0 6232
@calls 0 6233
@calls 0 6234
@calls 0 6235
@calls 0 6236
@calls 0 6237
@calls 0 6238
@calls 0 6239
@calls 0 6240
@calls 0 6241
@calls 0 6242
@calls 0 6243
@calls 0 6244
@calls 0 6245
@calls 0 6246
@calls 0 6247
@calls 0 6248
@calls 0 6249
@calls 0 6250
@calls 0 6251
@calls 0 6252
@calls 0 6253
@calls 0 6254
@calls 0 6255
@calls 0 6256
@calls 0 6257
@calls 0 6258
@calls 0 6259
@calls 0 6260
@calls 0 6261
@calls 0 6262
@calls 0 6263
@calls 0 6264
@calls 0 6265
@calls 0 6266
@calls 0 6267
@calls 0 6268
@calls 0 6269
@calls 0 6270
@calls 0 6271
@calls 0 6272
@calls 0 6273
@calls 0 6274
@calls 0 6275
@calls 0 6276
@calls 0 6277
@calls 0 6278
@calls 0 6279
@calls 0 6280
@calls 0 6281
@calls 0 6282
@calls 0 6283
@calls 0 6284
@calls 0 6285
@calls 0 6286
@calls 0 6287
@calls 0 6288
@calls 0 6289
@calls 0 6290
@calls 0 6291
@calls 0 6292
@calls 0 6293
@calls 0 6294
@calls 0 6295
@calls 0 6296
@calls 0 6297
@calls 0 6298
@calls 0 6299
@calls 0 6300
@calls 0 6301
@calls 0 6302
@calls 0 6303
@calls 0 6304
@calls 0 6305
@calls 0 6306
@calls 0 6307
@calls 0 6308
@calls 0 6309
@calls 0 6310
@calls 0 6311
@calls 0 6312
@calls 0 6313
@calls 0 6314
@calls 0 6315
@calls 0 6316
@calls 0 6317
@calls 0 6318
@calls 0 6319
@calls 0 6320
@calls 0 6321
@calls 0 6322
@calls 0 6323
@calls 0 6324
@calls 0 6325
@calls 0 6326
@calls 0 6327
@calls 0 6328
@calls 0 6329
@calls 0 6330
@calls 0 6331
@calls 0 6332
@calls 0 6333
@calls 0 6334
@calls 0 6335
@calls 0 6336
@calls 0 6337
@calls 0 6338
@calls 0 6339
@calls 0 6340
@calls 0 6341
@calls 0 6342
@calls 0 6343
@calls 0 6344
@calls 0 6345
@calls 0 6346
@calls 0 6347
@calls 0 6348
@calls 0 6349
@calls 0 6350
@calls 0 6351
@calls 0 6352
@calls 0 6353
@calls 0 6354
@calls 0 6355
@calls 0 6356
@calls 0 6357
@calls 0 6358
@calls 0 6359
@calls 0 6360
@calls 0 6361
@calls 0 6362
@calls 0 6363
@calls 0 6364
@calls 0 6365
@calls 0 6366
@calls 0 6367
@calls 0 6368
@calls 0 6369
@calls 0 6370
@calls 0 6371
@calls 0 6372
@calls 0 6373
@calls 0 6374
@calls 0 6375
@calls 0 6376
@calls 0 6377
@calls 0 6378
@calls 0 6379
@calls 0 6380
@calls 0 6381
@calls 0 6382
@calls 0 6383
@calls 0 6384
@calls 0 6385
@calls 0 6386
@calls 0 6387
@calls 0 6388
@calls 0 6389
@calls 0 6390
@calls 0 6391
@calls 0 6392
@calls 0 6393
@calls 0 6394
@calls 0 6395
@calls 0 6396
@calls 0 6397
@calls 0 6398
@calls 0 6399
@calls 0 6400
@calls 0 6401
@calls 0 6402
@calls 0 6403
@calls 0 6404
@calls 0 6405
@calls 0 6406
@calls 0 6407
@calls 0 6408
@calls 0 6409
@calls 0 6410
@calls 0 6411
@calls 0 6412
@calls 0 6413
@calls 0 6414
@calls 0 6415
@calls 0 6416
@calls 0 6417
@calls 0 6418
@calls 0 6419
@calls 0 6420
@calls 0 6421
@calls 0 6422
@calls 0 6423
@calls 0 6424
@calls 0 6425
@calls 0 6426
@calls 0 6427
@calls 0 6428
@calls 0 6429
@calls 0 6430
@calls 0 6431
@calls 0 6432
@calls 0 6433
@calls 0 6434
@calls 0 6435
@calls 0 6436
@calls 0 6437
@calls 0 6438
@calls 0 6439
@calls 0 6440
@calls 0 6441
@calls 0 6442
@calls 0 6443
@calls 0 6444
@calls 0 6445
@calls 0 6446
@calls 0 6447
@calls 0 6448
@calls 0 6449
@calls 0 6450
@calls 0 6451
@calls 0 6452
@calls 0 6453
@calls 0 6454
@calls 0 6455
@calls 0 6456
@calls 0 6457
@calls 0 6458
@calls 0 6459
@calls 0 6460
@calls 0 6461
@calls 0 6462
@calls 0 6463
@calls 0 6464
@calls 0 6465
@calls 0 6466
@calls 0 6467
@calls 0 6468
@calls 0 6469
@calls 0 6470
@calls 0 6471
@calls 0 6472
@calls 0 6473
@calls 0 6474
@calls 0 6475
@calls 0 6476
@calls 0 6477
@calls 0 6478
@calls 0 6479
@calls 0 6480
@calls 0 6481
@calls 0 6482
@calls 0 6483
@calls 0 6484
@calls 0 6485
@calls 0 6486
@calls 0 6487
@calls 0 6488
@calls 0 6489
@calls 0 6490
@calls 0 6491
@calls 0 6492
@calls 0 6493
@calls 0 6494
@calls 0 6495
@calls 0 6496
@calls 0 6497
@calls 0 6498
@calls 0 6499
@calls 0 6500
@calls 0 6501
@calls 0 6502
@calls 0 6503
@calls 0 6504
@calls 0 6505
@calls 0 6506
@calls 0 6507
@calls 0 6508
@calls 0 6509
@calls 0 6510
@calls 0 6511
@calls 0 6512
@calls 0 6513
@calls 0 6514
@calls 0 6515
@calls 0 6516
@calls 0 6517
@calls 0 6518
@calls 0 6519
@calls 0 6520
@calls 0 6521
@calls 0 6522
@calls 0 6523
@calls 0 6524
@calls 0 6525
@calls 0 6526
@calls 0 6527
@calls 0 6528
@calls 0 6529
@calls 0 6530
@calls 0 6531
@calls 0 6532
@calls 0 6533
@calls 0 6534
@calls 0 6535
@calls 0 6536
@calls 0 6537
@calls 0 6538
@calls 0 6539
@calls 0 6540
@calls 0 6541
@calls 0 6542
@calls 0 6543
@calls 0 6544
@calls 0 6545
@calls 0 6546
@calls 0 6547
@calls 0 6548
@calls 0 6549
@calls 0 6550
@calls 0 6551
@calls 0 6552
@calls 0 6553
@calls 0 6554
@calls 0 6555
@calls 0 6556
@calls 0 6557
@calls 0 6558
@calls 0 6559
@calls 0 6560
@calls 0 6561
@calls 0 6562
@calls 0 6563
@calls 0 6564
@calls 0 6565
@calls 0 6566
@calls 0 6567
@calls 0 6568
@calls 0 6569
@calls 0 6570
@calls 0 6571
@calls 0 6572
@calls 0 6573
@calls 0 6574
@calls 0 6575
@calls 0 6576
@calls 0 6577
@calls 0 6578
@calls 0 6579
@calls 0 6580
@calls 0 6581
@calls 0 6582
@calls 0 6583
@calls 0 6584
@calls 0 6585
@calls 0 6586
@calls 0 6587
@calls 0 6588
@calls 0 6589
@calls 0 6590
@calls 0 6591
@calls 0 6592
@calls 0 6593
@calls 0 6594
@calls 0 6595
@calls 0 6596
@calls 0 6597
@calls 0 6598
@calls 0 6599
@calls 0 6600
@calls 0 6601
@calls 0 6602
@calls 0 6603
@calls 0 6604
@calls 0 6605
@calls 0 6606
@calls 0 6607
@calls 0 6608
@calls 0 6609
@calls 0 6610
@calls 0 6611
@calls 0 6612
@calls 0 6613
@calls 0 6614
@calls 0 6615
@calls 0 6616
@calls 0 6617
@calls 0 6618
@calls 0 6619
@calls 0 6620
@calls 0 6621
@calls 0 6622
@calls 0 6623
@calls 0 6624
@calls 0 6625
@calls 0 6626
@calls 0 6627
@calls 0 6628
@calls 0 6629
@calls 0 6630
@calls 0 6631
@calls 0 6632
@calls 0 6633
@calls 0 6634
@calls 0 6635
@calls 0 6636
@calls 0 6637
@calls 0 6638
@calls 0 6639
@calls 0 6640
@calls 0 6641
@calls 0 6642
@calls 0 6643
@calls 0 6644
@calls 0 6645
@calls 0 6646
@calls 0 6647
@calls 0 6648
@calls 0 6649
@calls 0 6650
@calls 0 6651
@calls 0 6652
@calls 0 6653
@calls 0 6654
@calls 0 6655
@calls 0 6656
@calls 0 6657
@calls 0 6658
@calls 0 6659
@calls 0 6660
@calls 0 6661
@calls 0 6662
@calls 0 6663
@calls 0 6664
@calls 0 6665
@calls 0 6666
@calls 0 6667
@calls 0 6668
@calls 0 6669
@calls 0 6670
@calls 0 6671
@calls 0 6672
@calls 0 6673
@calls 0 6674
@calls 0 6675
@calls 0 6676
@calls 0 6677
@calls 0 6678
@calls 0 6679
@calls 0 6680
@calls 0 6681
@calls 0 6682
@calls 0 6683
@calls 0 6684
@calls 0 6685
@calls 0 6686
@calls 0 6687
@calls 0 6688
@calls 0 6689
@calls 0 6690
@calls 0 6691
@calls 0 6692
@calls 0 6693
@calls 0 6694
@calls 0 6695
@calls 0 6696
@calls 0 6697
@calls 0 6698
@calls 0 6699
@calls 0 6700
@calls 0 6701
@calls 0 6702
@calls 0 6703
@calls 0 6704
@calls 0 6705
@calls 0 6706
@calls 0 6707
@calls 0 6708
@calls 0 6709
@calls 0 6710
@calls 0 6711
@calls 0 6712
@calls 0 6713
@calls 0 6714
@calls 0 6715
@calls 0 6716
@calls 0 6717
@calls 0 6718
@calls 0 6719
@calls 0 6720
@calls 0 6721
@calls 0 6722
@calls 0 6723
@calls 0 6724
@calls 0 6725
@calls 0 6726
@calls 0 6727
@calls 0 6728
@calls 0 6729
@calls 0 6730
@calls 0 6731
@calls 0 6732
@calls 0 6733
@calls 0 6734
@calls 0 6735
@calls 0 6736
@calls 0 6737
@calls 0 6738
@calls 0 6739
@calls 0 6740
@calls 0 6741
@calls 0 6742
@calls 0 6743
@calls 0 6744
@calls 0 6745
@calls 0 6746
@calls 0 6747
@calls 0 6748
@calls 0 6749
@calls 0 6750
@calls 0 6751
@calls 0 6752
@calls 0 6753
@calls 0 6754
@calls 0 6755
@calls 0 6756
@calls 0 6757
@calls 0 6758
@calls 0 6759
@calls 0 6760
@calls 0 6761
@calls 0 6762
@calls 0 6763
@calls 0 6764
@calls 0 6765
@calls 0 6766
@calls 0 6767
@calls 0 6768
@calls 0 6769
@calls 0 6770
@calls 0 6771
@calls 0 6772
@calls 0 6773
@calls 0 6774
@calls 0 6775
@calls 0 6776
@calls 0 6777
@calls 0 6778
@calls 0 6779
@calls 0 6780
@calls 0 6781
@calls 0 6782
@calls 0 6783
@calls 0 6784
@calls 0 6785
@calls 0 6786
@calls 0 6787
@calls 0 6788
@calls 0 6789
@calls 0 6790
@calls 0 6791
@calls 0 6792
@calls 0 6793
@calls 0 6794
@calls 0 6795
@calls 0 6796
@calls 0 6797
@calls 0 6798
@calls 0 6799
@calls 0 6800
@calls 0 6801
@calls 0 6802
@calls 0 6803
@calls 0 6804
@calls 0 6805
@calls 0 6806
@calls 0 6807
@calls 0 6808
@calls 0 6809
@calls 0 6810
@calls 0 6811
@calls 0 6812
@calls 0 6813
@calls 0 6814
@calls 0 6815
@calls 0 6816
@calls 0 6817
@calls 0 6818
@calls 0 6819
@calls 0 6820
@calls 0 6821
@calls 0 6822
@calls 0 6823
@calls 0 6824
@calls 0 6825
@calls 0 6826
@calls 0 6827
@calls 0 6828
@calls 0 6829
@calls 0 6830
@calls 0 6831
@calls 0 6832
@calls 0 6833
@calls 0 6834
@calls 0 6835
@calls 0 6836
@calls 0 6837
@calls 0 6838
@calls 0 6839
@calls 0 6840
@calls 0 6841
@calls 0 6842
@calls 0 6843
@calls 0 6844
@calls 0 6845
@calls 0 6846
@calls 0 6847
@calls 0 6848
@calls 0 6849
@calls 0 6850
@calls 0 6851
@calls 0 6852
@calls 0 6853
@calls 0 6854
@calls 0 6855
@calls 0 6856
@calls 0 6857
@calls 0 6858
@calls 0 6859
@calls 0 6860
@calls 0 6861
@calls 0 6862
@calls 0 6863
@calls 0 6864
@calls 0 6865
@calls 0 6866
@calls 0 6867
@calls 0 6868
@calls 0 6869
@calls 0 6870
@calls 0 6871
@calls 0 6872
@calls 0 6873
@calls 0 6874
@calls 0 6875
@calls 0 6876
@calls 0 6877
@calls 0 6878
@calls 0 6879
@calls 0 6880
@calls 0 6881
@calls 0 6882
@calls 0 6883
@calls 0 6884
@calls 0 6885
@calls 0 6886
@calls 0 6887
@calls 0 6888
@calls 0 6889
@calls 0 6890
@calls 0 6891
@calls 0 6892
@calls 0 6893
@calls 0 6894
@calls 0 6895
@calls 0 6896
@calls 0 6897
@calls 0 6898
@calls 0 6899
@calls 0 6900
@calls 0 6901
@calls 0 6902
@calls 0 6903
@calls 0 6904
@calls 0 6905
@calls 0 6906
@calls 0 6907
@calls 0 6908
@calls 0 6909
@calls 0 6910
@calls 0 6911
@calls 0 6912
@calls 0 6913
@calls 0 6914
@calls 0 6915
@calls 0 6916
@calls 0 6917
@calls 0 6918
@calls 0 6919
@calls 0 6920
@calls 0 6921
@calls 0 6922
@calls 0 6923
@calls 0 6924
@calls 0 6925
@calls 0 6926
@calls 0 6927
@calls 0 6928
@calls 0 6929
@calls 0 6930
@calls 0 6931
@calls 0 6932
@calls 0 6933
@calls 0 6934
@calls 0 6935
@calls 0 6936
@calls 0 6937
@calls 0 6938
@calls 0 6939
@calls 0 6940
@calls 0 6941
@calls 0 6942
@calls 0 6943
@calls 0 6944
@calls 0 6945
@calls 0 6946
@calls 0 6947
@calls 0 6948
@calls 0 6949
@calls 0 6950
@calls 0 6951
@calls 0 6952
@calls 0 6953
@calls 0 6954
@calls 0 6955
@calls 0 6956
@calls 0 6957
@calls 0 6958
@calls 0 6959
@calls 0 6960
@calls 0 6961
@calls 0 6962
@calls 0 6963
@calls 0 6964
@calls 0 6965
@calls 0 6966
@calls 0 6967
@calls 0 6968
@calls 0 6969
@calls 0 6970
@calls 0 6971
@calls 0 6972
@calls 0 6973
@calls 0 6974
@calls 0 6975
@calls 0 6976
@calls 0 6977
@calls 0 6978
@calls 0 6979
@calls 0 6980
@calls 0 6981
@calls 0 6982
@calls 0 6983
@calls 0 6984
@calls 0 6985
@calls 0 6986
@calls 0 6987
@calls 0 6988
@calls 0 6989
@calls 0 6990
@calls 0 6991
@calls 0 6992
@calls 0 6993
@calls 0 6994
@calls 0 6995
@calls 0 6996
@calls 0 6997
@calls 0 6998
@calls 0 6999
@calls 0 7000
@calls 0 7001
@calls 0 7002
@calls 0 7003
@calls 0 7004
@calls 0 7005
@calls 0 7006
@calls 0 7007
@calls 0 7008
@calls 0 7009
@calls 0 7010
@calls 0 7011
@calls 0 7012
@calls 0 7013
@calls 0 7014
@calls 0 7015
@calls 0 7016
@calls 0 7017
@calls 0 7018
@calls 0 7019
@calls 0 7020
@calls 0 7021
@calls 0 7022
@calls 0 7023
@calls 0 7024
@calls 0 7025
@calls 0 7026
@calls 0 7027
@calls 0 7028
@calls 0 7029
@calls 0 7030
@calls 0 7031
@calls 0 7032
@calls 0 7033
@calls 0 7034
@calls 0 7035
@calls 0 7036
@calls 0 7037
@calls 0 7038
@calls 0 7039
@calls 0 7040
@calls 0 7041
@calls 0 7042
@calls 0 7043
@calls 0 7044
@calls 0 7045
@calls 0 7046
@calls 0 7047
@calls 0 7048
@calls 0 7049
@calls 0 7050
@calls 0 7051
@calls 0 7052
@calls 0 7053
@calls 0 7054
@calls 0 7055
@calls 0 7056
@calls 0 7057
@calls 0 7058
@calls 0 7059
@calls 0 7060
@calls 0 7061
@calls 0 7062
@calls 0 7063
@calls 0 7064
@calls 0 7065
@calls 0 7066
@calls 0 7067
@calls 0 7068
@calls 0 7069
@calls 0 7070
@calls 0 7071
@calls 0 7072
@calls 0 7073
@calls 0 7074
@calls 0 7075
@calls 0 7076
@calls 0 7077
@calls 0 7078
@calls 0 7079
@calls 0 7080
@calls 0 7081
@calls 0 7082
@calls 0 7083
@calls 0 7084
@calls 0 7085
@calls 0 7086
@calls 0 7087
@calls 0 7088
@calls 0 7089
@calls 0 7090
@calls 0 7091
@calls 0 7092
@calls 0 7093
@calls 0 7094
@calls 0 7095
@calls 0 7096
@calls 0 7097
@calls 0 7098
@calls 0 7099
@calls 0 7100
@calls 0 7101
@calls 0 7102
@calls 0 7103
@calls 0 7104
@calls 0 7105
@calls 0 7106
@calls 0 7107
@calls 0 7108
@calls 0 7109
@calls 0 7110
@calls 0 7111
@calls 0 7112
@calls 0 7113
@calls 0 7114
@calls 0 7115
@calls 0 7116
@calls 0 7117
@calls 0 7118
@calls 0 7119
@calls 0 7120
@calls 0 7121
@calls 0 7122
@calls 0 7123
@calls 0 7124
@calls 0 7125
@calls 0 7126
@calls 0 7127
@calls 0 7128
@calls 0 7129
@calls 0 7130
@calls 0 7131
@calls 0 7132
@calls 0 7133
@calls 0 7134
@calls 0 7135
@calls 0 7136
@calls 0 7137
@calls 0 7138
@calls 0 7139
@calls 0 7140
@calls 0 7141
@calls 0 7142
@calls 0 7143
@calls 0 7144
@calls 0 7145
@calls 0 7146
@calls 0 7147
@calls 0 7148
@calls 0 7149
@calls 0 7150
@calls 0 7151
@calls 0 7152
@calls 0 7153
@calls 0 7154
@calls 0 7155
@calls 0 7156
@calls 0 7157
@calls 0 7158
@calls 0 7159
@calls 0 7160
@calls 0 7161
@calls 0 7162
@calls 0 7163
@calls 0 7164
@calls 0 7165
@calls 0 7166
@calls 0 7167
@calls 0 7168
@calls 0 7169
@calls 0 7170
@calls 0 7171
@calls 0 7172
@calls 0 7173
@calls 0 7174
@calls 0 7175
@calls 0 7176
@calls 0 7177
@calls 0 7178
@calls 0 7179
@calls 0 7180
@calls 0 7181
@calls 0 7182
@calls 0 7183
@calls 0 7184
@calls 0 7185
@calls 0 7186
@calls 0 7187
@calls 0 7188
@calls 0 7189
@calls 0 7190
@calls 0 7191
@calls 0 7192
@calls 0 7193
@calls 0 7194
@calls 0 7195
@calls 0 7196
@calls 0 7197
@calls 0 7198
@calls 0 7199
@calls 0 7200
@calls 0 7201
@calls 0 7202
@calls 0 7203
@calls 0 7204
@calls 0 7205
@calls 0 7206
@calls 0 7207
@calls 0 7208
@calls 0 7209
@calls 0 7210
@calls 0 7211
@calls 0 7212
@calls 0 7213
@calls 0 7214
@calls 0 7215
@calls 0 7216
@calls 0 7217
@calls 0 7218
@calls 0 7219
@calls 0 7220
@calls 0 7221
@calls 0 7222
@calls 0 7223
@calls 0 7224
@calls 0 7225
@calls 0 7226
@calls 0 7227
@calls 0 7228
@calls 0 7229
@calls 0 7230
@calls 0 7231
@calls 0 7232
@calls 0 7233
@calls 0 7234
@calls 0 7235
@calls 0 7236
@calls 0 7237
@calls 0 7238
@calls 0 7239
@calls 0 7240
@calls 0 7241
@calls 0 7242
@calls 0 7243
@calls 0 7244
@calls 0 7245
@calls 0 7246
@calls 0 7247
@calls 0 7248
@calls 0 7249
@calls 0 7250
@calls 0 7251
@calls 0 7252
@calls 0 7253
@calls 0 7254
@calls 0 7255
@calls 0 7256
@calls 0 7257
@calls 0 7258
@calls 0 7259
@calls 0 7260
@calls 0 7261
@calls 0 7262
@calls 0 7263
@calls 0 7264
@calls 0 7265
@calls 0 7266
@calls 0 7267
@calls 0 7268
@calls 0 7269
@calls 0 7270
@calls 0 7271
@calls 0 7272
@calls 0 7273
@calls 0 7274
@calls 0 7275
@calls 0 7276
@calls 0 7277
@calls 0 7278
@calls 0 7279
@calls 0 7280
@calls 0 7281
@calls 0 7282
@calls 0 7283
@calls 0 7284
@calls 0 7285
@calls 0 7286
@calls 0 7287
@calls 0 7288
@calls 0 7289
@calls 0 7290
@calls 0 7291
@calls 0 7292
@calls 0 7293
@calls 0 7294
@calls 0 7295
@calls 0 7296
@calls 0 7297
@calls 0 7298
@calls 0 7299
@calls 0 7300
@calls 0 7301
@calls 0 7302
@calls 0 7303
@calls 0 7304
@calls 0 7305
@calls 0 7306
@calls 0 7307
@calls 0 7308
@calls 0 7309
@calls 0 7310
@calls 0 7311
@calls 0 7312
@calls 0 7313
@calls 0 7314
@calls 0 7315
@calls 0 7316
@calls 0 7317
@calls 0 7318
@calls 0 7319
@calls 0 7320
@calls 0 7321
@calls 0 7322
@calls 0 7323
@calls 0 7324
@calls 0 7325
@calls 0 7326
@calls 0 7327
@calls 0 7328
@calls 0 7329
@calls 0 7330
@calls 0 7331
@calls 0 7332
@calls 0 7333
@calls 0 7334
@calls 0 7335
@calls 0 7336
@calls 0 7337
@calls 0 7338
@calls 0 7339
@calls 0 7340
@calls 0 7341
@calls 0 7342
@calls 0 7343
@calls 0 7344
@calls 0 7345
@calls 0 7346
@calls 0 7347
@calls 0 7348
@calls 0 7349
@calls 0 7350
@calls 0 7351
@calls 0 7352
@calls 0 7353
@calls 0 7354
@calls 0 7355
@calls 0 7356
@calls 0 7357
@calls 0 7358
@calls 0 7359
@calls 0 7360
@calls 0 7361
@calls 0 7362
@calls 0 7363
@calls 0 7364
@calls 0 7365
@calls 0 7366
@calls 0 7367
@calls 0 7368
@calls 0 7369
@calls 0 7370
@calls 0 7371
@calls 0 7372
@calls 0 7373
@calls 0 7374
@calls 0 7375
@calls 0 7376
@calls 0 7377
@calls 0 7378
@calls 0 7379
@calls 0 7380
@calls 0 7381
@calls 0 7382
@calls 0 7383
@calls 0 7384
@calls 0 7385
@calls 0 7386
@calls 0 7387
@calls 0 7388
@calls 0 7389
@calls 0 7390
@calls 0 7391
@calls 0 7392
@calls 0 7393
@calls 0 7394
@calls 0 7395
@calls 0 7396
@calls 0 7397
@calls 0 7398
@calls 0 7399
@calls 0 7400
@calls 0 7401
@calls 0 7402
@calls 0 7403
@calls 0 7404
@calls 0 7405
@calls 0 7406
@calls 0 7407
@calls 0 7408
@calls 0 7409
@calls 0 7410
@calls 0 7411
@calls 0 7412
@calls 0 7413
@calls 0 7414
@calls 0 7415
@calls 0 7416
@calls 0 7417
@calls 0 7418
@calls 0 7419
@calls 0 7420
@calls 0 7421
@calls 0 7422
@calls 0 7423
@calls 0 7424
@calls 0 7425
@calls 0 7426
@calls 0 7427
@calls 0 7428
@calls 0 7429
@calls 0 7430
@calls 0 7431
@calls 0 7432
@calls 0 7433
@calls 0 7434
@calls 0 7435
@calls 0 7436
@calls 0 7437
@calls 0 7438
@calls 0 7439
@calls 0 7440
@calls 0 7441
@calls 0 7442
@calls 0 7443
@calls 0 7444
@calls 0 7445
@calls 0 7446
@calls 0 7447
@calls 0 7448
@calls 0 7449
@calls 0 7450
@calls 0 7451
@calls 0 7452
@calls 0 7453
@calls 0 7454
@calls 0 7455
@calls 0 7456
@calls 0 7457
@calls 0 7458
@calls 0 7459
@calls 0 7460
@calls 0 7461
@calls 0 7462
@calls 0 7463
@calls 0 7464
@calls 0 7465
@calls 0 7466
@calls 0 7467
@calls 0 7468
@calls 0 7469
@calls 0 7470
@calls 0 7471
@calls 0 7472
@calls 0 7473
@calls 0 7474
@calls 0 7475
@calls 0 7476
@calls 0 7477
@calls 0 7478
@calls 0 7479
@calls 0 7480
@calls 0 7481
@calls 0 7482
@calls 0 7483
@calls 0 7484
@calls 0 7485
@calls 0 7486
@calls 0 7487
@calls 0 7488
@calls 0 7489
@calls 0 7490
@calls 0 7491
@calls 0 7492
@calls 0 7493
@calls 0 7494
@calls 0 7495
@calls 0 7496
@calls 0 7497
@calls 0 7498
@calls 0 7499
@calls 0 7500
@calls 0 7501
@calls 0 7502
@calls 0 7503
@calls 0 7504
@calls 0 7505
@calls 0 7506
@calls 0 7507
@calls 0 7508
@calls 0 7509
@calls 0 7510
@calls 0 7511
@calls 0 7512
@calls 0 7513
@calls 0 7514
@calls 0 7515
@calls 0 7516
@calls 0 7517
@calls 0 7518
@calls 0 7519
@calls 0 7520
@calls 0 7521
@calls 0 7522
@calls 0 7523
@calls 0 7524
@calls 0 7525
@calls 0 7526
@calls 0 7527
@calls 0 7528
@calls 0 7529
@calls 0 7530
@calls 0 7531
@calls 0 7532
@calls 0 7533
@calls 0 7534
@calls 0 7535
@calls 0 7536
@calls 0 7537
@calls 0 7538
@calls 0 7539
@calls 0 7540
@calls 0 7541
@calls 0 7542
@calls 0 7543
@calls 0 7544
@calls 0 7545
@calls 0 7546
@calls 0 7547
@calls 0 7548
@calls 0 7549
@calls 0 7550
@calls 0 7551
@calls 0 7552
@calls 0 7553
@calls 0 7554
@calls 0 7555
@calls 0 7556
@calls 0 7557
@calls 0 7558
@calls 0 7559
@calls 0 7560
@calls 0 7561
@calls 0 7562
@calls 0 7563
@calls 0 7564
@calls 0 7565
@calls 0 7566
@calls 0 7567
@calls 0 7568
@calls 0 7569
@calls 0 7570
@calls 0 7571
@calls 0 7572
@calls 0 7573
@calls 0 7574
@calls 0 7575
@calls 0 7576
@calls 0 7577
@calls 0 7578
@calls 0 7579
@calls 0 7580
@calls 0 7581
@calls 0 7582
@calls 0 7583
@calls 0 7584
@calls 0 7585
@calls 0 7586
@calls 0 7587
@calls 0 7588
@calls 0 7589
@calls 0 7590
@calls 0 7591
@calls 0 7592
@calls 0 7593
@calls 0 7594
@calls 0 7595
@calls 0 7596
@calls 0 7597
@calls 0 7598
@calls 0 7599
@calls 0 7600
@calls 0 7601
@calls 0 7602
@calls 0 7603
@calls 0 7604
@calls 0 7605
@calls 0 7606
@calls 0 7607
@calls 0 7608
@calls 0 7609
@calls 0 7610
@calls 0 7611
@calls 0 7612
@calls 0 7613
@calls 0 7614
@calls 0 7615
@calls 0 7616
@calls 0 7617
@calls 0 7618
@calls 0 7619
@calls 0 7620
@calls 0 7621
@calls 0 7622
@calls 0 7623
@calls 0 7624
@calls 0 7625
@calls 0 7626
@calls 0 7627
@calls 0 7628
@calls 0 7629
@calls 0 7630
@calls 0 7631
@calls 0 7632
@calls 0 7633
@calls 0 7634
@calls 0 7635
@calls 0 7636
@calls 0 7637
@calls 0 7638
@calls 0 7639
@calls 0 7640
@calls 0 7641
@calls 0 7642
@calls 0 7643
@calls 0 7644
@calls 0 7645
@calls 0 7646
@calls 0 7647
@calls 0 7648
@calls 0 7649
@calls 0 7650
@calls 0 7651
@calls 0 7652
@calls 0 7653
@calls 0 7654
@calls 0 7655
@calls 0 7656
@calls 0 7657
@calls 0 7658
@calls 0 7659
@calls 0 7660
@calls 0 7661
@calls 0 7662
@calls 0 7663
@calls 0 7664
@calls 0 7665
@calls 0 7666
@calls 0 7667
@calls 0 7668
@calls 0 7669
@calls 0 7670
@calls 0 7671
@calls 0 7672
@calls 0 7673
@calls 0 7674
@calls 0 7675
@calls 0 7676
@calls 0 7677
@calls 0 7678
@calls 0 7679
@calls 0 7680
@calls 0 7681
@calls 0 7682
@calls 0 7683
@calls 0 7684
@calls 0 7685
@calls 0 7686
@calls 0 7687
@calls 0 7688
@calls 0 7689
@calls 0 7690
@calls 0 7691
@calls 0 7692
@calls 0 7693
@calls 0 7694
@calls 0 7695
@calls 0 7696
@calls 0 7697
@calls 0 7698
@calls 0 7699
@calls 0 7700
@calls 0 7701
@calls 0 7702
@calls 0 7703
@calls 0 7704
@calls 0 7705
@calls 0 7706
@calls 0 7707
@calls 0 7708
@calls 0 7709
@calls 0 7710
@calls 0 7711
@calls 0 7712
@calls 0 7713
@calls 0 7714
@calls 0 7715
@calls 0 7716
@calls 0 7717
@calls 0 7718
@calls 0 7719
@calls 0 7720
@calls 0 7721
@calls 0 7722
@calls 0 7723
@calls 0 7724
@calls 0 7725
@calls 0 7726
@calls 0 7727
@calls 0 7728
@calls 0 7729
@calls 0 7730
@calls 0 7731
@calls 0 7732
@calls 0 7733
@calls 0 7734
@calls 0 7735
@calls 0 7736
@calls 0 7737
@calls 0 7738
@calls 0 7739
@calls 0 7740
@calls 0 7741
@calls 0 7742
@calls 0 7743
@calls 0 7744
@calls 0 7745
@calls 0 7746
@calls 0 7747
@calls 0 7748
@calls 0 7749
@calls 0 7750
@calls 0 7751
@calls 0 7752
@calls 0 7753
@calls 0 7754
@calls 0 7755
@calls 0 7756
@calls 0 7757
@calls 0 7758
@calls 0 7759
@calls 0 7760
@calls 0 7761
@calls 0 7762
@calls 0 7763
@calls 0 7764
@calls 0 7765
@calls 0 7766
@calls 0 7767
@calls 0 7768
@calls 0 7769
@calls 0 7770
@calls 0 7771
@calls 0 7772
@calls 0 7773
@calls 0 7774
@calls 0 7775
@calls 0 7776
@calls 0 7777
@calls 0 7778
@calls 0 7779
@calls 0 7780
@calls 0 7781
@calls 0 7782
@calls 0 7783
@calls 0 7784
@calls 0 7785
@calls 0 7786
@calls 0 7787
@calls 0 7788
@calls 0 7789
@calls 0 7790
@calls 0 7791
@calls 0 7792
@calls 0 7793
@calls 0 7794
@calls 0 7795
@calls 0 7796
@calls 0 7797
@calls 0 7798
@calls 0 7799
@calls 0 7800
@calls 0 7801
@calls 0 7802
@calls 0 7803
@calls 0 7804
@calls 0 7805
@calls 0 7806
@calls 0 7807
@calls 0 7808
@calls 0 7809
@calls 0 7810
@calls 0 7811
@calls 0 7812
@calls 0 7813
@calls 0 7814
@calls 0 7815
@calls 0 7816
@calls 0 7817
@calls 0 7818
@calls 0 7819
@calls 0 7820
@calls 0 7821
@calls 0 7822
@calls 0 7823
@calls 0 7824
@calls 0 7825
@calls 0 7826
@calls 0 7827
@calls 0 7828
@calls 0 7829
@calls 0 7830
@calls 0 7831
@calls 0 7832
@calls 0 7833
@calls 0 7834
@calls 0 7835
@calls 0 7836
@calls 0 7837
@calls 0 7838
@calls 0 7839
@calls 0 7840
@calls 0 7841
@calls 0 7842
@calls 0 7843
@calls 0 7844
@calls 0 7845
@calls 0 7846
@calls 0 7847
@calls 0 7848
@calls 0 7849
@calls 0 7850
@calls 0 7851
@calls 0 7852
@calls 0 7853
@calls 0 7854
@calls 0 7855
@calls 0 7856
@calls 0 7857
@calls 0 7858
@calls 0 7859
@calls 0 7860
@calls 0 7861
@calls 0 7862
@calls 0 7863
@calls 0 7864
@calls 0 7865
@calls 0 7866
@calls 0 7867
@calls 0 7868
@calls 0 7869
@calls 0 7870
@calls 0 7871
@calls 0 7872
@calls 0 7873
@calls 0 7874
@calls 0 7875
@calls 0 7876
@calls 0 7877
@calls 0 7878
@calls 0 7879
@calls 0 7880
@calls 0 7881
@calls 0 7882
@calls 0 7883
@calls 0 7884
@calls 0 7885
@calls 0 7886
@calls 0 7887
@calls 0 7888
@calls 0 7889
@calls 0 7890
@calls 0 7891
@calls 0 7892
@calls 0 7893
@calls 0 7894
@calls 0 7895
@calls 0 7896
@calls 0 7897
@calls 0 7898
@calls 0 7899
@calls 0 7900
@calls 0 7901
@calls 0 7902
@calls 0 7903
@calls 0 7904
@calls 0 7905
@calls 0 7906
@calls 0 7907
@calls 0 7908
@calls 0 7909
@calls 0 7910
@calls 0 7911
@calls 0 7912
@calls 0 7913
@calls 0 7914
@calls 0 7915
@calls 0 7916
@calls 0 7917
@calls 0 7918
@calls 0 7919
@calls 0 7920
@calls 0 7921
@calls 0 7922
@calls 0 7923
@calls 0 7924
@calls 0 7925
@calls 0 7926
@calls 0 7927
@calls 0 7928
@calls 0 7929
@calls 0 7930
@calls 0 7931
@calls 0 7932
@calls 0 7933
@calls 0 7934
@calls 0 7935
@calls 0 7936
@calls 0 7937
@calls 0 7938
@calls 0 7939
@calls 0 7940
@calls 0 7941
@calls 0 7942
@calls 0 7943
@calls 0 7944
@calls 0 7945
@calls 0 7946
@calls 0 7947
@calls 0 7948
@calls 0 7949
@calls 0 7950
@calls 0 7951
@calls 0 7952
@calls 0 7953
@calls 0 7954
@calls 0 7955
@calls 0 7956
@calls 0 7957
@calls 0 7958
@calls 0 7959
@calls 0 7960
@calls 0 7961
@calls 0 7962
@calls 0 7963
@calls 0 7964
@calls 0 7965
@calls 0 7966
@calls 0 7967
@calls 0 7968
@calls 0 7969
@calls 0 7970
@calls 0 7971
@calls 0 7972
@calls 0 7973
@calls 0 7974
@calls 0 7975
@calls 0 7976
@calls 0 7977
@calls 0 7978
@calls 0 7979
@calls 0 7980
@calls 0 7981
@calls 0 7982
@calls 0 7983
@calls 0 7984
@calls 0 7985
@calls 0 7986
@calls 0 7987
@calls 0 7988
@calls 0 7989
@calls 0 7990
@calls 0 7991
@calls 0 7992
@calls 0 7993
@calls 0 7994
@calls 0 7995
@calls 0 7996
@calls 0 7997
@calls 0 7998
@calls 0 7999
@calls 0 8000
@calls 0 8001
@calls 0 8002
@calls 0 8003
@calls 0 8004
@calls 0 8005
@calls 0 8006
@calls 0 8007
@calls 0 8008
@calls 0 8009
@calls 0 8010
@calls 0 8011
@calls 0 8012
@calls 0 8013
@calls 0 8014
@calls 0 8015
@calls 0 8016
@calls 0 8017
@calls 0 8018
@calls 0 8019
@calls 0 8020
@calls 0 8021
@calls 0 8022
@calls 0 8023
@calls 0 8024
@calls 0 8025
@calls 0 8026
@calls 0 8027
@calls 0 8028
@calls 0 8029
@calls 0 8030
@calls 0 8031
@calls 0 8032
@calls 0 8033
@calls 0 8034
@calls 0 8035
@calls 0 8036
@calls 0 8037
@calls 0 8038
@calls 0 8039
@calls 0 8040
@calls 0 8041
@calls 0 8042
@calls 0 8043
@calls 0 8044
@calls 0 8045
@calls 0 8046
@calls 0 8047
@calls 0 8048
@calls 0 8049
@calls 0 8050
@calls 0 8051
@calls 0 8052
@calls 0 8053
@calls 0 8054
@calls 0 8055
@calls 0 8056
@calls 0 8057
@calls 0 8058
@calls 0 8059
@calls 0 8060
@calls 0 8061
@calls 0 8062
@calls 0 8063
@calls 0 8064
@calls 0 8065
@calls 0 8066
@calls 0 8067
@calls 0 8068
@calls 0 8069
@calls 0 8070
@calls 0 8071
@calls 0 8072
@calls 0 8073
@calls 0 8074
@calls 0 8075
@calls 0 8076
@calls 0 8077
@calls 0 8078
@calls 0 8079
@calls 0 8080
@calls 0 8081
@calls 0 8082
@calls 0 8083
@calls 0 8084
@calls 0 8085
@calls 0 8086
@calls 0 8087
@calls 0 8088
@calls 0 8089
@calls 0 8090
@calls 0 8091
@calls 0 8092
@calls 0 8093
@calls 0 8094
@calls 0 8095
@calls 0 8096
@calls 0 8097
@calls 0 8098
@calls 0 8099
@calls 0 8100
@calls 0 8101
@calls 0 8102
@calls 0 8103
@calls 0 8104
@calls 0 8105
@calls 0 8106
@calls 0 8107
@calls 0 8108
@calls 0 8109
@calls 0 8110
@calls 0 8111
@calls 0 8112
@calls 0 8113
@calls 0 8114
@calls 0 8115
@calls 0 8116
@calls 0 8117
@calls 0 8118
@calls 0 8119
@calls 0 8120
@calls 0 8121
@calls 0 8122
@calls 0 8123
@calls 0 8124
@calls 0 8125
@calls 0 8126
@calls 0 8127
@calls 0 8128
@calls 0 8129
@calls 0 8130
@calls 0 8131
@calls 0 8132
@calls 0 8133
@calls 0 8134
@calls 0 8135
@calls 0 8136
@calls 0 8137
@calls 0 8138
@calls 0 8139
@calls 0 8140
@calls 0 8141
@calls 0 8142
@calls 0 8143
@calls 0 8144
@calls 0 8145
@calls 0 8146
@calls 0 8147
@calls 0 8148
@calls 0 8149
@calls 0 8150
@calls 0 8151
@calls 0 8152
@calls 0 8153
@calls 0 8154
@calls 0 8155
@calls 0 8156
@calls 0 8157
@calls 0 8158
@calls 0 8159
@calls 0 8160
@calls 0 8161
@calls 0 8162
@calls 0 8163
@calls 0 8164
@calls 0 8165
@calls 0 8166
@calls 0 8167
@calls 0 8168
@calls 0 8169
@calls 0 8170
@calls 0 8171
@calls 0 8172
@calls 0 8173
@calls 0 8174
@calls 0 8175
@calls 0 8176
@calls 0 8177
@calls 0 8178
@calls 0 8179
@calls 0 8180
@calls 0 8181
@calls 0 8182
@calls 0 8183
@calls 0 8184
@calls 0 8185
@calls 0 8186
@calls 0 8187
@calls 0 8188
@calls 0 8189
@calls 0 8190
@calls 0 8191
@calls 0 8192
@calls 0 8193
@calls 0 8194
@calls 0 8195
@calls 0 8196
@calls 0 8197
@calls 0 8198
@calls 0 8199
@calls 0 8200
@calls 0 8201
@calls 0 8202
@calls 0 8203
@calls 0 8204
@calls 0 8205
@calls 0 8206
@calls 0 8207
@calls 0 8208
@calls 0 8209
@calls 0 8210
@calls 0 8211
@calls 0 8212
@calls 0 8213
@calls 0 8214
@calls 0 8215
@calls 0 8216
@calls 0 8217
@calls 0 8218
@calls 0 8219
@calls 0 8220
@calls 0 8221
@calls 0 8222
@calls 0 8223
@calls 0 8224
@calls 0 8225
@calls 0 8226
@calls 0 8227
@calls 0 8228
@calls 0 8229
@calls 0 8230
@calls 0 8231
@calls 0 8232
@calls 0 8233
@calls 0 8234
@calls 0 8235
@calls 0 8236
@calls 0 8237
@calls 0 8238
@calls 0 8239
@calls 0 8240
@calls 0 8241
@calls 0 8242
@calls 0 8243
@calls 0 8244
@calls 0 8245
@calls 0 8246
@calls 0 8247
@calls 0 8248
@calls 0 8249
@calls 0 8250
@calls 0 8251
@calls 0 8252
@calls 0 8253
@calls 0 8254
@calls 0 8255
@calls 0 8256
@calls 0 8257
@calls 0 8258
@calls 0 8259
@calls 0 8260
@calls 0 8261
@calls 0 8262
@calls 0 8263
@calls 0 8264
@calls 0 8265
@calls 0 8266
@calls 0 8267
@calls 0 8268
@calls 0 8269
@calls 0 8270
@calls 0 8271
@calls 0 8272
@calls 0 8273
@calls 0 8274
@calls 0 8275
@calls 0 8276
@calls 0 8277
@calls 0 8278
@calls 0 8279
@calls 0 8280
@calls 0 8281
@calls 0 8282
@calls 0 8283
@calls 0 8284
@calls 0 8285
@calls 0 8286
@calls 0 8287
@calls 0 8288
@calls 0 8289
@calls 0 8290
@calls 0 8291
@calls 0 8292
@calls 0 8293
@calls 0 8294
@calls 0 8295
@calls 0 8296
@calls 0 8297
@calls 0 8298
@calls 0 8299
@calls 0 8300
@calls 0 8301
@calls 0 8302
@calls 0 8303
@calls 0 8304
@calls 0 8305
@calls 0 8306
@calls 0 8307
@calls 0 8308
@calls 0 8309
@calls 0 8310
@calls 0 8311
@calls 0 8312
@calls 0 8313
@calls 0 8314
@calls 0 8315
@calls 0 8316
@calls 0 8317
@calls 0 8318
@calls 0 8319
@calls 0 8320
@calls 0 8321
@calls 0 8322
@calls 0 8323
@calls 0 8324
@calls 0 8325
@calls 0 8326
@calls 0 8327
@calls 0 8328
@calls 0 8329
@calls 0 8330
@calls 0 8331
@calls 0 8332
@calls 0 8333
@calls 0 8334
@calls 0 8335
@calls 0 8336
@calls 0 8337
@calls 0 8338
@calls 0 8339
@calls 0 8340
@calls 0 8341
@calls 0 8342
@calls 0 8343
@calls 0 8344
@calls 0 8345
@calls 0 8346
@calls 0 8347
@calls 0 8348
@calls 0 8349
@calls 0 8350
@calls 0 8351
@calls 0 8352
@calls 0 8353
@calls 0 8354
@calls 0 8355
@calls 0 8356
@calls 0 8357
@calls 0 8358
@calls 0 8359
@calls 0 8360
@calls 0 8361
@calls 0 8362
@calls 0 8363
@calls 0 8364
@calls 0 8365
@calls 0 8366
@calls 0 8367
@calls 0 8368
@calls 0 8369
@calls 0 8370
@calls 0 8371
@calls 0 8372
@calls 0 8373
@calls 0 8374
@calls 0 8375
@calls 0 8376
@calls 0 8377
@calls 0 8378
@calls 0 8379
@calls 0 8380
@calls 0 8381
@calls 0 8382
@calls 0 8383
@calls 0 8384
@calls 0 8385
@calls 0 8386
@calls 0 8387
@calls 0 8388
@calls 0 8389
@calls 0 8390
@calls 0 8391
@calls 0 8392
@calls 0 8393
@calls 0 8394
@calls 0 8395
@calls 0 8396
@calls 0 8397
@calls 0 8398
@calls 0 8399
@calls 0 8400
@calls 0 8401
@calls 0 8402
@calls 0 8403
@calls 0 8404
@calls 0 8405
@calls 0 8406
@calls 0 8407
@calls 0 8408
@calls 0 8409
@calls 0 8410
@calls 0 8411
@calls 0 8412
@calls 0 8413
@calls 0 8414
@calls 0 8415
@calls 0 8416
@calls 0 8417
@calls 0 8418
@calls 0 8419
@calls 0 8420
@calls 0 8421
@calls 0 8422
@calls 0 8423
@calls 0 8424
@calls 0 8425
@calls 0 8426
@calls 0 8427
@calls 0 8428
@calls 0 8429
@calls 0 8430
@calls 0 8431
@calls 0 8432
@calls 0 8433
@calls 0 8434
@calls 0 8435
@calls 0 8436
@calls 0 8437
@calls 0 8438
@calls 0 8439
@calls 0 8440
@calls 0 8441
@calls 0 8442
@calls 0 8443
@calls 0 8444
@calls 0 8445
@calls 0 8446
@calls 0 8447
@calls 0 8448
@calls 0 8449
@calls 0 8450
@calls 0 8451
@calls 0 8452
@calls 0 8453
@calls 0 8454
@calls 0 8455
@calls 0 8456
@calls 0 8457
@calls 0 8458
@calls 0 8459
@calls 0 8460
@calls 0 8461
@calls 0 8462
@calls 0 8463
@calls 0 8464
@calls 0 8465
@calls 0 8466
@calls 0 8467
@calls 0 8468
@calls 0 8469
@calls 0 8470
@calls 0 8471
@calls 0 8472
@calls 0 8473
@calls 0 8474
@calls 0 8475
@calls 0 8476
@calls 0 8477
@calls 0 8478
@calls 0 8479
@calls 0 8480
@calls 0 8481
@calls 0 8482
@calls 0 8483
@calls 0 8484
@calls 0 8485
@calls 0 8486
@calls 0 8487
@calls 0 8488
@calls 0 8489
@calls 0 8490
@calls 0 8491
@calls 0 8492
@calls 0 8493
@calls 0 8494
@calls 0 8495
@calls 0 8496
@calls 0 8497
@calls 0 8498
@calls 0 8499
@calls 0 8500
@calls 0 8501
@calls 0 8502
@calls 0 8503
@calls 0 8504
@calls 0 8505
@calls 0 8506
@calls 0 8507
@calls 0 8508
@calls 0 8509
@calls 0 8510
@calls 0 8511
@calls 0 8512
@calls 0 8513
@calls 0 8514
@calls 0 8515
@calls 0 8516
@calls 0 8517
@calls 0 8518
@calls 0 8519
@calls 0 8520
@calls 0 8521
@calls 0 8522
@calls 0 8523
@calls 0 8524
@calls 0 8525
@calls 0 8526
@calls 0 8527
@calls 0 8528
@calls 0 8529
@calls 0 8530
@calls 0 8531
@calls 0 8532
@calls 0 8533
@calls 0 8534
@calls 0 8535
@calls 0 8536
@calls 0 8537
@calls 0 8538
@calls 0 8539
@calls 0 8540
@calls 0 8541
@calls 0 8542
@calls 0 8543
@calls 0 8544
@calls 0 8545
@calls 0 8546
@calls 0 8547
@calls 0 8548
@calls 0 8549
@calls 0 8550
@calls 0 8551
@calls 0 8552
@calls 0 8553
@calls 0 8554
@calls 0 8555
@calls 0 8556
@calls 0 8557
@calls 0 8558
@calls 0 8559
@calls 0 8560
@calls 0 8561
@calls 0 8562
@calls 0 8563
@calls 0 8564
@calls 0 8565
@calls 0 8566
@calls 0 8567
@calls 0 8568
@calls 0 8569
@calls 0 8570
@calls 0 8571
@calls 0 8572
@calls 0 8573
@calls 0 8574
@calls 0 8575
@calls 0 8576
@calls 0 8577
@calls 0 8578
@calls 0 8579
@calls 0 8580
@calls 0 8581
@calls 0 8582
@calls 0 8583
@calls 0 8584
@calls 0 8585
@calls 0 8586
@calls 0 8587
@calls 0 8588
@calls 0 8589
@calls 0 8590
@calls 0 8591
@calls 0 8592
@calls 0 8593
@calls 0 8594
@calls 0 8595
@calls 0 8596
@calls 0 8597
@calls 0 8598
@calls 0 8599
@calls 0 8600
@calls 0 8601
@calls 0 8602
@calls 0 8603
@calls 0 8604
@calls 0 8605
@calls 0 8606
@calls 0 8607
@calls 0 8608
@calls 0 8609
@calls 0 8610
@calls 0 8611
@calls 0 8612
@calls 0 8613
@calls 0 8614
@calls 0 8615
@calls 0 8616
@calls 0 8617
@calls 0 8618
@calls 0 8619
@calls 0 8620
@calls 0 8621
@calls 0 8622
@calls 0 8623
@calls 0 8624
@calls 0 8625
@calls 0 8626
@calls 0 8627
@calls 0 8628
@calls 0 8629
@calls 0 8630
@calls 0 8631
@calls 0 8632
@calls 0 8633
@calls 0 8634
@calls 0 8635
@calls 0 8636
@calls 0 8637
@calls 0 8638
@calls 0 8639
@calls 0 8640
@calls 0 8641
@calls 0 8642
@calls 0 8643
@calls 0 8644
@calls 0 8645
@calls 0 8646
@calls 0 8647
@calls 0 8648
@calls 0 8649
@calls 0 8650
@calls 0 8651
@calls 0 8652
@calls 0 8653
@calls 0 8654
@calls 0 8655
@calls 0 8656
@calls 0 8657
@calls 0 8658
@calls 0 8659
@calls 0 8660
@calls 0 8661
@calls 0 8662
@calls 0 8663
@calls 0 8664
@calls 0 8665
@calls 0 8666
@calls 0 8667
@calls 0 8668
@calls 0 8669
@calls 0 8670
@calls 0 8671
@calls 0 8672
@calls 0 8673
@calls 0 8674
@calls 0 8675
@calls 0 8676
@calls 0 8677
@calls 0 8678
@calls 0 8679
@calls 0 8680
@calls 0 8681
@calls 0 8682
@calls 0 8683
@calls 0 8684
@calls 0 8685
@calls 0 8686
@calls 0 8687
@calls 0 8688
@calls 0 8689
@calls 0 8690
@calls 0 8691
@calls 0 8692
@calls 0 8693
@calls 0 8694
@calls 0 8695
@calls 0 8696
@calls 0 8697
@calls 0 8698
@calls 0 8699
@calls 0 8700
@calls 0 8701
@calls 0 8702
@calls 0 8703
@calls 0 8704
@calls 0 8705
@calls 0 8706
@calls 0 8707
@calls 0 8708
@calls 0 8709
@calls 0 8710
@calls 0 8711
@calls 0 8712
@calls 0 8713
@calls 0 8714
@calls 0 8715
@calls 0 8716
@calls 0 8717
@calls 0 8718
@calls 0 8719
@calls 0 8720
@calls 0 8721
@calls 0 8722
@calls 0 8723
@calls 0 8724
@calls 0 8725
@calls 0 8726
@calls 0 8727
@calls 0 8728
@calls 0 8729
@calls 0 8730
@calls 0 8731
@calls 0 8732
@calls 0 8733
@calls 0 8734
@calls 0 8735
@calls 0 8736
@calls 0 8737
@calls 0 8738
@calls 0 8739
@calls 0 8740
@calls 0 8741
@calls 0 8742
@calls 0 8743
@calls 0 8744
@calls 0 8745
@calls 0 8746
@calls 0 8747
@calls 0 8748
@calls 0 8749
@calls 0 8750
@calls 0 8751
@calls 0 8752
@calls 0 8753
@calls 0 8754
@calls 0 8755
@calls 0 8756
@calls 0 8757
@calls 0 8758
@calls 0 8759
@calls 0 8760
@calls 0 8761
@calls 0 8762
@calls 0 8763
@calls 0 8764
@calls 0 8765
@calls 0 8766
@calls 0 8767
@calls 0 8768
@calls 0 8769
@calls 0 8770
@calls 0 8771
@calls 0 8772
@calls 0 8773
@calls 0 8774
@calls 0 8775
@calls 0 8776
@calls 0 8777
@calls 0 8778
@calls 0 8779
@calls 0 8780
@calls 0 8781
@calls 0 8782
@calls 0 8783
@calls 0 8784
@calls 0 8785
@calls 0 8786
@calls 0 8787
@calls 0 8788
@calls 0 8789
@calls 0 8790
@calls 0 8791
@calls 0 8792
@calls 0 8793
@calls 0 8794
@calls 0 8795
@calls 0 8796
@calls 0 8797
@calls 0 8798
@calls 0 8799
@calls 0 8800
@calls 0 8801
@calls 0 8802
@calls 0 8803
@calls 0 8804
@calls 0 8805
@calls 0 8806
@calls 0 8807
@calls 0 8808
@calls 0 8809
@calls 0 8810
@calls 0 8811
@calls 0 8812
@calls 0 8813
@calls 0 8814
@calls 0 8815
@calls 0 8816
@calls 0 8817
@calls 0 8818
@calls 0 8819
@calls 0 8820
@calls 0 8821
@calls 0 8822
@calls 0 8823
@calls 0 8824
@calls 0 8825
@calls 0 8826
@calls 0 8827
@calls 0 8828
@calls 0 8829
@calls 0 8830
@calls 0 8831
@calls 0 8832
@calls 0 8833
@calls 0 8834
@calls 0 8835
@calls 0 8836
@calls 0 8837
@calls 0 8838
@calls 0 8839
@calls 0 8840
@calls 0 8841
@calls 0 8842
@calls 0 8843
@calls 0 8844
@calls 0 8845
@calls 0 8846
@calls 0 8847
@calls 0 8848
@calls 0 8849
@calls 0 8850
@calls 0 8851
@calls 0 8852
@calls 0 8853
@calls 0 8854
@calls 0 8855
@calls 0 8856
@calls 0 8857
@calls 0 8858
@calls 0 8859
@calls 0 8860
@calls 0 8861
@calls 0 8862
@calls 0 8863
@calls 0 8864
@calls 0 8865
@calls 0 8866
@calls 0 8867
@calls 0 8868
@calls 0 8869
@calls 0 8870
@calls 0 8871
@calls 0 8872
@calls 0 8873
@calls 0 8874
@calls 0 8875
@calls 0 8876
@calls 0 8877
@calls 0 8878
@calls 0 8879
@calls 0 8880
@calls 0 8881
@calls 0 8882
@calls 0 8883
@calls 0 8884
@calls 0 8885
@calls 0 8886
@calls 0 8887
@calls 0 8888
@calls 0 8889
@calls 0 8890
@calls 0 8891
@calls 0 8892
@calls 0 8893
@calls 0 8894
@calls 0 8895
@calls 0 8896
@calls 0 8897
@calls 0 8898
@calls 0 8899
@calls 0 8900
@calls 0 8901
@calls 0 8902
@calls 0 8903
@calls 0 8904
@calls 0 8905
@calls 0 8906
@calls 0 8907
@calls 0 8908
@calls 0 8909
@calls 0 8910
@calls 0 8911
@calls 0 8912
@calls 0 8913
@calls 0 8914
@calls 0 8915
@calls 0 8916
@calls 0 8917
@calls 0 8918
@calls 0 8919
@calls 0 8920
@calls 0 8921
@calls 0 8922
@calls 0 8923
@calls 0 8924
@calls 0 8925
@calls 0 8926
@calls 0 8927
@calls 0 8928
@calls 0 8929
@calls 0 8930
@calls 0 8931
@calls 0 8932
@calls 0 8933
@calls 0 8934
@calls 0 8935
@calls 0 8936
@calls 0 8937
@calls 0 8938
@calls 0 8939
@calls 0 8940
@calls 0 8941
@calls 0 8942
@calls 0 8943
@calls 0 8944
@calls 0 8945
@calls 0 8946
@calls 0 8947
@calls 0 8948
@calls 0 8949
@calls 0 8950
@calls 0 8951
@calls 0 8952
@calls 0 8953
@calls 0 8954
@calls 0 8955
@calls 0 8956
@calls 0 8957
@calls 0 8958
@calls 0 8959
@calls 0 8960
@calls 0 8961
@calls 0 8962
@calls 0 8963
@calls 0 8964
@calls 0 8965
@calls 0 8966
@calls 0 8967
@calls 0 8968
@calls 0 8969
@calls 0 8970
@calls 0 8971
@calls 0 8972
@calls 0 8973
@calls 0 8974
@calls 0 8975
@calls 0 8976
@calls 0 8977
@calls 0 8978
@calls 0 8979
@calls 0 8980
@calls 0 8981
@calls 0 8982
@calls 0 8983
@calls 0 8984
@calls 0 8985
@calls 0 8986
@calls 0 8987
@calls 0 8988
@calls 0 8989
@calls 0 8990
@calls 0 8991
@calls 0 8992
@calls 0 8993
@calls 0 8994
@calls 0 8995
@calls 0 8996
@calls 0 8997
@calls 0 8998
@calls 0 8999
@calls 0 9000
@calls 0 9001
@calls 0 9002
@calls 0 9003
@calls 0 9004
@calls 0 9005
@calls 0 9006
@calls 0 9007
@calls 0 9008
@calls 0 9009
@calls 0 9010
@calls 0 9011
@calls 0 9012
@calls 0 9013
@calls 0 9014
@calls 0 9015
@calls 0 9016
@calls 0 9017
@calls 0 9018
@calls 0 9019
@calls 0 9020
@calls 0 9021
@calls 0 9022
@calls 0 9023
@calls 0 9024
@calls 0 9025
@calls 0 9026
@calls 0 9027
@calls 0 9028
@calls 0 9029
@calls 0 9030
@calls 0 9031
@calls 0 9032
@calls 0 9033
@calls 0 9034
@calls 0 9035
@calls 0 9036
@calls 0 9037
@calls 0 9038
@calls 0 9039
@calls 0 9040
@calls 0 9041
@calls 0 9042
@calls 0 9043
@calls 0 9044
@calls 0 9045
@calls 0 9046
@calls 0 9047
@calls 0 9048
@calls 0 9049
@calls 0 9050
@calls 0 9051
@calls 0 9052
@calls 0 9053
@calls 0 9054
@calls 0 9055
@calls 0 9056
@calls 0 9057
@calls 0 9058
@calls 0 9059
@calls 0 9060
@calls 0 9061
@calls 0 9062
@calls 0 9063
@calls 0 9064
@calls 0 9065
@calls 0 9066
@calls 0 9067
@calls 0 9068
@calls 0 9069
@calls 0 9070
@calls 0 9071
@calls 0 9072
@calls 0 9073
@calls 0 9074
@calls 0 9075
@calls 0 9076
@calls 0 9077
@calls 0 9078
@calls 0 9079
@calls 0 9080
@calls 0 9081
@calls 0 9082
@calls 0 9083
@calls 0 9084
@calls 0 9085
@calls 0 9086
@calls 0 9087
@calls 0 9088
@calls 0 9089
@calls 0 9090
@calls 0 9091
@calls 0 9092
@calls 0 9093
@calls 0 9094
@calls 0 9095
@calls 0 9096
@calls 0 9097
@calls 0 9098
@calls 0 9099
@calls 0 9100
@calls 0 9101
@calls 0 9102
@calls 0 9103
@calls 0 9104
@calls 0 9105
@calls 0 9106
@calls 0 9107
@calls 0 9108
@calls 0 9109
@calls 0 9110
@calls 0 9111
@calls 0 9112
@calls 0 9113
@calls 0 9114
@calls 0 9115
@calls 0 9116
@calls 0 9117
@calls 0 9118
@calls 0 9119
@calls 0 9120
@calls 0 9121
@calls 0 9122
@calls 0 9123
@calls 0 9124
@calls 0 9125
@calls 0 9126
@calls 0 9127
@calls 0 9128
@calls 0 9129
@calls 0 9130
@calls 0 9131
@calls 0 9132
@calls 0 9133
@calls 0 9134
@calls 0 9135
@calls 0 9136
@calls 0 9137
@calls 0 9138
@calls 0 9139
@calls 0 9140
@calls 0 9141
@calls 0 9142
@calls 0 9143
@calls 0 9144
@calls 0 9145
@calls 0 9146
@calls 0 9147
@calls 0 9148
@calls 0 9149
@calls 0 9150
@calls 0 9151
@calls 0 9152
@calls 0 9153
@calls 0 9154
@calls 0 9155
@calls 0 9156
@calls 0 9157
@calls 0 9158
@calls 0 9159
@calls 0 9160
@calls 0 9161
@calls 0 9162
@calls 0 9163
@calls 0 9164
@calls 0 9165
@calls 0 9166
@calls 0 9167
@calls 0 9168
@calls 0 9169
@calls 0 9170
@calls 0 9171
@calls 0 9172
@calls 0 9173
@calls 0 9174
@calls 0 9175
@calls 0 9176
@calls 0 9177
@calls 0 9178
@calls 0 9179
@calls 0 9180
@calls 0 9181
@calls 0 9182
@calls 0 9183
@calls 0 9184
@calls 0 9185
@calls 0 9186
@calls 0 9187
@calls 0 9188
@calls 0 9189
@calls 0 9190
@calls 0 9191
@calls 0 9192
@calls 0 9193
@calls 0 9194
@calls 0 9195
@calls 0 9196
@calls 0 9197
@calls 0 9198
@calls 0 9199
@calls 0 9200
@calls 0 9201
@calls 0 9202
@calls 0 9203
@calls 0 9204
@calls 0 9205
@calls 0 9206
@calls 0 9207
@calls 0 9208
@calls 0 9209
@calls 0 9210
@calls 0 9211
@calls 0 9212
@calls 0 9213
@calls 0 9214
@calls 0 9215
@calls 0 9216
@calls 0 9217
@calls 0 9218
@calls 0 9219
@calls 0 9220
@calls 0 9221
@calls 0 9222
@calls 0 9223
@calls 0 9224
@calls 0 9225
@calls 0 9226
@calls 0 9227
@calls 0 9228
@calls 0 9229
@calls 0 9230
@calls 0 9231
@calls 0 9232
@calls 0 9233
@calls 0 9234
@calls 0 9235
@calls 0 9236
@calls 0 9237
@calls 0 9238
@calls 0 9239
@calls 0 9240
@calls 0 9241
@calls 0 9242
@calls 0 9243
@calls 0 9244
@calls 0 9245
@calls 0 9246
@calls 0 9247
@calls 0 9248
@calls 0 9249
@calls 0 9250
@calls 0 9251
@calls 0 9252
@calls 0 9253
@calls 0 9254
@calls 0 9255
@calls 0 9256
@calls 0 9257
@calls 0 9258
@calls 0 9259
@calls 0 9260
@calls 0 9261
@calls 0 9262
@calls 0 9263
@calls 0 9264
@calls 0 9265
@calls 0 9266
@calls 0 9267
@calls 0 9268
@calls 0 9269
@calls 0 9270
@calls 0 9271
@calls 0 9272
@calls 0 9273
@calls 0 9274
@calls 0 9275
@calls 0 9276
@calls 0 9277
@calls 0 9278
@calls 0 9279
@calls 0 9280
@calls 0 9281
@calls 0 9282
@calls 0 9283
@calls 0 9284
@calls 0 9285
@calls 0 9286
@calls 0 9287
@calls 0 9288
@calls 0 9289
@calls 0 9290
@calls 0 9291
@calls 0 9292
@calls 0 9293
@calls 0 9294
@calls 0 9295
@calls 0 9296
@calls 0 9297
@calls 0 9298
@calls 0 9299
@calls 0 9300
@calls 0 9301
@calls 0 9302
@calls 0 9303
@calls 0 9304
@calls 0 9305
@calls 0 9306
@calls 0 9307
@calls 0 9308
@calls 0 9309
@calls 0 9310
@calls 0 9311
@calls 0 9312
@calls 0 9313
@calls 0 9314
@calls 0 9315
@calls 0 9316
@calls 0 9317
@calls 0 9318
@calls 0 9319
@calls 0 9320
@calls 0 9321
@calls 0 9322
@calls 0 9323
@calls 0 9324
@calls 0 9325
@calls 0 9326
@calls 0 9327
@calls 0 9328
@calls 0 9329
@calls 0 9330
@calls 0 9331
@calls 0 9332
@calls 0 9333
@calls 0 9334
@calls 0 9335
@calls 0 9336
@calls 0 9337
@calls 0 9338
@calls 0 9339
@calls 0 9340
@calls 0 9341
@calls 0 9342
@calls 0 9343
@calls 0 9344
@calls 0 9345
@calls 0 9346
@calls 0 9347
@calls 0 9348
@calls 0 9349
@calls 0 9350
@calls 0 9351
@calls 0 9352
@calls 0 9353
@calls 0 9354
@calls 0 9355
@calls 0 9356
@calls 0 9357
@calls 0 9358
@calls 0 9359
@calls 0 9360
@calls 0 9361
@calls 0 9362
@calls 0 9363
@calls 0 9364
@calls 0 9365
@calls 0 9366
@calls 0 9367
@calls 0 9368
@calls 0 9369
@calls 0 9370
@calls 0 9371
@calls 0 9372
@calls 0 9373
@calls 0 9374
@calls 0 9375
@calls 0 9376
@calls 0 9377
@calls 0 9378
@calls 0 9379
@calls 0 9380
@calls 0 9381
@calls 0 9382
@calls 0 9383
@calls 0 9384
@calls 0 9385
@calls 0 9386
@calls 0 9387
@calls 0 9388
@calls 0 9389
@calls 0 9390
@calls 0 9391
@calls 0 9392
@calls 0 9393
@calls 0 9394
@calls 0 9395
@calls 0 9396
@calls 0 9397
@calls 0 9398
@calls 0 9399
@calls 0 9400
@calls 0 9401
@calls 0 9402
@calls 0 9403
@calls 0 9404
@calls 0 9405
@calls 0 9406
@calls 0 9407
@calls 0 9408
@calls 0 9409
@calls 0 9410
@calls 0 9411
@calls 0 9412
@calls 0 9413
@calls 0 9414
@calls 0 9415
@calls 0 9416
@calls 0 9417
@calls 0 9418
@calls 0 9419
@calls 0 9420
@calls 0 9421
@calls 0 9422
@calls 0 9423
@calls 0 9424
@calls 0 9425
@calls 0 9426
@calls 0 9427
@calls 0 9428
@calls 0 9429
@calls 0 9430
@calls 0 9431
@calls 0 9432
@calls 0 9433
@calls 0 9434
@calls 0 9435
@calls 0 9436
@calls 0 9437
@calls 0 9438
@calls 0 9439
@calls 0 9440
@calls 0 9441
@calls 0 9442
@calls 0 9443
@calls 0 9444
@calls 0 9445
@calls 0 9446
@calls 0 9447
@calls 0 9448
@calls 0 9449
@calls 0 9450
@calls 0 9451
@calls 0 9452
@calls 0 9453
@calls 0 9454
@calls 0 9455
@calls 0 9456
@calls 0 9457
@calls 0 9458
@calls 0 9459
@calls 0 9460
@calls 0 9461
@calls 0 9462
@calls 0 9463
@calls 0 9464
@calls 0 9465
@calls 0 9466
@calls 0 9467
@calls 0 9468
@calls 0 9469
@calls 0 9470
@calls 0 9471
@calls 0 9472
@calls 0 9473
@calls 0 9474
@calls 0 9475
@calls 0 9476
@calls 0 9477
@calls 0 9478
@calls 0 9479
@calls 0 9480
@calls 0 9481
@calls 0 9482
@calls 0 9483
@calls 0 9484
@calls 0 9485
@calls 0 9486
@calls 0 9487
@calls 0 9488
@calls 0 9489
@calls 0 9490
@calls 0 9491
@calls 0 9492
@calls 0 9493
@calls 0 9494
@calls 0 9495
@calls 0 9496
@calls 0 9497
@calls 0 9498
@calls 0 9499
@calls 0 9500
@calls 0 9501
@calls 0 9502
@calls 0 9503
@calls 0 9504
@calls 0 9505
@calls 0 9506
@calls 0 9507
@calls 0 9508
@calls 0 9509
@calls 0 9510
@calls 0 9511
@calls 0 9512
@calls 0 9513
@calls 0 9514
@calls 0 9515
@calls 0 9516
@calls 0 9517
@calls 0 9518
@calls 0 9519
@calls 0 9520
@calls 0 9521
@calls 0 9522
@calls 0 9523
@calls 0 9524
@calls 0 9525
@calls 0 9526
@calls 0 9527
@calls 0 9528
@calls 0 9529
@calls 0 9530
@calls 0 9531
@calls 0 9532
@calls 0 9533
@calls 0 9534
@calls 0 9535
@calls 0 9536
@calls 0 9537
@calls 0 9538
@calls 0 9539
@calls 0 9540
@calls 0 9541
@calls 0 9542
@calls 0 9543
@calls 0 9544
@calls 0 9545
@calls 0 9546
@calls 0 9547
@calls 0 9548
@calls 0 9549
@calls 0 9550
@calls 0 9551
@calls 0 9552
@calls 0 9553
@calls 0 9554
@calls 0 9555
@calls 0 9556
@calls 0 9557
@calls 0 9558
@calls 0 9559
@calls 0 9560
@calls 0 9561
@calls 0 9562
@calls 0 9563
@calls 0 9564
@calls 0 9565
@calls 0 9566
@calls 0 9567
@calls 0 9568
@calls 0 9569
@calls 0 9570
@calls 0 9571
@calls 0 9572
@calls 0 9573
@calls 0 9574
@calls 0 9575
@calls 0 9576
@calls 0 9577
@calls 0 9578
@calls 0 9579
@calls 0 9580
@calls 0 9581
@calls 0 9582
@calls 0 9583
@calls 0 9584
@calls 0 9585
@calls 0 9586
@calls 0 9587
@calls 0 9588
@calls 0 9589
@calls 0 9590
@calls 0 9591
@calls 0 9592
@calls 0 9593
@calls 0 9594
@calls 0 9595
@calls 0 9596
@calls 0 9597
@calls 0 9598
@calls 0 9599
@calls 0 9600
@calls 0 9601
@calls 0 9602
@calls 0 9603
@calls 0 9604
@calls 0 9605
@calls 0 9606
@calls 0 9607
@calls 0 9608
@calls 0 9609
@calls 0 9610
@calls 0 9611
@calls 0 9612
@calls 0 9613
@calls 0 9614
@calls 0 9615
@calls 0 9616
@calls 0 9617
@calls 0 9618
@calls 0 9619
@calls 0 9620
@calls 0 9621
@calls 0 9622
@calls 0 9623
@calls 0 9624
@calls 0 9625
@calls 0 9626
@calls 0 9627
@calls 0 9628
@calls 0 9629
@calls 0 9630
@calls 0 9631
@calls 0 9632
@calls 0 9633
@calls 0 9634
@calls 0 9635
@calls 0 9636
@calls 0 9637
@calls 0 9638
@calls 0 9639
@calls 0 9640
@calls 0 9641
@calls 0 9642
@calls 0 9643
@calls 0 9644
@calls 0 9645
@calls 0 9646
@calls 0 9647
@calls 0 9648
@calls 0 9649
@calls 0 9650
@calls 0 9651
@calls 0 9652
@calls 0 9653
@calls 0 9654
@calls 0 9655
@calls 0 9656
@calls 0 9657
@calls 0 9658
@calls 0 9659
@calls 0 9660
@calls 0 9661
@calls 0 9662
@calls 0 9663
@calls 0 9664
@calls 0 9665
@calls 0 9666
@calls 0 9667
@calls 0 9668
@calls 0 9669
@calls 0 9670
@calls 0 9671
@calls 0 9672
@calls 0 9673
@calls 0 9674
@calls 0 9675
@calls 0 9676
@calls 0 9677
@calls 0 9678
@calls 0 9679
@calls 0 9680
@calls 0 9681
@calls 0 9682
@calls 0 9683
@calls 0 9684
@calls 0 9685
@calls 0 9686
@calls 0 9687
@calls 0 9688
@calls 0 9689
@calls 0 9690
@calls 0 9691
@calls 0 9692
@calls 0 9693
@calls 0 9694
@calls 0 9695
@calls 0 9696
@calls 0 9697
@calls 0 9698
@calls 0 9699
@calls 0 9700
@calls 0 9701
@calls 0 9702
@calls 0 9703
@calls 0 9704
@calls 0 9705
@calls 0 9706
@calls 0 9707
@calls 0 9708
@calls 0 9709
@calls 0 9710
@calls 0 9711
@calls 0 9712
@calls 0 9713
@calls 0 9714
@calls 0 9715
@calls 0 9716
@calls 0 9717
@calls 0 9718
@calls 0 9719
@calls 0 9720
@calls 0 9721
@calls 0 9722
@calls 0 9723
@calls 0 9724
@calls 0 9725
@calls 0 9726
@calls 0 9727
@calls 0 9728
@calls 0 9729
@calls 0 9730
@calls 0 9731
@calls 0 9732
@calls 0 9733
@calls 0 9734
@calls 0 9735
@calls 0 9736
@calls 0 9737
@calls 0 9738
@calls 0 9739
@calls 0 9740
@calls 0 9741
@calls 0 9742
@calls 0 9743
@calls 0 9744
@calls 0 9745
@calls 0 9746
@calls 0 9747
@calls 0 9748
@calls 0 9749
@calls 0 9750
@calls 0 9751
@calls 0 9752
@calls 0 9753
@calls 0 9754
@calls 0 9755
@calls 0 9756
@calls 0 9757
@calls 0 9758
@calls 0 9759
@calls 0 9760
@calls 0 9761
@calls 0 9762
@calls 0 9763
@calls 0 9764
@calls 0 9765
@calls 0 9766
@calls 0 9767
@calls 0 9768
@calls 0 9769
@calls 0 9770
@calls 0 9771
@calls 0 9772
@calls 0 9773
@calls 0 9774
@calls 0 9775
@calls 0 9776
@calls 0 9777
@calls 0 9778
@calls 0 9779
@calls 0 9780
@calls 0 9781
@calls 0 9782
@calls 0 9783
@calls 0 9784
@calls 0 9785
@calls 0 9786
@calls 0 9787
@calls 0 9788
@calls 0 9789
@calls 0 9790
@calls 0 9791
@calls 0 9792
@calls 0 9793
@calls 0 9794
@calls 0 9795
@calls 0 9796
@calls 0 9797
@calls 0 9798
@calls 0 9799
@calls 0 9800
@calls 0 9801
@calls 0 9802
@calls 0 9803
@calls 0 9804
@calls 0 9805
@calls 0 9806
@calls 0 9807
@calls 0 9808
@calls 0 9809
@calls 0 9810
@calls 0 9811
@calls 0 9812
@calls 0 9813
@calls 0 9814
@calls 0 9815
@calls 0 9816
@calls 0 9817
@calls 0 9818
@calls 0 9819
@calls 0 9820
@calls 0 9821
@calls 0 9822
@calls 0 9823
@calls 0 9824
@calls 0 9825
@calls 0 9826
@calls 0 9827
@calls 0 9828
@calls 0 9829
@calls 0 9830
@calls 0 9831
@calls 0 9832
@calls 0 9833
@calls 0 9834
@calls 0 9835
@calls 0 9836
@calls 0 9837
@calls 0 9838
@calls 0 9839
@calls 0 9840
@calls 0 9841
@calls 0 9842
@calls 0 9843
@calls 0 9844
@calls 0 9845
@calls 0 9846
@calls 0 9847
@calls 0 9848
@calls 0 9849
@calls 0 9850
@calls 0 9851
@calls 0 9852
@calls 0 9853
@calls 0 9854
@calls 0 9855
@calls 0 9856
@calls 0 9857
@calls 0 9858
@calls 0 9859
@calls 0 9860
@calls 0 9861
@calls 0 9862
@calls 0 9863
@calls 0 9864
@calls 0 9865
@calls 0 9866
@calls 0 9867
@calls 0 9868
@calls 0 9869
@calls 0 9870
@calls 0 9871
@calls 0 9872
@calls 0 9873
@calls 0 9874
@calls 0 9875
@calls 0 9876
@calls 0 9877
@calls 0 9878
@calls 0 9879
@calls 0 9880
@calls 0 9881
@calls 0 9882
@calls 0 9883
@calls 0 9884
@calls 0 9885
@calls 0 9886
@calls 0 9887
@calls 0 9888
@calls 0 9889
@calls 0 9890
@calls 0 9891
@calls 0 9892
@calls 0 9893
@calls 0 9894
@calls 0 9895
@calls 0 9896
@calls 0 9897
@calls 0 9898
@calls 0 9899
@calls 0 9900
@calls 0 9901
@calls 0 9902
@calls 0 9903
@calls 0 9904
@calls 0 9905
@calls 0 9906
@calls 0 9907
@calls 0 9908
@calls 0 9909
@calls 0 9910
@calls 0 9911
@calls 0 9912
@calls 0 9913
@calls 0 9914
@calls 0 9915
@calls 0 9916
@calls 0 9917
@calls 0 9918
@calls 0 9919
@calls 0 9920
@calls 0 9921
@calls 0 9922
@calls 0 9923
@calls 0 9924
@calls 0 9925
@calls 0 9926
@calls 0 9927
@calls 0 9928
@calls 0 9929
@calls 0 9930
@calls 0 9931
@calls 0 9932
@calls 0 9933
@calls 0 9934
@calls 0 9935
@calls 0 9936
@calls 0 9937
@calls 0 9938
@calls 0 9939
@calls 0 9940
@calls 0 9941
@calls 0 9942
@calls 0 9943
@calls 0 9944
@calls 0 9945
@calls 0 9946
@calls 0 9947
@calls 0 9948
@calls 0 9949
@calls 0 9950
@calls 0 9951
@calls 0 9952
@calls 0 9953
@calls 0 9954
@calls 0 9955
@calls 0 9956
@calls 0 9957
@calls 0 9958
@calls 0 9959
@calls 0 9960
@calls 0 9961
@calls 0 9962
@calls 0 9963
@calls 0 9964
@calls 0 9965
@calls 0 9966
@calls 0 9967
@calls 0 9968
@calls 0 9969
@calls 0 9970
@calls 0 9971
@calls 0 9972
@calls 0 9973
@calls 0 9974
@calls 0 9975
@calls 0 9976
@calls 0 9977
@calls 0 9978
@calls 0 9979
@calls 0 9980
@calls 0 9981
@calls 0 9982
@calls 0 9983
@calls 0 9984
@calls 0 9985
@calls 0 9986
@calls 0 9987
@calls 0 9988
@calls 0 9989
@calls 0 9990
@calls 0 9991
@calls 0 9992
@calls 0 9993
@calls 0 9994
@calls 0 9995
@calls 0 9996
@calls 0 9997
@calls 0 9998
@calls 0 9999
@calls 0 10000
@calls 0 10001
@calls 0 10002
@calls 0 10003
@calls 0 10004
@calls 0 10005
@calls 0 10006
@calls 0 10007
@calls 0 10008
@calls 0 10009
@calls 0 10010
@calls 0 10011
@calls 0 10012
@calls 0 10013
@calls 0 10014
@calls 0 10015
@calls 0 10016
@calls 0 10017
@calls 0 10018
@calls 0 10019
@calls 0 10020
@calls 0 10021
@calls 0 10022
@calls 0 10023
@calls 0 10024
@calls 0 10025
@calls 0 10026
@calls 0 10027
@calls 0 10028
@calls 0 10029
@calls 0 10030
@calls 0 10031
@calls 0 10032
@calls 0 10033
@calls 0 10034
@calls 0 10035
@calls 0 10036
@calls 0 10037
@calls 0 10038
@calls 0 10039
@calls 0 10040
@calls 0 10041
@calls 0 10042
@calls 0 10043
@calls 0 10044
@calls 0 10045
@calls 0 10046
@calls 0 10047
@calls 0 10048
@calls 0 10049
@calls 0 10050
@calls 0 10051
@calls 0 10052
@calls 0 10053
@calls 0 10054
@calls 0 10055
@calls 0 10056
@calls 0 10057
@calls 0 10058
@calls 0 10059
@calls 0 10060
@calls 0 10061
@calls 0 10062
@calls 0 10063
@calls 0 10064
@calls 0 10065
@calls 0 10066
@calls 0 10067
@calls 0 10068
@calls 0 10069
@calls 0 10070
@calls 0 10071
@calls 0 10072
@calls 0 10073
@calls 0 10074
@calls 0 10075
@calls 0 10076
@calls 0 10077
@calls 0 10078
@calls 0 10079
@calls 0 10080
@calls 0 10081
@calls 0 10082
@calls 0 10083
@calls 0 10084
@calls 0 10085
@calls 0 10086
@calls 0 10087
@calls 0 10088
@calls 0 10089
@calls 0 10090
@calls 0 10091
@calls 0 10092
@calls 0 10093
@calls 0 10094
@calls 0 10095
@calls 0 10096
@calls 0 10097
@calls 0 10098
@calls 0 10099
@calls 0 10100
@calls 0 10101
@calls 0 10102
@calls 0 10103
@calls 0 10104
@calls 0 10105
@calls 0 10106
@calls 0 10107
@calls 0 10108
@calls 0 10109
@calls 0 10110
@calls 0 10111
@calls 0 10112
@calls 0 10113
@calls 0 10114
@calls 0 10115
@calls 0 10116
@calls 0 10117
@calls 0 10118
@calls 0 10119
@calls 0 10120
@calls 0 10121
@calls 0 10122
@calls 0 10123
@calls 0 10124
@calls 0 10125
@calls 0 10126
@calls 0 10127
@calls 0 10128
@calls 0 10129
@calls 0 10130
@calls 0 10131
@calls 0 10132
@calls 0 10133
@calls 0 10134
@calls 0 10135
@calls 0 10136
@calls 0 10137
@calls 0 10138
@calls 0 10139
@calls 0 10140
@calls 0 10141
@calls 0 10142
@calls 0 10143
@calls 0 10144
@calls 0 10145
@calls 0 10146
@calls 0 10147
@calls 0 10148
@calls 0 10149
@calls 0 10150
@calls 0 10151
@calls 0 10152
@calls 0 10153
@calls 0 10154
@calls 0 10155
@calls 0 10156
@calls 0 10157
@calls 0 10158
@calls 0 10159
@calls 0 10160
@calls 0 10161
@calls 0 10162
@calls 0 10163
@calls 0 10164
@calls 0 10165
@calls 0 10166
@calls 0 10167
@calls 0 10168
@calls 0 10169
@calls 0 10170
@calls 0 10171
@calls 0 10172
@calls 0 10173
@calls 0 10174
@calls 0 10175
@calls 0 10176
@calls 0 10177
@calls 0 10178
@calls 0 10179
@calls 0 10180
@calls 0 10181
@calls 0 10182
@calls 0 10183
@calls 0 10184
@calls 0 10185
@calls 0 10186
@calls 0 10187
@calls 0 10188
@calls 0 10189
@calls 0 10190
@calls 0 10191
@calls 0 10192
@calls 0 10193
@calls 0 10194
@calls 0 10195
@calls 0 10196
@calls 0 10197
@calls 0 10198
@calls 0 10199
@calls 0 10200
@calls 0 10201
@calls 0 10202
@calls 0 10203
@calls 0 10204
@calls 0 10205
@calls 0 10206
@calls 0 10207
@calls 0 10208
@calls 0 10209
@calls 0 10210
@calls 0 10211
@calls 0 10212
@calls 0 10213
@calls 0 10214
@calls 0 10215
@calls 0 10216
@calls 0 10217
@calls 0 10218
@calls 0 10219
@calls 0 10220
@calls 0 10221
@calls 0 10222
@calls 0 10223
@calls 0 10224
@calls 0 10225
@calls 0 10226
@calls 0 10227
@calls 0 10228
@calls 0 10229
@calls 0 10230
@calls 0 10231
@calls 0 10232
@calls 0 10233
@calls 0 10234
@calls 0 10235
@calls 0 10236
@calls 0 10237
@calls 0 10238
@calls 0 10239
@calls 0 10240
@calls 0 10241
@calls 0 10242
@calls 0 10243
@calls 0 10244
@calls 0 10245
@calls 0 10246
@calls 0 10247
@calls 0 10248
@calls 0 10249
@calls 0 10250
@calls 0 10251
@calls 0 10252
@calls 0 10253
@calls 0 10254
@calls 0 10255
@calls 0 10256
@calls 0 10257
@calls 0 10258
@calls 0 10259
@calls 0 10260
@calls 0 10261
@calls 0 10262
@calls 0 10263
@calls 0 10264
@calls 0 10265
@calls 0 10266
@calls 0 10267
@calls 0 10268
@calls 0 10269
@calls 0 10270
@calls 0 10271
@calls 0 10272
@calls 0 10273
@calls 0 10274
@calls 0 10275
@calls 0 10276
@calls 0 10277
@calls 0 10278
@calls 0 10279
@calls 0 10280
@calls 0 10281
@calls 0 10282
@calls 0 10283
@calls 0 10284
@calls 0 10285
@calls 0 10286
@calls 0 10287
@calls 0 10288
@calls 0 10289
@calls 0 10290
@calls 0 10291
@calls 0 10292
@calls 0 10293
@calls 0 10294
@calls 0 10295
@calls 0 10296
@calls 0 10297
@calls 0 10298
@calls 0 10299
@calls 0 10300
@calls 0 10301
@calls 0 10302
@calls 0 10303
@calls 0 10304
@calls 0 10305
@calls 0 10306
@calls 0 10307
@calls 0 10308
@calls 0 10309
@calls 0 10310
@calls 0 10311
@calls 0 10312
@calls 0 10313
@calls 0 10314
@calls 0 10315
@calls 0 10316
@calls 0 10317
@calls 0 10318
@calls 0 10319
@calls 0 10320
@calls 0 10321
@calls 0 10322
@calls 0 10323
@calls 0 10324
@calls 0 10325
@calls 0 10326
@calls 0 10327
@calls 0 10328
@calls 0 10329
@calls 0 10330
@calls 0 10331
@calls 0 10332
@calls 0 10333
@calls 0 10334
@calls 0 10335
@calls 0 10336
@calls 0 10337
@calls 0 10338
@calls 0 10339
@calls 0 10340
@calls 0 10341
@calls 0 10342
@calls 0 10343
@calls 0 10344
@calls 0 10345
@calls 0 10346
@calls 0 10347
@calls 0 10348
@calls 0 10349
@calls 0 10350
@calls 0 10351
@calls 0 10352
@calls 0 10353
@calls 0 10354
@calls 0 10355
@calls 0 10356
@calls 0 10357
@calls 0 10358
@calls 0 10359
@calls 0 10360
@calls 0 10361
@calls 0 10362
@calls 0 10363
@calls 0 10364
@calls 0 10365
@calls 0 10366
@calls 0 10367
@calls 0 10368
@calls 0 10369
@calls 0 10370
@calls 0 10371
@calls 0 10372
@calls 0 10373
@calls 0 10374
@calls 0 10375
@calls 0 10376
@calls 0 10377
@calls 0 10378
@calls 0 10379
@calls 0 10380
@calls 0 10381
@calls 0 10382
@calls 0 10383
@calls 0 10384
@calls 0 10385
@calls 0 10386
@calls 0 10387
@calls 0 10388
@calls 0 10389
@calls 0 10390
@calls 0 10391
@calls 0 10392
@calls 0 10393
@calls 0 10394
@calls 0 10395
@calls 0 10396
@calls 0 10397
@calls 0 10398
@calls 0 10399
@calls 0 10400
@calls 0 10401
@calls 0 10402
@calls 0 10403
@calls 0 10404
@calls 0 10405
@calls 0 10406
@calls 0 10407
@calls 0 10408
@calls 0 10409
@calls 0 10410
@calls 0 10411
@calls 0 10412
@calls 0 10413
@calls 0 10414
@calls 0 10415
@calls 0 10416
@calls 0 10417
@calls 0 10418
@calls 0 10419
@calls 0 10420
@calls 0 10421
@calls 0 10422
@calls 0 10423
@calls 0 10424
@calls 0 10425
@calls 0 10426
@calls 0 10427
@calls 0 10428
@calls 0 10429
@calls 0 10430
@calls 0 10431
@calls 0 10432
@calls 0 10433
@calls 0 10434
@calls 0 10435
@calls 0 10436
@calls 0 10437
@calls 0 10438
@calls 0 10439
@calls 0 10440
@calls 0 10441
@calls 0 10442
@calls 0 10443
@calls 0 10444
@calls 0 10445
@calls 0 10446
@calls 0 10447
@calls 0 10448
@calls 0 10449
@calls 0 10450
@calls 0 10451
@calls 0 10452
@calls 0 10453
@calls 0 10454
@calls 0 10455
@calls 0 10456
@calls 0 10457
@calls 0 10458
@calls 0 10459
@calls 0 10460
@calls 0 10461
@calls 0 10462
@calls 0 10463
@calls 0 10464
@calls 0 10465
@calls 0 10466
@calls 0 10467
@calls 0 10468
@calls 0 10469
@calls 0 10470
@calls 0 10471
@calls 0 10472
@calls 0 10473
@calls 0 10474
@calls 0 10475
@calls 0 10476
@calls 0 10477
@calls 0 10478
@calls 0 10479
@calls 0 10480
@calls 0 10481
@calls 0 10482
@calls 0 10483
@calls 0 10484
@calls 0 10485
@calls 0 10486
@calls 0 10487
@calls 0 10488
@calls 0 10489
@calls 0 10490
@calls 0 10491
@calls 0 10492
@calls 0 10493
@calls 0 10494
@calls 0 10495
@calls 0 10496
@calls 0 10497
@calls 0 10498
@calls 0 10499
@calls 0 10500
@calls 0 10501
@calls 0 10502
@calls 0 10503
@calls 0 10504
@calls 0 10505
@calls 0 10506
@calls 0 10507
@calls 0 10508
@calls 0 10509
@calls 0 10510
@calls 0 10511
@calls 0 10512
@calls 0 10513
@calls 0 10514
@calls 0 10515
@calls 0 10516
@calls 0 10517
@calls 0 10518
@calls 0 10519
@calls 0 10520
@calls 0 10521
@calls 0 10522
@calls 0 10523
@calls 0 10524
@calls 0 10525
@calls 0 10526
@calls 0 10527
@calls 0 10528
@calls 0 10529
@calls 0 10530
@calls 0 10531
@calls 0 10532
@calls 0 10533
@calls 0 10534
@calls 0 10535
@calls 0 10536
@calls 0 10537
@calls 0 10538
@calls 0 10539
@calls 0 10540
@calls 0 10541
@calls 0 10542
@calls 0 10543
@calls 0 10544
@calls 0 10545
@calls 0 10546
@calls 0 10547
@calls 0 10548
@calls 0 10549
@calls 0 10550
@calls 0 10551
@calls 0 10552
@calls 0 10553
@calls 0 10554
@calls 0 10555
@calls 0 10556
@calls 0 10557
@calls 0 10558
@calls 0 10559
@calls 0 10560
@calls 0 10561
@calls 0 10562
@calls 0 10563
@calls 0 10564
@calls 0 10565
@calls 0 10566
@calls 0 10567
@calls 0 10568
@calls 0 10569
@calls 0 10570
@calls 0 10571
@calls 0 10572
@calls 0 10573
@calls 0 10574
@calls 0 10575
@calls 0 10576
@calls 0 10577
@calls 0 10578
@calls 0 10579
@calls 0 10580
@calls 0 10581
@calls 0 10582
@calls 0 10583
@calls 0 10584
@calls 0 10585
@calls 0 10586
@calls 0 10587
@calls 0 10588
@calls 0 10589
@calls 0 10590
@calls 0 10591
@calls 0 10592
@calls 0 10593
@calls 0 10594
@calls 0 10595
@calls 0 10596
@calls 0 10597
@calls 0 10598
@calls 0 10599
@calls 0 10600
@calls 0 10601
@calls 0 10602
@calls 0 10603
@calls 0 10604
@calls 0 10605
@calls 0 10606
@calls 0 10607
@calls 0 10608
@calls 0 10609
@calls 0 10610
@calls 0 10611
@calls 0 10612
@calls 0 10613
@calls 0 10614
@calls 0 10615
@calls 0 10616
@calls 0 10617
@calls 0 10618
@calls 0 10619
@calls 0 10620
@calls 0 10621
@calls 0 10622
@calls 0 10623
@calls 0 10624
@calls 0 10625
@calls 0 10626
@calls 0 10627
@calls 0 10628
@calls 0 10629
@calls 0 10630
@calls 0 10631
@calls 0 10632
@calls 0 10633
@calls 0 10634
@calls 0 10635
@calls 0 10636
@calls 0 10637
@calls 0 10638
@calls 0 10639
@calls 0 10640
@calls 0 10641
@calls 0 10642
@calls 0 10643
@calls 0 10644
@calls 0 10645
@calls 0 10646
@calls 0 10647
@calls 0 10648
@calls 0 10649
@calls 0 10650
@calls 0 10651
@calls 0 10652
@calls 0 10653
@calls 0 10654
@calls 0 10655
@calls 0 10656
@calls 0 10657
@calls 0 10658
@calls 0 10659
@calls 0 10660
@calls 0 10661
@calls 0 10662
@calls 0 10663
@calls 0 10664
@calls 0 10665
@calls 0 10666
@calls 0 10667
@calls 0 10668
@calls 0 10669
@calls 0 10670
@calls 0 10671
@calls 0 10672
@calls 0 10673
@calls 0 10674
@calls 0 10675
@calls 0 10676
@calls 0 10677
@calls 0 10678
@calls 0 10679
@calls 0 10680
@calls 0 10681
@calls 0 10682
@calls 0 10683
@calls 0 10684
@calls 0 10685
@calls 0 10686
@calls 0 10687
@calls 0 10688
@calls 0 10689
@calls 0 10690
@calls 0 10691
@calls 0 10692
@calls 0 10693
@calls 0 10694
@calls 0 10695
@calls 0 10696
@calls 0 10697
@calls 0 10698
@calls 0 10699
@calls 0 10700
@calls 0 10701
@calls 0 10702
@calls 0 10703
@calls 0 10704
@calls 0 10705
@calls 0 10706
@calls 0 10707
@calls 0 10708
@calls 0 10709
@calls 0 10710
@calls 0 10711
@calls 0 10712
@calls 0 10713
@calls 0 10714
@calls 0 10715
@calls 0 10716
@calls 0 10717
@calls 0 10718
@calls 0 10719
@calls 0 10720
@calls 0 10721
@calls 0 10722
@calls 0 10723
@calls 0 10724
@calls 0 10725
@calls 0 10726
@calls 0 10727
@calls 0 10728
@calls 0 10729
@calls 0 10730
@calls 0 10731
@calls 0 10732
@calls 0 10733
@calls 0 10734
@calls 0 10735
@calls 0 10736
@calls 0 10737
@calls 0 10738
@calls 0 10739
@calls 0 10740
@calls 0 10741
@calls 0 10742
@calls 0 10743
@calls 0 10744
@calls 0 10745
@calls 0 10746
@calls 0 10747
@calls 0 10748
@calls 0 10749
@calls 0 10750
@calls 0 10751
@calls 0 10752
@calls 0 10753
@calls 0 10754
@calls 0 10755
@calls 0 10756
@calls 0 10757
@calls 0 10758
@calls 0 10759
@calls 0 10760
@calls 0 10761
@calls 0 10762
@calls 0 10763
@calls 0 10764
@calls 0 10765
@calls 0 10766
@calls 0 10767
@calls 0 10768
@calls 0 10769
@calls 0 10770
@calls 0 10771
@calls 0 10772
@calls 0 10773
@calls 0 10774
@calls 0 10775
@calls 0 10776
@calls 0 10777
@calls 0 10778
@calls 0 10779
@calls 0 10780
@calls 0 10781
@calls 0 10782
@calls 0 10783
@calls 0 10784
@calls 0 10785
@calls 0 10786
@calls 0 10787
@calls 0 10788
@calls 0 10789
@calls 0 10790
@calls 0 10791
@calls 0 10792
@calls 0 10793
@calls 0 10794
@calls 0 10795
@calls 0 10796
@calls 0 10797
@calls 0 10798
@calls 0 10799
@calls 0 10800
@calls 0 10801
@calls 0 10802
@calls 0 10803
@calls 0 10804
@calls 0 10805
@calls 0 10806
@calls 0 10807
@calls 0 10808
@calls 0 10809
@calls 0 10810
@calls 0 10811
@calls 0 10812
@calls 0 10813
@calls 0 10814
@calls 0 10815
@calls 0 10816
@calls 0 10817
@calls 0 10818
@calls 0 10819
@calls 0 10820
@calls 0 10821
@calls 0 10822
@calls 0 10823
@calls 0 10824
@calls 0 10825
@calls 0 10826
@calls 0 10827
@calls 0 10828
@calls 0 10829
@calls 0 10830
@calls 0 10831
@calls 0 10832
@calls 0 10833
@calls 0 10834
@calls 0 10835
@calls 0 10836
@calls 0 10837
@calls 0 10838
@calls 0 10839
@calls 0 10840
@calls 0 10841
@calls 0 10842
@calls 0 10843
@calls 0 10844
@calls 0 10845
@calls 0 10846
@calls 0 10847
@calls 0 10848
@calls 0 10849
@calls 0 10850
@calls 0 10851
@calls 0 10852
@calls 0 10853
@calls 0 10854
@calls 0 10855
@calls 0 10856
@calls 0 10857
@calls 0 10858
@calls 0 10859
@calls 0 10860
@calls 0 10861
@calls 0 10862
@calls 0 10863
@calls 0 10864
@calls 0 10865
@calls 0 10866
@calls 0 10867
@calls 0 10868
@calls 0 10869
@calls 0 10870
@calls 0 10871
@calls 0 10872
@calls 0 10873
@calls 0 10874
@calls 0 10875
@calls 0 10876
@calls 0 10877
@calls 0 10878
@calls 0 10879
@calls 0 10880
@calls 0 10881
@calls 0 10882
@calls 0 10883
@calls 0 10884
@calls 0 10885
@calls 0 10886
@calls 0 10887
@calls 0 10888
@calls 0 10889
@calls 0 10890
@calls 0 10891
@calls 0 10892
@calls 0 10893
@calls 0 10894
@calls 0 10895
@calls 0 10896
@calls 0 10897
@calls 0 10898
@calls 0 10899
@calls 0 10900
@calls 0 10901
@calls 0 10902
@calls 0 10903
@calls 0 10904
@calls 0 10905
@calls 0 10906
@calls 0 10907
@calls 0 10908
@calls 0 10909
@calls 0 10910
@calls 0 10911
@calls 0 10912
@calls 0 10913
@calls 0 10914
@calls 0 10915
@calls 0 10916
@calls 0 10917
@calls 0 10918
@calls 0 10919
@calls 0 10920
@calls 0 10921
@calls 0 10922
@calls 0 10923
@calls 0 10924
@calls 0 10925
@calls 0 10926
@calls 0 10927
@calls 0 10928
@calls 0 10929
@calls 0 10930
@calls 0 10931
@calls 0 10932
@calls 0 10933
@calls 0 10934
@calls 0 10935
@calls 0 10936
@calls 0 10937
@calls 0 10938
@calls 0 10939
@calls 0 10940
@calls 0 10941
@calls 0 10942
@calls 0 10943
@calls 0 10944
@calls 0 10945
@calls 0 10946
@calls 0 10947
@calls 0 10948
@calls 0 10949
@calls 0 10950
@calls 0 10951
@calls 0 10952
@calls 0 10953
@calls 0 10954
@calls 0 10955
@calls 0 10956
@calls 0 10957
@calls 0 10958
@calls 0 10959
@calls 0 10960
@calls 0 10961
@calls 0 10962
@calls 0 10963
@calls 0 10964
@calls 0 10965
@calls 0 10966
@calls 0 10967
@calls 0 10968
@calls 0 10969
@calls 0 10970
@calls 0 10971
@calls 0 10972
@calls 0 10973
@calls 0 10974
@calls 0 10975
@calls 0 10976
@calls 0 10977
@calls 0 10978
@calls 0 10979
@calls 0 10980
@calls 0 10981
@calls 0 10982
@calls 0 10983
@calls 0 10984
@calls 0 10985
@calls 0 10986
@calls 0 10987
@calls 0 10988
@calls 0 10989
@calls 0 10990
@calls 0 10991
@calls 0 10992
@calls 0 10993
@calls 0 10994
@calls 0 10995
@calls 0 10996
@calls 0 10997
@calls 0 10998
@calls 0 10999
@calls 0 11000
@calls 0 11001
@calls 0 11002
@calls 0 11003
@calls 0 11004
@calls 0 11005
@calls 0 11006
@calls 0 11007
@calls 0 11008
@calls 0 11009
@calls 0 11010
@calls 0 11011
@calls 0 11012
@calls 0 11013
@calls 0 11014
@calls 0 11015
@calls 0 11016
@calls 0 11017
@calls 0 11018
@calls 0 11019
@calls 0 11020
@calls 0 11021
@calls 0 11022
@calls 0 11023
@calls 0 11024
@calls 0 11025
@calls 0 11026
@calls 0 11027
@calls 0 11028
@calls 0 11029
@calls 0 11030
@calls 0 11031
@calls 0 11032
@calls 0 11033
@calls 0 11034
@calls 0 11035
@calls 0 11036
@calls 0 11037
@calls 0 11038
@calls 0 11039
@calls 0 11040
@calls 0 11041
@calls 0 11042
@calls 0 11043
@calls 0 11044
@calls 0 11045
@calls 0 11046
@calls 0 11047
@calls 0 11048
@calls 0 11049
@calls 0 11050
@calls 0 11051
@calls 0 11052
@calls 0 11053
@calls 0 11054
@calls 0 11055
@calls 0 11056
@calls 0 11057
@calls 0 11058
@calls 0 11059
@calls 0 11060
@calls 0 11061
@calls 0 11062
@calls 0 11063
@calls 0 11064
@calls 0 11065
@calls 0 11066
@calls 0 11067
@calls 0 11068
@calls 0 11069
@calls 0 11070
@calls 0 11071
@calls 0 11072
@calls 0 11073
@calls 0 11074
@calls 0 11075
@calls 0 11076
@calls 0 11077
@calls 0 11078
@calls 0 11079
@calls 0 11080
@calls 0 11081
@calls 0 11082
@calls 0 11083
@calls 0 11084
@calls 0 11085
@calls 0 11086
@calls 0 11087
@calls 0 11088
@calls 0 11089
@calls 0 11090
@calls 0 11091
@calls 0 11092
@calls 0 11093
@calls 0 11094
@calls 0 11095
@calls 0 11096
@calls 0 11097
@calls 0 11098
@calls 0 11099
@calls 0 11100
@calls 0 11101
@calls 0 11102
@calls 0 11103
@calls 0 11104
@calls 0 11105
@calls 0 11106
@calls 0 11107
@calls 0 11108
@calls 0 11109
@calls 0 11110
@calls 0 11111
@calls 0 11112
@calls 0 11113
@calls 0 11114
@calls 0 11115
@calls 0 11116
@calls 0 11117
@calls 0 11118
@calls 0 11119
@calls 0 11120
@calls 0 11121
@calls 0 11122
@calls 0 11123
@calls 0 11124
@calls 0 11125
@calls 0 11126
@calls 0 11127
@calls 0 11128
@calls 0 11129
@calls 0 11130
@calls 0 11131
@calls 0 11132
@calls 0 11133
@calls 0 11134
@calls 0 11135
@calls 0 11136
@calls 0 11137
@calls 0 11138
@calls 0 11139
@calls 0 11140
@calls 0 11141
@calls 0 11142
@calls 0 11143
@calls 0 11144
@calls 0 11145
@calls 0 11146
@calls 0 11147
@calls 0 11148
@calls 0 11149
@calls 0 11150
@calls 0 11151
@calls 0 11152
@calls 0 11153
@calls 0 11154
@calls 0 11155
@calls 0 11156
@calls 0 11157
@calls 0 11158
@calls 0 11159
@calls 0 11160
@calls 0 11161
@calls 0 11162
@calls 0 11163
@calls 0 11164
@calls 0 11165
@calls 0 11166
@calls 0 11167
@calls 0 11168
@calls 0 11169
@calls 0 11170
@calls 0 11171
@calls 0 11172
@calls 0 11173
@calls 0 11174
@calls 0 11175
@calls 0 11176
@calls 0 11177
@calls 0 11178
@calls 0 11179
@calls 0 11180
@calls 0 11181
@calls 0 11182
@calls 0 11183
@calls 0 11184
@calls 0 11185
@calls 0 11186
@calls 0 11187
@calls 0 11188
@calls 0 11189
@calls 0 11190
@calls 0 11191
@calls 0 11192
@calls 0 11193
@calls 0 11194
@calls 0 11195
@calls 0 11196
@calls 0 11197
@calls 0 11198
@calls 0 11199
@calls 0 11200
@calls 0 11201
@calls 0 11202
@calls 0 11203
@calls 0 11204
@calls 0 11205
@calls 0 11206
@calls 0 11207
@calls 0 11208
@calls 0 11209
@calls 0 11210
@calls 0 11211
@calls 0 11212
@calls 0 11213
@calls 0 11214
@calls 0 11215
@calls 0 11216
@calls 0 11217
@calls 0 11218
@calls 0 11219
@calls 0 11220
@calls 0 11221
@calls 0 11222
@calls 0 11223
@calls 0 11224
@calls 0 11225
@calls 0 11226
@calls 0 11227
@calls 0 11228
@calls 0 11229
@calls 0 11230
@calls 0 11231
@calls 0 11232
@calls 0 11233
@calls 0 11234
@calls 0 11235
@calls 0 11236
@calls 0 11237
@calls 0 11238
@calls 0 11239
@calls 0 11240
@calls 0 11241
@calls 0 11242
@calls 0 11243
@calls 0 11244
@calls 0 11245
@calls 0 11246
@calls 0 11247
@calls 0 11248
@calls 0 11249
@calls 0 11250
@calls 0 11251
@calls 0 11252
@calls 0 11253
@calls 0 11254
@calls 0 11255
@calls 0 11256
@calls 0 11257
@calls 0 11258
@calls 0 11259
@calls 0 11260
@calls 0 11261
@calls 0 11262
@calls 0 11263
@calls 0 11264
@calls 0 11265
@calls 0 11266
@calls 0 11267
@calls 0 11268
@calls 0 11269
@calls 0 11270
@calls 0 11271
@calls 0 11272
@calls 0 11273
@calls 0 11274
@calls 0 11275
@calls 0 11276
@calls 0 11277
@calls 0 11278
@calls 0 11279
@calls 0 11280
@calls 0 11281
@calls 0 11282
@calls 0 11283
@calls 0 11284
@calls 0 11285
@calls 0 11286
@calls 0 11287
@calls 0 11288
@calls 0 11289
@calls 0 11290
@calls 0 11291
@calls 0 11292
@calls 0 11293
@calls 0 11294
@calls 0 11295
@calls 0 11296
@calls 0 11297
@calls 0 11298
@calls 0 11299
@calls 0 11300
@calls 0 11301
@calls 0 11302
@calls 0 11303
@calls 0 11304
@calls 0 11305
@calls 0 11306
@calls 0 11307
@calls 0 11308
@calls 0 11309
@calls 0 11310
@calls 0 11311
@calls 0 11312
@calls 0 11313
@calls 0 11314
@calls 0 11315
@calls 0 11316
@calls 0 11317
@calls 0 11318
@calls 0 11319
@calls 0 11320
@calls 0 11321
@calls 0 11322
@calls 0 11323
@calls 0 11324
@calls 0 11325
@calls 0 11326
@calls 0 11327
@calls 0 11328
@calls 0 11329
@calls 0 11330
@calls 0 11331
@calls 0 11332
@calls 0 11333
@calls 0 11334
@calls 0 11335
@calls 0 11336
@calls 0 11337
@calls 0 11338
@calls 0 11339
@calls 0 11340
@calls 0 11341
@calls 0 11342
@calls 0 11343
@calls 0 11344
@calls 0 11345
@calls 0 11346
@calls 0 11347
@calls 0 11348
@calls 0 11349
@calls 0 11350
@calls 0 11351
@calls 0 11352
@calls 0 11353
@calls 0 11354
@calls 0 11355
@calls 0 11356
@calls 0 11357
@calls 0 11358
@calls 0 11359
@calls 0 11360
@calls 0 11361
@calls 0 11362
@calls 0 11363
@calls 0 11364
@calls 0 11365
@calls 0 11366
@calls 0 11367
@calls 0 11368
@calls 0 11369
@calls 0 11370
@calls 0 11371
@calls 0 11372
@calls 0 11373
@calls 0 11374
@calls 0 11375
@calls 0 11376
@calls 0 11377
@calls 0 11378
@calls 0 11379
@calls 0 11380
@calls 0 11381
@calls 0 11382
@calls 0 11383
@calls 0 11384
@calls 0 11385
@calls 0 11386
@calls 0 11387
@calls 0 11388
@calls 0 11389
@calls 0 11390
@calls 0 11391
@calls 0 11392
@calls 0 11393
@calls 0 11394
@calls 0 11395
@calls 0 11396
@calls 0 11397
@calls 0 11398
@calls 0 11399
@calls 0 11400
@calls 0 11401
@calls 0 11402
@calls 0 11403
@calls 0 11404
@calls 0 11405
@calls 0 11406
@calls 0 11407
@calls 0 11408
@calls 0 11409
@calls 0 11410
@calls 0 11411
@calls 0 11412
@calls 0 11413
@calls 0 11414
@calls 0 11415
@calls 0 11416
@calls 0 11417
@calls 0 11418
@calls 0 11419
@calls 0 11420
@calls 0 11421
@calls 0 11422
@calls 0 11423
@calls 0 11424
@calls 0 11425
@calls 0 11426
@calls 0 11427
@calls 0 11428
@calls 0 11429
@calls 0 11430
@calls 0 11431
@calls 0 11432
@calls 0 11433
@calls 0 11434
@calls 0 11435
@calls 0 11436
@calls 0 11437
@calls 0 11438
@calls 0 11439
@calls 0 11440
@calls 0 11441
@calls 0 11442
@calls 0 11443
@calls 0 11444
@calls 0 11445
@calls 0 11446
@calls 0 11447
@calls 0 11448
@calls 0 11449
@calls 0 11450
@calls 0 11451
@calls 0 11452
@calls 0 11453
@calls 0 11454
@calls 0 11455
@calls 0 11456
@calls 0 11457
@calls 0 11458
@calls 0 11459
@calls 0 11460
@calls 0 11461
@calls 0 11462
@calls 0 11463
@calls 0 11464
@calls 0 11465
@calls 0 11466
@calls 0 11467
@calls 0 11468
@calls 0 11469
@calls 0 11470
@calls 0 11471
@calls 0 11472
@calls 0 11473
@calls 0 11474
@calls 0 11475
@calls 0 11476
@calls 0 11477
@calls 0 11478
@calls 0 11479
@calls 0 11480
@calls 0 11481
@calls 0 11482
@calls 0 11483
@calls 0 11484
@calls 0 11485
@calls 0 11486
@calls 0 11487
@calls 0 11488
@calls 0 11489
@calls 0 11490
@calls 0 11491
@calls 0 11492
@calls 0 11493
@calls 0 11494
@calls 0 11495
@calls 0 11496
@calls 0 11497
@calls 0 11498
@calls 0 11499
@calls 0 11500
@calls 0 11501
@calls 0 11502
@calls 0 11503
@calls 0 11504
@calls 0 11505
@calls 0 11506
@calls 0 11507
@calls 0 11508
@calls 0 11509
@calls 0 11510
@calls 0 11511
@calls 0 11512
@calls 0 11513
@calls 0 11514
@calls 0 11515
@calls 0 11516
@calls 0 11517
@calls 0 11518
@calls 0 11519
@calls 0 11520
@calls 0 11521
@calls 0 11522
@calls 0 11523
@calls 0 11524
@calls 0 11525
@calls 0 11526
@calls 0 11527
@calls 0 11528
@calls 0 11529
@calls 0 11530
@calls 0 11531
@calls 0 11532
@calls 0 11533
@calls 0 11534
@calls 0 11535
@calls 0 11536
@calls 0 11537
@calls 0 11538
@calls 0 11539
@calls 0 11540
@calls 0 11541
@calls 0 11542
@calls 0 11543
@calls 0 11544
@calls 0 11545
@calls 0 11546
@calls 0 11547
@calls 0 11548
@calls 0 11549
@calls 0 11550
@calls 0 11551
@calls 0 11552
@calls 0 11553
@calls 0 11554
@calls 0 11555
@calls 0 11556
@calls 0 11557
@calls 0 11558
@calls 0 11559
@calls 0 11560
@calls 0 11561
@calls 0 11562
@calls 0 11563
@calls 0 11564
@calls 0 11565
@calls 0 11566
@calls 0 11567
@calls 0 11568
@calls 0 11569
@calls 0 11570
@calls 0 11571
@calls 0 11572
@calls 0 11573
@calls 0 11574
@calls 0 11575
@calls 0 11576
@calls 0 11577
@calls 0 11578
@calls 0 11579
@calls 0 11580
@calls 0 11581
@calls 0 11582
@calls 0 11583
@calls 0 11584
@calls 0 11585
@calls 0 11586
@calls 0 11587
@calls 0 11588
@calls 0 11589
@calls 0 11590
@calls 0 11591
@calls 0 11592
@calls 0 11593
@calls 0 11594
@calls 0 11595
@calls 0 11596
@calls 0 11597
@calls 0 11598
@calls 0 11599
@calls 0 11600
@calls 0 11601
@calls 0 11602
@calls 0 11603
@calls 0 11604
@calls 0 11605
@calls 0 11606
@calls 0 11607
@calls 0 11608
@calls 0 11609
@calls 0 11610
@calls 0 11611
@calls 0 11612
@calls 0 11613
@calls 0 11614
@calls 0 11615
@calls 0 11616
@calls 0 11617
@calls 0 11618
@calls 0 11619
@calls 0 11620
@calls 0 11621
@calls 0 11622
@calls 0 11623
@calls 0 11624
@calls 0 11625
@calls 0 11626
@calls 0 11627
@calls 0 11628
@calls 0 11629
@calls 0 11630
@calls 0 11631
@calls 0 11632
@calls 0 11633
@calls 0 11634
@calls 0 11635
@calls 0 11636
@calls 0 11637
@calls 0 11638
@calls 0 11639
@calls 0 11640
@calls 0 11641
@calls 0 11642
@calls 0 11643
@calls 0 11644
@calls 0 11645
@calls 0 11646
@calls 0 11647
@calls 0 11648
@calls 0 11649
@calls 0 11650
@calls 0 11651
@calls 0 11652
@calls 0 11653
@calls 0 11654
@calls 0 11655
@calls 0 11656
@calls 0 11657
@calls 0 11658
@calls 0 11659
@calls 0 11660
@calls 0 11661
@calls 0 11662
@calls 0 11663
@calls 0 11664
@calls 0 11665
@calls 0 11666
@calls 0 11667
@calls 0 11668
@calls 0 11669
@calls 0 11670
@calls 0 11671
@calls 0 11672
@calls 0 11673
@calls 0 11674
@calls 0 11675
@calls 0 11676
@calls 0 11677
@calls 0 11678
@calls 0 11679
@calls 0 11680
@calls 0 11681
@calls 0 11682
@calls 0 11683
@calls 0 11684
@calls 0 11685
@calls 0 11686
@calls 0 11687
@calls 0 11688
@calls 0 11689
@calls 0 11690
@calls 0 11691
@calls 0 11692
@calls 0 11693
@calls 0 11694
@calls 0 11695
@calls 0 11696
@calls 0 11697
@calls 0 11698
@calls 0 11699
@calls 0 11700
@calls 0 11701
@calls 0 11702
@calls 0 11703
@calls 0 11704
@calls 0 11705
@calls 0 11706
@calls 0 11707
@calls 0 11708
@calls 0 11709
@calls 0 11710
@calls 0 11711
@calls 0 11712
@calls 0 11713
@calls 0 11714
@calls 0 11715
@calls 0 11716
@calls 0 11717
@calls 0 11718
@calls 0 11719
@calls 0 11720
@calls 0 11721
@calls 0 11722
@calls 0 11723
@calls 0 11724
@calls 0 11725
@calls 0 11726
@calls 0 11727
@calls 0 11728
@calls 0 11729
@calls 0 11730
@calls 0 11731
@calls 0 11732
@calls 0 11733
@calls 0 11734
@calls 0 11735
@calls 0 11736
@calls 0 11737
@calls 0 11738
@calls 0 11739
@calls 0 11740
@calls 0 11741
@calls 0 11742
@calls 0 11743
@calls 0 11744
@calls 0 11745
@calls 0 11746
@calls 0 11747
@calls 0 11748
@calls 0 11749
@calls 0 11750
@calls 0 11751
@calls 0 11752
@calls 0 11753
@calls 0 11754
@calls 0 11755
@calls 0 11756
@calls 0 11757
@calls 0 11758
@calls 0 11759
@calls 0 11760
@calls 0 11761
@calls 0 11762
@calls 0 11763
@calls 0 11764
@calls 0 11765
@calls 0 11766
@calls 0 11767
@calls 0 11768
@calls 0 11769
@calls 0 11770
@calls 0 11771
@calls 0 11772
@calls 0 11773
@calls 0 11774
@calls 0 11775
@calls 0 11776
@calls 0 11777
@calls 0 11778
@calls 0 11779
@calls 0 11780
@calls 0 11781
@calls 0 11782
@calls 0 11783
@calls 0 11784
@calls 0 11785
@calls 0 11786
@calls 0 11787
@calls 0 11788
@calls 0 11789
@calls 0 11790
@calls 0 11791
@calls 0 11792
@calls 0 11793
@calls 0 11794
@calls 0 11795
@calls 0 11796
@calls 0 11797
@calls 0 11798
@calls 0 11799
@calls 0 11800
@calls 0 11801
@calls 0 11802
@calls 0 11803
@calls 0 11804
@calls 0 11805
@calls 0 11806
@calls 0 11807
@calls 0 11808
@calls 0 11809
@calls 0 11810
@calls 0 11811
@calls 0 11812
@calls 0 11813
@calls 0 11814
@calls 0 11815
@calls 0 11816
@calls 0 11817
@calls 0 11818
@calls 0 11819
@calls 0 11820
@calls 0 11821
@calls 0 11822
@calls 0 11823
@calls 0 11824
@calls 0 11825
@calls 0 11826
@calls 0 11827
@calls 0 11828
@calls 0 11829
@calls 0 11830
@calls 0 11831
@calls 0 11832
@calls 0 11833
@calls 0 11834
@calls 0 11835
@calls 0 11836
@calls 0 11837
@calls 0 11838
@calls 0 11839
@calls 0 11840
@calls 0 11841
@calls 0 11842
@calls 0 11843
@calls 0 11844
@calls 0 11845
@calls 0 11846
@calls 0 11847
@calls 0 11848
@calls 0 11849
@calls 0 11850
@calls 0 11851
@calls 0 11852
@calls 0 11853
@calls 0 11854
@calls 0 11855
@calls 0 11856
@calls 0 11857
@calls 0 11858
@calls 0 11859
@calls 0 11860
@calls 0 11861
@calls 0 11862
@calls 0 11863
@calls 0 11864
@calls 0 11865
@calls 0 11866
@calls 0 11867
@calls 0 11868
@calls 0 11869
@calls 0 11870
@calls 0 11871
@calls 0 11872
@calls 0 11873
@calls 0 11874
@calls 0 11875
@calls 0 11876
@calls 0 11877
@calls 0 11878
@calls 0 11879
@calls 0 11880
@calls 0 11881
@calls 0 11882
@calls 0 11883
@calls 0 11884
@calls 0 11885
@calls 0 11886
@calls 0 11887
@calls 0 11888
@calls 0 11889
@calls 0 11890
@calls 0 11891
@calls 0 11892
@calls 0 11893
@calls 0 11894
@calls 0 11895
@calls 0 11896
@calls 0 11897
@calls 0 11898
@calls 0 11899
@calls 0 11900
@calls 0 11901
@calls 0 11902
@calls 0 11903
@calls 0 11904
@calls 0 11905
@calls 0 11906
@calls 0 11907
@calls 0 11908
@calls 0 11909
@calls 0 11910
@calls 0 11911
@calls 0 11912
@calls 0 11913
@calls 0 11914
@calls 0 11915
@calls 0 11916
@calls 0 11917
@calls 0 11918
@calls 0 11919
@calls 0 11920
@calls 0 11921
@calls 0 11922
@calls 0 11923
@calls 0 11924
@calls 0 11925
@calls 0 11926
@calls 0 11927
@calls 0 11928
@calls 0 11929
@calls 0 11930
@calls 0 11931
@calls 0 11932
@calls 0 11933
@calls 0 11934
@calls 0 11935
@calls 0 11936
@calls 0 11937
@calls 0 11938
@calls 0 11939
@calls 0 11940
@calls 0 11941
@calls 0 11942
@calls 0 11943
@calls 0 11944
@calls 0 11945
@calls 0 11946
@calls 0 11947
@calls 0 11948
@calls 0 11949
@calls 0 11950
@calls 0 11951
@calls 0 11952
@calls 0 11953
@calls 0 11954
@calls 0 11955
@calls 0 11956
@calls 0 11957
@calls 0 11958
@calls 0 11959
@calls 0 11960
@calls 0 11961
@calls 0 11962
@calls 0 11963
@calls 0 11964
@calls 0 11965
@calls 0 11966
@calls 0 11967
@calls 0 11968
@calls 0 11969
@calls 0 11970
@calls 0 11971
@calls 0 11972
@calls 0 11973
@calls 0 11974
@calls 0 11975
@calls 0 11976
@calls 0 11977
@calls 0 11978
@calls 0 11979
@calls 0 11980
@calls 0 11981
@calls 0 11982
@calls 0 11983
@calls 0 11984
@calls 0 11985
@calls 0 11986
@calls 0 11987
@calls 0 11988
@calls 0 11989
@calls 0 11990
@calls 0 11991
@calls 0 11992
@calls 0 11993
@calls 0 11994
@calls 0 11995
@calls 0 11996
@calls 0 11997
@calls 0 11998
@calls 0 11999
@calls 0 12000
@calls 0 12001
@calls 0 12002
@calls 0 12003
@calls 0 12004
@calls 0 12005
@calls 0 12006
@calls 0 12007
@calls 0 12008
@calls 0 12009
@calls 0 12010
@calls 0 12011
@calls 0 12012
@calls 0 12013
@calls 0 12014
@calls 0 12015
@calls 0 12016
@calls 0 12017
@calls 0 12018
@calls 0 12019
@calls 0 12020
@calls 0 12021
@calls 0 12022
@calls 0 12023
@calls 0 12024
@calls 0 12025
@calls 0 12026
@calls 0 12027
@calls 0 12028
@calls 0 12029
@calls 0 12030
@calls 0 12031
@calls 0 12032
@calls 0 12033
@calls 0 12034
@calls 0 12035
@calls 0 12036
@calls 0 12037
@calls 0 12038
@calls 0 12039
@calls 0 12040
@calls 0 12041
@calls 0 12042
@calls 0 12043
@calls 0 12044
@calls 0 12045
@calls 0 12046
@calls 0 12047
@calls 0 12048
@calls 0 12049
@calls 0 12050
@calls 0 12051
@calls 0 12052
@calls 0 12053
@calls 0 12054
@calls 0 12055
@calls 0 12056
@calls 0 12057
@calls 0 12058
@calls 0 12059
@calls 0 12060
@calls 0 12061
@calls 0 12062
@calls 0 12063
@calls 0 12064
@calls 0 12065
@calls 0 12066
@calls 0 12067
@calls 0 12068
@calls 0 12069
@calls 0 12070
@calls 0 12071
@calls 0 12072
@calls 0 12073
@calls 0 12074
@calls 0 12075
@calls 0 12076
@calls 0 12077
@calls 0 12078
@calls 0 12079
@calls 0 12080
@calls 0 12081
@calls 0 12082
@calls 0 12083
@calls 0 12084
@calls 0 12085
@calls 0 12086
@calls 0 12087
@calls 0 12088
@calls 0 12089
@calls 0 12090
@calls 0 12091
@calls 0 12092
@calls 0 12093
@calls 0 12094
@calls 0 12095
@calls 0 12096
@calls 0 12097
@calls 0 12098
@calls 0 12099
@calls 0 12100
@calls 0 12101
@calls 0 12102
@calls 0 12103
@calls 0 12104
@calls 0 12105
@calls 0 12106
@calls 0 12107
@calls 0 12108
@calls 0 12109
@calls 0 12110
@calls 0 12111
@calls 0 12112
@calls 0 12113
@calls 0 12114
@calls 0 12115
@calls 0 12116
@calls 0 12117
@calls 0 12118
@calls 0 12119
@calls 0 12120
@calls 0 12121
@calls 0 12122
@calls 0 12123
@calls 0 12124
@calls 0 12125
@calls 0 12126
@calls 0 12127
@calls 0 12128
@calls 0 12129
@calls 0 12130
@calls 0 12131
@calls 0 12132
@calls 0 12133
@calls 0 12134
@calls 0 12135
@calls 0 12136
@calls 0 12137
@calls 0 12138
@calls 0 12139
@calls 0 12140
@calls 0 12141
@calls 0 12142
@calls 0 12143
@calls 0 12144
@calls 0 12145
@calls 0 12146
@calls 0 12147
@calls 0 12148
@calls 0 12149
@calls 0 12150
@calls 0 12151
@calls 0 12152
@calls 0 12153
@calls 0 12154
@calls 0 12155
@calls 0 12156
@calls 0 12157
@calls 0 12158
@calls 0 12159
@calls 0 12160
@calls 0 12161
@calls 0 12162
@calls 0 12163
@calls 0 12164
@calls 0 12165
@calls 0 12166
@calls 0 12167
@calls 0 12168
@calls 0 12169
@calls 0 12170
@calls 0 12171
@calls 0 12172
@calls 0 12173
@calls 0 12174
@calls 0 12175
@calls 0 12176
@calls 0 12177
@calls 0 12178
@calls 0 12179
@calls 0 12180
@calls 0 12181
@calls 0 12182
@calls 0 12183
@calls 0 12184
@calls 0 12185
@calls 0 12186
@calls 0 12187
@calls 0 12188
@calls 0 12189
@calls 0 12190
@calls 0 12191
@calls 0 12192
@calls 0 12193
@calls 0 12194
@calls 0 12195
@calls 0 12196
@calls 0 12197
@calls 0 12198
@calls 0 12199
@calls 0 12200
@calls 0 12201
@calls 0 12202
@calls 0 12203
@calls 0 12204
@calls 0 12205
@calls 0 12206
@calls 0 12207
@calls 0 12208
@calls 0 12209
@calls 0 12210
@calls 0 12211
@calls 0 12212
@calls 0 12213
@calls 0 12214
@calls 0 12215
@calls 0 12216
@calls 0 12217
@calls 0 12218
@calls 0 12219
@calls 0 12220
@calls 0 12221
@calls 0 12222
@calls 0 12223
@calls 0 12224
@calls 0 12225
@calls 0 12226
@calls 0 12227
@calls 0 12228
@calls 0 12229
@calls 0 12230
@calls 0 12231
@calls 0 12232
@calls 0 12233
@calls 0 12234
@calls 0 12235
@calls 0 12236
@calls 0 12237
@calls 0 12238
@calls 0 12239
@calls 0 12240
@calls 0 12241
@calls 0 12242
@calls 0 12243
@calls 0 12244
@calls 0 12245
@calls 0 12246
@calls 0 12247
@calls 0 12248
@calls 0 12249
@calls 0 12250
@calls 0 12251
@calls 0 12252
@calls 0 12253
@calls 0 12254
@calls 0 12255
@calls 0 12256
@calls 0 12257
@calls 0 12258
@calls 0 12259
@calls 0 12260
@calls 0 12261
@calls 0 12262
@calls 0 12263
@calls 0 12264
@calls 0 12265
@calls 0 12266
@calls 0 12267
@calls 0 12268
@calls 0 12269
@calls 0 12270
@calls 0 12271
@calls 0 12272
@calls 0 12273
@calls 0 12274
@calls 0 12275
@calls 0 12276
@calls 0 12277
@calls 0 12278
@calls 0 12279
@calls 0 12280
@calls 0 12281
@calls 0 12282
@calls 0 12283
@calls 0 12284
@calls 0 12285
@calls 0 12286
@calls 0 12287
@calls 0 12288
@calls 0 12289
@calls 0 12290
@calls 0 12291
@calls 0 12292
@calls 0 12293
@calls 0 12294
@calls 0 12295
@calls 0 12296
@calls 0 12297
@calls 0 12298
@calls 0 12299
@calls 0 12300
@calls 0 12301
@calls 0 12302
@calls 0 12303
@calls 0 12304
@calls 0 12305
@calls 0 12306
@calls 0 12307
@calls 0 12308
@calls 0 12309
@calls 0 12310
@calls 0 12311
@calls 0 12312
@calls 0 12313
@calls 0 12314
@calls 0 12315
@calls 0 12316
@calls 0 12317
@calls 0 12318
@calls 0 12319
@calls 0 12320
@calls 0 12321
@calls 0 12322
@calls 0 12323
@calls 0 12324
@calls 0 12325
@calls 0 12326
@calls 0 12327
@calls 0 12328
@calls 0 12329
@calls 0 12330
@calls 0 12331
@calls 0 12332
@calls 0 12333
@calls 0 12334
@calls 0 12335
@calls 0 12336
@calls 0 12337
@calls 0 12338
@calls 0 12339
@calls 0 12340
@calls 0 12341
@calls 0 12342
@calls 0 12343
@calls 0 12344
@calls 0 12345
@calls 0 12346
@calls 0 12347
@calls 0 12348
@calls 0 12349
@calls 0 12350
@calls 0 12351
@calls 0 12352
@calls 0 12353
@calls 0 12354
@calls 0 12355
@calls 0 12356
@calls 0 12357
@calls 0 12358
@calls 0 12359
@calls 0 12360
@calls 0 12361
@calls 0 12362
@calls 0 12363
@calls 0 12364
@calls 0 12365
@calls 0 12366
@calls 0 12367
@calls 0 12368
@calls 0 12369
@calls 0 12370
@calls 0 12371
@calls 0 12372
@calls 0 12373
@calls 0 12374
@calls 0 12375
@calls 0 12376
@calls 0 12377
@calls 0 12378
@calls 0 12379
@calls 0 12380
@calls 0 12381
@calls 0 12382
@calls 0 12383
@calls 0 12384
@calls 0 12385
@calls 0 12386
@calls 0 12387
@calls 0 12388
@calls 0 12389
@calls 0 12390
@calls 0 12391
@calls 0 12392
@calls 0 12393
@calls 0 12394
@calls 0 12395
@calls 0 12396
@calls 0 12397
@calls 0 12398
@calls 0 12399
@calls 0 12400
@calls 0 12401
@calls 0 12402
@calls 0 12403
@calls 0 12404
@calls 0 12405
@calls 0 12406
@calls 0 12407
@calls 0 12408
@calls 0 12409
@calls 0 12410
@calls 0 12411
@calls 0 12412
@calls 0 12413
@calls 0 12414
@calls 0 12415
@calls 0 12416
@calls 0 12417
@calls 0 12418
@calls 0 12419
@calls 0 12420
@calls 0 12421
@calls 0 12422
@calls 0 12423
@calls 0 12424
@calls 0 12425
@calls 0 12426
@calls 0 12427
@calls 0 12428
@calls 0 12429
@calls 0 12430
@calls 0 12431
@calls 0 12432
@calls 0 12433
@calls 0 12434
@calls 0 12435
@calls 0 12436
@calls 0 12437
@calls 0 12438
@calls 0 12439
@calls 0 12440
@calls 0 12441
@calls 0 12442
@calls 0 12443
@calls 0 12444
@calls 0 12445
@calls 0 12446
@calls 0 12447
@calls 0 12448
@calls 0 12449
@calls 0 12450
@calls 0 12451
@calls 0 12452
@calls 0 12453
@calls 0 12454
@calls 0 12455
@calls 0 12456
@calls 0 12457
@calls 0 12458
@calls 0 12459
@calls 0 12460
@calls 0 12461
@calls 0 12462
@calls 0 12463
@calls 0 12464
@calls 0 12465
@calls 0 12466
@calls 0 12467
@calls 0 12468
@calls 0 12469
@calls 0 12470
@calls 0 12471
@calls 0 12472
@calls 0 12473
@calls 0 12474
@calls 0 12475
@calls 0 12476
@calls 0 12477
@calls 0 12478
@calls 0 12479
@calls 0 12480
@calls 0 12481
@calls 0 12482
@calls 0 12483
@calls 0 12484
@calls 0 12485
@calls 0 12486
@calls 0 12487
@calls 0 12488
@calls 0 12489
@calls 0 12490
@calls 0 12491
@calls 0 12492
@calls 0 12493
@calls 0 12494
@calls 0 12495
@calls 0 12496
@calls 0 12497
@calls 0 12498
@calls 0 12499
@calls 0 12500
@calls 0 12501
@calls 0 12502
@calls 0 12503
@calls 0 12504
@calls 0 12505
@calls 0 12506
@calls 0 12507
@calls 0 12508
@calls 0 12509
@calls 0 12510
@calls 0 12511
@calls 0 12512
@calls 0 12513
@calls 0 12514
@calls 0 12515
@calls 0 12516
@calls 0 12517
@calls 0 12518
@calls 0 12519
@calls 0 12520
@calls 0 12521
@calls 0 12522
@calls 0 12523
@calls 0 12524
@calls 0 12525
@calls 0 12526
@calls 0 12527
@calls 0 12528
@calls 0 12529
@calls 0 12530
@calls 0 12531
@calls 0 12532
@calls 0 12533
@calls 0 12534
@calls 0 12535
@calls 0 12536
@calls 0 12537
@calls 0 12538
@calls 0 12539
@calls 0 12540
@calls 0 12541
@calls 0 12542
@calls 0 12543
@calls 0 12544
@calls 0 12545
@calls 0 12546
@calls 0 12547
@calls 0 12548
@calls 0 12549
@calls 0 12550
@calls 0 12551
@calls 0 12552
@calls 0 12553
@calls 0 12554
@calls 0 12555
@calls 0 12556
@calls 0 12557
@calls 0 12558
@calls 0 12559
@calls 0 12560
@calls 0 12561
@calls 0 12562
@calls 0 12563
@calls 0 12564
@calls 0 12565
@calls 0 12566
@calls 0 12567
@calls 0 12568
@calls 0 12569
@calls 0 12570
@calls 0 12571
@calls 0 12572
@calls 0 12573
@calls 0 12574
@calls 0 12575
@calls 0 12576
@calls 0 12577
@calls 0 12578
@calls 0 12579
@calls 0 12580
@calls 0 12581
@calls 0 12582
@calls 0 12583
@calls 0 12584
@calls 0 12585
@calls 0 12586
@calls 0 12587
@calls 0 12588
@calls 0 12589
@calls 0 12590
@calls 0 12591
@calls 0 12592
@calls 0 12593
@calls 0 12594
@calls 0 12595
@calls 0 12596
@calls 0 12597
@calls 0 12598
@calls 0 12599
@calls 0 12600
@calls 0 12601
@calls 0 12602
@calls 0 12603
@calls 0 12604
@calls 0 12605
@calls 0 12606
@calls 0 12607
@calls 0 12608
@calls 0 12609
@calls 0 12610
@calls 0 12611
@calls 0 12612
@calls 0 12613
@calls 0 12614
@calls 0 12615
@calls 0 12616
@calls 0 12617
@calls 0 12618
@calls 0 12619
@calls 0 12620
@calls 0 12621
@calls 0 12622
@calls 0 12623
@calls 0 12624
@calls 0 12625
@calls 0 12626
@calls 0 12627
@calls 0 12628
@calls 0 12629
@calls 0 12630
@calls 0 12631
@calls 0 12632
@calls 0 12633
@calls 0 12634
@calls 0 12635
@calls 0 12636
@calls 0 12637
@calls 0 12638
@calls 0 12639
@calls 0 12640
@calls 0 12641
@calls 0 12642
@calls 0 12643
@calls 0 12644
@calls 0 12645
@calls 0 12646
@calls 0 12647
@calls 0 12648
@calls 0 12649
@calls 0 12650
@calls 0 12651
@calls 0 12652
@calls 0 12653
@calls 0 12654
@calls 0 12655
@calls 0 12656
@calls 0 12657
@calls 0 12658
@calls 0 12659
@calls 0 12660
@calls 0 12661
@calls 0 12662
@calls 0 12663
@calls 0 12664
@calls 0 12665
@calls 0 12666
@calls 0 12667
@calls 0 12668
@calls 0 12669
@calls 0 12670
@calls 0 12671
@calls 0 12672
@calls 0 12673
@calls 0 12674
@calls 0 12675
@calls 0 12676
@calls 0 12677
@calls 0 12678
@calls 0 12679
@calls 0 12680
@calls 0 12681
@calls 0 12682
@calls 0 12683
@calls 0 12684
@calls 0 12685
@calls 0 12686
@calls 0 12687
@calls 0 12688
@calls 0 12689
@calls 0 12690
@calls 0 12691
@calls 0 12692
@calls 0 12693
@calls 0 12694
@calls 0 12695
@calls 0 12696
@calls 0 12697
@calls 0 12698
@calls 0 12699
@calls 0 12700
@calls 0 12701
@calls 0 12702
@calls 0 12703
@calls 0 12704
@calls 0 12705
@calls 0 12706
@calls 0 12707
@calls 0 12708
@calls 0 12709
@calls 0 12710
@calls 0 12711
@calls 0 12712
@calls 0 12713
@calls 0 12714
@calls 0 12715
@calls 0 12716
@calls 0 12717
@calls 0 12718
@calls 0 12719
@calls 0 12720
@calls 0 12721
@calls 0 12722
@calls 0 12723
@calls 0 12724
@calls 0 12725
@calls 0 12726
@calls 0 12727
@calls 0 12728
@calls 0 12729
@calls 0 12730
@calls 0 12731
@calls 0 12732
@calls 0 12733
@calls 0 12734
@calls 0 12735
@calls 0 12736
@calls 0 12737
@calls 0 12738
@calls 0 12739
@calls 0 12740
@calls 0 12741
@calls 0 12742
@calls 0 12743
@calls 0 12744
@calls 0 12745
@calls 0 12746
@calls 0 12747
@calls 0 12748
@calls 0 12749
@calls 0 12750
@calls 0 12751
@calls 0 12752
@calls 0 12753
@calls 0 12754
@calls 0 12755
@calls 0 12756
@calls 0 12757
@calls 0 12758
@calls 0 12759
@calls 0 12760
@calls 0 12761
@calls 0 12762
@calls 0 12763
@calls 0 12764
@calls 0 12765
@calls 0 12766
@calls 0 12767
@calls 0 12768
@calls 0 12769
@calls 0 12770
@calls 0 12771
@calls 0 12772
@calls 0 12773
@calls 0 12774
@calls 0 12775
@calls 0 12776
@calls 0 12777
@calls 0 12778
@calls 0 12779
@calls 0 12780
@calls 0 12781
@calls 0 12782
@calls 0 12783
@calls 0 12784
@calls 0 12785
@calls 0 12786
@calls 0 12787
@calls 0 12788
@calls 0 12789
@calls 0 12790
@calls 0 12791
@calls 0 12792
@calls 0 12793
@calls 0 12794
@calls 0 12795
@calls 0 12796
@calls 0 12797
@calls 0 12798
@calls 0 12799
@calls 0 12800
@calls 0 12801
@calls 0 12802
@calls 0 12803
@calls 0 12804
@calls 0 12805
@calls 0 12806
@calls 0 12807
@calls 0 12808
@calls 0 12809
@calls 0 12810
@calls 0 12811
@calls 0 12812
@calls 0 12813
@calls 0 12814
@calls 0 12815
@calls 0 12816
@calls 0 12817
@calls 0 12818
@calls 0 12819
@calls 0 12820
@calls 0 12821
@calls 0 12822
@calls 0 12823
@calls 0 12824
@calls 0 12825
@calls 0 12826
@calls 0 12827
@calls 0 12828
@calls 0 12829
@calls 0 12830
@calls 0 12831
@calls 0 12832
@calls 0 12833
@calls 0 12834
@calls 0 12835
@calls 0 12836
@calls 0 12837
@calls 0 12838
@calls 0 12839
@calls 0 12840
@calls 0 12841
@calls 0 12842
@calls 0 12843
@calls 0 12844
@calls 0 12845
@calls 0 12846
@calls 0 12847
@calls 0 12848
@calls 0 12849
@calls 0 12850
@calls 0 12851
@calls 0 12852
@calls 0 12853
@calls 0 12854
@calls 0 12855
@calls 0 12856
@calls 0 12857
@calls 0 12858
@calls 0 12859
@calls 0 12860
@calls 0 12861
@calls 0 12862
@calls 0 12863
@calls 0 12864
@calls 0 12865
@calls 0 12866
@calls 0 12867
@calls 0 12868
@calls 0 12869
@calls 0 12870
@calls 0 12871
@calls 0 12872
@calls 0 12873
@calls 0 12874
@calls 0 12875
@calls 0 12876
@calls 0 12877
@calls 0 12878
@calls 0 12879
@calls 0 12880
@calls 0 12881
@calls 0 12882
@calls 0 12883
@calls 0 12884
@calls 0 12885
@calls 0 12886
@calls 0 12887
@calls 0 12888
@calls 0 12889
@calls 0 12890
@calls 0 12891
@calls 0 12892
@calls 0 12893
@calls 0 12894
@calls 0 12895
@calls 0 12896
@calls 0 12897
@calls 0 12898
@calls 0 12899
@calls 0 12900
@calls 0 12901
@calls 0 12902
@calls 0 12903
@calls 0 12904
@calls 0 12905
@calls 0 12906
@calls 0 12907
@calls 0 12908
@calls 0 12909
@calls 0 12910
@calls 0 12911
@calls 0 12912
@calls 0 12913
@calls 0 12914
@calls 0 12915
@calls 0 12916
@calls 0 12917
@calls 0 12918
@calls 0 12919
@calls 0 12920
@calls 0 12921
@calls 0 12922
@calls 0 12923
@calls 0 12924
@calls 0 12925
@calls 0 12926
@calls 0 12927
@calls 0 12928
@calls 0 12929
@calls 0 12930
@calls 0 12931
@calls 0 12932
@calls 0 12933
@calls 0 12934
@calls 0 12935
@calls 0 12936
@calls 0 12937
@calls 0 12938
@calls 0 12939
@calls 0 12940
@calls 0 12941
@calls 0 12942
@calls 0 12943
@calls 0 12944
@calls 0 12945
@calls 0 12946
@calls 0 12947
@calls 0 12948
@calls 0 12949
@calls 0 12950
@calls 0 12951
@calls 0 12952
@calls 0 12953
@calls 0 12954
@calls 0 12955
@calls 0 12956
@calls 0 12957
@calls 0 12958
@calls 0 12959
@calls 0 12960
@calls 0 12961
@calls 0 12962
@calls 0 12963
@calls 0 12964
@calls 0 12965
@calls 0 12966
@calls 0 12967
@calls 0 12968
@calls 0 12969
@calls 0 12970
@calls 0 12971
@calls 0 12972
@calls 0 12973
@calls 0 12974
@calls 0 12975
@calls 0 12976
@calls 0 12977
@calls 0 12978
@calls 0 12979
@calls 0 12980
@calls 0 12981
@calls 0 12982
@calls 0 12983
@calls 0 12984
@calls 0 12985
@calls 0 12986
@calls 0 12987
@calls 0 12988
@calls 0 12989
@calls 0 12990
@calls 0 12991
@calls 0 12992
@calls 0 12993
@calls 0 12994
@calls 0 12995
@calls 0 12996
@calls 0 12997
@calls 0 12998
@calls 0 12999
@calls 0 13000
@calls 0 13001
@calls 0 13002
@calls 0 13003
@calls 0 13004
@calls 0 13005
@calls 0 13006
@calls 0 13007
@calls 0 13008
@calls 0 13009
@calls 0 13010
@calls 0 13011
@calls 0 13012
@calls 0 13013
@calls 0 13014
@calls 0 13015
@calls 0 13016
@calls 0 13017
@calls 0 13018
@calls 0 13019
@calls 0 13020
@calls 0 13021
@calls 0 13022
@calls 0 13023
@calls 0 13024
@calls 0 13025
@calls 0 13026
@calls 0 13027
@calls 0 13028
@calls 0 13029
@calls 0 13030
@calls 0 13031
@calls 0 13032
@calls 0 13033
@calls 0 13034
@calls 0 13035
@calls 0 13036
@calls 0 13037
@calls 0 13038
@calls 0 13039
@calls 0 13040
@calls 0 13041
@calls 0 13042
@calls 0 13043
@calls 0 13044
@calls 0 13045
@calls 0 13046
@calls 0 13047
@calls 0 13048
@calls 0 13049
@calls 0 13050
@calls 0 13051
@calls 0 13052
@calls 0 13053
@calls 0 13054
@calls 0 13055
@calls 0 13056
@calls 0 13057
@calls 0 13058
@calls 0 13059
@calls 0 13060
@calls 0 13061
@calls 0 13062
@calls 0 13063
@calls 0 13064
@calls 0 13065
@calls 0 13066
@calls 0 13067
@calls 0 13068
@calls 0 13069
@calls 0 13070
@calls 0 13071
@calls 0 13072
@calls 0 13073
@calls 0 13074
@calls 0 13075
@calls 0 13076
@calls 0 13077
@calls 0 13078
@calls 0 13079
@calls 0 13080
@calls 0 13081
@calls 0 13082
@calls 0 13083
@calls 0 13084
@calls 0 13085
@calls 0 13086
@calls 0 13087
@calls 0 13088
@calls 0 13089
@calls 0 13090
@calls 0 13091
@calls 0 13092
@calls 0 13093
@calls 0 13094
@calls 0 13095
@calls 0 13096
@calls 0 13097
@calls 0 13098
@calls 0 13099
@calls 0 13100
@calls 0 13101
@calls 0 13102
@calls 0 13103
@calls 0 13104
@calls 0 13105
@calls 0 13106
@calls 0 13107
@calls 0 13108
@calls 0 13109
@calls 0 13110
@calls 0 13111
@calls 0 13112
@calls 0 13113
@calls 0 13114
@calls 0 13115
@calls 0 13116
@calls 0 13117
@calls 0 13118
@calls 0 13119
@calls 0 13120
@calls 0 13121
@calls 0 13122
@calls 0 13123
@calls 0 13124
@calls 0 13125
@calls 0 13126
@calls 0 13127
@calls 0 13128
@calls 0 13129
@calls 0 13130
@calls 0 13131
@calls 0 13132
@calls 0 13133
@calls 0 13134
@calls 0 13135
@calls 0 13136
@calls 0 13137
@calls 0 13138
@calls 0 13139
@calls 0 13140
@calls 0 13141
@calls 0 13142
@calls 0 13143
@calls 0 13144
@calls 0 13145
@calls 0 13146
@calls 0 13147
@calls 0 13148
@calls 0 13149
@calls 0 13150
@calls 0 13151
@calls 0 13152
@calls 0 13153
@calls 0 13154
@calls 0 13155
@calls 0 13156
@calls 0 13157
@calls 0 13158
@calls 0 13159
@calls 0 13160
@calls 0 13161
@calls 0 13162
@calls 0 13163
@calls 0 13164
@calls 0 13165
@calls 0 13166
@calls 0 13167
@calls 0 13168
@calls 0 13169
@calls 0 13170
@calls 0 13171
@calls 0 13172
@calls 0 13173
@calls 0 13174
@calls 0 13175
@calls 0 13176
@calls 0 13177
@calls 0 13178
@calls 0 13179
@calls 0 13180
@calls 0 13181
@calls 0 13182
@calls 0 13183
@calls 0 13184
@calls 0 13185
@calls 0 13186
@calls 0 13187
@calls 0 13188
@calls 0 13189
@calls 0 13190
@calls 0 13191
@calls 0 13192
@calls 0 13193
@calls 0 13194
@calls 0 13195
@calls 0 13196
@calls 0 13197
@calls 0 13198
@calls 0 13199
@calls 0 13200
@calls 0 13201
@calls 0 13202
@calls 0 13203
@calls 0 13204
@calls 0 13205
@calls 0 13206
@calls 0 13207
@calls 0 13208
@calls 0 13209
@calls 0 13210
@calls 0 13211
@calls 0 13212
@calls 0 13213
@calls 0 13214
@calls 0 13215
@calls 0 13216
@calls 0 13217
@calls 0 13218
@calls 0 13219
@calls 0 13220
@calls 0 13221
@calls 0 13222
@calls 0 13223
@calls 0 13224
@calls 0 13225
@calls 0 13226
@calls 0 13227
@calls 0 13228
@calls 0 13229
@calls 0 13230
@calls 0 13231
@calls 0 13232
@calls 0 13233
@calls 0 13234
@calls 0 13235
@calls 0 13236
@calls 0 13237
@calls 0 13238
@calls 0 13239
@calls 0 13240
@calls 0 13241
@calls 0 13242
@calls 0 13243
@calls 0 13244
@calls 0 13245
@calls 0 13246
@calls 0 13247
@calls 0 13248
@calls 0 13249
@calls 0 13250
@calls 0 13251
@calls 0 13252
@calls 0 13253
@calls 0 13254
@calls 0 13255
@calls 0 13256
@calls 0 13257
@calls 0 13258
@calls 0 13259
@calls 0 13260
@calls 0 13261
@calls 0 13262
@calls 0 13263
@calls 0 13264
@calls 0 13265
@calls 0 13266
@calls 0 13267
@calls 0 13268
@calls 0 13269
@calls 0 13270
@calls 0 13271
@calls 0 13272
@calls 0 13273
@calls 0 13274
@calls 0 13275
@calls 0 13276
@calls 0 13277
@calls 0 13278
@calls 0 13279
@calls 0 13280
@calls 0 13281
@calls 0 13282
@calls 0 13283
@calls 0 13284
@calls 0 13285
@calls 0 13286
@calls 0 13287
@calls 0 13288
@calls 0 13289
@calls 0 13290
@calls 0 13291
@calls 0 13292
@calls 0 13293
@calls 0 13294
@calls 0 13295
@calls 0 13296
@calls 0 13297
@calls 0 13298
@calls 0 13299
@calls 0 13300
@calls 0 13301
@calls 0 13302
@calls 0 13303
@calls 0 13304
@calls 0 13305
@calls 0 13306
@calls 0 13307
@calls 0 13308
@calls 0 13309
@calls 0 13310
@calls 0 13311
@calls 0 13312
@calls 0 13313
@calls 0 13314
@calls 0 13315
@calls 0 13316
@calls 0 13317
@calls 0 13318
@calls 0 13319
@calls 0 13320
@calls 0 13321
@calls 0 13322
@calls 0 13323
@calls 0 13324
@calls 0 13325
@calls 0 13326
@calls 0 13327
@calls 0 13328
@calls 0 13329
@calls 0 13330
@calls 0 13331
@calls 0 13332
@calls 0 13333
@calls 0 13334
@calls 0 13335
@calls 0 13336
@calls 0 13337
@calls 0 13338
@calls 0 13339
@calls 0 13340
@calls 0 13341
@calls 0 13342
@calls 0 13343
@calls 0 13344
@calls 0 13345
@calls 0 13346
@calls 0 13347
@calls 0 13348
@calls 0 13349
@calls 0 13350
@calls 0 13351
@calls 0 13352
@calls 0 13353
@calls 0 13354
@calls 0 13355
@calls 0 13356
@calls 0 13357
@calls 0 13358
@calls 0 13359
@calls 0 13360
@calls 0 13361
@calls 0 13362
@calls 0 13363
@calls 0 13364
@calls 0 13365
@calls 0 13366
@calls 0 13367
@calls 0 13368
@calls 0 13369
@calls 0 13370
@calls 0 13371
@calls 0 13372
@calls 0 13373
@calls 0 13374
@calls 0 13375
@calls 0 13376
@calls 0 13377
@calls 0 13378
@calls 0 13379
@calls 0 13380
@calls 0 13381
@calls 0 13382
@calls 0 13383
@calls 0 13384
@calls 0 13385
@calls 0 13386
@calls 0 13387
@calls 0 13388
@calls 0 13389
@calls 0 13390
@calls 0 13391
@calls 0 13392
@calls 0 13393
@calls 0 13394
@calls 0 13395
@calls 0 13396
@calls 0 13397
@calls 0 13398
@calls 0 13399
@calls 0 13400
@calls 0 13401
@calls 0 13402
@calls 0 13403
@calls 0 13404
@calls 0 13405
@calls 0 13406
@calls 0 13407
@calls 0 13408
@calls 0 13409
@calls 0 13410
@calls 0 13411
@calls 0 13412
@calls 0 13413
@calls 0 13414
@calls 0 13415
@calls 0 13416
@calls 0 13417
@calls 0 13418
@calls 0 13419
@calls 0 13420
@calls 0 13421
@calls 0 13422
@calls 0 13423
@calls 0 13424
@calls 0 13425
@calls 0 13426
@calls 0 13427
@calls 0 13428
@calls 0 13429
@calls 0 13430
@calls 0 13431
@calls 0 13432
@calls 0 13433
@calls 0 13434
@calls 0 13435
@calls 0 13436
@calls 0 13437
@calls 0 13438
@calls 0 13439
@calls 0 13440
@calls 0 13441
@calls 0 13442
@calls 0 13443
@calls 0 13444
@calls 0 13445
@calls 0 13446
@calls 0 13447
@calls 0 13448
@calls 0 13449
@calls 0 13450
@calls 0 13451
@calls 0 13452
@calls 0 13453
@calls 0 13454
@calls 0 13455
@calls 0 13456
@calls 0 13457
@calls 0 13458
@calls 0 13459
@calls 0 13460
@calls 0 13461
@calls 0 13462
@calls 0 13463
@calls 0 13464
@calls 0 13465
@calls 0 13466
@calls 0 13467
@calls 0 13468
@calls 0 13469
@calls 0 13470
@calls 0 13471
@calls 0 13472
@calls 0 13473
@calls 0 13474
@calls 0 13475
@calls 0 13476
@calls 0 13477
@calls 0 13478
@calls 0 13479
@calls 0 13480
@calls 0 13481
@calls 0 13482
@calls 0 13483
@calls 0 13484
@calls 0 13485
@calls 0 13486
@calls 0 13487
@calls 0 13488
@calls 0 13489
@calls 0 13490
@calls 0 13491
@calls 0 13492
@calls 0 13493
@calls 0 13494
@calls 0 13495
@calls 0 13496
@calls 0 13497
@calls 0 13498
@calls 0 13499
@calls 0 13500
@calls 0 13501
@calls 0 13502
@calls 0 13503
@calls 0 13504
@calls 0 13505
@calls 0 13506
@calls 0 13507
@calls 0 13508
@calls 0 13509
@calls 0 13510
@calls 0 13511
@calls 0 13512
@calls 0 13513
@calls 0 13514
@calls 0 13515
@calls 0 13516
@calls 0 13517
@calls 0 13518
@calls 0 13519
@calls 0 13520
@calls 0 13521
@calls 0 13522
@calls 0 13523
@calls 0 13524
@calls 0 13525
@calls 0 13526
@calls 0 13527
@calls 0 13528
@calls 0 13529
@calls 0 13530
@calls 0 13531
@calls 0 13532
@calls 0 13533
@calls 0 13534
@calls 0 13535
@calls 0 13536
@calls 0 13537
@calls 0 13538
@calls 0 13539
@calls 0 13540
@calls 0 13541
@calls 0 13542
@calls 0 13543
@calls 0 13544
@calls 0 13545
@calls 0 13546
@calls 0 13547
@calls 0 13548
@calls 0 13549
@calls 0 13550
@calls 0 13551
@calls 0 13552
@calls 0 13553
@calls 0 13554
@calls 0 13555
@calls 0 13556
@calls 0 13557
@calls 0 13558
@calls 0 13559
@calls 0 13560
@calls 0 13561
@calls 0 13562
@calls 0 13563
@calls 0 13564
@calls 0 13565
@calls 0 13566
@calls 0 13567
@calls 0 13568
@calls 0 13569
@calls 0 13570
@calls 0 13571
@calls 0 13572
@calls 0 13573
@calls 0 13574
@calls 0 13575
@calls 0 13576
@calls 0 13577
@calls 0 13578
@calls 0 13579
@calls 0 13580
@calls 0 13581
@calls 0 13582
@calls 0 13583
@calls 0 13584
@calls 0 13585
@calls 0 13586
@calls 0 13587
@calls 0 13588
@calls 0 13589
@calls 0 13590
@calls 0 13591
@calls 0 13592
@calls 0 13593
@calls 0 13594
@calls 0 13595
@calls 0 13596
@calls 0 13597
@calls 0 13598
@calls 0 13599
@calls 0 13600
@calls 0 13601
@calls 0 13602
@calls 0 13603
@calls 0 13604
@calls 0 13605
@calls 0 13606
@calls 0 13607
@calls 0 13608
@calls 0 13609
@calls 0 13610
@calls 0 13611
@calls 0 13612
@calls 0 13613
@calls 0 13614
@calls 0 13615
@calls 0 13616
@calls 0 13617
@calls 0 13618
@calls 0 13619
@calls 0 13620
@calls 0 13621
@calls 0 13622
@calls 0 13623
@calls 0 13624
@calls 0 13625
@calls 0 13626
@calls 0 13627
@calls 0 13628
@calls 0 13629
@calls 0 13630
@calls 0 13631
@calls 0 13632
@calls 0 13633
@calls 0 13634
@calls 0 13635
@calls 0 13636
@calls 0 13637
@calls 0 13638
@calls 0 13639
@calls 0 13640
@calls 0 13641
@calls 0 13642
@calls 0 13643
@calls 0 13644
@calls 0 13645
@calls 0 13646
@calls 0 13647
@calls 0 13648
@calls 0 13649
@calls 0 13650
@calls 0 13651
@calls 0 13652
@calls 0 13653
@calls 0 13654
@calls 0 13655
@calls 0 13656
@calls 0 13657
@calls 0 13658
@calls 0 13659
@calls 0 13660
@calls 0 13661
@calls 0 13662
@calls 0 13663
@calls 0 13664
@calls 0 13665
@calls 0 13666
@calls 0 13667
@calls 0 13668
@calls 0 13669
@calls 0 13670
@calls 0 13671
@calls 0 13672
@calls 0 13673
@calls 0 13674
@calls 0 13675
@calls 0 13676
@calls 0 13677
@calls 0 13678
@calls 0 13679
@calls 0 13680
@calls 0 13681
@calls 0 13682
@calls 0 13683
@calls 0 13684
@calls 0 13685
@calls 0 13686
@calls 0 13687
@calls 0 13688
@calls 0 13689
@calls 0 13690
@calls 0 13691
@calls 0 13692
@calls 0 13693
@calls 0 13694
@calls 0 13695
@calls 0 13696
@calls 0 13697
@calls 0 13698
@calls 0 13699
@calls 0 13700
@calls 0 13701
@calls 0 13702
@calls 0 13703
@calls 0 13704
@calls 0 13705
@calls 0 13706
@calls 0 13707
@calls 0 13708
@calls 0 13709
@calls 0 13710
@calls 0 13711
@calls 0 13712
@calls 0 13713
@calls 0 13714
@calls 0 13715
@calls 0 13716
@calls 0 13717
@calls 0 13718
@calls 0 13719
@calls 0 13720
@calls 0 13721
@calls 0 13722
@calls 0 13723
@calls 0 13724
@calls 0 13725
@calls 0 13726
@calls 0 13727
@calls 0 13728
@calls 0 13729
@calls 0 13730
@calls 0 13731
@calls 0 13732
@calls 0 13733
@calls 0 13734
@calls 0 13735
@calls 0 13736
@calls 0 13737
@calls 0 13738
@calls 0 13739
@calls 0 13740
@calls 0 13741
@calls 0 13742
@calls 0 13743
@calls 0 13744
@calls 0 13745
@calls 0 13746
@calls 0 13747
@calls 0 13748
@calls 0 13749
@calls 0 13750
@calls 0 13751
@calls 0 13752
@calls 0 13753
@calls 0 13754
@calls 0 13755
@calls 0 13756
@calls 0 13757
@calls 0 13758
@calls 0 13759
@calls 0 13760
@calls 0 13761
@calls 0 13762
@calls 0 13763
@calls 0 13764
@calls 0 13765
@calls 0 13766
@calls 0 13767
@calls 0 13768
@calls 0 13769
@calls 0 13770
@calls 0 13771
@calls 0 13772
@calls 0 13773
@calls 0 13774
@calls 0 13775
@calls 0 13776
@calls 0 13777
@calls 0 13778
@calls 0 13779
@calls 0 13780
@calls 0 13781
@calls 0 13782
@calls 0 13783
@calls 0 13784
@calls 0 13785
@calls 0 13786
@calls 0 13787
@calls 0 13788
@calls 0 13789
@calls 0 13790
@calls 0 13791
@calls 0 13792
@calls 0 13793
@calls 0 13794
@calls 0 13795
@calls 0 13796
@calls 0 13797
@calls 0 13798
@calls 0 13799
@calls 0 13800
@calls 0 13801
@calls 0 13802
@calls 0 13803
@calls 0 13804
@calls 0 13805
@calls 0 13806
@calls 0 13807
@calls 0 13808
@calls 0 13809
@calls 0 13810
@calls 0 13811
@calls 0 13812
@calls 0 13813
@calls 0 13814
@calls 0 13815
@calls 0 13816
@calls 0 13817
@calls 0 13818
@calls 0 13819
@calls 0 13820
@calls 0 13821
@calls 0 13822
@calls 0 13823
@calls 0 13824
@calls 0 13825
@calls 0 13826
@calls 0 13827
@calls 0 13828
@calls 0 13829
@calls 0 13830
@calls 0 13831
@calls 0 13832
@calls 0 13833
@calls 0 13834
@calls 0 13835
@calls 0 13836
@calls 0 13837
@calls 0 13838
@calls 0 13839
@calls 0 13840
@calls 0 13841
@calls 0 13842
@calls 0 13843
@calls 0 13844
@calls 0 13845
@calls 0 13846
@calls 0 13847
@calls 0 13848
@calls 0 13849
@calls 0 13850
@calls 0 13851
@calls 0 13852
@calls 0 13853
@calls 0 13854
@calls 0 13855
@calls 0 13856
@calls 0 13857
@calls 0 13858
@calls 0 13859
@calls 0 13860
@calls 0 13861
@calls 0 13862
@calls 0 13863
@calls 0 13864
@calls 0 13865
@calls 0 13866
@calls 0 13867
@calls 0 13868
@calls 0 13869
@calls 0 13870
@calls 0 13871
@calls 0 13872
@calls 0 13873
@calls 0 13874
@calls 0 13875
@calls 0 13876
@calls 0 13877
@calls 0 13878
@calls 0 13879
@calls 0 13880
@calls 0 13881
@calls 0 13882
@calls 0 13883
@calls 0 13884
@calls 0 13885
@calls 0 13886
@calls 0 13887
@calls 0 13888
@calls 0 13889
@calls 0 13890
@calls 0 13891
@calls 0 13892
@calls 0 13893
@calls 0 13894
@calls 0 13895
@calls 0 13896
@calls 0 13897
@calls 0 13898
@calls 0 13899
@calls 0 13900
@calls 0 13901
@calls 0 13902
@calls 0 13903
@calls 0 13904
@calls 0 13905
@calls 0 13906
@calls 0 13907
@calls 0 13908
@calls 0 13909
@calls 0 13910
@calls 0 13911
@calls 0 13912
@calls 0 13913
@calls 0 13914
@calls 0 13915
@calls 0 13916
@calls 0 13917
@calls 0 13918
@calls 0 13919
@calls 0 13920
@calls 0 13921
@calls 0 13922
@calls 0 13923
@calls 0 13924
@calls 0 13925
@calls 0 13926
@calls 0 13927
@calls 0 13928
@calls 0 13929
@calls 0 13930
@calls 0 13931
@calls 0 13932
@calls 0 13933
@calls 0 13934
@calls 0 13935
@calls 0 13936
@calls 0 13937
@calls 0 13938
@calls 0 13939
@calls 0 13940
@calls 0 13941
@calls 0 13942
@calls 0 13943
@calls 0 13944
@calls 0 13945
@calls 0 13946
@calls 0 13947
@calls 0 13948
@calls 0 13949
@calls 0 13950
@calls 0 13951
@calls 0 13952
@calls 0 13953
@calls 0 13954
@calls 0 13955
@calls 0 13956
@calls 0 13957
@calls 0 13958
@calls 0 13959
@calls 0 13960
@calls 0 13961
@calls 0 13962
@calls 0 13963
@calls 0 13964
@calls 0 13965
@calls 0 13966
@calls 0 13967
@calls 0 13968
@calls 0 13969
@calls 0 13970
@calls 0 13971
@calls 0 13972
@calls 0 13973
@calls 0 13974
@calls 0 13975
@calls 0 13976
@calls 0 13977
@calls 0 13978
@calls 0 13979
@calls 0 13980
@calls 0 13981
@calls 0 13982
@calls 0 13983
@calls 0 13984
@calls 0 13985
@calls 0 13986
@calls 0 13987
@calls 0 13988
@calls 0 13989
@calls 0 13990
@calls 0 13991
@calls 0 13992
@calls 0 13993
@calls 0 13994
@calls 0 13995
@calls 0 13996
@calls 0 13997
@calls 0 13998
@calls 0 13999
@calls 0 14000
@calls 0 14001
@calls 0 14002
@calls 0 14003
@calls 0 14004
@calls 0 14005
@calls 0 14006
@calls 0 14007
@calls 0 14008
@calls 0 14009
@calls 0 14010
@calls 0 14011
@calls 0 14012
@calls 0 14013
@calls 0 14014
@calls 0 14015
@calls 0 14016
@calls 0 14017
@calls 0 14018
@calls 0 14019
@calls 0 14020
@calls 0 14021
@calls 0 14022
@calls 0 14023
@calls 0 14024
@calls 0 14025
@calls 0 14026
@calls 0 14027
@calls 0 14028
@calls 0 14029
@calls 0 14030
@calls 0 14031
@calls 0 14032
@calls 0 14033
@calls 0 14034
@calls 0 14035
@calls 0 14036
@calls 0 14037
@calls 0 14038
@calls 0 14039
@calls 0 14040
@calls 0 14041
@calls 0 14042
@calls 0 14043
@calls 0 14044
@calls 0 14045
@calls 0 14046
@calls 0 14047
@calls 0 14048
@calls 0 14049
@calls 0 14050
@calls 0 14051
@calls 0 14052
@calls 0 14053
@calls 0 14054
@calls 0 14055
@calls 0 14056
@calls 0 14057
@calls 0 14058
@calls 0 14059
@calls 0 14060
@calls 0 14061
@calls 0 14062
@calls 0 14063
@calls 0 14064
@calls 0 14065
@calls 0 14066
@calls 0 14067
@calls 0 14068
@calls 0 14069
@calls 0 14070
@calls 0 14071
@calls 0 14072
@calls 0 14073
@calls 0 14074
@calls 0 14075
@calls 0 14076
@calls 0 14077
@calls 0 14078
@calls 0 14079
@calls 0 14080
@calls 0 14081
@calls 0 14082
@calls 0 14083
@calls 0 14084
@calls 0 14085
@calls 0 14086
@calls 0 14087
@calls 0 14088
@calls 0 14089
@calls 0 14090
@calls 0 14091
@calls 0 14092
@calls 0 14093
@calls 0 14094
@calls 0 14095
@calls 0 14096
@calls 0 14097
@calls 0 14098
@calls 0 14099
@calls 0 14100
@calls 0 14101
@calls 0 14102
@calls 0 14103
@calls 0 14104
@calls 0 14105
@calls 0 14106
@calls 0 14107
@calls 0 14108
@calls 0 14109
@calls 0 14110
@calls 0 14111
@calls 0 14112
@calls 0 14113
@calls 0 14114
@calls 0 14115
@calls 0 14116
@calls 0 14117
@calls 0 14118
@calls 0 14119
@calls 0 14120
@calls 0 14121
@calls 0 14122
@calls 0 14123
@calls 0 14124
@calls 0 14125
@calls 0 14126
@calls 0 14127
@calls 0 14128
@calls 0 14129
@calls 0 14130
@calls 0 14131
@calls 0 14132
@calls 0 14133
@calls 0 14134
@calls 0 14135
@calls 0 14136
@calls 0 14137
@calls 0 14138
@calls 0 14139
@calls 0 14140
@calls 0 14141
@calls 0 14142
@calls 0 14143
@calls 0 14144
@calls 0 14145
@calls 0 14146
@calls 0 14147
@calls 0 14148
@calls 0 14149
@calls 0 14150
@calls 0 14151
@calls 0 14152
@calls 0 14153
@calls 0 14154
@calls 0 14155
@calls 0 14156
@calls 0 14157
@calls 0 14158
@calls 0 14159
@calls 0 14160
@calls 0 14161
@calls 0 14162
@calls 0 14163
@calls 0 14164
@calls 0 14165
@calls 0 14166
@calls 0 14167
@calls 0 14168
@calls 0 14169
@calls 0 14170
@calls 0 14171
@calls 0 14172
@calls 0 14173
@calls 0 14174
@calls 0 14175
@calls 0 14176
@calls 0 14177
@calls 0 14178
@calls 0 14179
@calls 0 14180
@calls 0 14181
@calls 0 14182
@calls 0 14183
@calls 0 14184
@calls 0 14185
@calls 0 14186
@calls 0 14187
@calls 0 14188
@calls 0 14189
@calls 0 14190
@calls 0 14191
@calls 0 14192
@calls 0 14193
@calls 0 14194
@calls 0 14195
@calls 0 14196
@calls 0 14197
@calls 0 14198
@calls 0 14199
@calls 0 14200
@calls 0 14201
@calls 0 14202
@calls 0 14203
@calls 0 14204
@calls 0 14205
@calls 0 14206
@calls 0 14207
@calls 0 14208
@calls 0 14209
@calls 0 14210
@calls 0 14211
@calls 0 14212
@calls 0 14213
@calls 0 14214
@calls 0 14215
@calls 0 14216
@calls 0 14217
@calls 0 14218
@calls 0 14219
@calls 0 14220
@calls 0 14221
@calls 0 14222
@calls 0 14223
@calls 0 14224
@calls 0 14225
@calls 0 14226
@calls 0 14227
@calls 0 14228
@calls 0 14229
@calls 0 14230
@calls 0 14231
@calls 0 14232
@calls 0 14233
@calls 0 14234
@calls 0 14235
@calls 0 14236
@calls 0 14237
@calls 0 14238
@calls 0 14239
@calls 0 14240
@calls 0 14241
@calls 0 14242
@calls 0 14243
@calls 0 14244
@calls 0 14245
@calls 0 14246
@calls 0 14247
@calls 0 14248
@calls 0 14249
@calls 0 14250
@calls 0 14251
@calls 0 14252
@calls 0 14253
@calls 0 14254
@calls 0 14255
@calls 0 14256
@calls 0 14257
@calls 0 14258
@calls 0 14259
@calls 0 14260
@calls 0 14261
@calls 0 14262
@calls 0 14263
@calls 0 14264
@calls 0 14265
@calls 0 14266
@calls 0 14267
@calls 0 14268
@calls 0 14269
@calls 0 14270
@calls 0 14271
@calls 0 14272
@calls 0 14273
@calls 0 14274
@calls 0 14275
@calls 0 14276
@calls 0 14277
@calls 0 14278
@calls 0 14279
@calls 0 14280
@calls 0 14281
@calls 0 14282
@calls 0 14283
@calls 0 14284
@calls 0 14285
@calls 0 14286
@calls 0 14287
@calls 0 14288
@calls 0 14289
@calls 0 14290
@calls 0 14291
@calls 0 14292
@calls 0 14293
@calls 0 14294
@calls 0 14295
@calls 0 14296
@calls 0 14297
@calls 0 14298
@calls 0 14299
@calls 0 14300
@calls 0 14301
@calls 0 14302
@calls 0 14303
@calls 0 14304
@calls 0 14305
@calls 0 14306
@calls 0 14307
@calls 0 14308
@calls 0 14309
@calls 0 14310
@calls 0 14311
@calls 0 14312
@calls 0 14313
@calls 0 14314
@calls 0 14315
@calls 0 14316
@calls 0 14317
@calls 0 14318
@calls 0 14319
@calls 0 14320
@calls 0 14321
@calls 0 14322
@calls 0 14323
@calls 0 14324
@calls 0 14325
@calls 0 14326
@calls 0 14327
@calls 0 14328
@calls 0 14329
@calls 0 14330
@calls 0 14331
@calls 0 14332
@calls 0 14333
@calls 0 14334
@calls 0 14335
@calls 0 14336
@calls 0 14337
@calls 0 14338
@calls 0 14339
@calls 0 14340
@calls 0 14341
@calls 0 14342
@calls 0 14343
@calls 0 14344
@calls 0 14345
@calls 0 14346
@calls 0 14347
@calls 0 14348
@calls 0 14349
@calls 0 14350
@calls 0 14351
@calls 0 14352
@calls 0 14353
@calls 0 14354
@calls 0 14355
@calls 0 14356
@calls 0 14357
@calls 0 14358
@calls 0 14359
@calls 0 14360
@calls 0 14361
@calls 0 14362
@calls 0 14363
@calls 0 14364
@calls 0 14365
@calls 0 14366
@calls 0 14367
@calls 0 14368
@calls 0 14369
@calls 0 14370
@calls 0 14371
@calls 0 14372
@calls 0 14373
@calls 0 14374
@calls 0 14375
@calls 0 14376
@calls 0 14377
@calls 0 14378
@calls 0 14379
@calls 0 14380
@calls 0 14381
@calls 0 14382
@calls 0 14383
@calls 0 14384
@calls 0 14385
@calls 0 14386
@calls 0 14387
@calls 0 14388
@calls 0 14389
@calls 0 14390
@calls 0 14391
@calls 0 14392
@calls 0 14393
@calls 0 14394
@calls 0 14395
@calls 0 14396
@calls 0 14397
@calls 0 14398
@calls 0 14399
@calls 0 14400
@calls 0 14401
@calls 0 14402
@calls 0 14403
@calls 0 14404
@calls 0 14405
@calls 0 14406
@calls 0 14407
@calls 0 14408
@calls 0 14409
@calls 0 14410
@calls 0 14411
@calls 0 14412
@calls 0 14413
@calls 0 14414
@calls 0 14415
@calls 0 14416
@calls 0 14417
@calls 0 14418
@calls 0 14419
@calls 0 14420
@calls 0 14421
@calls 0 14422
@calls 0 14423
@calls 0 14424
@calls 0 14425
@calls 0 14426
@calls 0 14427
@calls 0 14428
@calls 0 14429
@calls 0 14430
@calls 0 14431
@calls 0 14432
@calls 0 14433
@calls 0 14434
@calls 0 14435
@calls 0 14436
@calls 0 14437
@calls 0 14438
@calls 0 14439
@calls 0 14440
@calls 0 14441
@calls 0 14442
@calls 0 14443
@calls 0 14444
@calls 0 14445
@calls 0 14446
@calls 0 14447
@calls 0 14448
@calls 0 14449
@calls 0 14450
@calls 0 14451
@calls 0 14452
@calls 0 14453
@calls 0 14454
@calls 0 14455
@calls 0 14456
@calls 0 14457
@calls 0 14458
@calls 0 14459
@calls 0 14460
@calls 0 14461
@calls 0 14462
@calls 0 14463
@calls 0 14464
@calls 0 14465
@calls 0 14466
@calls 0 14467
@calls 0 14468
@calls 0 14469
@calls 0 14470
@calls 0 14471
@calls 0 14472
@calls 0 14473
@calls 0 14474
@calls 0 14475
@calls 0 14476
@calls 0 14477
@calls 0 14478
@calls 0 14479
@calls 0 14480
@calls 0 14481
@calls 0 14482
@calls 0 14483
@calls 0 14484
@calls 0 14485
@calls 0 14486
@calls 0 14487
@calls 0 14488
@calls 0 14489
@calls 0 14490
@calls 0 14491
@calls 0 14492
@calls 0 14493
@calls 0 14494
@calls 0 14495
@calls 0 14496
@calls 0 14497
@calls 0 14498
@calls 0 14499
@calls 0 14500
@calls 0 14501
@calls 0 14502
@calls 0 14503
@calls 0 14504
@calls 0 14505
@calls 0 14506
@calls 0 14507
@calls 0 14508
@calls 0 14509
@calls 0 14510
@calls 0 14511
@calls 0 14512
@calls 0 14513
@calls 0 14514
@calls 0 14515
@calls 0 14516
@calls 0 14517
@calls 0 14518
@calls 0 14519
@calls 0 14520
@calls 0 14521
@calls 0 14522
@calls 0 14523
@calls 0 14524
@calls 0 14525
@calls 0 14526
@calls 0 14527
@calls 0 14528
@calls 0 14529
@calls 0 14530
@calls 0 14531
@calls 0 14532
@calls 0 14533
@calls 0 14534
@calls 0 14535
@calls 0 14536
@calls 0 14537
@calls 0 14538
@calls 0 14539
@calls 0 14540
@calls 0 14541
@calls 0 14542
@calls 0 14543
@calls 0 14544
@calls 0 14545
@calls 0 14546
@calls 0 14547
@calls 0 14548
@calls 0 14549
@calls 0 14550
@calls 0 14551
@calls 0 14552
@calls 0 14553
@calls 0 14554
@calls 0 14555
@calls 0 14556
@calls 0 14557
@calls 0 14558
@calls 0 14559
@calls 0 14560
@calls 0 14561
@calls 0 14562
@calls 0 14563
@calls 0 14564
@calls 0 14565
@calls 0 14566
@calls 0 14567
@calls 0 14568
@calls 0 14569
@calls 0 14570
@calls 0 14571
@calls 0 14572
@calls 0 14573
@calls 0 14574
@calls 0 14575
@calls 0 14576
@calls 0 14577
@calls 0 14578
@calls 0 14579
@calls 0 14580
@calls 0 14581
@calls 0 14582
@calls 0 14583
@calls 0 14584
@calls 0 14585
@calls 0 14586
@calls 0 14587
@calls 0 14588
@calls 0 14589
@calls 0 14590
@calls 0 14591
@calls 0 14592
@calls 0 14593
@calls 0 14594
@calls 0 14595
@calls 0 14596
@calls 0 14597
@calls 0 14598
@calls 0 14599
@calls 0 14600
@calls 0 14601
@calls 0 14602
@calls 0 14603
@calls 0 14604
@calls 0 14605
@calls 0 14606
@calls 0 14607
@calls 0 14608
@calls 0 14609
@calls 0 14610
@calls 0 14611
@calls 0 14612
@calls 0 14613
@calls 0 14614
@calls 0 14615
@calls 0 14616
@calls 0 14617
@calls 0 14618
@calls 0 14619
@calls 0 14620
@calls 0 14621
@calls 0 14622
@calls 0 14623
@calls 0 14624
@calls 0 14625
@calls 0 14626
@calls 0 14627
@calls 0 14628
@calls 0 14629
@calls 0 14630
@calls 0 14631
@calls 0 14632
@calls 0 14633
@calls 0 14634
@calls 0 14635
@calls 0 14636
@calls 0 14637
@calls 0 14638
@calls 0 14639
@calls 0 14640
@calls 0 14641
@calls 0 14642
@calls 0 14643
@calls 0 14644
@calls 0 14645
@calls 0 14646
@calls 0 14647
@calls 0 14648
@calls 0 14649
@calls 0 14650
@calls 0 14651
@calls 0 14652
@calls 0 14653
@calls 0 14654
@calls 0 14655
@calls 0 14656
@calls 0 14657
@calls 0 14658
@calls 0 14659
@calls 0 14660
@calls 0 14661
@calls 0 14662
@calls 0 14663
@calls 0 14664
@calls 0 14665
@calls 0 14666
@calls 0 14667
@calls 0 14668
@calls 0 14669
@calls 0 14670
@calls 0 14671
@calls 0 14672
@calls 0 14673
@calls 0 14674
@calls 0 14675
@calls 0 14676
@calls 0 14677
@calls 0 14678
@calls 0 14679
@calls 0 14680
@calls 0 14681
@calls 0 14682
@calls 0 14683
@calls 0 14684
@calls 0 14685
@calls 0 14686
@calls 0 14687
@calls 0 14688
@calls 0 14689
@calls 0 14690
@calls 0 14691
@calls 0 14692
@calls 0 14693
@calls 0 14694
@calls 0 14695
@calls 0 14696
@calls 0 14697
@calls 0 14698
@calls 0 14699
@calls 0 14700
@calls 0 14701
@calls 0 14702
@calls 0 14703
@calls 0 14704
@calls 0 14705
@calls 0 14706
@calls 0 14707
@calls 0 14708
@calls 0 14709
@calls 0 14710
@calls 0 14711
@calls 0 14712
@calls 0 14713
@calls 0 14714
@calls 0 14715
@calls 0 14716
@calls 0 14717
@calls 0 14718
@calls 0 14719
@calls 0 14720
@calls 0 14721
@calls 0 14722
@calls 0 14723
@calls 0 14724
@calls 0 14725
@calls 0 14726
@calls 0 14727
@calls 0 14728
@calls 0 14729
@calls 0 14730
@calls 0 14731
@calls 0 14732
@calls 0 14733
@calls 0 14734
@calls 0 14735
@calls 0 14736
@calls 0 14737
@calls 0 14738
@calls 0 14739
@calls 0 14740
@calls 0 14741
@calls 0 14742
@calls 0 14743
@calls 0 14744
@calls 0 14745
@calls 0 14746
@calls 0 14747
@calls 0 14748
@calls 0 14749
@calls 0 14750
@calls 0 14751
@calls 0 14752
@calls 0 14753
@calls 0 14754
@calls 0 14755
@calls 0 14756
@calls 0 14757
@calls 0 14758
@calls 0 14759
@calls 0 14760
@calls 0 14761
@calls 0 14762
@calls 0 14763
@calls 0 14764
@calls 0 14765
@calls 0 14766
@calls 0 14767
@calls 0 14768
@calls 0 14769
@calls 0 14770
@calls 0 14771
@calls 0 14772
@calls 0 14773
@calls 0 14774
@calls 0 14775
@calls 0 14776
@calls 0 14777
@calls 0 14778
@calls 0 14779
@calls 0 14780
@calls 0 14781
@calls 0 14782
@calls 0 14783
@calls 0 14784
@calls 0 14785
@calls 0 14786
@calls 0 14787
@calls 0 14788
@calls 0 14789
@calls 0 14790
@calls 0 14791
@calls 0 14792
@calls 0 14793
@calls 0 14794
@calls 0 14795
@calls 0 14796
@calls 0 14797
@calls 0 14798
@calls 0 14799
@calls 0 14800
@calls 0 14801
@calls 0 14802
@calls 0 14803
@calls 0 14804
@calls 0 14805
@calls 0 14806
@calls 0 14807
@calls 0 14808
@calls 0 14809
@calls 0 14810
@calls 0 14811
@calls 0 14812
@calls 0 14813
@calls 0 14814
@calls 0 14815
@calls 0 14816
@calls 0 14817
@calls 0 14818
@calls 0 14819
@calls 0 14820
@calls 0 14821
@calls 0 14822
@calls 0 14823
@calls 0 14824
@calls 0 14825
@calls 0 14826
@calls 0 14827
@calls 0 14828
@calls 0 14829
@calls 0 14830
@calls 0 14831
@calls 0 14832
@calls 0 14833
@calls 0 14834
@calls 0 14835
@calls 0 14836
@calls 0 14837
@calls 0 14838
@calls 0 14839
@calls 0 14840
@calls 0 14841
@calls 0 14842
@calls 0 14843
@calls 0 14844
@calls 0 14845
@calls 0 14846
@calls 0 14847
@calls 0 14848
@calls 0 14849
@calls 0 14850
@calls 0 14851
@calls 0 14852
@calls 0 14853
@calls 0 14854
@calls 0 14855
@calls 0 14856
@calls 0 14857
@calls 0 14858
@calls 0 14859
@calls 0 14860
@calls 0 14861
@calls 0 14862
@calls 0 14863
@calls 0 14864
@calls 0 14865
@calls 0 14866
@calls 0 14867
@calls 0 14868
@calls 0 14869
@calls 0 14870
@calls 0 14871
@calls 0 14872
@calls 0 14873
@calls 0 14874
@calls 0 14875
@calls 0 14876
@calls 0 14877
@calls 0 14878
@calls 0 14879
@calls 0 14880
@calls 0 14881
@calls 0 14882
@calls 0 14883
@calls 0 14884
@calls 0 14885
@calls 0 14886
@calls 0 14887
@calls 0 14888
@calls 0 14889
@calls 0 14890
@calls 0 14891
@calls 0 14892
@calls 0 14893
@calls 0 14894
@calls 0 14895
@calls 0 14896
@calls 0 14897
@calls 0 14898
@calls 0 14899
@calls 0 14900
@calls 0 14901
@calls 0 14902
@calls 0 14903
@calls 0 14904
@calls 0 14905
@calls 0 14906
@calls 0 14907
@calls 0 14908
@calls 0 14909
@calls 0 14910
@calls 0 14911
@calls 0 14912
@calls 0 14913
@calls 0 14914
@calls 0 14915
@calls 0 14916
@calls 0 14917
@calls 0 14918
@calls 0 14919
@calls 0 14920
@calls 0 14921
@calls 0 14922
@calls 0 14923
@calls 0 14924
@calls 0 14925
@calls 0 14926
@calls 0 14927
@calls 0 14928
@calls 0 14929
@calls 0 14930
@calls 0 14931
@calls 0 14932
@calls 0 14933
@calls 0 14934
@calls 0 14935
@calls 0 14936
@calls 0 14937
@calls 0 14938
@calls 0 14939
@calls 0 14940
@calls 0 14941
@calls 0 14942
@calls 0 14943
@calls 0 14944
@calls 0 14945
@calls 0 14946
@calls 0 14947
@calls 0 14948
@calls 0 14949
@calls 0 14950
@calls 0 14951
@calls 0 14952
@calls 0 14953
@calls 0 14954
@calls 0 14955
@calls 0 14956
@calls 0 14957
@calls 0 14958
@calls 0 14959
@calls 0 14960
@calls 0 14961
@calls 0 14962
@calls 0 14963
@calls 0 14964
@calls 0 14965
@calls 0 14966
@calls 0 14967
@calls 0 14968
@calls 0 14969
@calls 0 14970
@calls 0 14971
@calls 0 14972
@calls 0 14973
@calls 0 14974
@calls 0 14975
@calls 0 14976
@calls 0 14977
@calls 0 14978
@calls 0 14979
@calls 0 14980
@calls 0 14981
@calls 0 14982
@calls 0 14983
@calls 0 14984
@calls 0 14985
@calls 0 14986
@calls 0 14987
@calls 0 14988
@calls 0 14989
@calls 0 14990
@calls 0 14991
@calls 0 14992
@calls 0 14993
@calls 0 14994
@calls 0 14995
@calls 0 14996
@calls 0 14997
@calls 0 14998
@calls 0 14999
@calls 0 15000
@calls 0 15001
@calls 0 15002
@calls 0 15003
@calls 0 15004
@calls 0 15005
@calls 0 15006
@calls 0 15007
@calls 0 15008
@calls 0 15009
@calls 0 15010
@calls 0 15011
@calls 0 15012
@calls 0 15013
@calls 0 15014
@calls 0 15015
@calls 0 15016
@calls 0 15017
@calls 0 15018
@calls 0 15019
@calls 0 15020
@calls 0 15021
@calls 0 15022
@calls 0 15023
@calls 0 15024
@calls 0 15025
@calls 0 15026
@calls 0 15027
@calls 0 15028
@calls 0 15029
@calls 0 15030
@calls 0 15031
@calls 0 15032
@calls 0 15033
@calls 0 15034
@calls 0 15035
@calls 0 15036
@calls 0 15037
@calls 0 15038
@calls 0 15039
@calls 0 15040
@calls 0 15041
@calls 0 15042
@calls 0 15043
@calls 0 15044
@calls 0 15045
@calls 0 15046
@calls 0 15047
@calls 0 15048
@calls 0 15049
@calls 0 15050
@calls 0 15051
@calls 0 15052
@calls 0 15053
@calls 0 15054
@calls 0 15055
@calls 0 15056
@calls 0 15057
@calls 0 15058
@calls 0 15059
@calls 0 15060
@calls 0 15061
@calls 0 15062
@calls 0 15063
@calls 0 15064
@calls 0 15065
@calls 0 15066
@calls 0 15067
@calls 0 15068
@calls 0 15069
@calls 0 15070
@calls 0 15071
@calls 0 15072
@calls 0 15073
@calls 0 15074
@calls 0 15075
@calls 0 15076
@calls 0 15077
@calls 0 15078
@calls 0 15079
@calls 0 15080
@calls 0 15081
@calls 0 15082
@calls 0 15083
@calls 0 15084
@calls 0 15085
@calls 0 15086
@calls 0 15087
@calls 0 15088
@calls 0 15089
@calls 0 15090
@calls 0 15091
@calls 0 15092
@calls 0 15093
@calls 0 15094
@calls 0 15095
@calls 0 15096
@calls 0 15097
@calls 0 15098
@calls 0 15099
@calls 0 15100
@calls 0 15101
@calls 0 15102
@calls 0 15103
@calls 0 15104
@calls 0 15105
@calls 0 15106
@calls 0 15107
@calls 0 15108
@calls 0 15109
@calls 0 15110
@calls 0 15111
@calls 0 15112
@calls 0 15113
@calls 0 15114
@calls 0 15115
@calls 0 15116
@calls 0 15117
@calls 0 15118
@calls 0 15119
@calls 0 15120
@calls 0 15121
@calls 0 15122
@calls 0 15123
@calls 0 15124
@calls 0 15125
@calls 0 15126
@calls 0 15127
@calls 0 15128
@calls 0 15129
@calls 0 15130
@calls 0 15131
@calls 0 15132
@calls 0 15133
@calls 0 15134
@calls 0 15135
@calls 0 15136
@calls 0 15137
@calls 0 15138
@calls 0 15139
@calls 0 15140
@calls 0 15141
@calls 0 15142
@calls 0 15143
@calls 0 15144
@calls 0 15145
@calls 0 15146
@calls 0 15147
@calls 0 15148
@calls 0 15149
@calls 0 15150
@calls 0 15151
@calls 0 15152
@calls 0 15153
@calls 0 15154
@calls 0 15155
@calls 0 15156
@calls 0 15157
@calls 0 15158
@calls 0 15159
@calls 0 15160
@calls 0 15161
@calls 0 15162
@calls 0 15163
@calls 0 15164
@calls 0 15165
@calls 0 15166
@calls 0 15167
@calls 0 15168
@calls 0 15169
@calls 0 15170
@calls 0 15171
@calls 0 15172
@calls 0 15173
@calls 0 15174
@calls 0 15175
@calls 0 15176
@calls 0 15177
@calls 0 15178
@calls 0 15179
@calls 0 15180
@calls 0 15181
@calls 0 15182
@calls 0 15183
@calls 0 15184
@calls 0 15185
@calls 0 15186
@calls 0 15187
@calls 0 15188
@calls 0 15189
@calls 0 15190
@calls 0 15191
@calls 0 15192
@calls 0 15193
@calls 0 15194
@calls 0 15195
@calls 0 15196
@calls 0 15197
@calls 0 15198
@calls 0 15199
@calls 0 15200
@calls 0 15201
@calls 0 15202
@calls 0 15203
@calls 0 15204
@calls 0 15205
@calls 0 15206
@calls 0 15207
@calls 0 15208
@calls 0 15209
@calls 0 15210
@calls 0 15211
@calls 0 15212
@calls 0 15213
@calls 0 15214
@calls 0 15215
@calls 0 15216
@calls 0 15217
@calls 0 15218
@calls 0 15219
@calls 0 15220
@calls 0 15221
@calls 0 15222
@calls 0 15223
@calls 0 15224
@calls 0 15225
@calls 0 15226
@calls 0 15227
@calls 0 15228
@calls 0 15229
@calls 0 15230
@calls 0 15231
@calls 0 15232
@calls 0 15233
@calls 0 15234
@calls 0 15235
@calls 0 15236
@calls 0 15237
@calls 0 15238
@calls 0 15239
@calls 0 15240
@calls 0 15241
@calls 0 15242
@calls 0 15243
@calls 0 15244
@calls 0 15245
@calls 0 15246
@calls 0 15247
@calls 0 15248
@calls 0 15249
@calls 0 15250
@calls 0 15251
@calls 0 15252
@calls 0 15253
@calls 0 15254
@calls 0 15255
@calls 0 15256
@calls 0 15257
@calls 0 15258
@calls 0 15259
@calls 0 15260
@calls 0 15261
@calls 0 15262
@calls 0 15263
@calls 0 15264
@calls 0 15265
@calls 0 15266
@calls 0 15267
@calls 0 15268
@calls 0 15269
@calls 0 15270
@calls 0 15271
@calls 0 15272
@calls 0 15273
@calls 0 15274
@calls 0 15275
@calls 0 15276
@calls 0 15277
@calls 0 15278
@calls 0 15279
@calls 0 15280
@calls 0 15281
@calls 0 15282
@calls 0 15283
@calls 0 15284
@calls 0 15285
@calls 0 15286
@calls 0 15287
@calls 0 15288
@calls 0 15289
@calls 0 15290
@calls 0 15291
@calls 0 15292
@calls 0 15293
@calls 0 15294
@calls 0 15295
@calls 0 15296
@calls 0 15297
@calls 0 15298
@calls 0 15299
@calls 0 15300
@calls 0 15301
@calls 0 15302
@calls 0 15303
@calls 0 15304
@calls 0 15305
@calls 0 15306
@calls 0 15307
@calls 0 15308
@calls 0 15309
@calls 0 15310
@calls 0 15311
@calls 0 15312
@calls 0 15313
@calls 0 15314
@calls 0 15315
@calls 0 15316
@calls 0 15317
@calls 0 15318
@calls 0 15319
@calls 0 15320
@calls 0 15321
@calls 0 15322
@calls 0 15323
@calls 0 15324
@calls 0 15325
@calls 0 15326
@calls 0 15327
@calls 0 15328
@calls 0 15329
@calls 0 15330
@calls 0 15331
@calls 0 15332
@calls 0 15333
@calls 0 15334
@calls 0 15335
@calls 0 15336
@calls 0 15337
@calls 0 15338
@calls 0 15339
@calls 0 15340
@calls 0 15341
@calls 0 15342
@calls 0 15343
@calls 0 15344
@calls 0 15345
@calls 0 15346
@calls 0 15347
@calls 0 15348
@calls 0 15349
@calls 0 15350
@calls 0 15351
@calls 0 15352
@calls 0 15353
@calls 0 15354
@calls 0 15355
@calls 0 15356
@calls 0 15357
@calls 0 15358
@calls 0 15359
@calls 0 15360
@calls 0 15361
@calls 0 15362
@calls 0 15363
@calls 0 15364
@calls 0 15365
@calls 0 15366
@calls 0 15367
@calls 0 15368
@calls 0 15369
@calls 0 15370
@calls 0 15371
@calls 0 15372
@calls 0 15373
@calls 0 15374
@calls 0 15375
@calls 0 15376
@calls 0 15377
@calls 0 15378
@calls 0 15379
@calls 0 15380
@calls 0 15381
@calls 0 15382
@calls 0 15383
@calls 0 15384
@calls 0 15385
@calls 0 15386
@calls 0 15387
@calls 0 15388
@calls 0 15389
@calls 0 15390
@calls 0 15391
@calls 0 15392
@calls 0 15393
@calls 0 15394
@calls 0 15395
@calls 0 15396
@calls 0 15397
@calls 0 15398
@calls 0 15399
@calls 0 15400
@calls 0 15401
@calls 0 15402
@calls 0 15403
@calls 0 15404
@calls 0 15405
@calls 0 15406
@calls 0 15407
@calls 0 15408
@calls 0 15409
@calls 0 15410
@calls 0 15411
@calls 0 15412
@calls 0 15413
@calls 0 15414
@calls 0 15415
@calls 0 15416
@calls 0 15417
@calls 0 15418
@calls 0 15419
@calls 0 15420
@calls 0 15421
@calls 0 15422
@calls 0 15423
@calls 0 15424
@calls 0 15425
@calls 0 15426
@calls 0 15427
@calls 0 15428
@calls 0 15429
@calls 0 15430
@calls 0 15431
@calls 0 15432
@calls 0 15433
@calls 0 15434
@calls 0 15435
@calls 0 15436
@calls 0 15437
@calls 0 15438
@calls 0 15439
@calls 0 15440
@calls 0 15441
@calls 0 15442
@calls 0 15443
@calls 0 15444
@calls 0 15445
@calls 0 15446
@calls 0 15447
@calls 0 15448
@calls 0 15449
@calls 0 15450
@calls 0 15451
@calls 0 15452
@calls 0 15453
@calls 0 15454
@calls 0 15455
@calls 0 15456
@calls 0 15457
@calls 0 15458
@calls 0 15459
@calls 0 15460
@calls 0 15461
@calls 0 15462
@calls 0 15463
@calls 0 15464
@calls 0 15465
@calls 0 15466
@calls 0 15467
@calls 0 15468
@calls 0 15469
@calls 0 15470
@calls 0 15471
@calls 0 15472
@calls 0 15473
@calls 0 15474
@calls 0 15475
@calls 0 15476
@calls 0 15477
@calls 0 15478
@calls 0 15479
@calls 0 15480
@calls 0 15481
@calls 0 15482
@calls 0 15483
@calls 0 15484
@calls 0 15485
@calls 0 15486
@calls 0 15487
@calls 0 15488
@calls 0 15489
@calls 0 15490
@calls 0 15491
@calls 0 15492
@calls 0 15493
@calls 0 15494
@calls 0 15495
@calls 0 15496
@calls 0 15497
@calls 0 15498
@calls 0 15499
@calls 0 15500
@calls 0 15501
@calls 0 15502
@calls 0 15503
@calls 0 15504
@calls 0 15505
@calls 0 15506
@calls 0 15507
@calls 0 15508
@calls 0 15509
@calls 0 15510
@calls 0 15511
@calls 0 15512
@calls 0 15513
@calls 0 15514
@calls 0 15515
@calls 0 15516
@calls 0 15517
@calls 0 15518
@calls 0 15519
@calls 0 15520
@calls 0 15521
@calls 0 15522
@calls 0 15523
@calls 0 15524
@calls 0 15525
@calls 0 15526
@calls 0 15527
@calls 0 15528
@calls 0 15529
@calls 0 15530
@calls 0 15531
@calls 0 15532
@calls 0 15533
@calls 0 15534
@calls 0 15535
@calls 0 15536
@calls 0 15537
@calls 0 15538
@calls 0 15539
@calls 0 15540
@calls 0 15541
@calls 0 15542
@calls 0 15543
@calls 0 15544
@calls 0 15545
@calls 0 15546
@calls 0 15547
@calls 0 15548
@calls 0 15549
@calls 0 15550
@calls 0 15551
@calls 0 15552
@calls 0 15553
@calls 0 15554
@calls 0 15555
@calls 0 15556
@calls 0 15557
@calls 0 15558
@calls 0 15559
@calls 0 15560
@calls 0 15561
@calls 0 15562
@calls 0 15563
@calls 0 15564
@calls 0 15565
@calls 0 15566
@calls 0 15567
@calls 0 15568
@calls 0 15569
@calls 0 15570
@calls 0 15571
@calls 0 15572
@calls 0 15573
@calls 0 15574
@calls 0 15575
@calls 0 15576
@calls 0 15577
@calls 0 15578
@calls 0 15579
@calls 0 15580
@calls 0 15581
@calls 0 15582
@calls 0 15583
@calls 0 15584
@calls 0 15585
@calls 0 15586
@calls 0 15587
@calls 0 15588
@calls 0 15589
@calls 0 15590
@calls 0 15591
@calls 0 15592
@calls 0 15593
@calls 0 15594
@calls 0 15595
@calls 0 15596
@calls 0 15597
@calls 0 15598
@calls 0 15599
@calls 0 15600
@calls 0 15601
@calls 0 15602
@calls 0 15603
@calls 0 15604
@calls 0 15605
@calls 0 15606
@calls 0 15607
@calls 0 15608
@calls 0 15609
@calls 0 15610
@calls 0 15611
@calls 0 15612
@calls 0 15613
@calls 0 15614
@calls 0 15615
@calls 0 15616
@calls 0 15617
@calls 0 15618
@calls 0 15619
@calls 0 15620
@calls 0 15621
@calls 0 15622
@calls 0 15623
@calls 0 15624
@calls 0 15625
@calls 0 15626
@calls 0 15627
@calls 0 15628
@calls 0 15629
@calls 0 15630
@calls 0 15631
@calls 0 15632
@calls 0 15633
@calls 0 15634
@calls 0 15635
@calls 0 15636
@calls 0 15637
@calls 0 15638
@calls 0 15639
@calls 0 15640
@calls 0 15641
@calls 0 15642
@calls 0 15643
@calls 0 15644
@calls 0 15645
@calls 0 15646
@calls 0 15647
@calls 0 15648
@calls 0 15649
@calls 0 15650
@calls 0 15651
@calls 0 15652
@calls 0 15653
@calls 0 15654
@calls 0 15655
@calls 0 15656
@calls 0 15657
@calls 0 15658
@calls 0 15659
@calls 0 15660
@calls 0 15661
@calls 0 15662
@calls 0 15663
@calls 0 15664
@calls 0 15665
@calls 0 15666
@calls 0 15667
@calls 0 15668
@calls 0 15669
@calls 0 15670
@calls 0 15671
@calls 0 15672
@calls 0 15673
@calls 0 15674
@calls 0 15675
@calls 0 15676
@calls 0 15677
@calls 0 15678
@calls 0 15679
@calls 0 15680
@calls 0 15681
@calls 0 15682
@calls 0 15683
@calls 0 15684
@calls 0 15685
@calls 0 15686
@calls 0 15687
@calls 0 15688
@calls 0 15689
@calls 0 15690
@calls 0 15691
@calls 0 15692
@calls 0 15693
@calls 0 15694
@calls 0 15695
@calls 0 15696
@calls 0 15697
@calls 0 15698
@calls 0 15699
@calls 0 15700
@calls 0 15701
@calls 0 15702
@calls 0 15703
@calls 0 15704
@calls 0 15705
@calls 0 15706
@calls 0 15707
@calls 0 15708
@calls 0 15709
@calls 0 15710
@calls 0 15711
@calls 0 15712
@calls 0 15713
@calls 0 15714
@calls 0 15715
@calls 0 15716
@calls 0 15717
@calls 0 15718
@calls 0 15719
@calls 0 15720
@calls 0 15721
@calls 0 15722
@calls 0 15723
@calls 0 15724
@calls 0 15725
@calls 0 15726
@calls 0 15727
@calls 0 15728
@calls 0 15729
@calls 0 15730
@calls 0 15731
@calls 0 15732
@calls 0 15733
@calls 0 15734
@calls 0 15735
@calls 0 15736
@calls 0 15737
@calls 0 15738
@calls 0 15739
@calls 0 15740
@calls 0 15741
@calls 0 15742
@calls 0 15743
@calls 0 15744
@calls 0 15745
@calls 0 15746
@calls 0 15747
@calls 0 15748
@calls 0 15749
@calls 0 15750
@calls 0 15751
@calls 0 15752
@calls 0 15753
@calls 0 15754
@calls 0 15755
@calls 0 15756
@calls 0 15757
@calls 0 15758
@calls 0 15759
@calls 0 15760
@calls 0 15761
@calls 0 15762
@calls 0 15763
@calls 0 15764
@calls 0 15765
@calls 0 15766
@calls 0 15767
@calls 0 15768
@calls 0 15769
@calls 0 15770
@calls 0 15771
@calls 0 15772
@calls 0 15773
@calls 0 15774
@calls 0 15775
@calls 0 15776
@calls 0 15777
@calls 0 15778
@calls 0 15779
@calls 0 15780
@calls 0 15781
@calls 0 15782
@calls 0 15783
@calls 0 15784
@calls 0 15785
@calls 0 15786
@calls 0 15787
@calls 0 15788
@calls 0 15789
@calls 0 15790
@calls 0 15791
@calls 0 15792
@calls 0 15793
@calls 0 15794
@calls 0 15795
@calls 0 15796
@calls 0 15797
@calls 0 15798
@calls 0 15799
@calls 0 15800
@calls 0 15801
@calls 0 15802
@calls 0 15803
@calls 0 15804
@calls 0 15805
@calls 0 15806
@calls 0 15807
@calls 0 15808
@calls 0 15809
@calls 0 15810
@calls 0 15811
@calls 0 15812
@calls 0 15813
@calls 0 15814
@calls 0 15815
@calls 0 15816
@calls 0 15817
@calls 0 15818
@calls 0 15819
@calls 0 15820
@calls 0 15821
@calls 0 15822
@calls 0 15823
@calls 0 15824
@calls 0 15825
@calls 0 15826
@calls 0 15827
@calls 0 15828
@calls 0 15829
@calls 0 15830
@calls 0 15831
@calls 0 15832
@calls 0 15833
@calls 0 15834
@calls 0 15835
@calls 0 15836
@calls 0 15837
@calls 0 15838
@calls 0 15839
@calls 0 15840
@calls 0 15841
@calls 0 15842
@calls 0 15843
@calls 0 15844
@calls 0 15845
@calls 0 15846
@calls 0 15847
@calls 0 15848
@calls 0 15849
@calls 0 15850
@calls 0 15851
@calls 0 15852
@calls 0 15853
@calls 0 15854
@calls 0 15855
@calls 0 15856
@calls 0 15857
@calls 0 15858
@calls 0 15859
@calls 0 15860
@calls 0 15861
@calls 0 15862
@calls 0 15863
@calls 0 15864
@calls 0 15865
@calls 0 15866
@calls 0 15867
@calls 0 15868
@calls 0 15869
@calls 0 15870
@calls 0 15871
@calls 0 15872
@calls 0 15873
@calls 0 15874
@calls 0 15875
@calls 0 15876
@calls 0 15877
@calls 0 15878
@calls 0 15879
@calls 0 15880
@calls 0 15881
@calls 0 15882
@calls 0 15883
@calls 0 15884
@calls 0 15885
@calls 0 15886
@calls 0 15887
@calls 0 15888
@calls 0 15889
@calls 0 15890
@calls 0 15891
@calls 0 15892
@calls 0 15893
@calls 0 15894
@calls 0 15895
@calls 0 15896
@calls 0 15897
@calls 0 15898
@calls 0 15899
@calls 0 15900
@calls 0 15901
@calls 0 15902
@calls 0 15903
@calls 0 15904
@calls 0 15905
@calls 0 15906
@calls 0 15907
@calls 0 15908
@calls 0 15909
@calls 0 15910
@calls 0 15911
@calls 0 15912
@calls 0 15913
@calls 0 15914
@calls 0 15915
@calls 0 15916
@calls 0 15917
@calls 0 15918
@calls 0 15919
@calls 0 15920
@calls 0 15921
@calls 0 15922
@calls 0 15923
@calls 0 15924
@calls 0 15925
@calls 0 15926
@calls 0 15927
@calls 0 15928
@calls 0 15929
@calls 0 15930
@calls 0 15931
@calls 0 15932
@calls 0 15933
@calls 0 15934
@calls 0 15935
@calls 0 15936
@calls 0 15937
@calls 0 15938
@calls 0 15939
@calls 0 15940
@calls 0 15941
@calls 0 15942
@calls 0 15943
@calls 0 15944
@calls 0 15945
@calls 0 15946
@calls 0 15947
@calls 0 15948
@calls 0 15949
@calls 0 15950
@calls 0 15951
@calls 0 15952
@calls 0 15953
@calls 0 15954
@calls 0 15955
@calls 0 15956
@calls 0 15957
@calls 0 15958
@calls 0 15959
@calls 0 15960
@calls 0 15961
@calls 0 15962
@calls 0 15963
@calls 0 15964
@calls 0 15965
@calls 0 15966
@calls 0 15967
@calls 0 15968
@calls 0 15969
@calls 0 15970
@calls 0 15971
@calls 0 15972
@calls 0 15973
@calls 0 15974
@calls 0 15975
@calls 0 15976
@calls 0 15977
@calls 0 15978
@calls 0 15979
@calls 0 15980
@calls 0 15981
@calls 0 15982
@calls 0 15983
@calls 0 15984
@calls 0 15985
@calls 0 15986
@calls 0 15987
@calls 0 15988
@calls 0 15989
@calls 0 15990
@calls 0 15991
@calls 0 15992
@calls 0 15993
@calls 0 15994
@calls 0 15995
@calls 0 15996
@calls 0 15997
@calls 0 15998
@calls 0 15999
@calls 0 16000
@calls 0 16001
@calls 0 16002
@calls 0 16003
@calls 0 16004
@calls 0 16005
@calls 0 16006
@calls 0 16007
@calls 0 16008
@calls 0 16009
@calls 0 16010
@calls 0 16011
@calls 0 16012
@calls 0 16013
@calls 0 16014
@calls 0 16015
@calls 0 16016
@calls 0 16017
@calls 0 16018
@calls 0 16019
@calls 0 16020
@calls 0 16021
@calls 0 16022
@calls 0 16023
@calls 0 16024
@calls 0 16025
@calls 0 16026
@calls 0 16027
@calls 0 16028
@calls 0 16029
@calls 0 16030
@calls 0 16031
@calls 0 16032
@calls 0 16033
@calls 0 16034
@calls 0 16035
@calls 0 16036
@calls 0 16037
@calls 0 16038
@calls 0 16039
@calls 0 16040
@calls 0 16041
@calls 0 16042
@calls 0 16043
@calls 0 16044
@calls 0 16045
@calls 0 16046
@calls 0 16047
@calls 0 16048
@calls 0 16049
@calls 0 16050
@calls 0 16051
@calls 0 16052
@calls 0 16053
@calls 0 16054
@calls 0 16055
@calls 0 16056
@calls 0 16057
@calls 0 16058
@calls 0 16059
@calls 0 16060
@calls 0 16061
@calls 0 16062
@calls 0 16063
@calls 0 16064
@calls 0 16065
@calls 0 16066
@calls 0 16067
@calls 0 16068
@calls 0 16069
@calls 0 16070
@calls 0 16071
@calls 0 16072
@calls 0 16073
@calls 0 16074
@calls 0 16075
@calls 0 16076
@calls 0 16077
@calls 0 16078
@calls 0 16079
@calls 0 16080
@calls 0 16081
@calls 0 16082
@calls 0 16083
@calls 0 16084
@calls 0 16085
@calls 0 16086
@calls 0 16087
@calls 0 16088
@calls 0 16089
@calls 0 16090
@calls 0 16091
@calls 0 16092
@calls 0 16093
@calls 0 16094
@calls 0 16095
@calls 0 16096
@calls 0 16097
@calls 0 16098
@calls 0 16099
@calls 0 16100
@calls 0 16101
@calls 0 16102
@calls 0 16103
@calls 0 16104
@calls 0 16105
@calls 0 16106
@calls 0 16107
@calls 0 16108
@calls 0 16109
@calls 0 16110
@calls 0 16111
@calls 0 16112
@calls 0 16113
@calls 0 16114
@calls 0 16115
@calls 0 16116
@calls 0 16117
@calls 0 16118
@calls 0 16119
@calls 0 16120
@calls 0 16121
@calls 0 16122
@calls 0 16123
@calls 0 16124
@calls 0 16125
@calls 0 16126
@calls 0 16127
@calls 0 16128
@calls 0 16129
@calls 0 16130
@calls 0 16131
@calls 0 16132
@calls 0 16133
@calls 0 16134
@calls 0 16135
@calls 0 16136
@calls 0 16137
@calls 0 16138
@calls 0 16139
@calls 0 16140
@calls 0 16141
@calls 0 16142
@calls 0 16143
@calls 0 16144
@calls 0 16145
@calls 0 16146
@calls 0 16147
@calls 0 16148
@calls 0 16149
@calls 0 16150
@calls 0 16151
@calls 0 16152
@calls 0 16153
@calls 0 16154
@calls 0 16155
@calls 0 16156
@calls 0 16157
@calls 0 16158
@calls 0 16159
@calls 0 16160
@calls 0 16161
@calls 0 16162
@calls 0 16163
@calls 0 16164
@calls 0 16165
@calls 0 16166
@calls 0 16167
@calls 0 16168
@calls 0 16169
@calls 0 16170
@calls 0 16171
@calls 0 16172
@calls 0 16173
@calls 0 16174
@calls 0 16175
@calls 0 16176
@calls 0 16177
@calls 0 16178
@calls 0 16179
@calls 0 16180
@calls 0 16181
@calls 0 16182
@calls 0 16183
@calls 0 16184
@calls 0 16185
@calls 0 16186
@calls 0 16187
@calls 0 16188
@calls 0 16189
@calls 0 16190
@calls 0 16191
@calls 0 16192
@calls 0 16193
@calls 0 16194
@calls 0 16195
@calls 0 16196
@calls 0 16197
@calls 0 16198
@calls 0 16199
@calls 0 16200
@calls 0 16201
@calls 0 16202
@calls 0 16203
@calls 0 16204
@calls 0 16205
@calls 0 16206
@calls 0 16207
@calls 0 16208
@calls 0 16209
@calls 0 16210
@calls 0 16211
@calls 0 16212
@calls 0 16213
@calls 0 16214
@calls 0 16215
@calls 0 16216
@calls 0 16217
@calls 0 16218
@calls 0 16219
@calls 0 16220
@calls 0 16221
@calls 0 16222
@calls 0 16223
@calls 0 16224
@calls 0 16225
@calls 0 16226
@calls 0 16227
@calls 0 16228
@calls 0 16229
@calls 0 16230
@calls 0 16231
@calls 0 16232
@calls 0 16233
@calls 0 16234
@calls 0 16235
@calls 0 16236
@calls 0 16237
@calls 0 16238
@calls 0 16239
@calls 0 16240
@calls 0 16241
@calls 0 16242
@calls 0 16243
@calls 0 16244
@calls 0 16245
@calls 0 16246
@calls 0 16247
@calls 0 16248
@calls 0 16249
@calls 0 16250
@calls 0 16251
@calls 0 16252
@calls 0 16253
@calls 0 16254
@calls 0 16255
@calls 0 16256
@calls 0 16257
@calls 0 16258
@calls 0 16259
@calls 0 16260
@calls 0 16261
@calls 0 16262
@calls 0 16263
@calls 0 16264
@calls 0 16265
@calls 0 16266
@calls 0 16267
@calls 0 16268
@calls 0 16269
@calls 0 16270
@calls 0 16271
@calls 0 16272
@calls 0 16273
@calls 0 16274
@calls 0 16275
@calls 0 16276
@calls 0 16277
@calls 0 16278
@calls 0 16279
@calls 0 16280
@calls 0 16281
@calls 0 16282
@calls 0 16283
@calls 0 16284
@calls 0 16285
@calls 0 16286
@calls 0 16287
@calls 0 16288
@calls 0 16289
@calls 0 16290
@calls 0 16291
@calls 0 16292
@calls 0 16293
@calls 0 16294
@calls 0 16295
@calls 0 16296
@calls 0 16297
@calls 0 16298
@calls 0 16299
@calls 0 16300
@calls 0 16301
@calls 0 16302
@calls 0 16303
@calls 0 16304
@calls 0 16305
@calls 0 16306
@calls 0 16307
@calls 0 16308
@calls 0 16309
@calls 0 16310
@calls 0 16311
@calls 0 16312
@calls 0 16313
@calls 0 16314
@calls 0 16315
@calls 0 16316
@calls 0 16317
@calls 0 16318
@calls 0 16319
@calls 0 16320
@calls 0 16321
@calls 0 16322
@calls 0 16323
@calls 0 16324
@calls 0 16325
@calls 0 16326
@calls 0 16327
@calls 0 16328
@calls 0 16329
@calls 0 16330
@calls 0 16331
@calls 0 16332
@calls 0 16333
@calls 0 16334
@calls 0 16335
@calls 0 16336
@calls 0 16337
@calls 0 16338
@calls 0 16339
@calls 0 16340
@calls 0 16341
@calls 0 16342
@calls 0 16343
@calls 0 16344
@calls 0 16345
@calls 0 16346
@calls 0 16347
@calls 0 16348
@calls 0 16349
@calls 0 16350
@calls 0 16351
@calls 0 16352
@calls 0 16353
@calls 0 16354
@calls 0 16355
@calls 0 16356
@calls 0 16357
@calls 0 16358
@calls 0 16359
@calls 0 16360
@calls 0 16361
@calls 0 16362
@calls 0 16363
@calls 0 16364
@calls 0 16365
@calls 0 16366
@calls 0 16367
@calls 0 16368
@calls 0 16369
@calls 0 16370
@calls 0 16371
@calls 0 16372
@calls 0 16373
@calls 0 16374
@calls 0 16375
@calls 0 16376
@calls 0 16377
@calls 0 16378
@calls 0 16379
@calls 0 16380
@calls 0 16381
@calls 0 16382
@calls 0 16383
@calls 0 16384
@calls 0 16385
@calls 0 16386
@calls 0 16387
@calls 0 16388
@calls 0 16389
@calls 0 16390
@calls 0 16391
@calls 0 16392
@calls 0 16393
@calls 0 16394
@calls 0 16395
@calls 0 16396
@calls 0 16397
@calls 0 16398
@calls 0 16399
@calls 0 16400
@calls 0 16401
@calls 0 16402
@calls 0 16403
@calls 0 16404
@calls 0 16405
@calls 0 16406
@calls 0 16407
@calls 0 16408
@calls 0 16409
@calls 0 16410
@calls 0 16411
@calls 0 16412
@calls 0 16413
@calls 0 16414
@calls 0 16415
@calls 0 16416
@calls 0 16417
@calls 0 16418
@calls 0 16419
@calls 0 16420
@calls 0 16421
@calls 0 16422
@calls 0 16423
@calls 0 16424
@calls 0 16425
@calls 0 16426
@calls 0 16427
@calls 0 16428
@calls 0 16429
@calls 0 16430
@calls 0 16431
@calls 0 16432
@calls 0 16433
@calls 0 16434
@calls 0 16435
@calls 0 16436
@calls 0 16437
@calls 0 16438
@calls 0 16439
@calls 0 16440
@calls 0 16441
@calls 0 16442
@calls 0 16443
@calls 0 16444
@calls 0 16445
@calls 0 16446
@calls 0 16447
@calls 0 16448
@calls 0 16449
@calls 0 16450
@calls 0 16451
@calls 0 16452
@calls 0 16453
@calls 0 16454
@calls 0 16455
@calls 0 16456
@calls 0 16457
@calls 0 16458
@calls 0 16459
@calls 0 16460
@calls 0 16461
@calls 0 16462
@calls 0 16463
@calls 0 16464
@calls 0 16465
@calls 0 16466
@calls 0 16467
@calls 0 16468
@calls 0 16469
@calls 0 16470
@calls 0 16471
@calls 0 16472
@calls 0 16473
@calls 0 16474
@calls 0 16475
@calls 0 16476
@calls 0 16477
@calls 0 16478
@calls 0 16479
@calls 0 16480
@calls 0 16481
@calls 0 16482
@calls 0 16483
@calls 0 16484
@calls 0 16485
@calls 0 16486
@calls 0 16487
@calls 0 16488
@calls 0 16489
@calls 0 16490
@calls 0 16491
@calls 0 16492
@calls 0 16493
@calls 0 16494
@calls 0 16495
@calls 0 16496
@calls 0 16497
@calls 0 16498
@calls 0 16499
@calls 0 16500
@calls 0 16501
@calls 0 16502
@calls 0 16503
@calls 0 16504
@calls 0 16505
@calls 0 16506
@calls 0 16507
@calls 0 16508
@calls 0 16509
@calls 0 16510
@calls 0 16511
@calls 0 16512
@calls 0 16513
@calls 0 16514
@calls 0 16515
@calls 0 16516
@calls 0 16517
@calls 0 16518
@calls 0 16519
@calls 0 16520
@calls 0 16521
@calls 0 16522
@calls 0 16523
@calls 0 16524
@calls 0 16525
@calls 0 16526
@calls 0 16527
@calls 0 16528
@calls 0 16529
@calls 0 16530
@calls 0 16531
@calls 0 16532
@calls 0 16533
@calls 0 16534
@calls 0 16535
@calls 0 16536
@calls 0 16537
@calls 0 16538
@calls 0 16539
@calls 0 16540
@calls 0 16541
@calls 0 16542
@calls 0 16543
@calls 0 16544
@calls 0 16545
@calls 0 16546
@calls 0 16547
@calls 0 16548
@calls 0 16549
@calls 0 16550
@calls 0 16551
@calls 0 16552
@calls 0 16553
@calls 0 16554
@calls 0 16555
@calls 0 16556
@calls 0 16557
@calls 0 16558
@calls 0 16559
@calls 0 16560
@calls 0 16561
@calls 0 16562
@calls 0 16563
@calls 0 16564
@calls 0 16565
@calls 0 16566
@calls 0 16567
@calls 0 16568
@calls 0 16569
@calls 0 16570
@calls 0 16571
@calls 0 16572
@calls 0 16573
@calls 0 16574
@calls 0 16575
@calls 0 16576
@calls 0 16577
@calls 0 16578
@calls 0 16579
@calls 0 16580
@calls 0 16581
@calls 0 16582
@calls 0 16583
@calls 0 16584
@calls 0 16585
@calls 0 16586
@calls 0 16587
@calls 0 16588
@calls 0 16589
@calls 0 16590
@calls 0 16591
@calls 0 16592
@calls 0 16593
@calls 0 16594
@calls 0 16595
@calls 0 16596
@calls 0 16597
@calls 0 16598
@calls 0 16599
@calls 0 16600
@calls 0 16601
@calls 0 16602
@calls 0 16603
@calls 0 16604
@calls 0 16605
@calls 0 16606
@calls 0 16607
@calls 0 16608
@calls 0 16609
@calls 0 16610
@calls 0 16611
@calls 0 16612
@calls 0 16613
@calls 0 16614
@calls 0 16615
@calls 0 16616
@calls 0 16617
@calls 0 16618
@calls 0 16619
@calls 0 16620
@calls 0 16621
@calls 0 16622
@calls 0 16623
@calls 0 16624
@calls 0 16625
@calls 0 16626
@calls 0 16627
@calls 0 16628
@calls 0 16629
@calls 0 16630
@calls 0 16631
@calls 0 16632
@calls 0 16633
@calls 0 16634
@calls 0 16635
@calls 0 16636
@calls 0 16637
@calls 0 16638
@calls 0 16639
@calls 0 16640
@calls 0 16641
@calls 0 16642
@calls 0 16643
@calls 0 16644
@calls 0 16645
@calls 0 16646
@calls 0 16647
@calls 0 16648
@calls 0 16649
@calls 0 16650
