@calls 0 1
@calls 0 2
@calls 0 3
@calls 0 4
@calls 0 5
@calls 0 6
@calls 0 7
@calls 0 8
@calls 0 9
@calls 0 10
@calls 0 11
@calls 0 12
@calls 0 13
@calls 0 14
@calls 0 15
@calls 0 16
@calls 0 17
@calls 0 18
@calls 0 19
@calls 0 20
@calls 0 21
@calls 0 22
@calls 0 23
@calls 0 24
@calls 0 25
@calls 0 26
@calls 0 27
@calls 0 28
@calls 0 29
@calls 0 30
@calls 0 31
@calls 0 32
@calls 0 33
@calls 0 34
@calls 0 35
@calls 0 36
@calls 0 37
@calls 0 38
@calls 0 39
@calls 0 40
@calls 0 41
@calls 0 42
@calls 0 43
@calls 0 44
@calls 0 45
@calls 0 46
@calls 0 47
@calls 0 48
@calls 0 49
@calls 0 50
@calls 0 51
@calls 0 52
@calls 0 53
@calls 0 54
@calls 0 55
@calls 0 56
@calls 0 57
@calls 0 58
@calls 0 59
@calls 0 60
@calls 0 61
@calls 0 62
@calls 0 63
@calls 0 64
@calls 0 65
@calls 0 66
@calls 0 67
@calls 0 68
@calls 0 69
@calls 0 70
@calls 0 71
@calls 0 72
@calls 0 73
@calls 0 74
@calls 0 75
@calls 0 76
@calls 0 77
@calls 0 78
@calls 0 79
@calls 0 80
@calls 0 81
@calls 0 82
@calls 0 83
@calls 0 84
@calls 0 85
@calls 0 86
@calls 0 87
@calls 0 88
@calls 0 89
@calls 0 90
@calls 0 91
@calls 0 92
@calls 0 93
@calls 0 94
@calls 0 95
@calls 0 96
@calls 0 97
@calls 0 98
@calls 0 99
@calls 0 100
@calls 0 101
@calls 0 102
@calls 0 103
@calls 0 104
@calls 0 105
@calls 0 106
@calls 0 107
@calls 0 108
@calls 0 109
@calls 0 110
@calls 0 111
@calls 0 112
@calls 0 113
@calls 0 114
@calls 0 115
@calls 0 116
@calls 0 117
@calls 0 118
@calls 0 119
@calls 0 120
@calls 0 121
@calls 0 122
@calls 0 123
@calls 0 124
@calls 0 125
@calls 0 126
@calls 0 127
@calls 0 128
@calls 0 129
@calls 0 130
@calls 0 131
@calls 0 132
@calls 0 133
@calls 0 134
@calls 0 135
@calls 0 136
@calls 0 137
@calls 0 138
@calls 0 139
@calls 0 140
@calls 0 141
@calls 0 142
@calls 0 143
@calls 0 144
@calls 0 145
@calls 0 146
@calls 0 147
@calls 0 148
@calls 0 149
@calls 0 150
@calls 0 151
@calls 0 152
@calls 0 153
@calls 0 154
@calls 0 155
@calls 0 156
@calls 0 157
@calls 0 158
@calls 0 159
@calls 0 160
@calls 0 161
@calls 0 162
@calls 0 163
@calls 0 164
@calls 0 165
@calls 0 166
@calls 0 167
@calls 0 168
@calls 0 169
@calls 0 170
@calls 0 171
@calls 0 172
@calls 0 173
@calls 0 174
@calls 0 175
@calls 0 176
@calls 0 177
@calls 0 178
@calls 0 179
@calls 0 180
@calls 0 181
@calls 0 182
@calls 0 183
@calls 0 184
@calls 0 185
@calls 0 186
@calls 0 187
@calls 0 188
@calls 0 189
@calls 0 190
@calls 0 191
@calls 0 192
@calls 0 193
@calls 0 194
@calls 0 195
@calls 0 196
@calls 0 197
@calls 0 198
@calls 0 199
@calls 0 200
@calls 0 201
@calls 0 202
@calls 0 203
@calls 0 204
@calls 0 205
@calls 0 206
@calls 0 207
@calls 0 208
@calls 0 209
@calls 0 210
@calls 0 211
@calls 0 212
@calls 0 213
@calls 0 214
@calls 0 215
@calls 0 216
@calls 0 217
@calls 0 218
@calls 0 219
@calls 0 220
@calls 0 221
@calls 0 222
@calls 0 223
@calls 0 224
@calls 0 225
@calls 0 226
@calls 0 227
@calls 0 228
@calls 0 229
@calls 0 230
@calls 0 231
@calls 0 232
@calls 0 233
@calls 0 234
@calls 0 235
@calls 0 236
@calls 0 237
@calls 0 238
@calls 0 239
@calls 0 240
@calls 0 241
@calls 0 242
@calls 0 243
@calls 0 244
@calls 0 245
@calls 0 246
@calls 0 247
@calls 0 248
@calls 0 249
@calls 0 250
@calls 0 251
@calls 0 252
@calls 0 253
@calls 0 254
@calls 0 255
@calls 0 256
@calls 0 257
@calls 0 258
@calls 0 259
@calls 0 260
@calls 0 261
@calls 0 262
@calls 0 263
@calls 0 264
@calls 0 265
@calls 0 266
@calls 0 267
@calls 0 268
@calls 0 269
@calls 0 270
@calls 0 271
@calls 0 272
@calls 0 273
@calls 0 274
@calls 0 275
@calls 0 276
@calls 0 277
@calls 0 278
@calls 0 279
@calls 0 280
@calls 0 281
@calls 0 282
@calls 0 283
@calls 0 284
@calls 0 285
@calls 0 286
@calls 0 287
@calls 0 288
@calls 0 289
@calls 0 290
@calls 0 291
@calls 0 292
@calls 0 293
@calls 0 294
@calls 0 295
@calls 0 296
@calls 0 297
@calls 0 298
@calls 0 299
@calls 0 300
@calls 0 301
@calls 0 302
@calls 0 303
@calls 0 304
@calls 0 305
@calls 0 306
@calls 0 307
@calls 0 308
@calls 0 309
@calls 0 310
@calls 0 311
@calls 0 312
@calls 0 313
@calls 0 314
@calls 0 315
@calls 0 316
@calls 0 317
@calls 0 318
@calls 0 319
@calls 0 320
@calls 0 321
@calls 0 322
@calls 0 323
@calls 0 324
@calls 0 325
@calls 0 326
@calls 0 327
@calls 0 328
@calls 0 329
@calls 0 330
@calls 0 331
@calls 0 332
@calls 0 333
@calls 0 334
@calls 0 335
@calls 0 336
@calls 0 337
@calls 0 338
@calls 0 339
@calls 0 340
@calls 0 341
@calls 0 342
@calls 0 343
@calls 0 344
@calls 0 345
@calls 0 346
@calls 0 347
@calls 0 348
@calls 0 349
@calls 0 350
@calls 0 351
@calls 0 352
@calls 0 353
@calls 0 354
@calls 0 355
@calls 0 356
@calls 0 357
@calls 0 358
@calls 0 359
@calls 0 360
@calls 0 361
@calls 0 362
@calls 0 363
@calls 0 364
@calls 0 365
@calls 0 366
@calls 0 367
@calls 0 368
@calls 0 369
@calls 0 370
@calls 0 371
@calls 0 372
@calls 0 373
@calls 0 374
@calls 0 375
@calls 0 376
@calls 0 377
@calls 0 378
@calls 0 379
@calls 0 380
@calls 0 381
@calls 0 382
@calls 0 383
@calls 0 384
@calls 0 385
@calls 0 386
@calls 0 387
@calls 0 388
@calls 0 389
@calls 0 390
@calls 0 391
@calls 0 392
@calls 0 393
@calls 0 394
@calls 0 395
@calls 0 396
@calls 0 397
@calls 0 398
@calls 0 399
@calls 0 400
@calls 0 401
@calls 0 402
@calls 0 403
@calls 0 404
@calls 0 405
@calls 0 406
@calls 0 407
@calls 0 408
@calls 0 409
@calls 0 410
@calls 0 411
@calls 0 412
@calls 0 413
@calls 0 414
@calls 0 415
@calls 0 416
@calls 0 417
@calls 0 418
@calls 0 419
@calls 0 420
@calls 0 421
@calls 0 422
@calls 0 423
@calls 0 424
@calls 0 425
@calls 0 426
@calls 0 427
@calls 0 428
@calls 0 429
@calls 0 430
@calls 0 431
@calls 0 432
@calls 0 433
@calls 0 434
@calls 0 435
@calls 0 436
@calls 0 437
@calls 0 438
@calls 0 439
@calls 0 440
@calls 0 441
@calls 0 442
@calls 0 443
@calls 0 444
@calls 0 445
@calls 0 446
@calls 0 447
@calls 0 448
@calls 0 449
@calls 0 450
@calls 0 451
@calls 0 452
@calls 0 453
@calls 0 454
@calls 0 455
@calls 0 456
@calls 0 457
@calls 0 458
@calls 0 459
@calls 0 460
@calls 0 461
@calls 0 462
@calls 0 463
@calls 0 464
@calls 0 465
@calls 0 466
@calls 0 467
@calls 0 468
@calls 0 469
@calls 0 470
@calls 0 471
@calls 0 472
@calls 0 473
@calls 0 474
@calls 0 475
@calls 0 476
@calls 0 477
@calls 0 478
@calls 0 479
@calls 0 480
@calls 0 481
@calls 0 482
@calls 0 483
@calls 0 484
@calls 0 485
@calls 0 486
@calls 0 487
@calls 0 488
@calls 0 489
@calls 0 490
@calls 0 491
@calls 0 492
@calls 0 493
@calls 0 494
@calls 0 495
@calls 0 496
@calls 0 497
@calls 0 498
@calls 0 499
@calls 0 500
@calls 0 501
@calls 0 502
@calls 0 503
@calls 0 504
@calls 0 505
@calls 0 506
@calls 0 507
@calls 0 508
@calls 0 509
@calls 0 510
@calls 0 511
@calls 0 512
@calls 0 513
@calls 0 514
@calls 0 515
@calls 0 516
@calls 0 517
@calls 0 518
@calls 0 519
@calls 0 520
@calls 0 521
@calls 0 522
@calls 0 523
@calls 0 524
@calls 0 525
@calls 0 526
@calls 0 527
@calls 0 528
@calls 0 529
@calls 0 530
@calls 0 531
@calls 0 532
@calls 0 533
@calls 0 534
@calls 0 535
@calls 0 536
@calls 0 537
@calls 0 538
@calls 0 539
@calls 0 540
@calls 0 541
@calls 0 542
@calls 0 543
@calls 0 544
@calls 0 545
@calls 0 546
@calls 0 547
@calls 0 548
@calls 0 549
@calls 0 550
@calls 0 551
@calls 0 552
@calls 0 553
@calls 0 554
@calls 0 555
@calls 0 556
@calls 0 557
@calls 0 558
@calls 0 559
@calls 0 560
@calls 0 561
@calls 0 562
@calls 0 563
@calls 0 564
@calls 0 565
@calls 0 566
@calls 0 567
@calls 0 568
@calls 0 569
@calls 0 570
@calls 0 571
@calls 0 572
@calls 0 573
@calls 0 574
@calls 0 575
@calls 0 576
@calls 0 577
@calls 0 578
@calls 0 579
@calls 0 580
@calls 0 581
@calls 0 582
@calls 0 583
@calls 0 584
@calls 0 585
@calls 0 586
@calls 0 587
@calls 0 588
@calls 0 589
@calls 0 590
@calls 0 591
@calls 0 592
@calls 0 593
@calls 0 594
@calls 0 595
@calls 0 596
@calls 0 597
@calls 0 598
@calls 0 599
@calls 0 600
@calls 0 601
@calls 0 602
@calls 0 603
@calls 0 604
@calls 0 605
@calls 0 606
@calls 0 607
@calls 0 608
@calls 0 609
@calls 0 610
@calls 0 611
@calls 0 612
@calls 0 613
@calls 0 614
@calls 0 615
@calls 0 616
@calls 0 617
@calls 0 618
@calls 0 619
@calls 0 620
@calls 0 621
@calls 0 622
@calls 0 623
@calls 0 624
@calls 0 625
@calls 0 626
@calls 0 627
@calls 0 628
@calls 0 629
@calls 0 630
@calls 0 631
@calls 0 632
@calls 0 633
@calls 0 634
@calls 0 635
@calls 0 636
@calls 0 637
@calls 0 638
@calls 0 639
@calls 0 640
@calls 0 641
@calls 0 642
@calls 0 643
@calls 0 644
@calls 0 645
@calls 0 646
@calls 0 647
@calls 0 648
@calls 0 649
@calls 0 650
@calls 0 651
@calls 0 652
@calls 0 653
@calls 0 654
@calls 0 655
@calls 0 656
@calls 0 657
@calls 0 658
@calls 0 659
@calls 0 660
@calls 0 661
@calls 0 662
@calls 0 663
@calls 0 664
@calls 0 665
@calls 0 666
@calls 0 667
@calls 0 668
@calls 0 669
@calls 0 670
@calls 0 671
@calls 0 672
@calls 0 673
@calls 0 674
@calls 0 675
@calls 0 676
@calls 0 677
@calls 0 678
@calls 0 679
@calls 0 680
@calls 0 681
@calls 0 682
@calls 0 683
@calls 0 684
@calls 0 685
@calls 0 686
@calls 0 687
@calls 0 688
@calls 0 689
@calls 0 690
@calls 0 691
@calls 0 692
@calls 0 693
@calls 0 694
@calls 0 695
@calls 0 696
@calls 0 697
@calls 0 698
@calls 0 699
@calls 0 700
@calls 0 701
@calls 0 702
@calls 0 703
@calls 0 704
@calls 0 705
@calls 0 706
@calls 0 707
@calls 0 708
@calls 0 709
@calls 0 710
@calls 0 711
@calls 0 712
@calls 0 713
@calls 0 714
@calls 0 715
@calls 0 716
@calls 0 717
@calls 0 718
@calls 0 719
@calls 0 720
@calls 0 721
@calls 0 722
@calls 0 723
@calls 0 724
@calls 0 725
@calls 0 726
@calls 0 727
@calls 0 728
@calls 0 729
@calls 0 730
@calls 0 731
@calls 0 732
@calls 0 733
@calls 0 734
@calls 0 735
@calls 0 736
@calls 0 737
@calls 0 738
@calls 0 739
@calls 0 740
@calls 0 741
@calls 0 742
@calls 0 743
@calls 0 744
@calls 0 745
@calls 0 746
@calls 0 747
@calls 0 748
@calls 0 749
@calls 0 750
@calls 0 751
@calls 0 752
@calls 0 753
@calls 0 754
@calls 0 755
@calls 0 756
@calls 0 757
@calls 0 758
@calls 0 759
@calls 0 760
@calls 0 761
@calls 0 762
@calls 0 763
@calls 0 764
@calls 0 765
@calls 0 766
@calls 0 767
@calls 0 768
@calls 0 769
@calls 0 770
@calls 0 771
@calls 0 772
@calls 0 773
@calls 0 774
@calls 0 775
@calls 0 776
@calls 0 777
@calls 0 778
@calls 0 779
@calls 0 780
@calls 0 781
@calls 0 782
@calls 0 783
@calls 0 784
@calls 0 785
@calls 0 786
@calls 0 787
@calls 0 788
@calls 0 789
@calls 0 790
@calls 0 791
@calls 0 792
@calls 0 793
@calls 0 794
@calls 0 795
@calls 0 796
@calls 0 797
@calls 0 798
@calls 0 799
@calls 0 800
@calls 0 801
@calls 0 802
@calls 0 803
@calls 0 804
@calls 0 805
@calls 0 806
@calls 0 807
@calls 0 808
@calls 0 809
@calls 0 810
@calls 0 811
@calls 0 812
@calls 0 813
@calls 0 814
@calls 0 815
@calls 0 816
@calls 0 817
@calls 0 818
@calls 0 819
@calls 0 820
@calls 0 821
@calls 0 822
@calls 0 823
@calls 0 824
@calls 0 825
@calls 0 826
@calls 0 827
@calls 0 828
@calls 0 829
@calls 0 830
@calls 0 831
@calls 0 832
@calls 0 833
@calls 0 834
@calls 0 835
@calls 0 836
@calls 0 837
@calls 0 838
@calls 0 839
@calls 0 840
@calls 0 841
@calls 0 842
@calls 0 843
@calls 0 844
@calls 0 845
@calls 0 846
@calls 0 847
@calls 0 848
@calls 0 849
@calls 0 850
@calls 0 851
@calls 0 852
@calls 0 853
@calls 0 854
@calls 0 855
@calls 0 856
@calls 0 857
@calls 0 858
@calls 0 859
@calls 0 860
@calls 0 861
@calls 0 862
@calls 0 863
@calls 0 864
@calls 0 865
@calls 0 866
@calls 0 867
@calls 0 868
@calls 0 869
@calls 0 870
@calls 0 871
@calls 0 872
@calls 0 873
@calls 0 874
@calls 0 875
@calls 0 876
@calls 0 877
@calls 0 878
@calls 0 879
@calls 0 880
@calls 0 881
@calls 0 882
@calls 0 883
@calls 0 884
@calls 0 885
@calls 0 886
@calls 0 887
@calls 0 888
@calls 0 889
@calls 0 890
@calls 0 891
@calls 0 892
@calls 0 893
@calls 0 894
@calls 0 895
@calls 0 896
@calls 0 897
@calls 0 898
@calls 0 899
@calls 0 900
@calls 0 901
@calls 0 902
@calls 0 903
@calls 0 904
@calls 0 905
@calls 0 906
@calls 0 907
@calls 0 908
@calls 0 909
@calls 0 910
@calls 0 911
@calls 0 912
@calls 0 913
@calls 0 914
@calls 0 915
@calls 0 916
@calls 0 917
@calls 0 918
@calls 0 919
@calls 0 920
@calls 0 921
@calls 0 922
@calls 0 923
@calls 0 924
@calls 0 925
@calls 0 926
@calls 0 927
@calls 0 928
@calls 0 929
@calls 0 930
@calls 0 931
@calls 0 932
@calls 0 933
@calls 0 934
@calls 0 935
@calls 0 936
@calls 0 937
@calls 0 938
@calls 0 939
@calls 0 940
@calls 0 941
@calls 0 942
@calls 0 943
@calls 0 944
@calls 0 945
@calls 0 946
@calls 0 947
@calls 0 948
@calls 0 949
@calls 0 950
@calls 0 951
@calls 0 952
@calls 0 953
@calls 0 954
@calls 0 955
@calls 0 956
@calls 0 957
@calls 0 958
@calls 0 959
@calls 0 960
@calls 0 961
@calls 0 962
@calls 0 963
@calls 0 964
@calls 0 965
@calls 0 966
@calls 0 967
@calls 0 968
@calls 0 969
@calls 0 970
@calls 0 971
@calls 0 972
@calls 0 973
@calls 0 974
@calls 0 975
@calls 0 976
@calls 0 977
@calls 0 978
@calls 0 979
@calls 0 980
@calls 0 981
@calls 0 982
@calls 0 983
@calls 0 984
@calls 0 985
@calls 0 986
@calls 0 987
@calls 0 988
@calls 0 989
@calls 0 990
@calls 0 991
@calls 0 992
@calls 0 993
@calls 0 994
@calls 0 995
@calls 0 996
@calls 0 997
@calls 0 998
@calls 0 999
@calls 0 1000
@calls 0 1001
@calls 0 1002
@calls 0 1003
@calls 0 1004
@calls 0 1005
@calls 0 1006
@calls 0 1007
@calls 0 1008
@calls 0 1009
@calls 0 1010
@calls 0 1011
@calls 0 1012
@calls 0 1013
@calls 0 1014
@calls 0 1015
@calls 0 1016
@calls 0 1017
@calls 0 1018
@calls 0 1019
@calls 0 1020
@calls 0 1021
@calls 0 1022
@calls 0 1023
@calls 0 1024
@calls 0 1025
@calls 0 1026
@calls 0 1027
@calls 0 1028
@calls 0 1029
@calls 0 1030
@calls 0 1031
@calls 0 1032
@calls 0 1033
@calls 0 1034
@calls 0 1035
@calls 0 1036
@calls 0 1037
@calls 0 1038
@calls 0 1039
@calls 0 1040
@calls 0 1041
@calls 0 1042
@calls 0 1043
@calls 0 1044
@calls 0 1045
@calls 0 1046
@calls 0 1047
@calls 0 1048
@calls 0 1049
@calls 0 1050
@calls 0 1051
@calls 0 1052
@calls 0 1053
@calls 0 1054
@calls 0 1055
@calls 0 1056
@calls 0 1057
@calls 0 1058
@calls 0 1059
@calls 0 1060
@calls 0 1061
@calls 0 1062
@calls 0 1063
@calls 0 1064
@calls 0 1065
@calls 0 1066
@calls 0 1067
@calls 0 1068
@calls 0 1069
@calls 0 1070
@calls 0 1071
@calls 0 1072
@calls 0 1073
@calls 0 1074
@calls 0 1075
@calls 0 1076
@calls 0 1077
@calls 0 1078
@calls 0 1079
@calls 0 1080
@calls 0 1081
@calls 0 1082
@calls 0 1083
@calls 0 1084
@calls 0 1085
@calls 0 1086
@calls 0 1087
@calls 0 1088
@calls 0 1089
@calls 0 1090
@calls 0 1091
@calls 0 1092
@calls 0 1093
@calls 0 1094
@calls 0 1095
@calls 0 1096
@calls 0 1097
@calls 0 1098
@calls 0 1099
@calls 0 1100
@calls 0 1101
@calls 0 1102
@calls 0 1103
@calls 0 1104
@calls 0 1105
@calls 0 1106
@calls 0 1107
@calls 0 1108
@calls 0 1109
@calls 0 1110
@calls 0 1111
@calls 0 1112
@calls 0 1113
@calls 0 1114
@calls 0 1115
@calls 0 1116
@calls 0 1117
@calls 0 1118
@calls 0 1119
@calls 0 1120
@calls 0 1121
@calls 0 1122
@calls 0 1123
@calls 0 1124
@calls 0 1125
@calls 0 1126
@calls 0 1127
@calls 0 1128
@calls 0 1129
@calls 0 1130
@calls 0 1131
@calls 0 1132
@calls 0 1133
@calls 0 1134
@calls 0 1135
@calls 0 1136
@calls 0 1137
@calls 0 1138
@calls 0 1139
@calls 0 1140
@calls 0 1141
@calls 0 1142
@calls 0 1143
@calls 0 1144
@calls 0 1145
@calls 0 1146
@calls 0 1147
@calls 0 1148
@calls 0 1149
@calls 0 1150
@calls 0 1151
@calls 0 1152
@calls 0 1153
@calls 0 1154
@calls 0 1155
@calls 0 1156
@calls 0 1157
@calls 0 1158
@calls 0 1159
@calls 0 1160
@calls 0 1161
@calls 0 1162
@calls 0 1163
@calls 0 1164
@calls 0 1165
@calls 0 1166
@calls 0 1167
@calls 0 1168
@calls 0 1169
@calls 0 1170
@calls 0 1171
@calls 0 1172
@calls 0 1173
@calls 0 1174
@calls 0 1175
@calls 0 1176
@calls 0 1177
@calls 0 1178
@calls 0 1179
@calls 0 1180
@calls 0 1181
@calls 0 1182
@calls 0 1183
@calls 0 1184
@calls 0 1185
@calls 0 1186
@calls 0 1187
@calls 0 1188
@calls 0 1189
@calls 0 1190
@calls 0 1191
@calls 0 1192
@calls 0 1193
@calls 0 1194
@calls 0 1195
@calls 0 1196
@calls 0 1197
@calls 0 1198
@calls 0 1199
@calls 0 1200
@calls 0 1201
@calls 0 1202
@calls 0 1203
@calls 0 1204
@calls 0 1205
@calls 0 1206
@calls 0 1207
@calls 0 1208
@calls 0 1209
@calls 0 1210
@calls 0 1211
@calls 0 1212
@calls 0 1213
@calls 0 1214
@calls 0 1215
@calls 0 1216
@calls 0 1217
@calls 0 1218
@calls 0 1219
@calls 0 1220
@calls 0 1221
@calls 0 1222
@calls 0 1223
@calls 0 1224
@calls 0 1225
@calls 0 1226
@calls 0 1227
@calls 0 1228
@calls 0 1229
@calls 0 1230
@calls 0 1231
@calls 0 1232
@calls 0 1233
@calls 0 1234
@calls 0 1235
@calls 0 1236
@calls 0 1237
@calls 0 1238
@calls 0 1239
@calls 0 1240
@calls 0 1241
@calls 0 1242
@calls 0 1243
@calls 0 1244
@calls 0 1245
@calls 0 1246
@calls 0 1247
@calls 0 1248
@calls 0 1249
@calls 0 1250
@calls 0 1251
@calls 0 1252
@calls 0 1253
@calls 0 1254
@calls 0 1255
@calls 0 1256
@calls 0 1257
@calls 0 1258
@calls 0 1259
@calls 0 1260
@calls 0 1261
@calls 0 1262
@calls 0 1263
@calls 0 1264
@calls 0 1265
@calls 0 1266
@calls 0 1267
@calls 0 1268
@calls 0 1269
@calls 0 1270
@calls 0 1271
@calls 0 1272
@calls 0 1273
@calls 0 1274
@calls 0 1275
@calls 0 1276
@calls 0 1277
@calls 0 1278
@calls 0 1279
@calls 0 1280
@calls 0 1281
@calls 0 1282
@calls 0 1283
@calls 0 1284
@calls 0 1285
@calls 0 1286
@calls 0 1287
@calls 0 1288
@calls 0 1289
@calls 0 1290
@calls 0 1291
@calls 0 1292
@calls 0 1293
@calls 0 1294
@calls 0 1295
@calls 0 1296
@calls 0 1297
@calls 0 1298
@calls 0 1299
@calls 0 1300
@calls 0 1301
@calls 0 1302
@calls 0 1303
@calls 0 1304
@calls 0 1305
@calls 0 1306
@calls 0 1307
@calls 0 1308
@calls 0 1309
@calls 0 1310
@calls 0 1311
@calls 0 1312
@calls 0 1313
@calls 0 1314
@calls 0 1315
@calls 0 1316
@calls 0 1317
@calls 0 1318
@calls 0 1319
@calls 0 1320
@calls 0 1321
@calls 0 1322
@calls 0 1323
@calls 0 1324
@calls 0 1325
@calls 0 1326
@calls 0 1327
@calls 0 1328
@calls 0 1329
@calls 0 1330
@calls 0 1331
@calls 0 1332
@calls 0 1333
@calls 0 1334
@calls 0 1335
@calls 0 1336
@calls 0 1337
@calls 0 1338
@calls 0 1339
@calls 0 1340
@calls 0 1341
@calls 0 1342
@calls 0 1343
@calls 0 1344
@calls 0 1345
@calls 0 1346
@calls 0 1347
@calls 0 1348
@calls 0 1349
@calls 0 1350
@calls 0 1351
@calls 0 1352
@calls 0 1353
@calls 0 1354
@calls 0 1355
@calls 0 1356
@calls 0 1357
@calls 0 1358
@calls 0 1359
@calls 0 1360
@calls 0 1361
@calls 0 1362
@calls 0 1363
@calls 0 1364
@calls 0 1365
@calls 0 1366
@calls 0 1367
@calls 0 1368
@calls 0 1369
@calls 0 1370
@calls 0 1371
@calls 0 1372
@calls 0 1373
@calls 0 1374
@calls 0 1375
@calls 0 1376
@calls 0 1377
@calls 0 1378
@calls 0 1379
@calls 0 1380
@calls 0 1381
@calls 0 1382
@calls 0 1383
@calls 0 1384
@calls 0 1385
@calls 0 1386
@calls 0 1387
@calls 0 1388
@calls 0 1389
@calls 0 1390
@calls 0 1391
@calls 0 1392
@calls 0 1393
@calls 0 1394
@calls 0 1395
@calls 0 1396
@calls 0 1397
@calls 0 1398
@calls 0 1399
@calls 0 1400
@calls 0 1401
@calls 0 1402
@calls 0 1403
@calls 0 1404
@calls 0 1405
@calls 0 1406
@calls 0 1407
@calls 0 1408
@calls 0 1409
@calls 0 1410
@calls 0 1411
@calls 0 1412
@calls 0 1413
@calls 0 1414
@calls 0 1415
@calls 0 1416
@calls 0 1417
@calls 0 1418
@calls 0 1419
@calls 0 1420
@calls 0 1421
@calls 0 1422
@calls 0 1423
@calls 0 1424
@calls 0 1425
@calls 0 1426
@calls 0 1427
@calls 0 1428
@calls 0 1429
@calls 0 1430
@calls 0 1431
@calls 0 1432
@calls 0 1433
@calls 0 1434
@calls 0 1435
@calls 0 1436
@calls 0 1437
@calls 0 1438
@calls 0 1439
@calls 0 1440
@calls 0 1441
@calls 0 1442
@calls 0 1443
@calls 0 1444
@calls 0 1445
@calls 0 1446
@calls 0 1447
@calls 0 1448
@calls 0 1449
@calls 0 1450
@calls 0 1451
@calls 0 1452
@calls 0 1453
@calls 0 1454
@calls 0 1455
@calls 0 1456
@calls 0 1457
@calls 0 1458
@calls 0 1459
@calls 0 1460
@calls 0 1461
@calls 0 1462
@calls 0 1463
@calls 0 1464
@calls 0 1465
@calls 0 1466
@calls 0 1467
@calls 0 1468
@calls 0 1469
@calls 0 1470
@calls 0 1471
@calls 0 1472
@calls 0 1473
@calls 0 1474
@calls 0 1475
@calls 0 1476
@calls 0 1477
@calls 0 1478
@calls 0 1479
@calls 0 1480
@calls 0 1481
@calls 0 1482
@calls 0 1483
@calls 0 1484
@calls 0 1485
@calls 0 1486
@calls 0 1487
@calls 0 1488
@calls 0 1489
@calls 0 1490
@calls 0 1491
@calls 0 1492
@calls 0 1493
@calls 0 1494
@calls 0 1495
@calls 0 1496
@calls 0 1497
@calls 0 1498
@calls 0 1499
@calls 0 1500
@calls 0 1501
@calls 0 1502
@calls 0 1503
@calls 0 1504
@calls 0 1505
@calls 0 1506
@calls 0 1507
@calls 0 1508
@calls 0 1509
@calls 0 1510
@calls 0 1511
@calls 0 1512
@calls 0 1513
@calls 0 1514
@calls 0 1515
@calls 0 1516
@calls 0 1517
@calls 0 1518
@calls 0 1519
@calls 0 1520
@calls 0 1521
@calls 0 1522
@calls 0 1523
@calls 0 1524
@calls 0 1525
@calls 0 1526
@calls 0 1527
@calls 0 1528
@calls 0 1529
@calls 0 1530
@calls 0 1531
@calls 0 1532
@calls 0 1533
@calls 0 1534
@calls 0 1535
@calls 0 1536
@calls 0 1537
@calls 0 1538
@calls 0 1539
@calls 0 1540
@calls 0 1541
@calls 0 1542
@calls 0 1543
@calls 0 1544
@calls 0 1545
@calls 0 1546
@calls 0 1547
@calls 0 1548
@calls 0 1549
@calls 0 1550
@calls 0 1551
@calls 0 1552
@calls 0 1553
@calls 0 1554
@calls 0 1555
@calls 0 1556
@calls 0 1557
@calls 0 1558
@calls 0 1559
@calls 0 1560
@calls 0 1561
@calls 0 1562
@calls 0 1563
@calls 0 1564
@calls 0 1565
@calls 0 1566
@calls 0 1567
@calls 0 1568
@calls 0 1569
@calls 0 1570
@calls 0 1571
@calls 0 1572
@calls 0 1573
@calls 0 1574
@calls 0 1575
@calls 0 1576
@calls 0 1577
@calls 0 1578
@calls 0 1579
@calls 0 1580
@calls 0 1581
@calls 0 1582
@calls 0 1583
@calls 0 1584
@calls 0 1585
@calls 0 1586
@calls 0 1587
@calls 0 1588
@calls 0 1589
@calls 0 1590
@calls 0 1591
@calls 0 1592
@calls 0 1593
@calls 0 1594
@calls 0 1595
@calls 0 1596
@calls 0 1597
@calls 0 1598
@calls 0 1599
@calls 0 1600
@calls 0 1601
@calls 0 1602
@calls 0 1603
@calls 0 1604
@calls 0 1605
@calls 0 1606
@calls 0 1607
@calls 0 1608
@calls 0 1609
@calls 0 1610
@calls 0 1611
@calls 0 1612
@calls 0 1613
@calls 0 1614
@calls 0 1615
@calls 0 1616
@calls 0 1617
@calls 0 1618
@calls 0 1619
@calls 0 1620
@calls 0 1621
@calls 0 1622
@calls 0 1623
@calls 0 1624
@calls 0 1625
@calls 0 1626
@calls 0 1627
@calls 0 1628
@calls 0 1629
@calls 0 1630
@calls 0 1631
@calls 0 1632
@calls 0 1633
@calls 0 1634
@calls 0 1635
@calls 0 1636
@calls 0 1637
@calls 0 1638
@calls 0 1639
@calls 0 1640
@calls 0 1641
@calls 0 1642
@calls 0 1643
@calls 0 1644
@calls 0 1645
@calls 0 1646
@calls 0 1647
@calls 0 1648
@calls 0 1649
@calls 0 1650
@calls 0 1651
@calls 0 1652
@calls 0 1653
@calls 0 1654
@calls 0 1655
@calls 0 1656
@calls 0 1657
@calls 0 1658
@calls 0 1659
@calls 0 1660
@calls 0 1661
@calls 0 1662
@calls 0 1663
@calls 0 1664
@calls 0 1665
@calls 0 1666
@calls 0 1667
@calls 0 1668
@calls 0 1669
@calls 0 1670
@calls 0 1671
@calls 0 1672
@calls 0 1673
@calls 0 1674
@calls 0 1675
@calls 0 1676
@calls 0 1677
@calls 0 1678
@calls 0 1679
@calls 0 1680
@calls 0 1681
@calls 0 1682
@calls 0 1683
@calls 0 1684
@calls 0 1685
@calls 0 1686
@calls 0 1687
@calls 0 1688
@calls 0 1689
@calls 0 1690
@calls 0 1691
@calls 0 1692
@calls 0 1693
@calls 0 1694
@calls 0 1695
@calls 0 1696
@calls 0 1697
@calls 0 1698
@calls 0 1699
@calls 0 1700
@calls 0 1701
@calls 0 1702
@calls 0 1703
@calls 0 1704
@calls 0 1705
@calls 0 1706
@calls 0 1707
@calls 0 1708
@calls 0 1709
@calls 0 1710
@calls 0 1711
@calls 0 1712
@calls 0 1713
@calls 0 1714
@calls 0 1715
@calls 0 1716
@calls 0 1717
@calls 0 1718
@calls 0 1719
@calls 0 1720
@calls 0 1721
@calls 0 1722
@calls 0 1723
@calls 0 1724
@calls 0 1725
@calls 0 1726
@calls 0 1727
@calls 0 1728
@calls 0 1729
@calls 0 1730
@calls 0 1731
@calls 0 1732
@calls 0 1733
@calls 0 1734
@calls 0 1735
@calls 0 1736
@calls 0 1737
@calls 0 1738
@calls 0 1739
@calls 0 1740
@calls 0 1741
@calls 0 1742
@calls 0 1743
@calls 0 1744
@calls 0 1745
@calls 0 1746
@calls 0 1747
@calls 0 1748
@calls 0 1749
@calls 0 1750
@calls 0 1751
@calls 0 1752
@calls 0 1753
@calls 0 1754
@calls 0 1755
@calls 0 1756
@calls 0 1757
@calls 0 1758
@calls 0 1759
@calls 0 1760
@calls 0 1761
@calls 0 1762
@calls 0 1763
@calls 0 1764
@calls 0 1765
@calls 0 1766
@calls 0 1767
@calls 0 1768
@calls 0 1769
@calls 0 1770
@calls 0 1771
@calls 0 1772
@calls 0 1773
@calls 0 1774
@calls 0 1775
@calls 0 1776
@calls 0 1777
@calls 0 1778
@calls 0 1779
@calls 0 1780
@calls 0 1781
@calls 0 1782
@calls 0 1783
@calls 0 1784
@calls 0 1785
@calls 0 1786
@calls 0 1787
@calls 0 1788
@calls 0 1789
@calls 0 1790
@calls 0 1791
@calls 0 1792
@calls 0 1793
@calls 0 1794
@calls 0 1795
@calls 0 1796
@calls 0 1797
@calls 0 1798
@calls 0 1799
@calls 0 1800
@calls 0 1801
@calls 0 1802
@calls 0 1803
@calls 0 1804
@calls 0 1805
@calls 0 1806
@calls 0 1807
@calls 0 1808
@calls 0 1809
@calls 0 1810
@calls 0 1811
@calls 0 1812
@calls 0 1813
@calls 0 1814
@calls 0 1815
@calls 0 1816
@calls 0 1817
@calls 0 1818
@calls 0 1819
@calls 0 1820
@calls 0 1821
@calls 0 1822
@calls 0 1823
@calls 0 1824
@calls 0 1825
@calls 0 1826
@calls 0 1827
@calls 0 1828
@calls 0 1829
@calls 0 1830
@calls 0 1831
@calls 0 1832
@calls 0 1833
@calls 0 1834
@calls 0 1835
@calls 0 1836
@calls 0 1837
@calls 0 1838
@calls 0 1839
@calls 0 1840
@calls 0 1841
@calls 0 1842
@calls 0 1843
@calls 0 1844
@calls 0 1845
@calls 0 1846
@calls 0 1847
@calls 0 1848
@calls 0 1849
@calls 0 1850
@calls 0 1851
@calls 0 1852
@calls 0 1853
@calls 0 1854
@calls 0 1855
@calls 0 1856
@calls 0 1857
@calls 0 1858
@calls 0 1859
@calls 0 1860
@calls 0 1861
@calls 0 1862
@calls 0 1863
@calls 0 1864
@calls 0 1865
@calls 0 1866
@calls 0 1867
@calls 0 1868
@calls 0 1869
@calls 0 1870
@calls 0 1871
@calls 0 1872
@calls 0 1873
@calls 0 1874
@calls 0 1875
@calls 0 1876
@calls 0 1877
@calls 0 1878
@calls 0 1879
@calls 0 1880
@calls 0 1881
@calls 0 1882
@calls 0 1883
@calls 0 1884
@calls 0 1885
@calls 0 1886
@calls 0 1887
@calls 0 1888
@calls 0 1889
@calls 0 1890
@calls 0 1891
@calls 0 1892
@calls 0 1893
@calls 0 1894
@calls 0 1895
@calls 0 1896
@calls 0 1897
@calls 0 1898
@calls 0 1899
@calls 0 1900
@calls 0 1901
@calls 0 1902
@calls 0 1903
@calls 0 1904
@calls 0 1905
@calls 0 1906
@calls 0 1907
@calls 0 1908
@calls 0 1909
@calls 0 1910
@calls 0 1911
@calls 0 1912
@calls 0 1913
@calls 0 1914
@calls 0 1915
@calls 0 1916
@calls 0 1917
@calls 0 1918
@calls 0 1919
@calls 0 1920
@calls 0 1921
@calls 0 1922
@calls 0 1923
@calls 0 1924
@calls 0 1925
@calls 0 1926
@calls 0 1927
@calls 0 1928
@calls 0 1929
@calls 0 1930
@calls 0 1931
@calls 0 1932
@calls 0 1933
@calls 0 1934
@calls 0 1935
@calls 0 1936
@calls 0 1937
@calls 0 1938
@calls 0 1939
@calls 0 1940
@calls 0 1941
@calls 0 1942
@calls 0 1943
@calls 0 1944
@calls 0 1945
@calls 0 1946
@calls 0 1947
@calls 0 1948
@calls 0 1949
@calls 0 1950
@calls 0 1951
@calls 0 1952
@calls 0 1953
@calls 0 1954
@calls 0 1955
@calls 0 1956
@calls 0 1957
@calls 0 1958
@calls 0 1959
@calls 0 1960
@calls 0 1961
@calls 0 1962
@calls 0 1963
@calls 0 1964
@calls 0 1965
@calls 0 1966
@calls 0 1967
@calls 0 1968
@calls 0 1969
@calls 0 1970
@calls 0 1971
@calls 0 1972
@calls 0 1973
@calls 0 1974
@calls 0 1975
@calls 0 1976
@calls 0 1977
@calls 0 1978
@calls 0 1979
@calls 0 1980
@calls 0 1981
@calls 0 1982
@calls 0 1983
@calls 0 1984
@calls 0 1985
@calls 0 1986
@calls 0 1987
@calls 0 1988
@calls 0 1989
@calls 0 1990
@calls 0 1991
@calls 0 1992
@calls 0 1993
@calls 0 1994
@calls 0 1995
@calls 0 1996
@calls 0 1997
@calls 0 1998
@calls 0 1999
@calls 0 2000
@calls 0 2001
@calls 0 2002
@calls 0 2003
@calls 0 2004
@calls 0 2005
@calls 0 2006
@calls 0 2007
@calls 0 2008
@calls 0 2009
@calls 0 2010
@calls 0 2011
@calls 0 2012
@calls 0 2013
@calls 0 2014
@calls 0 2015
@calls 0 2016
@calls 0 2017
@calls 0 2018
@calls 0 2019
@calls 0 2020
@calls 0 2021
@calls 0 2022
@calls 0 2023
@calls 0 2024
@calls 0 2025
@calls 0 2026
@calls 0 2027
@calls 0 2028
@calls 0 2029
@calls 0 2030
@calls 0 2031
@calls 0 2032
@calls 0 2033
@calls 0 2034
@calls 0 2035
@calls 0 2036
@calls 0 2037
@calls 0 2038
@calls 0 2039
@calls 0 2040
@calls 0 2041
@calls 0 2042
@calls 0 2043
@calls 0 2044
@calls 0 2045
@calls 0 2046
@calls 0 2047
@calls 0 2048
@calls 0 2049
@calls 0 2050
@calls 0 2051
@calls 0 2052
@calls 0 2053
@calls 0 2054
@calls 0 2055
@calls 0 2056
@calls 0 2057
@calls 0 2058
@calls 0 2059
@calls 0 2060
@calls 0 2061
@calls 0 2062
@calls 0 2063
@calls 0 2064
@calls 0 2065
@calls 0 2066
@calls 0 2067
@calls 0 2068
@calls 0 2069
@calls 0 2070
@calls 0 2071
@calls 0 2072
@calls 0 2073
@calls 0 2074
@calls 0 2075
@calls 0 2076
@calls 0 2077
@calls 0 2078
@calls 0 2079
@calls 0 2080
@calls 0 2081
@calls 0 2082
@calls 0 2083
@calls 0 2084
@calls 0 2085
@calls 0 2086
@calls 0 2087
@calls 0 2088
@calls 0 2089
@calls 0 2090
@calls 0 2091
@calls 0 2092
@calls 0 2093
@calls 0 2094
@calls 0 2095
@calls 0 2096
@calls 0 2097
@calls 0 2098
@calls 0 2099
@calls 0 2100
@calls 0 2101
@calls 0 2102
@calls 0 2103
@calls 0 2104
@calls 0 2105
@calls 0 2106
@calls 0 2107
@calls 0 2108
@calls 0 2109
@calls 0 2110
@calls 0 2111
@calls 0 2112
@calls 0 2113
@calls 0 2114
@calls 0 2115
@calls 0 2116
@calls 0 2117
@calls 0 2118
@calls 0 2119
@calls 0 2120
@calls 0 2121
@calls 0 2122
@calls 0 2123
@calls 0 2124
@calls 0 2125
@calls 0 2126
@calls 0 2127
@calls 0 2128
@calls 0 2129
@calls 0 2130
@calls 0 2131
@calls 0 2132
@calls 0 2133
@calls 0 2134
@calls 0 2135
@calls 0 2136
@calls 0 2137
@calls 0 2138
@calls 0 2139
@calls 0 2140
@calls 0 2141
@calls 0 2142
@calls 0 2143
@calls 0 2144
@calls 0 2145
@calls 0 2146
@calls 0 2147
@calls 0 2148
@calls 0 2149
@calls 0 2150
@calls 0 2151
@calls 0 2152
@calls 0 2153
@calls 0 2154
@calls 0 2155
@calls 0 2156
@calls 0 2157
@calls 0 2158
@calls 0 2159
@calls 0 2160
@calls 0 2161
@calls 0 2162
@calls 0 2163
@calls 0 2164
@calls 0 2165
@calls 0 2166
@calls 0 2167
@calls 0 2168
@calls 0 2169
@calls 0 2170
@calls 0 2171
@calls 0 2172
@calls 0 2173
@calls 0 2174
@calls 0 2175
@calls 0 2176
@calls 0 2177
@calls 0 2178
@calls 0 2179
@calls 0 2180
@calls 0 2181
@calls 0 2182
@calls 0 2183
@calls 0 2184
@calls 0 2185
@calls 0 2186
@calls 0 2187
@calls 0 2188
@calls 0 2189
@calls 0 2190
@calls 0 2191
@calls 0 2192
@calls 0 2193
@calls 0 2194
@calls 0 2195
@calls 0 2196
@calls 0 2197
@calls 0 2198
@calls 0 2199
@calls 0 2200
@calls 0 2201
@calls 0 2202
@calls 0 2203
@calls 0 2204
@calls 0 2205
@calls 0 2206
@calls 0 2207
@calls 0 2208
@calls 0 2209
@calls 0 2210
@calls 0 2211
@calls 0 2212
@calls 0 2213
@calls 0 2214
@calls 0 2215
@calls 0 2216
@calls 0 2217
@calls 0 2218
@calls 0 2219
@calls 0 2220
@calls 0 2221
@calls 0 2222
@calls 0 2223
@calls 0 2224
@calls 0 2225
@calls 0 2226
@calls 0 2227
@calls 0 2228
@calls 0 2229
@calls 0 2230
@calls 0 2231
@calls 0 2232
@calls 0 2233
@calls 0 2234
@calls 0 2235
@calls 0 2236
@calls 0 2237
@calls 0 2238
@calls 0 2239
@calls 0 2240
@calls 0 2241
@calls 0 2242
@calls 0 2243
@calls 0 2244
@calls 0 2245
@calls 0 2246
@calls 0 2247
@calls 0 2248
@calls 0 2249
@calls 0 2250
@calls 0 2251
@calls 0 2252
@calls 0 2253
@calls 0 2254
@calls 0 2255
@calls 0 2256
@calls 0 2257
@calls 0 2258
@calls 0 2259
@calls 0 2260
@calls 0 2261
@calls 0 2262
@calls 0 2263
@calls 0 2264
@calls 0 2265
@calls 0 2266
@calls 0 2267
@calls 0 2268
@calls 0 2269
@calls 0 2270
@calls 0 2271
@calls 0 2272
@calls 0 2273
@calls 0 2274
@calls 0 2275
@calls 0 2276
@calls 0 2277
@calls 0 2278
@calls 0 2279
@calls 0 2280
@calls 0 2281
@calls 0 2282
@calls 0 2283
@calls 0 2284
@calls 0 2285
@calls 0 2286
@calls 0 2287
@calls 0 2288
@calls 0 2289
@calls 0 2290
@calls 0 2291
@calls 0 2292
@calls 0 2293
@calls 0 2294
@calls 0 2295
@calls 0 2296
@calls 0 2297
@calls 0 2298
@calls 0 2299
@calls 0 2300
@calls 0 2301
@calls 0 2302
@calls 0 2303
@calls 0 2304
@calls 0 2305
@calls 0 2306
@calls 0 2307
@calls 0 2308
@calls 0 2309
@calls 0 2310
@calls 0 2311
@calls 0 2312
@calls 0 2313
@calls 0 2314
@calls 0 2315
@calls 0 2316
@calls 0 2317
@calls 0 2318
@calls 0 2319
@calls 0 2320
@calls 0 2321
@calls 0 2322
@calls 0 2323
@calls 0 2324
@calls 0 2325
@calls 0 2326
@calls 0 2327
@calls 0 2328
@calls 0 2329
@calls 0 2330
@calls 0 2331
@calls 0 2332
@calls 0 2333
@calls 0 2334
@calls 0 2335
@calls 0 2336
@calls 0 2337
@calls 0 2338
@calls 0 2339
@calls 0 2340
@calls 0 2341
@calls 0 2342
@calls 0 2343
@calls 0 2344
@calls 0 2345
@calls 0 2346
@calls 0 2347
@calls 0 2348
@calls 0 2349
@calls 0 2350
@calls 0 2351
@calls 0 2352
@calls 0 2353
@calls 0 2354
@calls 0 2355
@calls 0 2356
@calls 0 2357
@calls 0 2358
@calls 0 2359
@calls 0 2360
@calls 0 2361
@calls 0 2362
@calls 0 2363
@calls 0 2364
@calls 0 2365
@calls 0 2366
@calls 0 2367
@calls 0 2368
@calls 0 2369
@calls 0 2370
@calls 0 2371
@calls 0 2372
@calls 0 2373
@calls 0 2374
@calls 0 2375
@calls 0 2376
@calls 0 2377
@calls 0 2378
@calls 0 2379
@calls 0 2380
@calls 0 2381
@calls 0 2382
@calls 0 2383
@calls 0 2384
@calls 0 2385
@calls 0 2386
@calls 0 2387
@calls 0 2388
@calls 0 2389
@calls 0 2390
@calls 0 2391
@calls 0 2392
@calls 0 2393
@calls 0 2394
@calls 0 2395
@calls 0 2396
@calls 0 2397
@calls 0 2398
@calls 0 2399
@calls 0 2400
@calls 0 2401
@calls 0 2402
@calls 0 2403
@calls 0 2404
@calls 0 2405
@calls 0 2406
@calls 0 2407
@calls 0 2408
@calls 0 2409
@calls 0 2410
@calls 0 2411
@calls 0 2412
@calls 0 2413
@calls 0 2414
@calls 0 2415
@calls 0 2416
@calls 0 2417
@calls 0 2418
@calls 0 2419
@calls 0 2420
@calls 0 2421
@calls 0 2422
@calls 0 2423
@calls 0 2424
@calls 0 2425
@calls 0 2426
@calls 0 2427
@calls 0 2428
@calls 0 2429
@calls 0 2430
@calls 0 2431
@calls 0 2432
@calls 0 2433
@calls 0 2434
@calls 0 2435
@calls 0 2436
@calls 0 2437
@calls 0 2438
@calls 0 2439
@calls 0 2440
@calls 0 2441
@calls 0 2442
@calls 0 2443
@calls 0 2444
@calls 0 2445
@calls 0 2446
@calls 0 2447
@calls 0 2448
@calls 0 2449
@calls 0 2450
@calls 0 2451
@calls 0 2452
@calls 0 2453
@calls 0 2454
@calls 0 2455
@calls 0 2456
@calls 0 2457
@calls 0 2458
@calls 0 2459
@calls 0 2460
@calls 0 2461
@calls 0 2462
@calls 0 2463
@calls 0 2464
@calls 0 2465
@calls 0 2466
@calls 0 2467
@calls 0 2468
@calls 0 2469
@calls 0 2470
@calls 0 2471
@calls 0 2472
@calls 0 2473
@calls 0 2474
@calls 0 2475
@calls 0 2476
@calls 0 2477
@calls 0 2478
@calls 0 2479
@calls 0 2480
@calls 0 2481
@calls 0 2482
@calls 0 2483
@calls 0 2484
@calls 0 2485
@calls 0 2486
@calls 0 2487
@calls 0 2488
@calls 0 2489
@calls 0 2490
@calls 0 2491
@calls 0 2492
@calls 0 2493
@calls 0 2494
@calls 0 2495
@calls 0 2496
@calls 0 2497
@calls 0 2498
@calls 0 2499
@calls 0 2500
@calls 0 2501
@calls 0 2502
@calls 0 2503
@calls 0 2504
@calls 0 2505
@calls 0 2506
@calls 0 2507
@calls 0 2508
@calls 0 2509
@calls 0 2510
@calls 0 2511
@calls 0 2512
@calls 0 2513
@calls 0 2514
@calls 0 2515
@calls 0 2516
@calls 0 2517
@calls 0 2518
@calls 0 2519
@calls 0 2520
@calls 0 2521
@calls 0 2522
@calls 0 2523
@calls 0 2524
@calls 0 2525
@calls 0 2526
@calls 0 2527
@calls 0 2528
@calls 0 2529
@calls 0 2530
@calls 0 2531
@calls 0 2532
@calls 0 2533
@calls 0 2534
@calls 0 2535
@calls 0 2536
@calls 0 2537
@calls 0 2538
@calls 0 2539
@calls 0 2540
@calls 0 2541
@calls 0 2542
@calls 0 2543
@calls 0 2544
@calls 0 2545
@calls 0 2546
@calls 0 2547
@calls 0 2548
@calls 0 2549
@calls 0 2550
@calls 0 2551
@calls 0 2552
@calls 0 2553
@calls 0 2554
@calls 0 2555
@calls 0 2556
@calls 0 2557
@calls 0 2558
@calls 0 2559
@calls 0 2560
@calls 0 2561
@calls 0 2562
@calls 0 2563
@calls 0 2564
@calls 0 2565
@calls 0 2566
@calls 0 2567
@calls 0 2568
@calls 0 2569
@calls 0 2570
@calls 0 2571
@calls 0 2572
@calls 0 2573
@calls 0 2574
@calls 0 2575
@calls 0 2576
@calls 0 2577
@calls 0 2578
@calls 0 2579
@calls 0 2580
@calls 0 2581
@calls 0 2582
@calls 0 2583
@calls 0 2584
@calls 0 2585
@calls 0 2586
@calls 0 2587
@calls 0 2588
@calls 0 2589
@calls 0 2590
@calls 0 2591
@calls 0 2592
@calls 0 2593
@calls 0 2594
@calls 0 2595
@calls 0 2596
@calls 0 2597
@calls 0 2598
@calls 0 2599
@calls 0 2600
@calls 0 2601
@calls 0 2602
@calls 0 2603
@calls 0 2604
@calls 0 2605
@calls 0 2606
@calls 0 2607
@calls 0 2608
@calls 0 2609
@calls 0 2610
@calls 0 2611
@calls 0 2612
@calls 0 2613
@calls 0 2614
@calls 0 2615
@calls 0 2616
@calls 0 2617
@calls 0 2618
@calls 0 2619
@calls 0 2620
@calls 0 2621
@calls 0 2622
@calls 0 2623
@calls 0 2624
@calls 0 2625
@calls 0 2626
@calls 0 2627
@calls 0 2628
@calls 0 2629
@calls 0 2630
@calls 0 2631
@calls 0 2632
@calls 0 2633
@calls 0 2634
@calls 0 2635
@calls 0 2636
@calls 0 2637
@calls 0 2638
@calls 0 2639
@calls 0 2640
@calls 0 2641
@calls 0 2642
@calls 0 2643
@calls 0 2644
@calls 0 2645
@calls 0 2646
@calls 0 2647
@calls 0 2648
@calls 0 2649
@calls 0 2650
@calls 0 2651
@calls 0 2652
@calls 0 2653
@calls 0 2654
@calls 0 2655
@calls 0 2656
@calls 0 2657
@calls 0 2658
@calls 0 2659
@calls 0 2660
@calls 0 2661
@calls 0 2662
@calls 0 2663
@calls 0 2664
@calls 0 2665
@calls 0 2666
@calls 0 2667
@calls 0 2668
@calls 0 2669
@calls 0 2670
@calls 0 2671
@calls 0 2672
@calls 0 2673
@calls 0 2674
@calls 0 2675
@calls 0 2676
@calls 0 2677
@calls 0 2678
@calls 0 2679
@calls 0 2680
@calls 0 2681
@calls 0 2682
@calls 0 2683
@calls 0 2684
@calls 0 2685
@calls 0 2686
@calls 0 2687
@calls 0 2688
@calls 0 2689
@calls 0 2690
@calls 0 2691
@calls 0 2692
@calls 0 2693
@calls 0 2694
@calls 0 2695
@calls 0 2696
@calls 0 2697
@calls 0 2698
@calls 0 2699
@calls 0 2700
@calls 0 2701
@calls 0 2702
@calls 0 2703
@calls 0 2704
@calls 0 2705
@calls 0 2706
@calls 0 2707
@calls 0 2708
@calls 0 2709
@calls 0 2710
@calls 0 2711
@calls 0 2712
@calls 0 2713
@calls 0 2714
@calls 0 2715
@calls 0 2716
@calls 0 2717
@calls 0 2718
@calls 0 2719
@calls 0 2720
@calls 0 2721
@calls 0 2722
@calls 0 2723
@calls 0 2724
@calls 0 2725
@calls 0 2726
@calls 0 2727
@calls 0 2728
@calls 0 2729
@calls 0 2730
@calls 0 2731
@calls 0 2732
@calls 0 2733
@calls 0 2734
@calls 0 2735
@calls 0 2736
@calls 0 2737
@calls 0 2738
@calls 0 2739
@calls 0 2740
@calls 0 2741
@calls 0 2742
@calls 0 2743
@calls 0 2744
@calls 0 2745
@calls 0 2746
@calls 0 2747
@calls 0 2748
@calls 0 2749
@calls 0 2750
@calls 0 2751
@calls 0 2752
@calls 0 2753
@calls 0 2754
@calls 0 2755
@calls 0 2756
@calls 0 2757
@calls 0 2758
@calls 0 2759
@calls 0 2760
@calls 0 2761
@calls 0 2762
@calls 0 2763
@calls 0 2764
@calls 0 2765
@calls 0 2766
@calls 0 2767
@calls 0 2768
@calls 0 2769
@calls 0 2770
@calls 0 2771
@calls 0 2772
@calls 0 2773
@calls 0 2774
@calls 0 2775
@calls 0 2776
@calls 0 2777
@calls 0 2778
@calls 0 2779
@calls 0 2780
@calls 0 2781
@calls 0 2782
@calls 0 2783
@calls 0 2784
@calls 0 2785
@calls 0 2786
@calls 0 2787
@calls 0 2788
@calls 0 2789
@calls 0 2790
@calls 0 2791
@calls 0 2792
@calls 0 2793
@calls 0 2794
@calls 0 2795
@calls 0 2796
@calls 0 2797
@calls 0 2798
@calls 0 2799
@calls 0 2800
@calls 0 2801
@calls 0 2802
@calls 0 2803
@calls 0 2804
@calls 0 2805
@calls 0 2806
@calls 0 2807
@calls 0 2808
@calls 0 2809
@calls 0 2810
@calls 0 2811
@calls 0 2812
@calls 0 2813
@calls 0 2814
@calls 0 2815
@calls 0 2816
@calls 0 2817
@calls 0 2818
@calls 0 2819
@calls 0 2820
@calls 0 2821
@calls 0 2822
@calls 0 2823
@calls 0 2824
@calls 0 2825
@calls 0 2826
@calls 0 2827
@calls 0 2828
@calls 0 2829
@calls 0 2830
@calls 0 2831
@calls 0 2832
@calls 0 2833
@calls 0 2834
@calls 0 2835
@calls 0 2836
@calls 0 2837
@calls 0 2838
@calls 0 2839
@calls 0 2840
@calls 0 2841
@calls 0 2842
@calls 0 2843
@calls 0 2844
@calls 0 2845
@calls 0 2846
@calls 0 2847
@calls 0 2848
@calls 0 2849
@calls 0 2850
@calls 0 2851
@calls 0 2852
@calls 0 2853
@calls 0 2854
@calls 0 2855
@calls 0 2856
@calls 0 2857
@calls 0 2858
@calls 0 2859
@calls 0 2860
@calls 0 2861
@calls 0 2862
@calls 0 2863
@calls 0 2864
@calls 0 2865
@calls 0 2866
@calls 0 2867
@calls 0 2868
@calls 0 2869
@calls 0 2870
@calls 0 2871
@calls 0 2872
@calls 0 2873
@calls 0 2874
@calls 0 2875
@calls 0 2876
@calls 0 2877
@calls 0 2878
@calls 0 2879
@calls 0 2880
@calls 0 2881
@calls 0 2882
@calls 0 2883
@calls 0 2884
@calls 0 2885
@calls 0 2886
@calls 0 2887
@calls 0 2888
@calls 0 2889
@calls 0 2890
@calls 0 2891
@calls 0 2892
@calls 0 2893
@calls 0 2894
@calls 0 2895
@calls 0 2896
@calls 0 2897
@calls 0 2898
@calls 0 2899
@calls 0 2900
@calls 0 2901
@calls 0 2902
@calls 0 2903
@calls 0 2904
@calls 0 2905
@calls 0 2906
@calls 0 2907
@calls 0 2908
@calls 0 2909
@calls 0 2910
@calls 0 2911
@calls 0 2912
@calls 0 2913
@calls 0 2914
@calls 0 2915
@calls 0 2916
@calls 0 2917
@calls 0 2918
@calls 0 2919
@calls 0 2920
@calls 0 2921
@calls 0 2922
@calls 0 2923
@calls 0 2924
@calls 0 2925
@calls 0 2926
@calls 0 2927
@calls 0 2928
@calls 0 2929
@calls 0 2930
@calls 0 2931
@calls 0 2932
@calls 0 2933
@calls 0 2934
@calls 0 2935
@calls 0 2936
@calls 0 2937
@calls 0 2938
@calls 0 2939
@calls 0 2940
@calls 0 2941
@calls 0 2942
@calls 0 2943
@calls 0 2944
@calls 0 2945
@calls 0 2946
@calls 0 2947
@calls 0 2948
@calls 0 2949
@calls 0 2950
@calls 0 2951
@calls 0 2952
@calls 0 2953
@calls 0 2954
@calls 0 2955
@calls 0 2956
@calls 0 2957
@calls 0 2958
@calls 0 2959
@calls 0 2960
@calls 0 2961
@calls 0 2962
@calls 0 2963
@calls 0 2964
@calls 0 2965
@calls 0 2966
@calls 0 2967
@calls 0 2968
@calls 0 2969
@calls 0 2970
@calls 0 2971
@calls 0 2972
@calls 0 2973
@calls 0 2974
@calls 0 2975
@calls 0 2976
@calls 0 2977
@calls 0 2978
@calls 0 2979
@calls 0 2980
@calls 0 2981
@calls 0 2982
@calls 0 2983
@calls 0 2984
@calls 0 2985
@calls 0 2986
@calls 0 2987
@calls 0 2988
@calls 0 2989
@calls 0 2990
@calls 0 2991
@calls 0 2992
@calls 0 2993
@calls 0 2994
@calls 0 2995
@calls 0 2996
@calls 0 2997
@calls 0 2998
@calls 0 2999
@calls 0 3000
@calls 0 3001
@calls 0 3002
@calls 0 3003
@calls 0 3004
@calls 0 3005
@calls 0 3006
@calls 0 3007
@calls 0 3008
@calls 0 3009
@calls 0 3010
@calls 0 3011
@calls 0 3012
@calls 0 3013
@calls 0 3014
@calls 0 3015
@calls 0 3016
@calls 0 3017
@calls 0 3018
@calls 0 3019
@calls 0 3020
@calls 0 3021
@calls 0 3022
@calls 0 3023
@calls 0 3024
@calls 0 3025
@calls 0 3026
@calls 0 3027
@calls 0 3028
@calls 0 3029
@calls 0 3030
@calls 0 3031
@calls 0 3032
@calls 0 3033
@calls 0 3034
@calls 0 3035
@calls 0 3036
@calls 0 3037
@calls 0 3038
@calls 0 3039
@calls 0 3040
@calls 0 3041
@calls 0 3042
@calls 0 3043
@calls 0 3044
@calls 0 3045
@calls 0 3046
@calls 0 3047
@calls 0 3048
@calls 0 3049
@calls 0 3050
@calls 0 3051
@calls 0 3052
@calls 0 3053
@calls 0 3054
@calls 0 3055
@calls 0 3056
@calls 0 3057
@calls 0 3058
@calls 0 3059
@calls 0 3060
@calls 0 3061
@calls 0 3062
@calls 0 3063
@calls 0 3064
@calls 0 3065
@calls 0 3066
@calls 0 3067
@calls 0 3068
@calls 0 3069
@calls 0 3070
@calls 0 3071
@calls 0 3072
@calls 0 3073
@calls 0 3074
@calls 0 3075
@calls 0 3076
@calls 0 3077
@calls 0 3078
@calls 0 3079
@calls 0 3080
@calls 0 3081
@calls 0 3082
@calls 0 3083
@calls 0 3084
@calls 0 3085
@calls 0 3086
@calls 0 3087
@calls 0 3088
@calls 0 3089
@calls 0 3090
@calls 0 3091
@calls 0 3092
@calls 0 3093
@calls 0 3094
@calls 0 3095
@calls 0 3096
@calls 0 3097
@calls 0 3098
@calls 0 3099
@calls 0 3100
@calls 0 3101
@calls 0 3102
@calls 0 3103
@calls 0 3104
@calls 0 3105
@calls 0 3106
@calls 0 3107
@calls 0 3108
@calls 0 3109
@calls 0 3110
@calls 0 3111
@calls 0 3112
@calls 0 3113
@calls 0 3114
@calls 0 3115
@calls 0 3116
@calls 0 3117
@calls 0 3118
@calls 0 3119
@calls 0 3120
@calls 0 3121
@calls 0 3122
@calls 0 3123
@calls 0 3124
@calls 0 3125
@calls 0 3126
@calls 0 3127
@calls 0 3128
@calls 0 3129
@calls 0 3130
@calls 0 3131
@calls 0 3132
@calls 0 3133
@calls 0 3134
@calls 0 3135
@calls 0 3136
@calls 0 3137
@calls 0 3138
@calls 0 3139
@calls 0 3140
@calls 0 3141
@calls 0 3142
@calls 0 3143
@calls 0 3144
@calls 0 3145
@calls 0 3146
@calls 0 3147
@calls 0 3148
@calls 0 3149
@calls 0 3150
@calls 0 3151
@calls 0 3152
@calls 0 3153
@calls 0 3154
@calls 0 3155
@calls 0 3156
@calls 0 3157
@calls 0 3158
@calls 0 3159
@calls 0 3160
@calls 0 3161
@calls 0 3162
@calls 0 3163
@calls 0 3164
@calls 0 3165
@calls 0 3166
@calls 0 3167
@calls 0 3168
@calls 0 3169
@calls 0 3170
@calls 0 3171
@calls 0 3172
@calls 0 3173
@calls 0 3174
@calls 0 3175
@calls 0 3176
@calls 0 3177
@calls 0 3178
@calls 0 3179
@calls 0 3180
@calls 0 3181
@calls 0 3182
@calls 0 3183
@calls 0 3184
@calls 0 3185
@calls 0 3186
@calls 0 3187
@calls 0 3188
@calls 0 3189
@calls 0 3190
@calls 0 3191
@calls 0 3192
@calls 0 3193
@calls 0 3194
@calls 0 3195
@calls 0 3196
@calls 0 3197
@calls 0 3198
@calls 0 3199
@calls 0 3200
@calls 0 3201
@calls 0 3202
@calls 0 3203
@calls 0 3204
@calls 0 3205
@calls 0 3206
@calls 0 3207
@calls 0 3208
@calls 0 3209
@calls 0 3210
@calls 0 3211
@calls 0 3212
@calls 0 3213
@calls 0 3214
@calls 0 3215
@calls 0 3216
@calls 0 3217
@calls 0 3218
@calls 0 3219
@calls 0 3220
@calls 0 3221
@calls 0 3222
@calls 0 3223
@calls 0 3224
@calls 0 3225
@calls 0 3226
@calls 0 3227
@calls 0 3228
@calls 0 3229
@calls 0 3230
@calls 0 3231
@calls 0 3232
@calls 0 3233
@calls 0 3234
@calls 0 3235
@calls 0 3236
@calls 0 3237
@calls 0 3238
@calls 0 3239
@calls 0 3240
@calls 0 3241
@calls 0 3242
@calls 0 3243
@calls 0 3244
@calls 0 3245
@calls 0 3246
@calls 0 3247
@calls 0 3248
@calls 0 3249
@calls 0 3250
@calls 0 3251
@calls 0 3252
@calls 0 3253
@calls 0 3254
@calls 0 3255
@calls 0 3256
@calls 0 3257
@calls 0 3258
@calls 0 3259
@calls 0 3260
@calls 0 3261
@calls 0 3262
@calls 0 3263
@calls 0 3264
@calls 0 3265
@calls 0 3266
@calls 0 3267
@calls 0 3268
@calls 0 3269
@calls 0 3270
@calls 0 3271
@calls 0 3272
@calls 0 3273
@calls 0 3274
@calls 0 3275
@calls 0 3276
@calls 0 3277
@calls 0 3278
@calls 0 3279
@calls 0 3280
@calls 0 3281
@calls 0 3282
@calls 0 3283
@calls 0 3284
@calls 0 3285
@calls 0 3286
@calls 0 3287
@calls 0 3288
@calls 0 3289
@calls 0 3290
@calls 0 3291
@calls 0 3292
@calls 0 3293
@calls 0 3294
@calls 0 3295
@calls 0 3296
@calls 0 3297
@calls 0 3298
@calls 0 3299
@calls 0 3300
@calls 0 3301
@calls 0 3302
@calls 0 3303
@calls 0 3304
@calls 0 3305
@calls 0 3306
@calls 0 3307
@calls 0 3308
@calls 0 3309
@calls 0 3310
@calls 0 3311
@calls 0 3312
@calls 0 3313
@calls 0 3314
@calls 0 3315
@calls 0 3316
@calls 0 3317
@calls 0 3318
@calls 0 3319
@calls 0 3320
@calls 0 3321
@calls 0 3322
@calls 0 3323
@calls 0 3324
@calls 0 3325
@calls 0 3326
@calls 0 3327
@calls 0 3328
@calls 0 3329
@calls 0 3330
@calls 0 3331
@calls 0 3332
@calls 0 3333
@calls 0 3334
@calls 0 3335
@calls 0 3336
@calls 0 3337
@calls 0 3338
@calls 0 3339
@calls 0 3340
@calls 0 3341
@calls 0 3342
@calls 0 3343
@calls 0 3344
@calls 0 3345
@calls 0 3346
@calls 0 3347
@calls 0 3348
@calls 0 3349
@calls 0 3350
@calls 0 3351
@calls 0 3352
@calls 0 3353
@calls 0 3354
@calls 0 3355
@calls 0 3356
@calls 0 3357
@calls 0 3358
@calls 0 3359
@calls 0 3360
@calls 0 3361
@calls 0 3362
@calls 0 3363
@calls 0 3364
@calls 0 3365
@calls 0 3366
@calls 0 3367
@calls 0 3368
@calls 0 3369
@calls 0 3370
@calls 0 3371
@calls 0 3372
@calls 0 3373
@calls 0 3374
@calls 0 3375
@calls 0 3376
@calls 0 3377
@calls 0 3378
@calls 0 3379
@calls 0 3380
@calls 0 3381
@calls 0 3382
@calls 0 3383
@calls 0 3384
@calls 0 3385
@calls 0 3386
@calls 0 3387
@calls 0 3388
@calls 0 3389
@calls 0 3390
@calls 0 3391
@calls 0 3392
@calls 0 3393
@calls 0 3394
@calls 0 3395
@calls 0 3396
@calls 0 3397
@calls 0 3398
@calls 0 3399
@calls 0 3400
@calls 0 3401
@calls 0 3402
@calls 0 3403
@calls 0 3404
@calls 0 3405
@calls 0 3406
@calls 0 3407
@calls 0 3408
@calls 0 3409
@calls 0 3410
@calls 0 3411
@calls 0 3412
@calls 0 3413
@calls 0 3414
@calls 0 3415
@calls 0 3416
@calls 0 3417
@calls 0 3418
@calls 0 3419
@calls 0 3420
@calls 0 3421
@calls 0 3422
@calls 0 3423
@calls 0 3424
@calls 0 3425
@calls 0 3426
@calls 0 3427
@calls 0 3428
@calls 0 3429
@calls 0 3430
@calls 0 3431
@calls 0 3432
@calls 0 3433
@calls 0 3434
@calls 0 3435
@calls 0 3436
@calls 0 3437
@calls 0 3438
@calls 0 3439
@calls 0 3440
@calls 0 3441
@calls 0 3442
@calls 0 3443
@calls 0 3444
@calls 0 3445
@calls 0 3446
@calls 0 3447
@calls 0 3448
@calls 0 3449
@calls 0 3450
@calls 0 3451
@calls 0 3452
@calls 0 3453
@calls 0 3454
@calls 0 3455
@calls 0 3456
@calls 0 3457
@calls 0 3458
@calls 0 3459
@calls 0 3460
@calls 0 3461
@calls 0 3462
@calls 0 3463
@calls 0 3464
@calls 0 3465
@calls 0 3466
@calls 0 3467
@calls 0 3468
@calls 0 3469
@calls 0 3470
@calls 0 3471
@calls 0 3472
@calls 0 3473
@calls 0 3474
@calls 0 3475
@calls 0 3476
@calls 0 3477
@calls 0 3478
@calls 0 3479
@calls 0 3480
@calls 0 3481
@calls 0 3482
@calls 0 3483
@calls 0 3484
@calls 0 3485
@calls 0 3486
@calls 0 3487
@calls 0 3488
@calls 0 3489
@calls 0 3490
@calls 0 3491
@calls 0 3492
@calls 0 3493
@calls 0 3494
@calls 0 3495
@calls 0 3496
@calls 0 3497
@calls 0 3498
@calls 0 3499
@calls 0 3500
@calls 0 3501
@calls 0 3502
@calls 0 3503
@calls 0 3504
@calls 0 3505
@calls 0 3506
@calls 0 3507
@calls 0 3508
@calls 0 3509
@calls 0 3510
@calls 0 3511
@calls 0 3512
@calls 0 3513
@calls 0 3514
@calls 0 3515
@calls 0 3516
@calls 0 3517
@calls 0 3518
@calls 0 3519
@calls 0 3520
@calls 0 3521
@calls 0 3522
@calls 0 3523
@calls 0 3524
@calls 0 3525
@calls 0 3526
@calls 0 3527
@calls 0 3528
@calls 0 3529
@calls 0 3530
@calls 0 3531
@calls 0 3532
@calls 0 3533
@calls 0 3534
@calls 0 3535
@calls 0 3536
@calls 0 3537
@calls 0 3538
@calls 0 3539
@calls 0 3540
@calls 0 3541
@calls 0 3542
@calls 0 3543
@calls 0 3544
@calls 0 3545
@calls 0 3546
@calls 0 3547
@calls 0 3548
@calls 0 3549
@calls 0 3550
@calls 0 3551
@calls 0 3552
@calls 0 3553
@calls 0 3554
@calls 0 3555
@calls 0 3556
@calls 0 3557
@calls 0 3558
@calls 0 3559
@calls 0 3560
@calls 0 3561
@calls 0 3562
@calls 0 3563
@calls 0 3564
@calls 0 3565
@calls 0 3566
@calls 0 3567
@calls 0 3568
@calls 0 3569
@calls 0 3570
@calls 0 3571
@calls 0 3572
@calls 0 3573
@calls 0 3574
@calls 0 3575
@calls 0 3576
@calls 0 3577
@calls 0 3578
@calls 0 3579
@calls 0 3580
@calls 0 3581
@calls 0 3582
@calls 0 3583
@calls 0 3584
@calls 0 3585
@calls 0 3586
@calls 0 3587
@calls 0 3588
@calls 0 3589
@calls 0 3590
@calls 0 3591
@calls 0 3592
@calls 0 3593
@calls 0 3594
@calls 0 3595
@calls 0 3596
@calls 0 3597
@calls 0 3598
@calls 0 3599
@calls 0 3600
@calls 0 3601
@calls 0 3602
@calls 0 3603
@calls 0 3604
@calls 0 3605
@calls 0 3606
@calls 0 3607
@calls 0 3608
@calls 0 3609
@calls 0 3610
@calls 0 3611
@calls 0 3612
@calls 0 3613
@calls 0 3614
@calls 0 3615
@calls 0 3616
@calls 0 3617
@calls 0 3618
@calls 0 3619
@calls 0 3620
@calls 0 3621
@calls 0 3622
@calls 0 3623
@calls 0 3624
@calls 0 3625
@calls 0 3626
@calls 0 3627
@calls 0 3628
@calls 0 3629
@calls 0 3630
@calls 0 3631
@calls 0 3632
@calls 0 3633
@calls 0 3634
@calls 0 3635
@calls 0 3636
@calls 0 3637
@calls 0 3638
@calls 0 3639
@calls 0 3640
@calls 0 3641
@calls 0 3642
@calls 0 3643
@calls 0 3644
@calls 0 3645
@calls 0 3646
@calls 0 3647
@calls 0 3648
@calls 0 3649
@calls 0 3650
@calls 0 3651
@calls 0 3652
@calls 0 3653
@calls 0 3654
@calls 0 3655
@calls 0 3656
@calls 0 3657
@calls 0 3658
@calls 0 3659
@calls 0 3660
@calls 0 3661
@calls 0 3662
@calls 0 3663
@calls 0 3664
@calls 0 3665
@calls 0 3666
@calls 0 3667
@calls 0 3668
@calls 0 3669
@calls 0 3670
@calls 0 3671
@calls 0 3672
@calls 0 3673
@calls 0 3674
@calls 0 3675
@calls 0 3676
@calls 0 3677
@calls 0 3678
@calls 0 3679
@calls 0 3680
@calls 0 3681
@calls 0 3682
@calls 0 3683
@calls 0 3684
@calls 0 3685
@calls 0 3686
@calls 0 3687
@calls 0 3688
@calls 0 3689
@calls 0 3690
@calls 0 3691
@calls 0 3692
@calls 0 3693
@calls 0 3694
@calls 0 3695
@calls 0 3696
@calls 0 3697
@calls 0 3698
@calls 0 3699
@calls 0 3700
@calls 0 3701
@calls 0 3702
@calls 0 3703
@calls 0 3704
@calls 0 3705
@calls 0 3706
@calls 0 3707
@calls 0 3708
@calls 0 3709
@calls 0 3710
@calls 0 3711
@calls 0 3712
@calls 0 3713
@calls 0 3714
@calls 0 3715
@calls 0 3716
@calls 0 3717
@calls 0 3718
@calls 0 3719
@calls 0 3720
@calls 0 3721
@calls 0 3722
@calls 0 3723
@calls 0 3724
@calls 0 3725
@calls 0 3726
@calls 0 3727
@calls 0 3728
@calls 0 3729
@calls 0 3730
@calls 0 3731
@calls 0 3732
@calls 0 3733
@calls 0 3734
@calls 0 3735
@calls 0 3736
@calls 0 3737
@calls 0 3738
@calls 0 3739
@calls 0 3740
@calls 0 3741
@calls 0 3742
@calls 0 3743
@calls 0 3744
@calls 0 3745
@calls 0 3746
@calls 0 3747
@calls 0 3748
@calls 0 3749
@calls 0 3750
@calls 0 3751
@calls 0 3752
@calls 0 3753
@calls 0 3754
@calls 0 3755
@calls 0 3756
@calls 0 3757
@calls 0 3758
@calls 0 3759
@calls 0 3760
@calls 0 3761
@calls 0 3762
@calls 0 3763
@calls 0 3764
@calls 0 3765
@calls 0 3766
@calls 0 3767
@calls 0 3768
@calls 0 3769
@calls 0 3770
@calls 0 3771
@calls 0 3772
@calls 0 3773
@calls 0 3774
@calls 0 3775
@calls 0 3776
@calls 0 3777
@calls 0 3778
@calls 0 3779
@calls 0 3780
@calls 0 3781
@calls 0 3782
@calls 0 3783
@calls 0 3784
@calls 0 3785
@calls 0 3786
@calls 0 3787
@calls 0 3788
@calls 0 3789
@calls 0 3790
@calls 0 3791
@calls 0 3792
@calls 0 3793
@calls 0 3794
@calls 0 3795
@calls 0 3796
@calls 0 3797
@calls 0 3798
@calls 0 3799
@calls 0 3800
@calls 0 3801
@calls 0 3802
@calls 0 3803
@calls 0 3804
@calls 0 3805
@calls 0 3806
@calls 0 3807
@calls 0 3808
@calls 0 3809
@calls 0 3810
@calls 0 3811
@calls 0 3812
@calls 0 3813
@calls 0 3814
@calls 0 3815
@calls 0 3816
@calls 0 3817
@calls 0 3818
@calls 0 3819
@calls 0 3820
@calls 0 3821
@calls 0 3822
@calls 0 3823
@calls 0 3824
@calls 0 3825
@calls 0 3826
@calls 0 3827
@calls 0 3828
@calls 0 3829
@calls 0 3830
@calls 0 3831
@calls 0 3832
@calls 0 3833
@calls 0 3834
@calls 0 3835
@calls 0 3836
@calls 0 3837
@calls 0 3838
@calls 0 3839
@calls 0 3840
@calls 0 3841
@calls 0 3842
@calls 0 3843
@calls 0 3844
@calls 0 3845
@calls 0 3846
@calls 0 3847
@calls 0 3848
@calls 0 3849
@calls 0 3850
@calls 0 3851
@calls 0 3852
@calls 0 3853
@calls 0 3854
@calls 0 3855
@calls 0 3856
@calls 0 3857
@calls 0 3858
@calls 0 3859
@calls 0 3860
@calls 0 3861
@calls 0 3862
@calls 0 3863
@calls 0 3864
@calls 0 3865
@calls 0 3866
@calls 0 3867
@calls 0 3868
@calls 0 3869
@calls 0 3870
@calls 0 3871
@calls 0 3872
@calls 0 3873
@calls 0 3874
@calls 0 3875
@calls 0 3876
@calls 0 3877
@calls 0 3878
@calls 0 3879
@calls 0 3880
@calls 0 3881
@calls 0 3882
@calls 0 3883
@calls 0 3884
@calls 0 3885
@calls 0 3886
@calls 0 3887
@calls 0 3888
@calls 0 3889
@calls 0 3890
@calls 0 3891
@calls 0 3892
@calls 0 3893
@calls 0 3894
@calls 0 3895
@calls 0 3896
@calls 0 3897
@calls 0 3898
@calls 0 3899
@calls 0 3900
@calls 0 3901
@calls 0 3902
@calls 0 3903
@calls 0 3904
@calls 0 3905
@calls 0 3906
@calls 0 3907
@calls 0 3908
@calls 0 3909
@calls 0 3910
@calls 0 3911
@calls 0 3912
@calls 0 3913
@calls 0 3914
@calls 0 3915
@calls 0 3916
@calls 0 3917
@calls 0 3918
@calls 0 3919
@calls 0 3920
@calls 0 3921
@calls 0 3922
@calls 0 3923
@calls 0 3924
@calls 0 3925
@calls 0 3926
@calls 0 3927
@calls 0 3928
@calls 0 3929
@calls 0 3930
@calls 0 3931
@calls 0 3932
@calls 0 3933
@calls 0 3934
@calls 0 3935
@calls 0 3936
@calls 0 3937
@calls 0 3938
@calls 0 3939
@calls 0 3940
@calls 0 3941
@calls 0 3942
@calls 0 3943
@calls 0 3944
@calls 0 3945
@calls 0 3946
@calls 0 3947
@calls 0 3948
@calls 0 3949
@calls 0 3950
@calls 0 3951
@calls 0 3952
@calls 0 3953
@calls 0 3954
@calls 0 3955
@calls 0 3956
@calls 0 3957
@calls 0 3958
@calls 0 3959
@calls 0 3960
@calls 0 3961
@calls 0 3962
@calls 0 3963
@calls 0 3964
@calls 0 3965
@calls 0 3966
@calls 0 3967
@calls 0 3968
@calls 0 3969
@calls 0 3970
@calls 0 3971
@calls 0 3972
@calls 0 3973
@calls 0 3974
@calls 0 3975
@calls 0 3976
@calls 0 3977
@calls 0 3978
@calls 0 3979
@calls 0 3980
@calls 0 3981
@calls 0 3982
@calls 0 3983
@calls 0 3984
@calls 0 3985
@calls 0 3986
@calls 0 3987
@calls 0 3988
@calls 0 3989
@calls 0 3990
@calls 0 3991
@calls 0 3992
@calls 0 3993
@calls 0 3994
@calls 0 3995
@calls 0 3996
@calls 0 3997
@calls 0 3998
@calls 0 3999
@calls 0 4000
@calls 0 4001
@calls 0 4002
@calls 0 4003
@calls 0 4004
@calls 0 4005
@calls 0 4006
@calls 0 4007
@calls 0 4008
@calls 0 4009
@calls 0 4010
@calls 0 4011
@calls 0 4012
@calls 0 4013
@calls 0 4014
@calls 0 4015
@calls 0 4016
@calls 0 4017
@calls 0 4018
@calls 0 4019
@calls 0 4020
@calls 0 4021
@calls 0 4022
@calls 0 4023
@calls 0 4024
@calls 0 4025
@calls 0 4026
@calls 0 4027
@calls 0 4028
@calls 0 4029
@calls 0 4030
@calls 0 4031
@calls 0 4032
@calls 0 4033
@calls 0 4034
@calls 0 4035
@calls 0 4036
@calls 0 4037
@calls 0 4038
@calls 0 4039
@calls 0 4040
@calls 0 4041
@calls 0 4042
@calls 0 4043
@calls 0 4044
@calls 0 4045
@calls 0 4046
@calls 0 4047
@calls 0 4048
@calls 0 4049
@calls 0 4050
@calls 0 4051
@calls 0 4052
@calls 0 4053
@calls 0 4054
@calls 0 4055
@calls 0 4056
@calls 0 4057
@calls 0 4058
@calls 0 4059
@calls 0 4060
@calls 0 4061
@calls 0 4062
@calls 0 4063
@calls 0 4064
@calls 0 4065
@calls 0 4066
@calls 0 4067
@calls 0 4068
@calls 0 4069
@calls 0 4070
@calls 0 4071
@calls 0 4072
@calls 0 4073
@calls 0 4074
@calls 0 4075
@calls 0 4076
@calls 0 4077
@calls 0 4078
@calls 0 4079
@calls 0 4080
@calls 0 4081
@calls 0 4082
@calls 0 4083
@calls 0 4084
@calls 0 4085
@calls 0 4086
@calls 0 4087
@calls 0 4088
@calls 0 4089
@calls 0 4090
@calls 0 4091
@calls 0 4092
@calls 0 4093
@calls 0 4094
@calls 0 4095
@calls 0 4096
@calls 0 4097
@calls 0 4098
@calls 0 4099
@calls 0 4100
@calls 0 4101
@calls 0 4102
@calls 0 4103
@calls 0 4104
@calls 0 4105
@calls 0 4106
@calls 0 4107
@calls 0 4108
@calls 0 4109
@calls 0 4110
@calls 0 4111
@calls 0 4112
@calls 0 4113
@calls 0 4114
@calls 0 4115
@calls 0 4116
@calls 0 4117
@calls 0 4118
@calls 0 4119
@calls 0 4120
@calls 0 4121
@calls 0 4122
@calls 0 4123
@calls 0 4124
@calls 0 4125
@calls 0 4126
@calls 0 4127
@calls 0 4128
@calls 0 4129
@calls 0 4130
@calls 0 4131
@calls 0 4132
@calls 0 4133
@calls 0 4134
@calls 0 4135
@calls 0 4136
@calls 0 4137
@calls 0 4138
@calls 0 4139
@calls 0 4140
@calls 0 4141
@calls 0 4142
@calls 0 4143
@calls 0 4144
@calls 0 4145
@calls 0 4146
@calls 0 4147
@calls 0 4148
@calls 0 4149
@calls 0 4150
@calls 0 4151
@calls 0 4152
@calls 0 4153
@calls 0 4154
@calls 0 4155
@calls 0 4156
@calls 0 4157
@calls 0 4158
@calls 0 4159
@calls 0 4160
@calls 0 4161
@calls 0 4162
@calls 0 4163
@calls 0 4164
@calls 0 4165
@calls 0 4166
@calls 0 4167
@calls 0 4168
@calls 0 4169
@calls 0 4170
@calls 0 4171
@calls 0 4172
@calls 0 4173
@calls 0 4174
@calls 0 4175
@calls 0 4176
@calls 0 4177
@calls 0 4178
@calls 0 4179
@calls 0 4180
@calls 0 4181
@calls 0 4182
@calls 0 4183
@calls 0 4184
@calls 0 4185
@calls 0 4186
@calls 0 4187
@calls 0 4188
@calls 0 4189
@calls 0 4190
@calls 0 4191
@calls 0 4192
@calls 0 4193
@calls 0 4194
@calls 0 4195
@calls 0 4196
@calls 0 4197
@calls 0 4198
@calls 0 4199
@calls 0 4200
@calls 0 4201
@calls 0 4202
@calls 0 4203
@calls 0 4204
@calls 0 4205
@calls 0 4206
@calls 0 4207
@calls 0 4208
@calls 0 4209
@calls 0 4210
@calls 0 4211
@calls 0 4212
@calls 0 4213
@calls 0 4214
@calls 0 4215
@calls 0 4216
@calls 0 4217
@calls 0 4218
@calls 0 4219
@calls 0 4220
@calls 0 4221
@calls 0 4222
@calls 0 4223
@calls 0 4224
@calls 0 4225
@calls 0 4226
@calls 0 4227
@calls 0 4228
@calls 0 4229
@calls 0 4230
@calls 0 4231
@calls 0 4232
@calls 0 4233
@calls 0 4234
@calls 0 4235
@calls 0 4236
@calls 0 4237
@calls 0 4238
@calls 0 4239
@calls 0 4240
@calls 0 4241
@calls 0 4242
@calls 0 4243
@calls 0 4244
@calls 0 4245
@calls 0 4246
@calls 0 4247
@calls 0 4248
@calls 0 4249
@calls 0 4250
@calls 0 4251
@calls 0 4252
@calls 0 4253
@calls 0 4254
@calls 0 4255
@calls 0 4256
@calls 0 4257
@calls 0 4258
@calls 0 4259
@calls 0 4260
@calls 0 4261
@calls 0 4262
@calls 0 4263
@calls 0 4264
@calls 0 4265
@calls 0 4266
@calls 0 4267
@calls 0 4268
@calls 0 4269
@calls 0 4270
@calls 0 4271
@calls 0 4272
@calls 0 4273
@calls 0 4274
@calls 0 4275
@calls 0 4276
@calls 0 4277
@calls 0 4278
@calls 0 4279
@calls 0 4280
@calls 0 4281
@calls 0 4282
@calls 0 4283
@calls 0 4284
@calls 0 4285
@calls 0 4286
@calls 0 4287
@calls 0 4288
@calls 0 4289
@calls 0 4290
@calls 0 4291
@calls 0 4292
@calls 0 4293
@calls 0 4294
@calls 0 4295
@calls 0 4296
@calls 0 4297
@calls 0 4298
@calls 0 4299
@calls 0 4300
@calls 0 4301
@calls 0 4302
@calls 0 4303
@calls 0 4304
@calls 0 4305
@calls 0 4306
@calls 0 4307
@calls 0 4308
@calls 0 4309
@calls 0 4310
@calls 0 4311
@calls 0 4312
@calls 0 4313
@calls 0 4314
@calls 0 4315
@calls 0 4316
@calls 0 4317
@calls 0 4318
@calls 0 4319
@calls 0 4320
@calls 0 4321
@calls 0 4322
@calls 0 4323
@calls 0 4324
@calls 0 4325
@calls 0 4326
@calls 0 4327
@calls 0 4328
@calls 0 4329
@calls 0 4330
@calls 0 4331
@calls 0 4332
@calls 0 4333
@calls 0 4334
@calls 0 4335
@calls 0 4336
@calls 0 4337
@calls 0 4338
@calls 0 4339
@calls 0 4340
@calls 0 4341
@calls 0 4342
@calls 0 4343
@calls 0 4344
@calls 0 4345
@calls 0 4346
@calls 0 4347
@calls 0 4348
@calls 0 4349
@calls 0 4350
@calls 0 4351
@calls 0 4352
@calls 0 4353
@calls 0 4354
@calls 0 4355
@calls 0 4356
@calls 0 4357
@calls 0 4358
@calls 0 4359
@calls 0 4360
@calls 0 4361
@calls 0 4362
@calls 0 4363
@calls 0 4364
@calls 0 4365
@calls 0 4366
@calls 0 4367
@calls 0 4368
@calls 0 4369
@calls 0 4370
@calls 0 4371
@calls 0 4372
@calls 0 4373
@calls 0 4374
@calls 0 4375
@calls 0 4376
@calls 0 4377
@calls 0 4378
@calls 0 4379
@calls 0 4380
@calls 0 4381
@calls 0 4382
@calls 0 4383
@calls 0 4384
@calls 0 4385
@calls 0 4386
@calls 0 4387
@calls 0 4388
@calls 0 4389
@calls 0 4390
@calls 0 4391
@calls 0 4392
@calls 0 4393
@calls 0 4394
@calls 0 4395
@calls 0 4396
@calls 0 4397
@calls 0 4398
@calls 0 4399
@calls 0 4400
@calls 0 4401
@calls 0 4402
@calls 0 4403
@calls 0 4404
@calls 0 4405
@calls 0 4406
@calls 0 4407
@calls 0 4408
@calls 0 4409
@calls 0 4410
@calls 0 4411
@calls 0 4412
@calls 0 4413
@calls 0 4414
@calls 0 4415
@calls 0 4416
@calls 0 4417
@calls 0 4418
@calls 0 4419
@calls 0 4420
@calls 0 4421
@calls 0 4422
@calls 0 4423
@calls 0 4424
@calls 0 4425
@calls 0 4426
@calls 0 4427
@calls 0 4428
@calls 0 4429
@calls 0 4430
@calls 0 4431
@calls 0 4432
@calls 0 4433
@calls 0 4434
@calls 0 4435
@calls 0 4436
@calls 0 4437
@calls 0 4438
@calls 0 4439
@calls 0 4440
@calls 0 4441
@calls 0 4442
@calls 0 4443
@calls 0 4444
@calls 0 4445
@calls 0 4446
@calls 0 4447
@calls 0 4448
@calls 0 4449
@calls 0 4450
@calls 0 4451
@calls 0 4452
@calls 0 4453
@calls 0 4454
@calls 0 4455
@calls 0 4456
@calls 0 4457
@calls 0 4458
@calls 0 4459
@calls 0 4460
@calls 0 4461
@calls 0 4462
@calls 0 4463
@calls 0 4464
@calls 0 4465
@calls 0 4466
@calls 0 4467
@calls 0 4468
@calls 0 4469
@calls 0 4470
@calls 0 4471
@calls 0 4472
@calls 0 4473
@calls 0 4474
@calls 0 4475
@calls 0 4476
@calls 0 4477
@calls 0 4478
@calls 0 4479
@calls 0 4480
@calls 0 4481
@calls 0 4482
@calls 0 4483
@calls 0 4484
@calls 0 4485
@calls 0 4486
@calls 0 4487
@calls 0 4488
@calls 0 4489
@calls 0 4490
@calls 0 4491
@calls 0 4492
@calls 0 4493
@calls 0 4494
@calls 0 4495
@calls 0 4496
@calls 0 4497
@calls 0 4498
@calls 0 4499
@calls 0 4500
@calls 0 4501
@calls 0 4502
@calls 0 4503
@calls 0 4504
@calls 0 4505
@calls 0 4506
@calls 0 4507
@calls 0 4508
@calls 0 4509
@calls 0 4510
@calls 0 4511
@calls 0 4512
@calls 0 4513
@calls 0 4514
@calls 0 4515
@calls 0 4516
@calls 0 4517
@calls 0 4518
@calls 0 4519
@calls 0 4520
@calls 0 4521
@calls 0 4522
@calls 0 4523
@calls 0 4524
@calls 0 4525
@calls 0 4526
@calls 0 4527
@calls 0 4528
@calls 0 4529
@calls 0 4530
@calls 0 4531
@calls 0 4532
@calls 0 4533
@calls 0 4534
@calls 0 4535
@calls 0 4536
@calls 0 4537
@calls 0 4538
@calls 0 4539
@calls 0 4540
@calls 0 4541
@calls 0 4542
@calls 0 4543
@calls 0 4544
@calls 0 4545
@calls 0 4546
@calls 0 4547
@calls 0 4548
@calls 0 4549
@calls 0 4550
@calls 0 4551
@calls 0 4552
@calls 0 4553
@calls 0 4554
@calls 0 4555
@calls 0 4556
@calls 0 4557
@calls 0 4558
@calls 0 4559
@calls 0 4560
@calls 0 4561
@calls 0 4562
@calls 0 4563
@calls 0 4564
@calls 0 4565
@calls 0 4566
@calls 0 4567
@calls 0 4568
@calls 0 4569
@calls 0 4570
@calls 0 4571
@calls 0 4572
@calls 0 4573
@calls 0 4574
@calls 0 4575
@calls 0 4576
@calls 0 4577
@calls 0 4578
@calls 0 4579
@calls 0 4580
@calls 0 4581
@calls 0 4582
@calls 0 4583
@calls 0 4584
@calls 0 4585
@calls 0 4586
@calls 0 4587
@calls 0 4588
@calls 0 4589
@calls 0 4590
@calls 0 4591
@calls 0 4592
@calls 0 4593
@calls 0 4594
@calls 0 4595
@calls 0 4596
@calls 0 4597
@calls 0 4598
@calls 0 4599
@calls 0 4600
@calls 0 4601
@calls 0 4602
@calls 0 4603
@calls 0 4604
@calls 0 4605
@calls 0 4606
@calls 0 4607
@calls 0 4608
@calls 0 4609
@calls 0 4610
@calls 0 4611
@calls 0 4612
@calls 0 4613
@calls 0 4614
@calls 0 4615
@calls 0 4616
@calls 0 4617
@calls 0 4618
@calls 0 4619
@calls 0 4620
@calls 0 4621
@calls 0 4622
@calls 0 4623
@calls 0 4624
@calls 0 4625
@calls 0 4626
@calls 0 4627
@calls 0 4628
@calls 0 4629
@calls 0 4630
@calls 0 4631
@calls 0 4632
@calls 0 4633
@calls 0 4634
@calls 0 4635
@calls 0 4636
@calls 0 4637
@calls 0 4638
@calls 0 4639
@calls 0 4640
@calls 0 4641
@calls 0 4642
@calls 0 4643
@calls 0 4644
@calls 0 4645
@calls 0 4646
@calls 0 4647
@calls 0 4648
@calls 0 4649
@calls 0 4650
@calls 0 4651
@calls 0 4652
@calls 0 4653
@calls 0 4654
@calls 0 4655
@calls 0 4656
@calls 0 4657
@calls 0 4658
@calls 0 4659
@calls 0 4660
@calls 0 4661
@calls 0 4662
@calls 0 4663
@calls 0 4664
@calls 0 4665
@calls 0 4666
@calls 0 4667
@calls 0 4668
@calls 0 4669
@calls 0 4670
@calls 0 4671
@calls 0 4672
@calls 0 4673
@calls 0 4674
@calls 0 4675
@calls 0 4676
@calls 0 4677
@calls 0 4678
@calls 0 4679
@calls 0 4680
@calls 0 4681
@calls 0 4682
@calls 0 4683
@calls 0 4684
@calls 0 4685
@calls 0 4686
@calls 0 4687
@calls 0 4688
@calls 0 4689
@calls 0 4690
@calls 0 4691
@calls 0 4692
@calls 0 4693
@calls 0 4694
@calls 0 4695
@calls 0 4696
@calls 0 4697
@calls 0 4698
@calls 0 4699
@calls 0 4700
@calls 0 4701
@calls 0 4702
@calls 0 4703
@calls 0 4704
@calls 0 4705
@calls 0 4706
@calls 0 4707
@calls 0 4708
@calls 0 4709
@calls 0 4710
@calls 0 4711
@calls 0 4712
@calls 0 4713
@calls 0 4714
@calls 0 4715
@calls 0 4716
@calls 0 4717
@calls 0 4718
@calls 0 4719
@calls 0 4720
@calls 0 4721
@calls 0 4722
@calls 0 4723
@calls 0 4724
@calls 0 4725
@calls 0 4726
@calls 0 4727
@calls 0 4728
@calls 0 4729
@calls 0 4730
@calls 0 4731
@calls 0 4732
@calls 0 4733
@calls 0 4734
@calls 0 4735
@calls 0 4736
@calls 0 4737
@calls 0 4738
@calls 0 4739
@calls 0 4740
@calls 0 4741
@calls 0 4742
@calls 0 4743
@calls 0 4744
@calls 0 4745
@calls 0 4746
@calls 0 4747
@calls 0 4748
@calls 0 4749
@calls 0 4750
@calls 0 4751
@calls 0 4752
@calls 0 4753
@calls 0 4754
@calls 0 4755
@calls 0 4756
@calls 0 4757
@calls 0 4758
@calls 0 4759
@calls 0 4760
@calls 0 4761
@calls 0 4762
@calls 0 4763
@calls 0 4764
@calls 0 4765
@calls 0 4766
@calls 0 4767
@calls 0 4768
@calls 0 4769
@calls 0 4770
@calls 0 4771
@calls 0 4772
@calls 0 4773
@calls 0 4774
@calls 0 4775
@calls 0 4776
@calls 0 4777
@calls 0 4778
@calls 0 4779
@calls 0 4780
@calls 0 4781
@calls 0 4782
@calls 0 4783
@calls 0 4784
@calls 0 4785
@calls 0 4786
@calls 0 4787
@calls 0 4788
@calls 0 4789
@calls 0 4790
@calls 0 4791
@calls 0 4792
@calls 0 4793
@calls 0 4794
@calls 0 4795
@calls 0 4796
@calls 0 4797
@calls 0 4798
@calls 0 4799
@calls 0 4800
@calls 0 4801
@calls 0 4802
@calls 0 4803
@calls 0 4804
@calls 0 4805
@calls 0 4806
@calls 0 4807
@calls 0 4808
@calls 0 4809
@calls 0 4810
@calls 0 4811
@calls 0 4812
@calls 0 4813
@calls 0 4814
@calls 0 4815
@calls 0 4816
@calls 0 4817
@calls 0 4818
@calls 0 4819
@calls 0 4820
@calls 0 4821
@calls 0 4822
@calls 0 4823
@calls 0 4824
@calls 0 4825
@calls 0 4826
@calls 0 4827
@calls 0 4828
@calls 0 4829
@calls 0 4830
@calls 0 4831
@calls 0 4832
@calls 0 4833
@calls 0 4834
@calls 0 4835
@calls 0 4836
@calls 0 4837
@calls 0 4838
@calls 0 4839
@calls 0 4840
@calls 0 4841
@calls 0 4842
@calls 0 4843
@calls 0 4844
@calls 0 4845
@calls 0 4846
@calls 0 4847
@calls 0 4848
@calls 0 4849
@calls 0 4850
@calls 0 4851
@calls 0 4852
@calls 0 4853
@calls 0 4854
@calls 0 4855
@calls 0 4856
@calls 0 4857
@calls 0 4858
@calls 0 4859
@calls 0 4860
@calls 0 4861
@calls 0 4862
@calls 0 4863
@calls 0 4864
@calls 0 4865
@calls 0 4866
@calls 0 4867
@calls 0 4868
@calls 0 4869
@calls 0 4870
@calls 0 4871
@calls 0 4872
@calls 0 4873
@calls 0 4874
@calls 0 4875
@calls 0 4876
@calls 0 4877
@calls 0 4878
@calls 0 4879
@calls 0 4880
@calls 0 4881
@calls 0 4882
@calls 0 4883
@calls 0 4884
@calls 0 4885
@calls 0 4886
@calls 0 4887
@calls 0 4888
@calls 0 4889
@calls 0 4890
@calls 0 4891
@calls 0 4892
@calls 0 4893
@calls 0 4894
@calls 0 4895
@calls 0 4896
@calls 0 4897
@calls 0 4898
@calls 0 4899
@calls 0 4900
@calls 0 4901
@calls 0 4902
@calls 0 4903
@calls 0 4904
@calls 0 4905
@calls 0 4906
@calls 0 4907
@calls 0 4908
@calls 0 4909
@calls 0 4910
@calls 0 4911
@calls 0 4912
@calls 0 4913
@calls 0 4914
@calls 0 4915
@calls 0 4916
@calls 0 4917
@calls 0 4918
@calls 0 4919
@calls 0 4920
@calls 0 4921
@calls 0 4922
@calls 0 4923
@calls 0 4924
@calls 0 4925
@calls 0 4926
@calls 0 4927
@calls 0 4928
@calls 0 4929
@calls 0 4930
@calls 0 4931
@calls 0 4932
@calls 0 4933
@calls 0 4934
@calls 0 4935
@calls 0 4936
@calls 0 4937
@calls 0 4938
@calls 0 4939
@calls 0 4940
@calls 0 4941
@calls 0 4942
@calls 0 4943
@calls 0 4944
@calls 0 4945
@calls 0 4946
@calls 0 4947
@calls 0 4948
@calls 0 4949
@calls 0 4950
@calls 0 4951
@calls 0 4952
@calls 0 4953
@calls 0 4954
@calls 0 4955
@calls 0 4956
@calls 0 4957
@calls 0 4958
@calls 0 4959
@calls 0 4960
@calls 0 4961
@calls 0 4962
@calls 0 4963
@calls 0 4964
@calls 0 4965
@calls 0 4966
@calls 0 4967
@calls 0 4968
@calls 0 4969
@calls 0 4970
@calls 0 4971
@calls 0 4972
@calls 0 4973
@calls 0 4974
@calls 0 4975
@calls 0 4976
@calls 0 4977
@calls 0 4978
@calls 0 4979
@calls 0 4980
@calls 0 4981
@calls 0 4982
@calls 0 4983
@calls 0 4984
@calls 0 4985
@calls 0 4986
@calls 0 4987
@calls 0 4988
@calls 0 4989
@calls 0 4990
@calls 0 4991
@calls 0 4992
@calls 0 4993
@calls 0 4994
@calls 0 4995
@calls 0 4996
@calls 0 4997
@calls 0 4998
@calls 0 4999
@calls 0 5000
@calls 0 5001
@calls 0 5002
@calls 0 5003
@calls 0 5004
@calls 0 5005
@calls 0 5006
@calls 0 5007
@calls 0 5008
@calls 0 5009
@calls 0 5010
@calls 0 5011
@calls 0 5012
@calls 0 5013
@calls 0 5014
@calls 0 5015
@calls 0 5016
@calls 0 5017
@calls 0 5018
@calls 0 5019
@calls 0 5020
@calls 0 5021
@calls 0 5022
@calls 0 5023
@calls 0 5024
@calls 0 5025
@calls 0 5026
@calls 0 5027
@calls 0 5028
@calls 0 5029
@calls 0 5030
@calls 0 5031
@calls 0 5032
@calls 0 5033
@calls 0 5034
@calls 0 5035
@calls 0 5036
@calls 0 5037
@calls 0 5038
@calls 0 5039
@calls 0 5040
@calls 0 5041
@calls 0 5042
@calls 0 5043
@calls 0 5044
@calls 0 5045
@calls 0 5046
@calls 0 5047
@calls 0 5048
@calls 0 5049
@calls 0 5050
@calls 0 5051
@calls 0 5052
@calls 0 5053
@calls 0 5054
@calls 0 5055
@calls 0 5056
@calls 0 5057
@calls 0 5058
@calls 0 5059
@calls 0 5060
@calls 0 5061
@calls 0 5062
@calls 0 5063
@calls 0 5064
@calls 0 5065
@calls 0 5066
@calls 0 5067
@calls 0 5068
@calls 0 5069
@calls 0 5070
@calls 0 5071
@calls 0 5072
@calls 0 5073
@calls 0 5074
@calls 0 5075
@calls 0 5076
@calls 0 5077
@calls 0 5078
@calls 0 5079
@calls 0 5080
@calls 0 5081
@calls 0 5082
@calls 0 5083
@calls 0 5084
@calls 0 5085
@calls 0 5086
@calls 0 5087
@calls 0 5088
@calls 0 5089
@calls 0 5090
@calls 0 5091
@calls 0 5092
@calls 0 5093
@calls 0 5094
@calls 0 5095
@calls 0 5096
@calls 0 5097
@calls 0 5098
@calls 0 5099
@calls 0 5100
@calls 0 5101
@calls 0 5102
@calls 0 5103
@calls 0 5104
@calls 0 5105
@calls 0 5106
@calls 0 5107
@calls 0 5108
@calls 0 5109
@calls 0 5110
@calls 0 5111
@calls 0 5112
@calls 0 5113
@calls 0 5114
@calls 0 5115
@calls 0 5116
@calls 0 5117
@calls 0 5118
@calls 0 5119
@calls 0 5120
@calls 0 5121
@calls 0 5122
@calls 0 5123
@calls 0 5124
@calls 0 5125
@calls 0 5126
@calls 0 5127
@calls 0 5128
@calls 0 5129
@calls 0 5130
@calls 0 5131
@calls 0 5132
@calls 0 5133
@calls 0 5134
@calls 0 5135
@calls 0 5136
@calls 0 5137
@calls 0 5138
@calls 0 5139
@calls 0 5140
@calls 0 5141
@calls 0 5142
@calls 0 5143
@calls 0 5144
@calls 0 5145
@calls 0 5146
@calls 0 5147
@calls 0 5148
@calls 0 5149
@calls 0 5150
@calls 0 5151
@calls 0 5152
@calls 0 5153
@calls 0 5154
@calls 0 5155
@calls 0 5156
@calls 0 5157
@calls 0 5158
@calls 0 5159
@calls 0 5160
@calls 0 5161
@calls 0 5162
@calls 0 5163
@calls 0 5164
@calls 0 5165
@calls 0 5166
@calls 0 5167
@calls 0 5168
@calls 0 5169
@calls 0 5170
@calls 0 5171
@calls 0 5172
@calls 0 5173
@calls 0 5174
@calls 0 5175
@calls 0 5176
@calls 0 5177
@calls 0 5178
@calls 0 5179
@calls 0 5180
@calls 0 5181
@calls 0 5182
@calls 0 5183
@calls 0 5184
@calls 0 5185
@calls 0 5186
@calls 0 5187
@calls 0 5188
@calls 0 5189
@calls 0 5190
@calls 0 5191
@calls 0 5192
@calls 0 5193
@calls 0 5194
@calls 0 5195
@calls 0 5196
@calls 0 5197
@calls 0 5198
@calls 0 5199
@calls 0 5200
@calls 0 5201
@calls 0 5202
@calls 0 5203
@calls 0 5204
@calls 0 5205
@calls 0 5206
@calls 0 5207
@calls 0 5208
@calls 0 5209
@calls 0 5210
@calls 0 5211
@calls 0 5212
@calls 0 5213
@calls 0 5214
@calls 0 5215
@calls 0 5216
@calls 0 5217
@calls 0 5218
@calls 0 5219
@calls 0 5220
@calls 0 5221
@calls 0 5222
@calls 0 5223
@calls 0 5224
@calls 0 5225
@calls 0 5226
@calls 0 5227
@calls 0 5228
@calls 0 5229
@calls 0 5230
@calls 0 5231
@calls 0 5232
@calls 0 5233
@calls 0 5234
@calls 0 5235
@calls 0 5236
@calls 0 5237
@calls 0 5238
@calls 0 5239
@calls 0 5240
@calls 0 5241
@calls 0 5242
@calls 0 5243
@calls 0 5244
@calls 0 5245
@calls 0 5246
@calls 0 5247
@calls 0 5248
@calls 0 5249
@calls 0 5250
@calls 0 5251
@calls 0 5252
@calls 0 5253
@calls 0 5254
@calls 0 5255
@calls 0 5256
@calls 0 5257
@calls 0 5258
@calls 0 5259
@calls 0 5260
@calls 0 5261
@calls 0 5262
@calls 0 5263
@calls 0 5264
@calls 0 5265
@calls 0 5266
@calls 0 5267
@calls 0 5268
@calls 0 5269
@calls 0 5270
@calls 0 5271
@calls 0 5272
@calls 0 5273
@calls 0 5274
@calls 0 5275
@calls 0 5276
@calls 0 5277
@calls 0 5278
@calls 0 5279
@calls 0 5280
@calls 0 5281
@calls 0 5282
@calls 0 5283
@calls 0 5284
@calls 0 5285
@calls 0 5286
@calls 0 5287
@calls 0 5288
@calls 0 5289
@calls 0 5290
@calls 0 5291
@calls 0 5292
@calls 0 5293
@calls 0 5294
@calls 0 5295
@calls 0 5296
@calls 0 5297
@calls 0 5298
@calls 0 5299
@calls 0 5300
@calls 0 5301
@calls 0 5302
@calls 0 5303
@calls 0 5304
@calls 0 5305
@calls 0 5306
@calls 0 5307
@calls 0 5308
@calls 0 5309
@calls 0 5310
@calls 0 5311
@calls 0 5312
@calls 0 5313
@calls 0 5314
@calls 0 5315
@calls 0 5316
@calls 0 5317
@calls 0 5318
@calls 0 5319
@calls 0 5320
@calls 0 5321
@calls 0 5322
@calls 0 5323
@calls 0 5324
@calls 0 5325
@calls 0 5326
@calls 0 5327
@calls 0 5328
@calls 0 5329
@calls 0 5330
@calls 0 5331
@calls 0 5332
@calls 0 5333
@calls 0 5334
@calls 0 5335
@calls 0 5336
@calls 0 5337
@calls 0 5338
@calls 0 5339
@calls 0 5340
@calls 0 5341
@calls 0 5342
@calls 0 5343
@calls 0 5344
@calls 0 5345
@calls 0 5346
@calls 0 5347
@calls 0 5348
@calls 0 5349
@calls 0 5350
@calls 0 5351
@calls 0 5352
@calls 0 5353
@calls 0 5354
@calls 0 5355
@calls 0 5356
@calls 0 5357
@calls 0 5358
@calls 0 5359
@calls 0 5360
@calls 0 5361
@calls 0 5362
@calls 0 5363
@calls 0 5364
@calls 0 5365
@calls 0 5366
@calls 0 5367
@calls 0 5368
@calls 0 5369
@calls 0 5370
@calls 0 5371
@calls 0 5372
@calls 0 5373
@calls 0 5374
@calls 0 5375
@calls 0 5376
@calls 0 5377
@calls 0 5378
@calls 0 5379
@calls 0 5380
@calls 0 5381
@calls 0 5382
@calls 0 5383
@calls 0 5384
@calls 0 5385
@calls 0 5386
@calls 0 5387
@calls 0 5388
@calls 0 5389
@calls 0 5390
@calls 0 5391
@calls 0 5392
@calls 0 5393
@calls 0 5394
@calls 0 5395
@calls 0 5396
@calls 0 5397
@calls 0 5398
@calls 0 5399
@calls 0 5400
@calls 0 5401
@calls 0 5402
@calls 0 5403
@calls 0 5404
@calls 0 5405
@calls 0 5406
@calls 0 5407
@calls 0 5408
@calls 0 5409
@calls 0 5410
@calls 0 5411
@calls 0 5412
@calls 0 5413
@calls 0 5414
@calls 0 5415
@calls 0 5416
@calls 0 5417
@calls 0 5418
@calls 0 5419
@calls 0 5420
@calls 0 5421
@calls 0 5422
@calls 0 5423
@calls 0 5424
@calls 0 5425
@calls 0 5426
@calls 0 5427
@calls 0 5428
@calls 0 5429
@calls 0 5430
@calls 0 5431
@calls 0 5432
@calls 0 5433
@calls 0 5434
@calls 0 5435
@calls 0 5436
@calls 0 5437
@calls 0 5438
@calls 0 5439
@calls 0 5440
@calls 0 5441
@calls 0 5442
@calls 0 5443
@calls 0 5444
@calls 0 5445
@calls 0 5446
@calls 0 5447
@calls 0 5448
@calls 0 5449
@calls 0 5450
@calls 0 5451
@calls 0 5452
@calls 0 5453
@calls 0 5454
@calls 0 5455
@calls 0 5456
@calls 0 5457
@calls 0 5458
@calls 0 5459
@calls 0 5460
@calls 0 5461
@calls 0 5462
@calls 0 5463
@calls 0 5464
@calls 0 5465
@calls 0 5466
@calls 0 5467
@calls 0 5468
@calls 0 5469
@calls 0 5470
@calls 0 5471
@calls 0 5472
@calls 0 5473
@calls 0 5474
@calls 0 5475
@calls 0 5476
@calls 0 5477
@calls 0 5478
@calls 0 5479
@calls 0 5480
@calls 0 5481
@calls 0 5482
@calls 0 5483
@calls 0 5484
@calls 0 5485
@calls 0 5486
@calls 0 5487
@calls 0 5488
@calls 0 5489
@calls 0 5490
@calls 0 5491
@calls 0 5492
@calls 0 5493
@calls 0 5494
@calls 0 5495
@calls 0 5496
@calls 0 5497
@calls 0 5498
@calls 0 5499
@calls 0 5500
@calls 0 5501
@calls 0 5502
@calls 0 5503
@calls 0 5504
@calls 0 5505
@calls 0 5506
@calls 0 5507
@calls 0 5508
@calls 0 5509
@calls 0 5510
@calls 0 5511
@calls 0 5512
@calls 0 5513
@calls 0 5514
@calls 0 5515
@calls 0 5516
@calls 0 5517
@calls 0 5518
@calls 0 5519
@calls 0 5520
@calls 0 5521
@calls 0 5522
@calls 0 5523
@calls 0 5524
@calls 0 5525
@calls 0 5526
@calls 0 5527
@calls 0 5528
@calls 0 5529
@calls 0 5530
@calls 0 5531
@calls 0 5532
@calls 0 5533
@calls 0 5534
@calls 0 5535
@calls 0 5536
@calls 0 5537
@calls 0 5538
@calls 0 5539
@calls 0 5540
@calls 0 5541
@calls 0 5542
@calls 0 5543
@calls 0 5544
@calls 0 5545
@calls 0 5546
@calls 0 5547
@calls 0 5548
@calls 0 5549
@calls 0 5550
@calls 0 5551
@calls 0 5552
@calls 0 5553
@calls 0 5554
@calls 0 5555
@calls 0 5556
@calls 0 5557
@calls 0 5558
@calls 0 5559
@calls 0 5560
@calls 0 5561
@calls 0 5562
@calls 0 5563
@calls 0 5564
@calls 0 5565
@calls 0 5566
@calls 0 5567
@calls 0 5568
@calls 0 5569
@calls 0 5570
@calls 0 5571
@calls 0 5572
@calls 0 5573
@calls 0 5574
@calls 0 5575
@calls 0 5576
@calls 0 5577
@calls 0 5578
@calls 0 5579
@calls 0 5580
@calls 0 5581
@calls 0 5582
@calls 0 5583
@calls 0 5584
@calls 0 5585
@calls 0 5586
@calls 0 5587
@calls 0 5588
@calls 0 5589
@calls 0 5590
@calls 0 5591
@calls 0 5592
@calls 0 5593
@calls 0 5594
@calls 0 5595
@calls 0 5596
@calls 0 5597
@calls 0 5598
@calls 0 5599
@calls 0 5600
@calls 0 5601
@calls 0 5602
@calls 0 5603
@calls 0 5604
@calls 0 5605
@calls 0 5606
@calls 0 5607
@calls 0 5608
@calls 0 5609
@calls 0 5610
@calls 0 5611
@calls 0 5612
@calls 0 5613
@calls 0 5614
@calls 0 5615
@calls 0 5616
@calls 0 5617
@calls 0 5618
@calls 0 5619
@calls 0 5620
@calls 0 5621
@calls 0 5622
@calls 0 5623
@calls 0 5624
@calls 0 5625
@calls 0 5626
@calls 0 5627
@calls 0 5628
@calls 0 5629
@calls 0 5630
@calls 0 5631
@calls 0 5632
@calls 0 5633
@calls 0 5634
@calls 0 5635
@calls 0 5636
@calls 0 5637
@calls 0 5638
@calls 0 5639
@calls 0 5640
@calls 0 5641
@calls 0 5642
@calls 0 5643
@calls 0 5644
@calls 0 5645
@calls 0 5646
@calls 0 5647
@calls 0 5648
@calls 0 5649
@calls 0 5650
@calls 0 5651
@calls 0 5652
@calls 0 5653
@calls 0 5654
@calls 0 5655
@calls 0 5656
@calls 0 5657
@calls 0 5658
@calls 0 5659
@calls 0 5660
@calls 0 5661
@calls 0 5662
@calls 0 5663
@calls 0 5664
@calls 0 5665
@calls 0 5666
@calls 0 5667
@calls 0 5668
@calls 0 5669
@calls 0 5670
@calls 0 5671
@calls 0 5672
@calls 0 5673
@calls 0 5674
@calls 0 5675
@calls 0 5676
@calls 0 5677
@calls 0 5678
@calls 0 5679
@calls 0 5680
@calls 0 5681
@calls 0 5682
@calls 0 5683
@calls 0 5684
@calls 0 5685
@calls 0 5686
@calls 0 5687
@calls 0 5688
@calls 0 5689
@calls 0 5690
@calls 0 5691
@calls 0 5692
@calls 0 5693
@calls 0 5694
@calls 0 5695
@calls 0 5696
@calls 0 5697
@calls 0 5698
@calls 0 5699
@calls 0 5700
@calls 0 5701
@calls 0 5702
@calls 0 5703
@calls 0 5704
@calls 0 5705
@calls 0 5706
@calls 0 5707
@calls 0 5708
@calls 0 5709
@calls 0 5710
@calls 0 5711
@calls 0 5712
@calls 0 5713
@calls 0 5714
@calls 0 5715
@calls 0 5716
@calls 0 5717
@calls 0 5718
@calls 0 5719
@calls 0 5720
@calls 0 5721
@calls 0 5722
@calls 0 5723
@calls 0 5724
@calls 0 5725
@calls 0 5726
@calls 0 5727
@calls 0 5728
@calls 0 5729
@calls 0 5730
@calls 0 5731
@calls 0 5732
@calls 0 5733
@calls 0 5734
@calls 0 5735
@calls 0 5736
@calls 0 5737
@calls 0 5738
@calls 0 5739
@calls 0 5740
@calls 0 5741
@calls 0 5742
@calls 0 5743
@calls 0 5744
@calls 0 5745
@calls 0 5746
@calls 0 5747
@calls 0 5748
@calls 0 5749
@calls 0 5750
@calls 0 5751
@calls 0 5752
@calls 0 5753
@calls 0 5754
@calls 0 5755
@calls 0 5756
@calls 0 5757
@calls 0 5758
@calls 0 5759
@calls 0 5760
@calls 0 5761
@calls 0 5762
@calls 0 5763
@calls 0 5764
@calls 0 5765
@calls 0 5766
@calls 0 5767
@calls 0 5768
@calls 0 5769
@calls 0 5770
@calls 0 5771
@calls 0 5772
@calls 0 5773
@calls 0 5774
@calls 0 5775
@calls 0 5776
@calls 0 5777
@calls 0 5778
@calls 0 5779
@calls 0 5780
@calls 0 5781
@calls 0 5782
@calls 0 5783
@calls 0 5784
@calls 0 5785
@calls 0 5786
@calls 0 5787
@calls 0 5788
@calls 0 5789
@calls 0 5790
@calls 0 5791
@calls 0 5792
@calls 0 5793
@calls 0 5794
@calls 0 5795
@calls 0 5796
@calls 0 5797
@calls 0 5798
@calls 0 5799
@calls 0 5800
@calls 0 5801
@calls 0 5802
@calls 0 5803
@calls 0 5804
@calls 0 5805
@calls 0 5806
@calls 0 5807
@calls 0 5808
@calls 0 5809
@calls 0 5810
@calls 0 5811
@calls 0 5812
@calls 0 5813
@calls 0 5814
@calls 0 5815
@calls 0 5816
@calls 0 5817
@calls 0 5818
@calls 0 5819
@calls 0 5820
@calls 0 5821
@calls 0 5822
@calls 0 5823
@calls 0 5824
@calls 0 5825
@calls 0 5826
@calls 0 5827
@calls 0 5828
@calls 0 5829
@calls 0 5830
@calls 0 5831
@calls 0 5832
@calls 0 5833
@calls 0 5834
@calls 0 5835
@calls 0 5836
@calls 0 5837
@calls 0 5838
@calls 0 5839
@calls 0 5840
@calls 0 5841
@calls 0 5842
@calls 0 5843
@calls 0 5844
@calls 0 5845
@calls 0 5846
@calls 0 5847
@calls 0 5848
@calls 0 5849
@calls 0 5850
@calls 0 5851
@calls 0 5852
@calls 0 5853
@calls 0 5854
@calls 0 5855
@calls 0 5856
@calls 0 5857
@calls 0 5858
@calls 0 5859
@calls 0 5860
@calls 0 5861
@calls 0 5862
@calls 0 5863
@calls 0 5864
@calls 0 5865
@calls 0 5866
@calls 0 5867
@calls 0 5868
@calls 0 5869
@calls 0 5870
@calls 0 5871
@calls 0 5872
@calls 0 5873
@calls 0 5874
@calls 0 5875
@calls 0 5876
@calls 0 5877
@calls 0 5878
@calls 0 5879
@calls 0 5880
@calls 0 5881
@calls 0 5882
@calls 0 5883
@calls 0 5884
@calls 0 5885
@calls 0 5886
@calls 0 5887
@calls 0 5888
@calls 0 5889
@calls 0 5890
@calls 0 5891
@calls 0 5892
@calls 0 5893
@calls 0 5894
@calls 0 5895
@calls 0 5896
@calls 0 5897
@calls 0 5898
@calls 0 5899
@calls 0 5900
@calls 0 5901
@calls 0 5902
@calls 0 5903
@calls 0 5904
@calls 0 5905
@calls 0 5906
@calls 0 5907
@calls 0 5908
@calls 0 5909
@calls 0 5910
@calls 0 5911
@calls 0 5912
@calls 0 5913
@calls 0 5914
@calls 0 5915
@calls 0 5916
@calls 0 5917
@calls 0 5918
@calls 0 5919
@calls 0 5920
@calls 0 5921
@calls 0 5922
@calls 0 5923
@calls 0 5924
@calls 0 5925
@calls 0 5926
@calls 0 5927
@calls 0 5928
@calls 0 5929
@calls 0 5930
@calls 0 5931
@calls 0 5932
@calls 0 5933
@calls 0 5934
@calls 0 5935
@calls 0 5936
@calls 0 5937
@calls 0 5938
@calls 0 5939
@calls 0 5940
@calls 0 5941
@calls 0 5942
@calls 0 5943
@calls 0 5944
@calls 0 5945
@calls 0 5946
@calls 0 5947
@calls 0 5948
@calls 0 5949
@calls 0 5950
@calls 0 5951
@calls 0 5952
@calls 0 5953
@calls 0 5954
@calls 0 5955
@calls 0 5956
@calls 0 5957
@calls 0 5958
@calls 0 5959
@calls 0 5960
@calls 0 5961
@calls 0 5962
@calls 0 5963
@calls 0 5964
@calls 0 5965
@calls 0 5966
@calls 0 5967
@calls 0 5968
@calls 0 5969
@calls 0 5970
@calls 0 5971
@calls 0 5972
@calls 0 5973
@calls 0 5974
@calls 0 5975
@calls 0 5976
@calls 0 5977
@calls 0 5978
@calls 0 5979
@calls 0 5980
@calls 0 5981
@calls 0 5982
@calls 0 5983
@calls 0 5984
@calls 0 5985
@calls 0 5986
@calls 0 5987
@calls 0 5988
@calls 0 5989
@calls 0 5990
@calls 0 5991
@calls 0 5992
@calls 0 5993
@calls 0 5994
@calls 0 5995
@calls 0 5996
@calls 0 5997
@calls 0 5998
@calls 0 5999
@calls 0 6000
@calls 0 6001
@calls 0 6002
@calls 0 6003
@calls 0 6004
@calls 0 6005
@calls 0 6006
@calls 0 6007
@calls 0 6008
@calls 0 6009
@calls 0 6010
@calls 0 6011
@calls 0 6012
@calls 0 6013
@calls 0 6014
@calls 0 6015
@calls 0 6016
@calls 0 6017
@calls 0 6018
@calls 0 6019
@calls 0 6020
@calls 0 6021
@calls 0 6022
@calls 0 6023
@calls 0 6024
@calls 0 6025
@calls 0 6026
@calls 0 6027
@calls 0 6028
@calls 0 6029
@calls 0 6030
@calls 0 6031
@calls 0 6032
@calls 0 6033
@calls 0 6034
@calls 0 6035
@calls 0 6036
@calls 0 6037
@calls 0 6038
@calls 0 6039
@calls 0 6040
@calls 0 6041
@calls 0 6042
@calls 0 6043
@calls 0 6044
@calls 0 6045
@calls 0 6046
@calls 0 6047
@calls 0 6048
@calls 0 6049
@calls 0 6050
@calls 0 6051
@calls 0 6052
@calls 0 6053
@calls 0 6054
@calls 0 6055
@calls 0 6056
@calls 0 6057
@calls 0 6058
@calls 0 6059
@calls 0 6060
@calls 0 6061
@calls 0 6062
@calls 0 6063
@calls 0 6064
@calls 0 6065
@calls 0 6066
@calls 0 6067
@calls 0 6068
@calls 0 6069
@calls 0 6070
@calls 0 6071
@calls 0 6072
@calls 0 6073
@calls 0 6074
@calls 0 6075
@calls 0 6076
@calls 0 6077
@calls 0 6078
@calls 0 6079
@calls 0 6080
@calls 0 6081
@calls 0 6082
@calls 0 6083
@calls 0 6084
@calls 0 6085
@calls 0 6086
@calls 0 6087
@calls 0 6088
@calls 0 6089
@calls 0 6090
@calls 0 6091
@calls 0 6092
@calls 0 6093
@calls 0 6094
@calls 0 6095
@calls 0 6096
@calls 0 6097
@calls 0 6098
@calls 0 6099
@calls 0 6100
@calls 0 6101
@calls 0 6102
@calls 0 6103
@calls 0 6104
@calls 0 6105
@calls 0 6106
@calls 0 6107
@calls 0 6108
@calls 0 6109
@calls 0 6110
@calls 0 6111
@calls 0 6112
@calls 0 6113
@calls 0 6114
@calls 0 6115
@calls 0 6116
@calls 0 6117
@calls 0 6118
@calls 0 6119
@calls 0 6120
@calls 0 6121
@calls 0 6122
@calls 0 6123
@calls 0 6124
@calls 0 6125
@calls 0 6126
@calls 0 6127
@calls 0 6128
@calls 0 6129
@calls 0 6130
@calls 0 6131
@calls 0 6132
@calls 0 6133
@calls 0 6134
@calls 0 6135
@calls 0 6136
@calls 0 6137
@calls 0 6138
@calls 0 6139
@calls 0 6140
@calls 0 6141
@calls 0 6142
@calls 0 6143
@calls 0 6144
@calls 0 6145
@calls 0 6146
@calls 0 6147
@calls 0 6148
@calls 0 6149
@calls 0 6150
@calls 0 6151
@calls 0 6152
@calls 0 6153
@calls 0 6154
@calls 0 6155
@calls 0 6156
@calls 0 6157
@calls 0 6158
@calls 0 6159
@calls 0 6160
@calls 0 6161
@calls 0 6162
@calls 0 6163
@calls 0 6164
@calls 0 6165
@calls 0 6166
@calls 0 6167
@calls 0 6168
@calls 0 6169
@calls 0 6170
@calls 0 6171
@calls 0 6172
@calls 0 6173
@calls 0 6174
@calls 0 6175
@calls 0 6176
@calls 0 6177
@calls 0 6178
@calls 0 6179
@calls 0 6180
@calls 0 6181
@calls 0 6182
@calls 0 6183
@calls 0 6184
@calls 0 6185
@calls 0 6186
@calls 0 6187
@calls 0 6188
@calls 0 6189
@calls 0 6190
@calls 0 6191
@calls 0 6192
@calls 0 6193
@calls 0 6194
@calls 0 6195
@calls 0 6196
@calls 0 6197
@calls 0 6198
@calls 0 6199
@calls 0 6200
@calls 0 6201
@calls 0 6202
@calls 0 6203
@calls 0 6204
@calls 0 6205
@calls 0 6206
@calls 0 6207
@calls 0 6208
@calls 0 6209
@calls 0 6210
@calls 0 6211
@calls 0 6212
@calls 0 6213
@calls 0 6214
@calls 0 6215
@calls 0 6216
@calls 0 6217
@calls 0 6218
@calls 0 6219
@calls 0 6220
@calls 0 6221
@calls 0 6222
@calls 0 6223
@calls 0 6224
@calls 0 6225
@calls 0 6226
@calls 0 6227
@calls 0 6228
@calls 0 6229
@calls 0 6230
@calls 0 6231
@calls 0 6232
@calls 0 6233
@calls 0 6234
@calls 0 6235
@calls 0 6236
@calls 0 6237
@calls 0 6238
@calls 0 6239
@calls 0 6240
@calls 0 6241
@calls 0 6242
@calls 0 6243
@calls 0 6244
@calls 0 6245
@calls 0 6246
@calls 0 6247
@calls 0 6248
@calls 0 6249
@calls 0 6250
@calls 0 6251
@calls 0 6252
@calls 0 6253
@calls 0 6254
@calls 0 6255
@calls 0 6256
@calls 0 6257
@calls 0 6258
@calls 0 6259
@calls 0 6260
@calls 0 6261
@calls 0 6262
@calls 0 6263
@calls 0 6264
@calls 0 6265
@calls 0 6266
@calls 0 6267
@calls 0 6268
@calls 0 6269
@calls 0 6270
@calls 0 6271
@calls 0 6272
@calls 0 6273
@calls 0 6274
@calls 0 6275
@calls 0 6276
@calls 0 6277
@calls 0 6278
@calls 0 6279
@calls 0 6280
@calls 0 6281
@calls 0 6282
@calls 0 6283
@calls 0 6284
@calls 0 6285
@calls 0 6286
@calls 0 6287
@calls 0 6288
@calls 0 6289
@calls 0 6290
@calls 0 6291
@calls 0 6292
@calls 0 6293
@calls 0 6294
@calls 0 6295
@calls 0 6296
@calls 0 6297
@calls 0 6298
@calls 0 6299
@calls 0 6300
@calls 0 6301
@calls 0 6302
@calls 0 6303
@calls 0 6304
@calls 0 6305
@calls 0 6306
@calls 0 6307
@calls 0 6308
@calls 0 6309
@calls 0 6310
@calls 0 6311
@calls 0 6312
@calls 0 6313
@calls 0 6314
@calls 0 6315
@calls 0 6316
@calls 0 6317
@calls 0 6318
@calls 0 6319
@calls 0 6320
@calls 0 6321
@calls 0 6322
@calls 0 6323
@calls 0 6324
@calls 0 6325
@calls 0 6326
@calls 0 6327
@calls 0 6328
@calls 0 6329
@calls 0 6330
@calls 0 6331
@calls 0 6332
@calls 0 6333
@calls 0 6334
@calls 0 6335
@calls 0 6336
@calls 0 6337
@calls 0 6338
@calls 0 6339
@calls 0 6340
@calls 0 6341
@calls 0 6342
@calls 0 6343
@calls 0 6344
@calls 0 6345
@calls 0 6346
@calls 0 6347
@calls 0 6348
@calls 0 6349
@calls 0 6350
@calls 0 6351
@calls 0 6352
@calls 0 6353
@calls 0 6354
@calls 0 6355
@calls 0 6356
@calls 0 6357
@calls 0 6358
@calls 0 6359
@calls 0 6360
@calls 0 6361
@calls 0 6362
@calls 0 6363
@calls 0 6364
@calls 0 6365
@calls 0 6366
@calls 0 6367
@calls 0 6368
@calls 0 6369
@calls 0 6370
@calls 0 6371
@calls 0 6372
@calls 0 6373
@calls 0 6374
@calls 0 6375
@calls 0 6376
@calls 0 6377
@calls 0 6378
@calls 0 6379
@calls 0 6380
@calls 0 6381
@calls 0 6382
@calls 0 6383
@calls 0 6384
@calls 0 6385
@calls 0 6386
@calls 0 6387
@calls 0 6388
@calls 0 6389
@calls 0 6390
@calls 0 6391
@calls 0 6392
@calls 0 6393
@calls 0 6394
@calls 0 6395
@calls 0 6396
@calls 0 6397
@calls 0 6398
@calls 0 6399
@calls 0 6400
@calls 0 6401
@calls 0 6402
@calls 0 6403
@calls 0 6404
@calls 0 6405
@calls 0 6406
@calls 0 6407
@calls 0 6408
@calls 0 6409
@calls 0 6410
@calls 0 6411
@calls 0 6412
@calls 0 6413
@calls 0 6414
@calls 0 6415
@calls 0 6416
@calls 0 6417
@calls 0 6418
@calls 0 6419
@calls 0 6420
@calls 0 6421
@calls 0 6422
@calls 0 6423
@calls 0 6424
@calls 0 6425
@calls 0 6426
@calls 0 6427
@calls 0 6428
@calls 0 6429
@calls 0 6430
@calls 0 6431
@calls 0 6432
@calls 0 6433
@calls 0 6434
@calls 0 6435
@calls 0 6436
@calls 0 6437
@calls 0 6438
@calls 0 6439
@calls 0 6440
@calls 0 6441
@calls 0 6442
@calls 0 6443
@calls 0 6444
@calls 0 6445
@calls 0 6446
@calls 0 6447
@calls 0 6448
@calls 0 6449
@calls 0 6450
@calls 0 6451
@calls 0 6452
@calls 0 6453
@calls 0 6454
@calls 0 6455
@calls 0 6456
@calls 0 6457
@calls 0 6458
@calls 0 6459
@calls 0 6460
@calls 0 6461
@calls 0 6462
@calls 0 6463
@calls 0 6464
@calls 0 6465
@calls 0 6466
@calls 0 6467
@calls 0 6468
@calls 0 6469
@calls 0 6470
@calls 0 6471
@calls 0 6472
@calls 0 6473
@calls 0 6474
@calls 0 6475
@calls 0 6476
@calls 0 6477
@calls 0 6478
@calls 0 6479
@calls 0 6480
@calls 0 6481
@calls 0 6482
@calls 0 6483
@calls 0 6484
@calls 0 6485
@calls 0 6486
@calls 0 6487
@calls 0 6488
@calls 0 6489
@calls 0 6490
@calls 0 6491
@calls 0 6492
@calls 0 6493
@calls 0 6494
@calls 0 6495
@calls 0 6496
@calls 0 6497
@calls 0 6498
@calls 0 6499
@calls 0 6500
@calls 0 6501
@calls 0 6502
@calls 0 6503
@calls 0 6504
@calls 0 6505
@calls 0 6506
@calls 0 6507
@calls 0 6508
@calls 0 6509
@calls 0 6510
@calls 0 6511
@calls 0 6512
@calls 0 6513
@calls 0 6514
@calls 0 6515
@calls 0 6516
@calls 0 6517
@calls 0 6518
@calls 0 6519
@calls 0 6520
@calls 0 6521
@calls 0 6522
@calls 0 6523
@calls 0 6524
@calls 0 6525
@calls 0 6526
@calls 0 6527
@calls 0 6528
@calls 0 6529
@calls 0 6530
@calls 0 6531
@calls 0 6532
@calls 0 6533
@calls 0 6534
@calls 0 6535
@calls 0 6536
@calls 0 6537
@calls 0 6538
@calls 0 6539
@calls 0 6540
@calls 0 6541
@calls 0 6542
@calls 0 6543
@calls 0 6544
@calls 0 6545
@calls 0 6546
@calls 0 6547
@calls 0 6548
@calls 0 6549
@calls 0 6550
@calls 0 6551
@calls 0 6552
@calls 0 6553
@calls 0 6554
@calls 0 6555
@calls 0 6556
@calls 0 6557
@calls 0 6558
@calls 0 6559
@calls 0 6560
@calls 0 6561
@calls 0 6562
@calls 0 6563
@calls 0 6564
@calls 0 6565
@calls 0 6566
@calls 0 6567
@calls 0 6568
@calls 0 6569
@calls 0 6570
@calls 0 6571
@calls 0 6572
@calls 0 6573
@calls 0 6574
@calls 0 6575
@calls 0 6576
@calls 0 6577
@calls 0 6578
@calls 0 6579
@calls 0 6580
@calls 0 6581
@calls 0 6582
@calls 0 6583
@calls 0 6584
@calls 0 6585
@calls 0 6586
@calls 0 6587
@calls 0 6588
@calls 0 6589
@calls 0 6590
@calls 0 6591
@calls 0 6592
@calls 0 6593
@calls 0 6594
@calls 0 6595
@calls 0 6596
@calls 0 6597
@calls 0 6598
@calls 0 6599
@calls 0 6600
@calls 0 6601
@calls 0 6602
@calls 0 6603
@calls 0 6604
@calls 0 6605
@calls 0 6606
@calls 0 6607
@calls 0 6608
@calls 0 6609
@calls 0 6610
@calls 0 6611
@calls 0 6612
@calls 0 6613
@calls 0 6614
@calls 0 6615
@calls 0 6616
@calls 0 6617
@calls 0 6618
@calls 0 6619
@calls 0 6620
@calls 0 6621
@calls 0 6622
@calls 0 6623
@calls 0 6624
@calls 0 6625
@calls 0 6626
@calls 0 6627
@calls 0 6628
@calls 0 6629
@calls 0 6630
@calls 0 6631
@calls 0 6632
@calls 0 6633
@calls 0 6634
@calls 0 6635
@calls 0 6636
@calls 0 6637
@calls 0 6638
@calls 0 6639
@calls 0 6640
@calls 0 6641
@calls 0 6642
@calls 0 6643
@calls 0 6644
@calls 0 6645
@calls 0 6646
@calls 0 6647
@calls 0 6648
@calls 0 6649
@calls 0 6650
@calls 0 6651
@calls 0 6652
@calls 0 6653
@calls 0 6654
@calls 0 6655
@calls 0 6656
@calls 0 6657
@calls 0 6658
@calls 0 6659
@calls 0 6660
@calls 0 6661
@calls 0 6662
@calls 0 6663
@calls 0 6664
@calls 0 6665
@calls 0 6666
@calls 0 6667
@calls 0 6668
@calls 0 6669
@calls 0 6670
@calls 0 6671
@calls 0 6672
@calls 0 6673
@calls 0 6674
@calls 0 6675
@calls 0 6676
@calls 0 6677
@calls 0 6678
@calls 0 6679
@calls 0 6680
@calls 0 6681
@calls 0 6682
@calls 0 6683
@calls 0 6684
@calls 0 6685
@calls 0 6686
@calls 0 6687
@calls 0 6688
@calls 0 6689
@calls 0 6690
@calls 0 6691
@calls 0 6692
@calls 0 6693
@calls 0 6694
@calls 0 6695
@calls 0 6696
@calls 0 6697
@calls 0 6698
@calls 0 6699
@calls 0 6700
@calls 0 6701
@calls 0 6702
@calls 0 6703
@calls 0 6704
@calls 0 6705
@calls 0 6706
@calls 0 6707
@calls 0 6708
@calls 0 6709
@calls 0 6710
@calls 0 6711
@calls 0 6712
@calls 0 6713
@calls 0 6714
@calls 0 6715
@calls 0 6716
@calls 0 6717
@calls 0 6718
@calls 0 6719
@calls 0 6720
@calls 0 6721
@calls 0 6722
@calls 0 6723
@calls 0 6724
@calls 0 6725
@calls 0 6726
@calls 0 6727
@calls 0 6728
@calls 0 6729
@calls 0 6730
@calls 0 6731
@calls 0 6732
@calls 0 6733
@calls 0 6734
@calls 0 6735
@calls 0 6736
@calls 0 6737
@calls 0 6738
@calls 0 6739
@calls 0 6740
@calls 0 6741
@calls 0 6742
@calls 0 6743
@calls 0 6744
@calls 0 6745
@calls 0 6746
@calls 0 6747
@calls 0 6748
@calls 0 6749
@calls 0 6750
@calls 0 6751
@calls 0 6752
@calls 0 6753
@calls 0 6754
@calls 0 6755
@calls 0 6756
@calls 0 6757
@calls 0 6758
@calls 0 6759
@calls 0 6760
@calls 0 6761
@calls 0 6762
@calls 0 6763
@calls 0 6764
@calls 0 6765
@calls 0 6766
@calls 0 6767
@calls 0 6768
@calls 0 6769
@calls 0 6770
@calls 0 6771
@calls 0 6772
@calls 0 6773
@calls 0 6774
@calls 0 6775
@calls 0 6776
@calls 0 6777
@calls 0 6778
@calls 0 6779
@calls 0 6780
@calls 0 6781
@calls 0 6782
@calls 0 6783
@calls 0 6784
@calls 0 6785
@calls 0 6786
@calls 0 6787
@calls 0 6788
@calls 0 6789
@calls 0 6790
@calls 0 6791
@calls 0 6792
@calls 0 6793
@calls 0 6794
@calls 0 6795
@calls 0 6796
@calls 0 6797
@calls 0 6798
@calls 0 6799
@calls 0 6800
@calls 0 6801
@calls 0 6802
@calls 0 6803
@calls 0 6804
@calls 0 6805
@calls 0 6806
@calls 0 6807
@calls 0 6808
@calls 0 6809
@calls 0 6810
@calls 0 6811
@calls 0 6812
@calls 0 6813
@calls 0 6814
@calls 0 6815
@calls 0 6816
@calls 0 6817
@calls 0 6818
@calls 0 6819
@calls 0 6820
@calls 0 6821
@calls 0 6822
@calls 0 6823
@calls 0 6824
@calls 0 6825
@calls 0 6826
@calls 0 6827
@calls 0 6828
@calls 0 6829
@calls 0 6830
@calls 0 6831
@calls 0 6832
@calls 0 6833
@calls 0 6834
@calls 0 6835
@calls 0 6836
@calls 0 6837
@calls 0 6838
@calls 0 6839
@calls 0 6840
@calls 0 6841
@calls 0 6842
@calls 0 6843
@calls 0 6844
@calls 0 6845
@calls 0 6846
@calls 0 6847
@calls 0 6848
@calls 0 6849
@calls 0 6850
@calls 0 6851
@calls 0 6852
@calls 0 6853
@calls 0 6854
@calls 0 6855
@calls 0 6856
@calls 0 6857
@calls 0 6858
@calls 0 6859
@calls 0 6860
@calls 0 6861
@calls 0 6862
@calls 0 6863
@calls 0 6864
@calls 0 6865
@calls 0 6866
@calls 0 6867
@calls 0 6868
@calls 0 6869
@calls 0 6870
@calls 0 6871
@calls 0 6872
@calls 0 6873
@calls 0 6874
@calls 0 6875
@calls 0 6876
@calls 0 6877
@calls 0 6878
@calls 0 6879
@calls 0 6880
@calls 0 6881
@calls 0 6882
@calls 0 6883
@calls 0 6884
@calls 0 6885
@calls 0 6886
@calls 0 6887
@calls 0 6888
@calls 0 6889
@calls 0 6890
@calls 0 6891
@calls 0 6892
@calls 0 6893
@calls 0 6894
@calls 0 6895
@calls 0 6896
@calls 0 6897
@calls 0 6898
@calls 0 6899
@calls 0 6900
@calls 0 6901
@calls 0 6902
@calls 0 6903
@calls 0 6904
@calls 0 6905
@calls 0 6906
@calls 0 6907
@calls 0 6908
@calls 0 6909
@calls 0 6910
@calls 0 6911
@calls 0 6912
@calls 0 6913
@calls 0 6914
@calls 0 6915
@calls 0 6916
@calls 0 6917
@calls 0 6918
@calls 0 6919
@calls 0 6920
@calls 0 6921
@calls 0 6922
@calls 0 6923
@calls 0 6924
@calls 0 6925
@calls 0 6926
@calls 0 6927
@calls 0 6928
@calls 0 6929
@calls 0 6930
@calls 0 6931
@calls 0 6932
@calls 0 6933
@calls 0 6934
@calls 0 6935
@calls 0 6936
@calls 0 6937
@calls 0 6938
@calls 0 6939
@calls 0 6940
@calls 0 6941
@calls 0 6942
@calls 0 6943
@calls 0 6944
@calls 0 6945
@calls 0 6946
@calls 0 6947
@calls 0 6948
@calls 0 6949
@calls 0 6950
@calls 0 6951
@calls 0 6952
@calls 0 6953
@calls 0 6954
@calls 0 6955
@calls 0 6956
@calls 0 6957
@calls 0 6958
@calls 0 6959
@calls 0 6960
@calls 0 6961
@calls 0 6962
@calls 0 6963
@calls 0 6964
@calls 0 6965
@calls 0 6966
@calls 0 6967
@calls 0 6968
@calls 0 6969
@calls 0 6970
@calls 0 6971
@calls 0 6972
@calls 0 6973
@calls 0 6974
@calls 0 6975
@calls 0 6976
@calls 0 6977
@calls 0 6978
@calls 0 6979
@calls 0 6980
@calls 0 6981
@calls 0 6982
@calls 0 6983
@calls 0 6984
@calls 0 6985
@calls 0 6986
@calls 0 6987
@calls 0 6988
@calls 0 6989
@calls 0 6990
@calls 0 6991
@calls 0 6992
@calls 0 6993
@calls 0 6994
@calls 0 6995
@calls 0 6996
@calls 0 6997
@calls 0 6998
@calls 0 6999
@calls 0 7000
@calls 0 7001
@calls 0 7002
@calls 0 7003
@calls 0 7004
@calls 0 7005
@calls 0 7006
@calls 0 7007
@calls 0 7008
@calls 0 7009
@calls 0 7010
@calls 0 7011
@calls 0 7012
@calls 0 7013
@calls 0 7014
@calls 0 7015
@calls 0 7016
@calls 0 7017
@calls 0 7018
@calls 0 7019
@calls 0 7020
@calls 0 7021
@calls 0 7022
@calls 0 7023
@calls 0 7024
@calls 0 7025
@calls 0 7026
@calls 0 7027
@calls 0 7028
@calls 0 7029
@calls 0 7030
@calls 0 7031
@calls 0 7032
@calls 0 7033
@calls 0 7034
@calls 0 7035
@calls 0 7036
@calls 0 7037
@calls 0 7038
@calls 0 7039
@calls 0 7040
@calls 0 7041
@calls 0 7042
@calls 0 7043
@calls 0 7044
@calls 0 7045
@calls 0 7046
@calls 0 7047
@calls 0 7048
@calls 0 7049
@calls 0 7050
@calls 0 7051
@calls 0 7052
@calls 0 7053
@calls 0 7054
@calls 0 7055
@calls 0 7056
@calls 0 7057
@calls 0 7058
@calls 0 7059
@calls 0 7060
@calls 0 7061
@calls 0 7062
@calls 0 7063
@calls 0 7064
@calls 0 7065
@calls 0 7066
@calls 0 7067
@calls 0 7068
@calls 0 7069
@calls 0 7070
@calls 0 7071
@calls 0 7072
@calls 0 7073
@calls 0 7074
@calls 0 7075
@calls 0 7076
@calls 0 7077
@calls 0 7078
@calls 0 7079
@calls 0 7080
@calls 0 7081
@calls 0 7082
@calls 0 7083
@calls 0 7084
@calls 0 7085
@calls 0 7086
@calls 0 7087
@calls 0 7088
@calls 0 7089
@calls 0 7090
@calls 0 7091
@calls 0 7092
@calls 0 7093
@calls 0 7094
@calls 0 7095
@calls 0 7096
@calls 0 7097
@calls 0 7098
@calls 0 7099
@calls 0 7100
@calls 0 7101
@calls 0 7102
@calls 0 7103
@calls 0 7104
@calls 0 7105
@calls 0 7106
@calls 0 7107
@calls 0 7108
@calls 0 7109
@calls 0 7110
@calls 0 7111
@calls 0 7112
@calls 0 7113
@calls 0 7114
@calls 0 7115
@calls 0 7116
@calls 0 7117
@calls 0 7118
@calls 0 7119
@calls 0 7120
@calls 0 7121
@calls 0 7122
@calls 0 7123
@calls 0 7124
@calls 0 7125
@calls 0 7126
@calls 0 7127
@calls 0 7128
@calls 0 7129
@calls 0 7130
@calls 0 7131
@calls 0 7132
@calls 0 7133
@calls 0 7134
@calls 0 7135
@calls 0 7136
@calls 0 7137
@calls 0 7138
@calls 0 7139
@calls 0 7140
@calls 0 7141
@calls 0 7142
@calls 0 7143
@calls 0 7144
@calls 0 7145
@calls 0 7146
@calls 0 7147
@calls 0 7148
@calls 0 7149
@calls 0 7150
@calls 0 7151
@calls 0 7152
@calls 0 7153
@calls 0 7154
@calls 0 7155
@calls 0 7156
@calls 0 7157
@calls 0 7158
@calls 0 7159
@calls 0 7160
@calls 0 7161
@calls 0 7162
@calls 0 7163
@calls 0 7164
@calls 0 7165
@calls 0 7166
@calls 0 7167
@calls 0 7168
@calls 0 7169
@calls 0 7170
@calls 0 7171
@calls 0 7172
@calls 0 7173
@calls 0 7174
@calls 0 7175
@calls 0 7176
@calls 0 7177
@calls 0 7178
@calls 0 7179
@calls 0 7180
@calls 0 7181
@calls 0 7182
@calls 0 7183
@calls 0 7184
@calls 0 7185
@calls 0 7186
@calls 0 7187
@calls 0 7188
@calls 0 7189
@calls 0 7190
@calls 0 7191
@calls 0 7192
@calls 0 7193
@calls 0 7194
@calls 0 7195
@calls 0 7196
@calls 0 7197
@calls 0 7198
@calls 0 7199
@calls 0 7200
@calls 0 7201
@calls 0 7202
@calls 0 7203
@calls 0 7204
@calls 0 7205
@calls 0 7206
@calls 0 7207
@calls 0 7208
@calls 0 7209
@calls 0 7210
@calls 0 7211
@calls 0 7212
@calls 0 7213
@calls 0 7214
@calls 0 7215
@calls 0 7216
@calls 0 7217
@calls 0 7218
@calls 0 7219
@calls 0 7220
@calls 0 7221
@calls 0 7222
@calls 0 7223
@calls 0 7224
@calls 0 7225
@calls 0 7226
@calls 0 7227
@calls 0 7228
@calls 0 7229
@calls 0 7230
@calls 0 7231
@calls 0 7232
@calls 0 7233
@calls 0 7234
@calls 0 7235
@calls 0 7236
@calls 0 7237
@calls 0 7238
@calls 0 7239
@calls 0 7240
@calls 0 7241
@calls 0 7242
@calls 0 7243
@calls 0 7244
@calls 0 7245
@calls 0 7246
@calls 0 7247
@calls 0 7248
@calls 0 7249
@calls 0 7250
@calls 0 7251
@calls 0 7252
@calls 0 7253
@calls 0 7254
@calls 0 7255
@calls 0 7256
@calls 0 7257
@calls 0 7258
@calls 0 7259
@calls 0 7260
@calls 0 7261
@calls 0 7262
@calls 0 7263
@calls 0 7264
@calls 0 7265
@calls 0 7266
@calls 0 7267
@calls 0 7268
@calls 0 7269
@calls 0 7270
@calls 0 7271
@calls 0 7272
@calls 0 7273
@calls 0 7274
@calls 0 7275
@calls 0 7276
@calls 0 7277
@calls 0 7278
@calls 0 7279
@calls 0 7280
@calls 0 7281
@calls 0 7282
@calls 0 7283
@calls 0 7284
@calls 0 7285
@calls 0 7286
@calls 0 7287
@calls 0 7288
@calls 0 7289
@calls 0 7290
@calls 0 7291
@calls 0 7292
@calls 0 7293
@calls 0 7294
@calls 0 7295
@calls 0 7296
@calls 0 7297
@calls 0 7298
@calls 0 7299
@calls 0 7300
@calls 0 7301
@calls 0 7302
@calls 0 7303
@calls 0 7304
@calls 0 7305
@calls 0 7306
@calls 0 7307
@calls 0 7308
@calls 0 7309
@calls 0 7310
@calls 0 7311
@calls 0 7312
@calls 0 7313
@calls 0 7314
@calls 0 7315
@calls 0 7316
@calls 0 7317
@calls 0 7318
@calls 0 7319
@calls 0 7320
@calls 0 7321
@calls 0 7322
@calls 0 7323
@calls 0 7324
@calls 0 7325
@calls 0 7326
@calls 0 7327
@calls 0 7328
@calls 0 7329
@calls 0 7330
@calls 0 7331
@calls 0 7332
@calls 0 7333
@calls 0 7334
@calls 0 7335
@calls 0 7336
@calls 0 7337
@calls 0 7338
@calls 0 7339
@calls 0 7340
@calls 0 7341
@calls 0 7342
@calls 0 7343
@calls 0 7344
@calls 0 7345
@calls 0 7346
@calls 0 7347
@calls 0 7348
@calls 0 7349
@calls 0 7350
@calls 0 7351
@calls 0 7352
@calls 0 7353
@calls 0 7354
@calls 0 7355
@calls 0 7356
@calls 0 7357
@calls 0 7358
@calls 0 7359
@calls 0 7360
@calls 0 7361
@calls 0 7362
@calls 0 7363
@calls 0 7364
@calls 0 7365
@calls 0 7366
@calls 0 7367
@calls 0 7368
@calls 0 7369
@calls 0 7370
@calls 0 7371
@calls 0 7372
@calls 0 7373
@calls 0 7374
@calls 0 7375
@calls 0 7376
@calls 0 7377
@calls 0 7378
@calls 0 7379
@calls 0 7380
@calls 0 7381
@calls 0 7382
@calls 0 7383
@calls 0 7384
@calls 0 7385
@calls 0 7386
@calls 0 7387
@calls 0 7388
@calls 0 7389
@calls 0 7390
@calls 0 7391
@calls 0 7392
@calls 0 7393
@calls 0 7394
@calls 0 7395
@calls 0 7396
@calls 0 7397
@calls 0 7398
@calls 0 7399
@calls 0 7400
@calls 0 7401
@calls 0 7402
@calls 0 7403
@calls 0 7404
@calls 0 7405
@calls 0 7406
@calls 0 7407
@calls 0 7408
@calls 0 7409
@calls 0 7410
@calls 0 7411
@calls 0 7412
@calls 0 7413
@calls 0 7414
@calls 0 7415
@calls 0 7416
@calls 0 7417
@calls 0 7418
@calls 0 7419
@calls 0 7420
@calls 0 7421
@calls 0 7422
@calls 0 7423
@calls 0 7424
@calls 0 7425
@calls 0 7426
@calls 0 7427
@calls 0 7428
@calls 0 7429
@calls 0 7430
@calls 0 7431
@calls 0 7432
@calls 0 7433
@calls 0 7434
@calls 0 7435
@calls 0 7436
@calls 0 7437
@calls 0 7438
@calls 0 7439
@calls 0 7440
@calls 0 7441
@calls 0 7442
@calls 0 7443
@calls 0 7444
@calls 0 7445
@calls 0 7446
@calls 0 7447
@calls 0 7448
@calls 0 7449
@calls 0 7450
@calls 0 7451
@calls 0 7452
@calls 0 7453
@calls 0 7454
@calls 0 7455
@calls 0 7456
@calls 0 7457
@calls 0 7458
@calls 0 7459
@calls 0 7460
@calls 0 7461
@calls 0 7462
@calls 0 7463
@calls 0 7464
@calls 0 7465
@calls 0 7466
@calls 0 7467
@calls 0 7468
@calls 0 7469
@calls 0 7470
@calls 0 7471
@calls 0 7472
@calls 0 7473
@calls 0 7474
@calls 0 7475
@calls 0 7476
@calls 0 7477
@calls 0 7478
@calls 0 7479
@calls 0 7480
@calls 0 7481
@calls 0 7482
@calls 0 7483
@calls 0 7484
@calls 0 7485
@calls 0 7486
@calls 0 7487
@calls 0 7488
@calls 0 7489
@calls 0 7490
@calls 0 7491
@calls 0 7492
@calls 0 7493
@calls 0 7494
@calls 0 7495
@calls 0 7496
@calls 0 7497
@calls 0 7498
@calls 0 7499
@calls 0 7500
@calls 0 7501
@calls 0 7502
@calls 0 7503
@calls 0 7504
@calls 0 7505
@calls 0 7506
@calls 0 7507
@calls 0 7508
@calls 0 7509
@calls 0 7510
@calls 0 7511
@calls 0 7512
@calls 0 7513
@calls 0 7514
@calls 0 7515
@calls 0 7516
@calls 0 7517
@calls 0 7518
@calls 0 7519
@calls 0 7520
@calls 0 7521
@calls 0 7522
@calls 0 7523
@calls 0 7524
@calls 0 7525
@calls 0 7526
@calls 0 7527
@calls 0 7528
@calls 0 7529
@calls 0 7530
@calls 0 7531
@calls 0 7532
@calls 0 7533
@calls 0 7534
@calls 0 7535
@calls 0 7536
@calls 0 7537
@calls 0 7538
@calls 0 7539
@calls 0 7540
@calls 0 7541
@calls 0 7542
@calls 0 7543
@calls 0 7544
@calls 0 7545
@calls 0 7546
@calls 0 7547
@calls 0 7548
@calls 0 7549
@calls 0 7550
@calls 0 7551
@calls 0 7552
@calls 0 7553
@calls 0 7554
@calls 0 7555
@calls 0 7556
@calls 0 7557
@calls 0 7558
@calls 0 7559
@calls 0 7560
@calls 0 7561
@calls 0 7562
@calls 0 7563
@calls 0 7564
@calls 0 7565
@calls 0 7566
@calls 0 7567
@calls 0 7568
@calls 0 7569
@calls 0 7570
@calls 0 7571
@calls 0 7572
@calls 0 7573
@calls 0 7574
@calls 0 7575
@calls 0 7576
@calls 0 7577
@calls 0 7578
@calls 0 7579
@calls 0 7580
@calls 0 7581
@calls 0 7582
@calls 0 7583
@calls 0 7584
@calls 0 7585
@calls 0 7586
@calls 0 7587
@calls 0 7588
@calls 0 7589
@calls 0 7590
@calls 0 7591
@calls 0 7592
@calls 0 7593
@calls 0 7594
@calls 0 7595
@calls 0 7596
@calls 0 7597
@calls 0 7598
@calls 0 7599
@calls 0 7600
@calls 0 7601
@calls 0 7602
@calls 0 7603
@calls 0 7604
@calls 0 7605
@calls 0 7606
@calls 0 7607
@calls 0 7608
@calls 0 7609
@calls 0 7610
@calls 0 7611
@calls 0 7612
@calls 0 7613
@calls 0 7614
@calls 0 7615
@calls 0 7616
@calls 0 7617
@calls 0 7618
@calls 0 7619
@calls 0 7620
@calls 0 7621
@calls 0 7622
@calls 0 7623
@calls 0 7624
@calls 0 7625
@calls 0 7626
@calls 0 7627
@calls 0 7628
@calls 0 7629
@calls 0 7630
@calls 0 7631
@calls 0 7632
@calls 0 7633
@calls 0 7634
@calls 0 7635
@calls 0 7636
@calls 0 7637
@calls 0 7638
@calls 0 7639
@calls 0 7640
@calls 0 7641
@calls 0 7642
@calls 0 7643
@calls 0 7644
@calls 0 7645
@calls 0 7646
@calls 0 7647
@calls 0 7648
@calls 0 7649
@calls 0 7650
@calls 0 7651
@calls 0 7652
@calls 0 7653
@calls 0 7654
@calls 0 7655
@calls 0 7656
@calls 0 7657
@calls 0 7658
@calls 0 7659
@calls 0 7660
@calls 0 7661
@calls 0 7662
@calls 0 7663
@calls 0 7664
@calls 0 7665
@calls 0 7666
@calls 0 7667
@calls 0 7668
@calls 0 7669
@calls 0 7670
@calls 0 7671
@calls 0 7672
@calls 0 7673
@calls 0 7674
@calls 0 7675
@calls 0 7676
@calls 0 7677
@calls 0 7678
@calls 0 7679
@calls 0 7680
@calls 0 7681
@calls 0 7682
@calls 0 7683
@calls 0 7684
@calls 0 7685
@calls 0 7686
@calls 0 7687
@calls 0 7688
@calls 0 7689
@calls 0 7690
@calls 0 7691
@calls 0 7692
@calls 0 7693
@calls 0 7694
@calls 0 7695
@calls 0 7696
@calls 0 7697
@calls 0 7698
@calls 0 7699
@calls 0 7700
@calls 0 7701
@calls 0 7702
@calls 0 7703
@calls 0 7704
@calls 0 7705
@calls 0 7706
@calls 0 7707
@calls 0 7708
@calls 0 7709
@calls 0 7710
@calls 0 7711
@calls 0 7712
@calls 0 7713
@calls 0 7714
@calls 0 7715
@calls 0 7716
@calls 0 7717
@calls 0 7718
@calls 0 7719
@calls 0 7720
@calls 0 7721
@calls 0 7722
@calls 0 7723
@calls 0 7724
@calls 0 7725
@calls 0 7726
@calls 0 7727
@calls 0 7728
@calls 0 7729
@calls 0 7730
@calls 0 7731
@calls 0 7732
@calls 0 7733
@calls 0 7734
@calls 0 7735
@calls 0 7736
@calls 0 7737
@calls 0 7738
@calls 0 7739
@calls 0 7740
@calls 0 7741
@calls 0 7742
@calls 0 7743
@calls 0 7744
@calls 0 7745
@calls 0 7746
@calls 0 7747
@calls 0 7748
@calls 0 7749
@calls 0 7750
@calls 0 7751
@calls 0 7752
@calls 0 7753
@calls 0 7754
@calls 0 7755
@calls 0 7756
@calls 0 7757
@calls 0 7758
@calls 0 7759
@calls 0 7760
@calls 0 7761
@calls 0 7762
@calls 0 7763
@calls 0 7764
@calls 0 7765
@calls 0 7766
@calls 0 7767
@calls 0 7768
@calls 0 7769
@calls 0 7770
@calls 0 7771
@calls 0 7772
@calls 0 7773
@calls 0 7774
@calls 0 7775
@calls 0 7776
@calls 0 7777
@calls 0 7778
@calls 0 7779
@calls 0 7780
@calls 0 7781
@calls 0 7782
@calls 0 7783
@calls 0 7784
@calls 0 7785
@calls 0 7786
@calls 0 7787
@calls 0 7788
@calls 0 7789
@calls 0 7790
@calls 0 7791
@calls 0 7792
@calls 0 7793
@calls 0 7794
@calls 0 7795
@calls 0 7796
@calls 0 7797
@calls 0 7798
@calls 0 7799
@calls 0 7800
@calls 0 7801
@calls 0 7802
@calls 0 7803
@calls 0 7804
@calls 0 7805
@calls 0 7806
@calls 0 7807
@calls 0 7808
@calls 0 7809
@calls 0 7810
@calls 0 7811
@calls 0 7812
@calls 0 7813
@calls 0 7814
@calls 0 7815
@calls 0 7816
@calls 0 7817
@calls 0 7818
@calls 0 7819
@calls 0 7820
@calls 0 7821
@calls 0 7822
@calls 0 7823
@calls 0 7824
@calls 0 7825
@calls 0 7826
@calls 0 7827
@calls 0 7828
@calls 0 7829
@calls 0 7830
@calls 0 7831
@calls 0 7832
@calls 0 7833
@calls 0 7834
@calls 0 7835
@calls 0 7836
@calls 0 7837
@calls 0 7838
@calls 0 7839
@calls 0 7840
@calls 0 7841
@calls 0 7842
@calls 0 7843
@calls 0 7844
@calls 0 7845
@calls 0 7846
@calls 0 7847
@calls 0 7848
@calls 0 7849
@calls 0 7850
@calls 0 7851
@calls 0 7852
@calls 0 7853
@calls 0 7854
@calls 0 7855
@calls 0 7856
@calls 0 7857
@calls 0 7858
@calls 0 7859
@calls 0 7860
@calls 0 7861
@calls 0 7862
@calls 0 7863
@calls 0 7864
@calls 0 7865
@calls 0 7866
@calls 0 7867
@calls 0 7868
@calls 0 7869
@calls 0 7870
@calls 0 7871
@calls 0 7872
@calls 0 7873
@calls 0 7874
@calls 0 7875
@calls 0 7876
@calls 0 7877
@calls 0 7878
@calls 0 7879
@calls 0 7880
@calls 0 7881
@calls 0 7882
@calls 0 7883
@calls 0 7884
@calls 0 7885
@calls 0 7886
@calls 0 7887
@calls 0 7888
@calls 0 7889
@calls 0 7890
@calls 0 7891
@calls 0 7892
@calls 0 7893
@calls 0 7894
@calls 0 7895
@calls 0 7896
@calls 0 7897
@calls 0 7898
@calls 0 7899
@calls 0 7900
@calls 0 7901
@calls 0 7902
@calls 0 7903
@calls 0 7904
@calls 0 7905
@calls 0 7906
@calls 0 7907
@calls 0 7908
@calls 0 7909
@calls 0 7910
@calls 0 7911
@calls 0 7912
@calls 0 7913
@calls 0 7914
@calls 0 7915
@calls 0 7916
@calls 0 7917
@calls 0 7918
@calls 0 7919
@calls 0 7920
@calls 0 7921
@calls 0 7922
@calls 0 7923
@calls 0 7924
@calls 0 7925
@calls 0 7926
@calls 0 7927
@calls 0 7928
@calls 0 7929
@calls 0 7930
@calls 0 7931
@calls 0 7932
@calls 0 7933
@calls 0 7934
@calls 0 7935
@calls 0 7936
@calls 0 7937
@calls 0 7938
@calls 0 7939
@calls 0 7940
@calls 0 7941
@calls 0 7942
@calls 0 7943
@calls 0 7944
@calls 0 7945
@calls 0 7946
@calls 0 7947
@calls 0 7948
@calls 0 7949
@calls 0 7950
@calls 0 7951
@calls 0 7952
@calls 0 7953
@calls 0 7954
@calls 0 7955
@calls 0 7956
@calls 0 7957
@calls 0 7958
@calls 0 7959
@calls 0 7960
@calls 0 7961
@calls 0 7962
@calls 0 7963
@calls 0 7964
@calls 0 7965
@calls 0 7966
@calls 0 7967
@calls 0 7968
@calls 0 7969
@calls 0 7970
@calls 0 7971
@calls 0 7972
@calls 0 7973
@calls 0 7974
@calls 0 7975
@calls 0 7976
@calls 0 7977
@calls 0 7978
@calls 0 7979
@calls 0 7980
@calls 0 7981
@calls 0 7982
@calls 0 7983
@calls 0 7984
@calls 0 7985
@calls 0 7986
@calls 0 7987
@calls 0 7988
@calls 0 7989
@calls 0 7990
@calls 0 7991
@calls 0 7992
@calls 0 7993
@calls 0 7994
@calls 0 7995
@calls 0 7996
@calls 0 7997
@calls 0 7998
@calls 0 7999
@calls 0 8000
@calls 0 8001
@calls 0 8002
@calls 0 8003
@calls 0 8004
@calls 0 8005
@calls 0 8006
@calls 0 8007
@calls 0 8008
@calls 0 8009
@calls 0 8010
@calls 0 8011
@calls 0 8012
@calls 0 8013
@calls 0 8014
@calls 0 8015
@calls 0 8016
@calls 0 8017
@calls 0 8018
@calls 0 8019
@calls 0 8020
@calls 0 8021
@calls 0 8022
@calls 0 8023
@calls 0 8024
@calls 0 8025
@calls 0 8026
@calls 0 8027
@calls 0 8028
@calls 0 8029
@calls 0 8030
@calls 0 8031
@calls 0 8032
@calls 0 8033
@calls 0 8034
@calls 0 8035
@calls 0 8036
@calls 0 8037
@calls 0 8038
@calls 0 8039
@calls 0 8040
@calls 0 8041
@calls 0 8042
@calls 0 8043
@calls 0 8044
@calls 0 8045
@calls 0 8046
@calls 0 8047
@calls 0 8048
@calls 0 8049
@calls 0 8050
@calls 0 8051
@calls 0 8052
@calls 0 8053
@calls 0 8054
@calls 0 8055
@calls 0 8056
@calls 0 8057
@calls 0 8058
@calls 0 8059
@calls 0 8060
@calls 0 8061
@calls 0 8062
@calls 0 8063
@calls 0 8064
@calls 0 8065
@calls 0 8066
@calls 0 8067
@calls 0 8068
@calls 0 8069
@calls 0 8070
@calls 0 8071
@calls 0 8072
@calls 0 8073
@calls 0 8074
@calls 0 8075
@calls 0 8076
@calls 0 8077
@calls 0 8078
@calls 0 8079
@calls 0 8080
@calls 0 8081
@calls 0 8082
@calls 0 8083
@calls 0 8084
@calls 0 8085
@calls 0 8086
@calls 0 8087
@calls 0 8088
@calls 0 8089
@calls 0 8090
@calls 0 8091
@calls 0 8092
@calls 0 8093
@calls 0 8094
@calls 0 8095
@calls 0 8096
@calls 0 8097
@calls 0 8098
@calls 0 8099
@calls 0 8100
@calls 0 8101
@calls 0 8102
@calls 0 8103
@calls 0 8104
@calls 0 8105
@calls 0 8106
@calls 0 8107
@calls 0 8108
@calls 0 8109
@calls 0 8110
@calls 0 8111
@calls 0 8112
@calls 0 8113
@calls 0 8114
@calls 0 8115
@calls 0 8116
@calls 0 8117
@calls 0 8118
@calls 0 8119
@calls 0 8120
@calls 0 8121
@calls 0 8122
@calls 0 8123
@calls 0 8124
@calls 0 8125
@calls 0 8126
@calls 0 8127
@calls 0 8128
@calls 0 8129
@calls 0 8130
@calls 0 8131
@calls 0 8132
@calls 0 8133
@calls 0 8134
@calls 0 8135
@calls 0 8136
@calls 0 8137
@calls 0 8138
@calls 0 8139
@calls 0 8140
@calls 0 8141
@calls 0 8142
@calls 0 8143
@calls 0 8144
@calls 0 8145
@calls 0 8146
@calls 0 8147
@calls 0 8148
@calls 0 8149
@calls 0 8150
@calls 0 8151
@calls 0 8152
@calls 0 8153
@calls 0 8154
@calls 0 8155
@calls 0 8156
@calls 0 8157
@calls 0 8158
@calls 0 8159
@calls 0 8160
@calls 0 8161
@calls 0 8162
@calls 0 8163
@calls 0 8164
@calls 0 8165
@calls 0 8166
@calls 0 8167
@calls 0 8168
@calls 0 8169
@calls 0 8170
@calls 0 8171
@calls 0 8172
@calls 0 8173
@calls 0 8174
@calls 0 8175
@calls 0 8176
@calls 0 8177
@calls 0 8178
@calls 0 8179
@calls 0 8180
@calls 0 8181
@calls 0 8182
@calls 0 8183
@calls 0 8184
@calls 0 8185
@calls 0 8186
@calls 0 8187
@calls 0 8188
@calls 0 8189
@calls 0 8190
@calls 0 8191
@calls 0 8192
@calls 0 8193
@calls 0 8194
@calls 0 8195
@calls 0 8196
@calls 0 8197
@calls 0 8198
@calls 0 8199
@calls 0 8200
@calls 0 8201
@calls 0 8202
@calls 0 8203
@calls 0 8204
@calls 0 8205
@calls 0 8206
@calls 0 8207
@calls 0 8208
@calls 0 8209
@calls 0 8210
@calls 0 8211
@calls 0 8212
@calls 0 8213
@calls 0 8214
@calls 0 8215
@calls 0 8216
@calls 0 8217
@calls 0 8218
@calls 0 8219
@calls 0 8220
@calls 0 8221
@calls 0 8222
@calls 0 8223
@calls 0 8224
@calls 0 8225
@calls 0 8226
@calls 0 8227
@calls 0 8228
@calls 0 8229
@calls 0 8230
@calls 0 8231
@calls 0 8232
@calls 0 8233
@calls 0 8234
@calls 0 8235
@calls 0 8236
@calls 0 8237
@calls 0 8238
@calls 0 8239
@calls 0 8240
@calls 0 8241
@calls 0 8242
@calls 0 8243
@calls 0 8244
@calls 0 8245
@calls 0 8246
@calls 0 8247
@calls 0 8248
@calls 0 8249
@calls 0 8250
@calls 0 8251
@calls 0 8252
@calls 0 8253
@calls 0 8254
@calls 0 8255
@calls 0 8256
@calls 0 8257
@calls 0 8258
@calls 0 8259
@calls 0 8260
@calls 0 8261
@calls 0 8262
@calls 0 8263
@calls 0 8264
@calls 0 8265
@calls 0 8266
@calls 0 8267
@calls 0 8268
@calls 0 8269
@calls 0 8270
@calls 0 8271
@calls 0 8272
@calls 0 8273
@calls 0 8274
@calls 0 8275
@calls 0 8276
@calls 0 8277
@calls 0 8278
@calls 0 8279
@calls 0 8280
@calls 0 8281
@calls 0 8282
@calls 0 8283
@calls 0 8284
@calls 0 8285
@calls 0 8286
@calls 0 8287
@calls 0 8288
@calls 0 8289
@calls 0 8290
@calls 0 8291
@calls 0 8292
@calls 0 8293
@calls 0 8294
@calls 0 8295
@calls 0 8296
@calls 0 8297
@calls 0 8298
@calls 0 8299
@calls 0 8300
@calls 0 8301
@calls 0 8302
@calls 0 8303
@calls 0 8304
@calls 0 8305
@calls 0 8306
@calls 0 8307
@calls 0 8308
@calls 0 8309
@calls 0 8310
@calls 0 8311
@calls 0 8312
@calls 0 8313
@calls 0 8314
@calls 0 8315
@calls 0 8316
@calls 0 8317
@calls 0 8318
@calls 0 8319
@calls 0 8320
@calls 0 8321
@calls 0 8322
@calls 0 8323
@calls 0 8324
@calls 0 8325
@calls 0 8326
@calls 0 8327
@calls 0 8328
@calls 0 8329
@calls 0 8330
@calls 0 8331
@calls 0 8332
@calls 0 8333
@calls 0 8334
@calls 0 8335
@calls 0 8336
@calls 0 8337
@calls 0 8338
@calls 0 8339
@calls 0 8340
@calls 0 8341
@calls 0 8342
@calls 0 8343
@calls 0 8344
@calls 0 8345
@calls 0 8346
@calls 0 8347
@calls 0 8348
@calls 0 8349
@calls 0 8350
@calls 0 8351
@calls 0 8352
@calls 0 8353
@calls 0 8354
@calls 0 8355
@calls 0 8356
@calls 0 8357
@calls 0 8358
@calls 0 8359
@calls 0 8360
@calls 0 8361
@calls 0 8362
@calls 0 8363
@calls 0 8364
@calls 0 8365
@calls 0 8366
@calls 0 8367
@calls 0 8368
@calls 0 8369
@calls 0 8370
@calls 0 8371
@calls 0 8372
@calls 0 8373
@calls 0 8374
@calls 0 8375
@calls 0 8376
@calls 0 8377
@calls 0 8378
@calls 0 8379
@calls 0 8380
@calls 0 8381
@calls 0 8382
@calls 0 8383
@calls 0 8384
@calls 0 8385
@calls 0 8386
@calls 0 8387
@calls 0 8388
@calls 0 8389
@calls 0 8390
@calls 0 8391
@calls 0 8392
@calls 0 8393
@calls 0 8394
@calls 0 8395
@calls 0 8396
@calls 0 8397
@calls 0 8398
@calls 0 8399
@calls 0 8400
@calls 0 8401
@calls 0 8402
@calls 0 8403
@calls 0 8404
@calls 0 8405
@calls 0 8406
@calls 0 8407
@calls 0 8408
@calls 0 8409
@calls 0 8410
@calls 0 8411
@calls 0 8412
@calls 0 8413
@calls 0 8414
@calls 0 8415
@calls 0 8416
@calls 0 8417
@calls 0 8418
@calls 0 8419
@calls 0 8420
@calls 0 8421
@calls 0 8422
@calls 0 8423
@calls 0 8424
@calls 0 8425
@calls 0 8426
@calls 0 8427
@calls 0 8428
@calls 0 8429
@calls 0 8430
@calls 0 8431
@calls 0 8432
@calls 0 8433
@calls 0 8434
@calls 0 8435
@calls 0 8436
@calls 0 8437
@calls 0 8438
@calls 0 8439
@calls 0 8440
@calls 0 8441
@calls 0 8442
@calls 0 8443
@calls 0 8444
@calls 0 8445
@calls 0 8446
@calls 0 8447
@calls 0 8448
@calls 0 8449
@calls 0 8450
@calls 0 8451
@calls 0 8452
@calls 0 8453
@calls 0 8454
@calls 0 8455
@calls 0 8456
@calls 0 8457
@calls 0 8458
@calls 0 8459
@calls 0 8460
@calls 0 8461
@calls 0 8462
@calls 0 8463
@calls 0 8464
@calls 0 8465
@calls 0 8466
@calls 0 8467
@calls 0 8468
@calls 0 8469
@calls 0 8470
@calls 0 8471
@calls 0 8472
@calls 0 8473
@calls 0 8474
@calls 0 8475
@calls 0 8476
@calls 0 8477
@calls 0 8478
@calls 0 8479
@calls 0 8480
@calls 0 8481
@calls 0 8482
@calls 0 8483
@calls 0 8484
@calls 0 8485
@calls 0 8486
@calls 0 8487
@calls 0 8488
@calls 0 8489
@calls 0 8490
@calls 0 8491
@calls 0 8492
@calls 0 8493
@calls 0 8494
@calls 0 8495
@calls 0 8496
@calls 0 8497
@calls 0 8498
@calls 0 8499
@calls 0 8500
@calls 0 8501
@calls 0 8502
@calls 0 8503
@calls 0 8504
@calls 0 8505
@calls 0 8506
@calls 0 8507
@calls 0 8508
@calls 0 8509
@calls 0 8510
@calls 0 8511
@calls 0 8512
@calls 0 8513
@calls 0 8514
@calls 0 8515
@calls 0 8516
@calls 0 8517
@calls 0 8518
@calls 0 8519
@calls 0 8520
@calls 0 8521
@calls 0 8522
@calls 0 8523
@calls 0 8524
@calls 0 8525
@calls 0 8526
@calls 0 8527
@calls 0 8528
@calls 0 8529
@calls 0 8530
@calls 0 8531
@calls 0 8532
@calls 0 8533
@calls 0 8534
@calls 0 8535
@calls 0 8536
@calls 0 8537
@calls 0 8538
@calls 0 8539
@calls 0 8540
@calls 0 8541
@calls 0 8542
@calls 0 8543
@calls 0 8544
@calls 0 8545
@calls 0 8546
@calls 0 8547
@calls 0 8548
@calls 0 8549
@calls 0 8550
@calls 0 8551
@calls 0 8552
@calls 0 8553
@calls 0 8554
@calls 0 8555
@calls 0 8556
@calls 0 8557
@calls 0 8558
@calls 0 8559
@calls 0 8560
@calls 0 8561
@calls 0 8562
@calls 0 8563
@calls 0 8564
@calls 0 8565
@calls 0 8566
@calls 0 8567
@calls 0 8568
@calls 0 8569
@calls 0 8570
@calls 0 8571
@calls 0 8572
@calls 0 8573
@calls 0 8574
@calls 0 8575
@calls 0 8576
@calls 0 8577
@calls 0 8578
@calls 0 8579
@calls 0 8580
@calls 0 8581
@calls 0 8582
@calls 0 8583
@calls 0 8584
@calls 0 8585
@calls 0 8586
@calls 0 8587
@calls 0 8588
@calls 0 8589
@calls 0 8590
@calls 0 8591
@calls 0 8592
@calls 0 8593
@calls 0 8594
@calls 0 8595
@calls 0 8596
@calls 0 8597
@calls 0 8598
@calls 0 8599
@calls 0 8600
@calls 0 8601
@calls 0 8602
@calls 0 8603
@calls 0 8604
@calls 0 8605
@calls 0 8606
@calls 0 8607
@calls 0 8608
@calls 0 8609
@calls 0 8610
@calls 0 8611
@calls 0 8612
@calls 0 8613
@calls 0 8614
@calls 0 8615
@calls 0 8616
@calls 0 8617
@calls 0 8618
@calls 0 8619
@calls 0 8620
@calls 0 8621
@calls 0 8622
@calls 0 8623
@calls 0 8624
@calls 0 8625
@calls 0 8626
@calls 0 8627
@calls 0 8628
@calls 0 8629
@calls 0 8630
@calls 0 8631
@calls 0 8632
@calls 0 8633
@calls 0 8634
@calls 0 8635
@calls 0 8636
@calls 0 8637
@calls 0 8638
@calls 0 8639
@calls 0 8640
@calls 0 8641
@calls 0 8642
@calls 0 8643
@calls 0 8644
@calls 0 8645
@calls 0 8646
@calls 0 8647
@calls 0 8648
@calls 0 8649
@calls 0 8650
@calls 0 8651
@calls 0 8652
@calls 0 8653
@calls 0 8654
@calls 0 8655
@calls 0 8656
@calls 0 8657
@calls 0 8658
@calls 0 8659
@calls 0 8660
@calls 0 8661
@calls 0 8662
@calls 0 8663
@calls 0 8664
@calls 0 8665
@calls 0 8666
@calls 0 8667
@calls 0 8668
@calls 0 8669
@calls 0 8670
@calls 0 8671
@calls 0 8672
@calls 0 8673
@calls 0 8674
@calls 0 8675
@calls 0 8676
@calls 0 8677
@calls 0 8678
@calls 0 8679
@calls 0 8680
@calls 0 8681
@calls 0 8682
@calls 0 8683
@calls 0 8684
@calls 0 8685
@calls 0 8686
@calls 0 8687
@calls 0 8688
@calls 0 8689
@calls 0 8690
@calls 0 8691
@calls 0 8692
@calls 0 8693
@calls 0 8694
@calls 0 8695
@calls 0 8696
@calls 0 8697
@calls 0 8698
@calls 0 8699
@calls 0 8700
@calls 0 8701
@calls 0 8702
@calls 0 8703
@calls 0 8704
@calls 0 8705
@calls 0 8706
@calls 0 8707
@calls 0 8708
@calls 0 8709
@calls 0 8710
@calls 0 8711
@calls 0 8712
@calls 0 8713
@calls 0 8714
@calls 0 8715
@calls 0 8716
@calls 0 8717
@calls 0 8718
@calls 0 8719
@calls 0 8720
@calls 0 8721
@calls 0 8722
@calls 0 8723
@calls 0 8724
@calls 0 8725
@calls 0 8726
@calls 0 8727
@calls 0 8728
@calls 0 8729
@calls 0 8730
@calls 0 8731
@calls 0 8732
@calls 0 8733
@calls 0 8734
@calls 0 8735
@calls 0 8736
@calls 0 8737
@calls 0 8738
@calls 0 8739
@calls 0 8740
@calls 0 8741
@calls 0 8742
@calls 0 8743
@calls 0 8744
@calls 0 8745
@calls 0 8746
@calls 0 8747
@calls 0 8748
@calls 0 8749
@calls 0 8750
@calls 0 8751
@calls 0 8752
@calls 0 8753
@calls 0 8754
@calls 0 8755
@calls 0 8756
@calls 0 8757
@calls 0 8758
@calls 0 8759
@calls 0 8760
@calls 0 8761
@calls 0 8762
@calls 0 8763
@calls 0 8764
@calls 0 8765
@calls 0 8766
@calls 0 8767
@calls 0 8768
@calls 0 8769
@calls 0 8770
@calls 0 8771
@calls 0 8772
@calls 0 8773
@calls 0 8774
@calls 0 8775
@calls 0 8776
@calls 0 8777
@calls 0 8778
@calls 0 8779
@calls 0 8780
@calls 0 8781
@calls 0 8782
@calls 0 8783
@calls 0 8784
@calls 0 8785
@calls 0 8786
@calls 0 8787
@calls 0 8788
@calls 0 8789
@calls 0 8790
@calls 0 8791
@calls 0 8792
@calls 0 8793
@calls 0 8794
@calls 0 8795
@calls 0 8796
@calls 0 8797
@calls 0 8798
@calls 0 8799
@calls 0 8800
@calls 0 8801
@calls 0 8802
@calls 0 8803
@calls 0 8804
@calls 0 8805
@calls 0 8806
@calls 0 8807
@calls 0 8808
@calls 0 8809
@calls 0 8810
@calls 0 8811
@calls 0 8812
@calls 0 8813
@calls 0 8814
@calls 0 8815
@calls 0 8816
@calls 0 8817
@calls 0 8818
@calls 0 8819
@calls 0 8820
@calls 0 8821
@calls 0 8822
@calls 0 8823
@calls 0 8824
@calls 0 8825
@calls 0 8826
@calls 0 8827
@calls 0 8828
@calls 0 8829
@calls 0 8830
@calls 0 8831
@calls 0 8832
@calls 0 8833
@calls 0 8834
@calls 0 8835
@calls 0 8836
@calls 0 8837
@calls 0 8838
@calls 0 8839
@calls 0 8840
@calls 0 8841
@calls 0 8842
@calls 0 8843
@calls 0 8844
@calls 0 8845
@calls 0 8846
@calls 0 8847
@calls 0 8848
@calls 0 8849
@calls 0 8850
@calls 0 8851
@calls 0 8852
@calls 0 8853
@calls 0 8854
@calls 0 8855
@calls 0 8856
@calls 0 8857
@calls 0 8858
@calls 0 8859
@calls 0 8860
@calls 0 8861
@calls 0 8862
@calls 0 8863
@calls 0 8864
@calls 0 8865
@calls 0 8866
@calls 0 8867
@calls 0 8868
@calls 0 8869
@calls 0 8870
@calls 0 8871
@calls 0 8872
@calls 0 8873
@calls 0 8874
@calls 0 8875
@calls 0 8876
@calls 0 8877
@calls 0 8878
@calls 0 8879
@calls 0 8880
@calls 0 8881
@calls 0 8882
@calls 0 8883
@calls 0 8884
@calls 0 8885
@calls 0 8886
@calls 0 8887
@calls 0 8888
@calls 0 8889
@calls 0 8890
@calls 0 8891
@calls 0 8892
@calls 0 8893
@calls 0 8894
@calls 0 8895
@calls 0 8896
@calls 0 8897
@calls 0 8898
@calls 0 8899
@calls 0 8900
@calls 0 8901
@calls 0 8902
@calls 0 8903
@calls 0 8904
@calls 0 8905
@calls 0 8906
@calls 0 8907
@calls 0 8908
@calls 0 8909
@calls 0 8910
@calls 0 8911
@calls 0 8912
@calls 0 8913
@calls 0 8914
@calls 0 8915
@calls 0 8916
@calls 0 8917
@calls 0 8918
@calls 0 8919
@calls 0 8920
@calls 0 8921
@calls 0 8922
@calls 0 8923
@calls 0 8924
@calls 0 8925
@calls 0 8926
@calls 0 8927
@calls 0 8928
@calls 0 8929
@calls 0 8930
@calls 0 8931
@calls 0 8932
@calls 0 8933
@calls 0 8934
@calls 0 8935
@calls 0 8936
@calls 0 8937
@calls 0 8938
@calls 0 8939
@calls 0 8940
@calls 0 8941
@calls 0 8942
@calls 0 8943
@calls 0 8944
@calls 0 8945
@calls 0 8946
@calls 0 8947
@calls 0 8948
@calls 0 8949
@calls 0 8950
@calls 0 8951
@calls 0 8952
@calls 0 8953
@calls 0 8954
@calls 0 8955
@calls 0 8956
@calls 0 8957
@calls 0 8958
@calls 0 8959
@calls 0 8960
@calls 0 8961
@calls 0 8962
@calls 0 8963
@calls 0 8964
@calls 0 8965
@calls 0 8966
@calls 0 8967
@calls 0 8968
@calls 0 8969
@calls 0 8970
@calls 0 8971
@calls 0 8972
@calls 0 8973
@calls 0 8974
@calls 0 8975
@calls 0 8976
@calls 0 8977
@calls 0 8978
@calls 0 8979
@calls 0 8980
@calls 0 8981
@calls 0 8982
@calls 0 8983
@calls 0 8984
@calls 0 8985
@calls 0 8986
@calls 0 8987
@calls 0 8988
@calls 0 8989
@calls 0 8990
@calls 0 8991
@calls 0 8992
@calls 0 8993
@calls 0 8994
@calls 0 8995
@calls 0 8996
@calls 0 8997
@calls 0 8998
@calls 0 8999
@calls 0 9000
@calls 0 9001
@calls 0 9002
@calls 0 9003
@calls 0 9004
@calls 0 9005
@calls 0 9006
@calls 0 9007
@calls 0 9008
@calls 0 9009
@calls 0 9010
@calls 0 9011
@calls 0 9012
@calls 0 9013
@calls 0 9014
@calls 0 9015
@calls 0 9016
@calls 0 9017
@calls 0 9018
@calls 0 9019
@calls 0 9020
@calls 0 9021
@calls 0 9022
@calls 0 9023
@calls 0 9024
@calls 0 9025
@calls 0 9026
@calls 0 9027
@calls 0 9028
@calls 0 9029
@calls 0 9030
@calls 0 9031
@calls 0 9032
@calls 0 9033
@calls 0 9034
@calls 0 9035
@calls 0 9036
@calls 0 9037
@calls 0 9038
@calls 0 9039
@calls 0 9040
@calls 0 9041
@calls 0 9042
@calls 0 9043
@calls 0 9044
@calls 0 9045
@calls 0 9046
@calls 0 9047
@calls 0 9048
@calls 0 9049
@calls 0 9050
@calls 0 9051
@calls 0 9052
@calls 0 9053
@calls 0 9054
@calls 0 9055
@calls 0 9056
@calls 0 9057
@calls 0 9058
@calls 0 9059
@calls 0 9060
@calls 0 9061
@calls 0 9062
@calls 0 9063
@calls 0 9064
@calls 0 9065
@calls 0 9066
@calls 0 9067
@calls 0 9068
@calls 0 9069
@calls 0 9070
@calls 0 9071
@calls 0 9072
@calls 0 9073
@calls 0 9074
@calls 0 9075
@calls 0 9076
@calls 0 9077
@calls 0 9078
@calls 0 9079
@calls 0 9080
@calls 0 9081
@calls 0 9082
@calls 0 9083
@calls 0 9084
@calls 0 9085
@calls 0 9086
@calls 0 9087
@calls 0 9088
@calls 0 9089
@calls 0 9090
@calls 0 9091
@calls 0 9092
@calls 0 9093
@calls 0 9094
@calls 0 9095
@calls 0 9096
@calls 0 9097
@calls 0 9098
@calls 0 9099
@calls 0 9100
@calls 0 9101
@calls 0 9102
@calls 0 9103
@calls 0 9104
@calls 0 9105
@calls 0 9106
@calls 0 9107
@calls 0 9108
@calls 0 9109
@calls 0 9110
@calls 0 9111
@calls 0 9112
@calls 0 9113
@calls 0 9114
@calls 0 9115
@calls 0 9116
@calls 0 9117
@calls 0 9118
@calls 0 9119
@calls 0 9120
@calls 0 9121
@calls 0 9122
@calls 0 9123
@calls 0 9124
@calls 0 9125
@calls 0 9126
@calls 0 9127
@calls 0 9128
@calls 0 9129
@calls 0 9130
@calls 0 9131
@calls 0 9132
@calls 0 9133
@calls 0 9134
@calls 0 9135
@calls 0 9136
@calls 0 9137
@calls 0 9138
@calls 0 9139
@calls 0 9140
@calls 0 9141
@calls 0 9142
@calls 0 9143
@calls 0 9144
@calls 0 9145
@calls 0 9146
@calls 0 9147
@calls 0 9148
@calls 0 9149
@calls 0 9150
@calls 0 9151
@calls 0 9152
@calls 0 9153
@calls 0 9154
@calls 0 9155
@calls 0 9156
@calls 0 9157
@calls 0 9158
@calls 0 9159
@calls 0 9160
@calls 0 9161
@calls 0 9162
@calls 0 9163
@calls 0 9164
@calls 0 9165
@calls 0 9166
@calls 0 9167
@calls 0 9168
@calls 0 9169
@calls 0 9170
@calls 0 9171
@calls 0 9172
@calls 0 9173
@calls 0 9174
@calls 0 9175
@calls 0 9176
@calls 0 9177
@calls 0 9178
@calls 0 9179
@calls 0 9180
@calls 0 9181
@calls 0 9182
@calls 0 9183
@calls 0 9184
@calls 0 9185
@calls 0 9186
@calls 0 9187
@calls 0 9188
@calls 0 9189
@calls 0 9190
@calls 0 9191
@calls 0 9192
@calls 0 9193
@calls 0 9194
@calls 0 9195
@calls 0 9196
@calls 0 9197
@calls 0 9198
@calls 0 9199
@calls 0 9200
@calls 0 9201
@calls 0 9202
@calls 0 9203
@calls 0 9204
@calls 0 9205
@calls 0 9206
@calls 0 9207
@calls 0 9208
@calls 0 9209
@calls 0 9210
@calls 0 9211
@calls 0 9212
@calls 0 9213
@calls 0 9214
@calls 0 9215
@calls 0 9216
@calls 0 9217
@calls 0 9218
@calls 0 9219
@calls 0 9220
@calls 0 9221
@calls 0 9222
@calls 0 9223
@calls 0 9224
@calls 0 9225
@calls 0 9226
@calls 0 9227
@calls 0 9228
@calls 0 9229
@calls 0 9230
@calls 0 9231
@calls 0 9232
@calls 0 9233
@calls 0 9234
@calls 0 9235
@calls 0 9236
@calls 0 9237
@calls 0 9238
@calls 0 9239
@calls 0 9240
@calls 0 9241
@calls 0 9242
@calls 0 9243
@calls 0 9244
@calls 0 9245
@calls 0 9246
@calls 0 9247
@calls 0 9248
@calls 0 9249
@calls 0 9250
@calls 0 9251
@calls 0 9252
@calls 0 9253
@calls 0 9254
@calls 0 9255
@calls 0 9256
@calls 0 9257
@calls 0 9258
@calls 0 9259
@calls 0 9260
@calls 0 9261
@calls 0 9262
@calls 0 9263
@calls 0 9264
@calls 0 9265
@calls 0 9266
@calls 0 9267
@calls 0 9268
@calls 0 9269
@calls 0 9270
@calls 0 9271
@calls 0 9272
@calls 0 9273
@calls 0 9274
@calls 0 9275
@calls 0 9276
@calls 0 9277
@calls 0 9278
@calls 0 9279
@calls 0 9280
@calls 0 9281
@calls 0 9282
@calls 0 9283
@calls 0 9284
@calls 0 9285
@calls 0 9286
@calls 0 9287
@calls 0 9288
@calls 0 9289
@calls 0 9290
@calls 0 9291
@calls 0 9292
@calls 0 9293
@calls 0 9294
@calls 0 9295
@calls 0 9296
@calls 0 9297
@calls 0 9298
@calls 0 9299
@calls 0 9300
@calls 0 9301
@calls 0 9302
@calls 0 9303
@calls 0 9304
@calls 0 9305
@calls 0 9306
@calls 0 9307
@calls 0 9308
@calls 0 9309
@calls 0 9310
@calls 0 9311
@calls 0 9312
@calls 0 9313
@calls 0 9314
@calls 0 9315
@calls 0 9316
@calls 0 9317
@calls 0 9318
@calls 0 9319
@calls 0 9320
@calls 0 9321
@calls 0 9322
@calls 0 9323
@calls 0 9324
@calls 0 9325
@calls 0 9326
@calls 0 9327
@calls 0 9328
@calls 0 9329
@calls 0 9330
@calls 0 9331
@calls 0 9332
@calls 0 9333
@calls 0 9334
@calls 0 9335
@calls 0 9336
@calls 0 9337
@calls 0 9338
@calls 0 9339
@calls 0 9340
@calls 0 9341
@calls 0 9342
@calls 0 9343
@calls 0 9344
@calls 0 9345
@calls 0 9346
@calls 0 9347
@calls 0 9348
@calls 0 9349
@calls 0 9350
@calls 0 9351
@calls 0 9352
@calls 0 9353
@calls 0 9354
@calls 0 9355
@calls 0 9356
@calls 0 9357
@calls 0 9358
@calls 0 9359
@calls 0 9360
@calls 0 9361
@calls 0 9362
@calls 0 9363
@calls 0 9364
@calls 0 9365
@calls 0 9366
@calls 0 9367
@calls 0 9368
@calls 0 9369
@calls 0 9370
@calls 0 9371
@calls 0 9372
@calls 0 9373
@calls 0 9374
@calls 0 9375
@calls 0 9376
@calls 0 9377
@calls 0 9378
@calls 0 9379
@calls 0 9380
@calls 0 9381
@calls 0 9382
@calls 0 9383
@calls 0 9384
@calls 0 9385
@calls 0 9386
@calls 0 9387
@calls 0 9388
@calls 0 9389
@calls 0 9390
@calls 0 9391
@calls 0 9392
@calls 0 9393
@calls 0 9394
@calls 0 9395
@calls 0 9396
@calls 0 9397
@calls 0 9398
@calls 0 9399
@calls 0 9400
@calls 0 9401
@calls 0 9402
@calls 0 9403
@calls 0 9404
@calls 0 9405
@calls 0 9406
@calls 0 9407
@calls 0 9408
@calls 0 9409
@calls 0 9410
@calls 0 9411
@calls 0 9412
@calls 0 9413
@calls 0 9414
@calls 0 9415
@calls 0 9416
@calls 0 9417
@calls 0 9418
@calls 0 9419
@calls 0 9420
@calls 0 9421
@calls 0 9422
@calls 0 9423
@calls 0 9424
@calls 0 9425
@calls 0 9426
@calls 0 9427
@calls 0 9428
@calls 0 9429
@calls 0 9430
@calls 0 9431
@calls 0 9432
@calls 0 9433
@calls 0 9434
@calls 0 9435
@calls 0 9436
@calls 0 9437
@calls 0 9438
@calls 0 9439
@calls 0 9440
@calls 0 9441
@calls 0 9442
@calls 0 9443
@calls 0 9444
@calls 0 9445
@calls 0 9446
@calls 0 9447
@calls 0 9448
@calls 0 9449
@calls 0 9450
@calls 0 9451
@calls 0 9452
@calls 0 9453
@calls 0 9454
@calls 0 9455
@calls 0 9456
@calls 0 9457
@calls 0 9458
@calls 0 9459
@calls 0 9460
@calls 0 9461
@calls 0 9462
@calls 0 9463
@calls 0 9464
@calls 0 9465
@calls 0 9466
@calls 0 9467
@calls 0 9468
@calls 0 9469
@calls 0 9470
@calls 0 9471
@calls 0 9472
@calls 0 9473
@calls 0 9474
@calls 0 9475
@calls 0 9476
@calls 0 9477
@calls 0 9478
@calls 0 9479
@calls 0 9480
@calls 0 9481
@calls 0 9482
@calls 0 9483
@calls 0 9484
@calls 0 9485
@calls 0 9486
@calls 0 9487
@calls 0 9488
@calls 0 9489
@calls 0 9490
@calls 0 9491
@calls 0 9492
@calls 0 9493
@calls 0 9494
@calls 0 9495
@calls 0 9496
@calls 0 9497
@calls 0 9498
@calls 0 9499
@calls 0 9500
@calls 0 9501
@calls 0 9502
@calls 0 9503
@calls 0 9504
@calls 0 9505
@calls 0 9506
@calls 0 9507
@calls 0 9508
@calls 0 9509
@calls 0 9510
@calls 0 9511
@calls 0 9512
@calls 0 9513
@calls 0 9514
@calls 0 9515
@calls 0 9516
@calls 0 9517
@calls 0 9518
@calls 0 9519
@calls 0 9520
@calls 0 9521
@calls 0 9522
@calls 0 9523
@calls 0 9524
@calls 0 9525
@calls 0 9526
@calls 0 9527
@calls 0 9528
@calls 0 9529
@calls 0 9530
@calls 0 9531
@calls 0 9532
@calls 0 9533
@calls 0 9534
@calls 0 9535
@calls 0 9536
@calls 0 9537
@calls 0 9538
@calls 0 9539
@calls 0 9540
@calls 0 9541
@calls 0 9542
@calls 0 9543
@calls 0 9544
@calls 0 9545
@calls 0 9546
@calls 0 9547
@calls 0 9548
@calls 0 9549
@calls 0 9550
@calls 0 9551
@calls 0 9552
@calls 0 9553
@calls 0 9554
@calls 0 9555
@calls 0 9556
@calls 0 9557
@calls 0 9558
@calls 0 9559
@calls 0 9560
@calls 0 9561
@calls 0 9562
@calls 0 9563
@calls 0 9564
@calls 0 9565
@calls 0 9566
@calls 0 9567
@calls 0 9568
@calls 0 9569
@calls 0 9570
@calls 0 9571
@calls 0 9572
@calls 0 9573
@calls 0 9574
@calls 0 9575
@calls 0 9576
@calls 0 9577
@calls 0 9578
@calls 0 9579
@calls 0 9580
@calls 0 9581
@calls 0 9582
@calls 0 9583
@calls 0 9584
@calls 0 9585
@calls 0 9586
@calls 0 9587
@calls 0 9588
@calls 0 9589
@calls 0 9590
@calls 0 9591
@calls 0 9592
@calls 0 9593
@calls 0 9594
@calls 0 9595
@calls 0 9596
@calls 0 9597
@calls 0 9598
@calls 0 9599
@calls 0 9600
@calls 0 9601
@calls 0 9602
@calls 0 9603
@calls 0 9604
@calls 0 9605
@calls 0 9606
@calls 0 9607
@calls 0 9608
@calls 0 9609
@calls 0 9610
@calls 0 9611
@calls 0 9612
@calls 0 9613
@calls 0 9614
@calls 0 9615
@calls 0 9616
@calls 0 9617
@calls 0 9618
@calls 0 9619
@calls 0 9620
@calls 0 9621
@calls 0 9622
@calls 0 9623
@calls 0 9624
@calls 0 9625
@calls 0 9626
@calls 0 9627
@calls 0 9628
@calls 0 9629
@calls 0 9630
@calls 0 9631
@calls 0 9632
@calls 0 9633
@calls 0 9634
@calls 0 9635
@calls 0 9636
@calls 0 9637
@calls 0 9638
@calls 0 9639
@calls 0 9640
@calls 0 9641
@calls 0 9642
@calls 0 9643
@calls 0 9644
@calls 0 9645
@calls 0 9646
@calls 0 9647
@calls 0 9648
@calls 0 9649
@calls 0 9650
@calls 0 9651
@calls 0 9652
@calls 0 9653
@calls 0 9654
@calls 0 9655
@calls 0 9656
@calls 0 9657
@calls 0 9658
@calls 0 9659
@calls 0 9660
@calls 0 9661
@calls 0 9662
@calls 0 9663
@calls 0 9664
@calls 0 9665
@calls 0 9666
@calls 0 9667
@calls 0 9668
@calls 0 9669
@calls 0 9670
@calls 0 9671
@calls 0 9672
@calls 0 9673
@calls 0 9674
@calls 0 9675
@calls 0 9676
@calls 0 9677
@calls 0 9678
@calls 0 9679
@calls 0 9680
@calls 0 9681
@calls 0 9682
@calls 0 9683
@calls 0 9684
@calls 0 9685
@calls 0 9686
@calls 0 9687
@calls 0 9688
@calls 0 9689
@calls 0 9690
@calls 0 9691
@calls 0 9692
@calls 0 9693
@calls 0 9694
@calls 0 9695
@calls 0 9696
@calls 0 9697
@calls 0 9698
@calls 0 9699
@calls 0 9700
@calls 0 9701
@calls 0 9702
@calls 0 9703
@calls 0 9704
@calls 0 9705
@calls 0 9706
@calls 0 9707
@calls 0 9708
@calls 0 9709
@calls 0 9710
@calls 0 9711
@calls 0 9712
@calls 0 9713
@calls 0 9714
@calls 0 9715
@calls 0 9716
@calls 0 9717
@calls 0 9718
@calls 0 9719
@calls 0 9720
@calls 0 9721
@calls 0 9722
@calls 0 9723
@calls 0 9724
@calls 0 9725
@calls 0 9726
@calls 0 9727
@calls 0 9728
@calls 0 9729
@calls 0 9730
@calls 0 9731
@calls 0 9732
@calls 0 9733
@calls 0 9734
@calls 0 9735
@calls 0 9736
@calls 0 9737
@calls 0 9738
@calls 0 9739
@calls 0 9740
@calls 0 9741
@calls 0 9742
@calls 0 9743
@calls 0 9744
@calls 0 9745
@calls 0 9746
@calls 0 9747
@calls 0 9748
@calls 0 9749
@calls 0 9750
@calls 0 9751
@calls 0 9752
@calls 0 9753
@calls 0 9754
@calls 0 9755
@calls 0 9756
@calls 0 9757
@calls 0 9758
@calls 0 9759
@calls 0 9760
@calls 0 9761
@calls 0 9762
@calls 0 9763
@calls 0 9764
@calls 0 9765
@calls 0 9766
@calls 0 9767
@calls 0 9768
@calls 0 9769
@calls 0 9770
@calls 0 9771
@calls 0 9772
@calls 0 9773
@calls 0 9774
@calls 0 9775
@calls 0 9776
@calls 0 9777
@calls 0 9778
@calls 0 9779
@calls 0 9780
@calls 0 9781
@calls 0 9782
@calls 0 9783
@calls 0 9784
@calls 0 9785
@calls 0 9786
@calls 0 9787
@calls 0 9788
@calls 0 9789
@calls 0 9790
@calls 0 9791
@calls 0 9792
@calls 0 9793
@calls 0 9794
@calls 0 9795
@calls 0 9796
@calls 0 9797
@calls 0 9798
@calls 0 9799
@calls 0 9800
@calls 0 9801
@calls 0 9802
@calls 0 9803
@calls 0 9804
@calls 0 9805
@calls 0 9806
@calls 0 9807
@calls 0 9808
@calls 0 9809
@calls 0 9810
@calls 0 9811
@calls 0 9812
@calls 0 9813
@calls 0 9814
@calls 0 9815
@calls 0 9816
@calls 0 9817
@calls 0 9818
@calls 0 9819
@calls 0 9820
@calls 0 9821
@calls 0 9822
@calls 0 9823
@calls 0 9824
@calls 0 9825
@calls 0 9826
@calls 0 9827
@calls 0 9828
@calls 0 9829
@calls 0 9830
@calls 0 9831
@calls 0 9832
@calls 0 9833
@calls 0 9834
@calls 0 9835
@calls 0 9836
@calls 0 9837
@calls 0 9838
@calls 0 9839
@calls 0 9840
@calls 0 9841
@calls 0 9842
@calls 0 9843
@calls 0 9844
@calls 0 9845
@calls 0 9846
@calls 0 9847
@calls 0 9848
@calls 0 9849
@calls 0 9850
@calls 0 9851
@calls 0 9852
@calls 0 9853
@calls 0 9854
@calls 0 9855
@calls 0 9856
@calls 0 9857
@calls 0 9858
@calls 0 9859
@calls 0 9860
@calls 0 9861
@calls 0 9862
@calls 0 9863
@calls 0 9864
@calls 0 9865
@calls 0 9866
@calls 0 9867
@calls 0 9868
@calls 0 9869
@calls 0 9870
@calls 0 9871
@calls 0 9872
@calls 0 9873
@calls 0 9874
@calls 0 9875
@calls 0 9876
@calls 0 9877
@calls 0 9878
@calls 0 9879
@calls 0 9880
@calls 0 9881
@calls 0 9882
@calls 0 9883
@calls 0 9884
@calls 0 9885
@calls 0 9886
@calls 0 9887
@calls 0 9888
@calls 0 9889
@calls 0 9890
@calls 0 9891
@calls 0 9892
@calls 0 9893
@calls 0 9894
@calls 0 9895
@calls 0 9896
@calls 0 9897
@calls 0 9898
@calls 0 9899
@calls 0 9900
@calls 0 9901
@calls 0 9902
@calls 0 9903
@calls 0 9904
@calls 0 9905
@calls 0 9906
@calls 0 9907
@calls 0 9908
@calls 0 9909
@calls 0 9910
@calls 0 9911
@calls 0 9912
@calls 0 9913
@calls 0 9914
@calls 0 9915
@calls 0 9916
@calls 0 9917
@calls 0 9918
@calls 0 9919
@calls 0 9920
@calls 0 9921
@calls 0 9922
@calls 0 9923
@calls 0 9924
@calls 0 9925
@calls 0 9926
@calls 0 9927
@calls 0 9928
@calls 0 9929
@calls 0 9930
@calls 0 9931
@calls 0 9932
@calls 0 9933
@calls 0 9934
@calls 0 9935
@calls 0 9936
@calls 0 9937
@calls 0 9938
@calls 0 9939
@calls 0 9940
@calls 0 9941
@calls 0 9942
@calls 0 9943
@calls 0 9944
@calls 0 9945
@calls 0 9946
@calls 0 9947
@calls 0 9948
@calls 0 9949
@calls 0 9950
@calls 0 9951
@calls 0 9952
@calls 0 9953
@calls 0 9954
@calls 0 9955
@calls 0 9956
@calls 0 9957
@calls 0 9958
@calls 0 9959
@calls 0 9960
@calls 0 9961
@calls 0 9962
@calls 0 9963
@calls 0 9964
@calls 0 9965
@calls 0 9966
@calls 0 9967
@calls 0 9968
@calls 0 9969
@calls 0 9970
@calls 0 9971
@calls 0 9972
@calls 0 9973
@calls 0 9974
@calls 0 9975
@calls 0 9976
@calls 0 9977
@calls 0 9978
@calls 0 9979
@calls 0 9980
@calls 0 9981
@calls 0 9982
@calls 0 9983
@calls 0 9984
@calls 0 9985
@calls 0 9986
@calls 0 9987
@calls 0 9988
@calls 0 9989
@calls 0 9990
@calls 0 9991
@calls 0 9992
@calls 0 9993
@calls 0 9994
@calls 0 9995
@calls 0 9996
@calls 0 9997
@calls 0 9998
@calls 0 9999
@calls 0 10000
@calls 0 10001
@calls 0 10002
@calls 0 10003
@calls 0 10004
@calls 0 10005
@calls 0 10006
@calls 0 10007
@calls 0 10008
@calls 0 10009
@calls 0 10010
@calls 0 10011
@calls 0 10012
@calls 0 10013
@calls 0 10014
@calls 0 10015
@calls 0 10016
@calls 0 10017
@calls 0 10018
@calls 0 10019
@calls 0 10020
@calls 0 10021
@calls 0 10022
@calls 0 10023
@calls 0 10024
@calls 0 10025
@calls 0 10026
@calls 0 10027
@calls 0 10028
@calls 0 10029
@calls 0 10030
@calls 0 10031
@calls 0 10032
@calls 0 10033
@calls 0 10034
@calls 0 10035
@calls 0 10036
@calls 0 10037
@calls 0 10038
@calls 0 10039
@calls 0 10040
@calls 0 10041
@calls 0 10042
@calls 0 10043
@calls 0 10044
@calls 0 10045
@calls 0 10046
@calls 0 10047
@calls 0 10048
@calls 0 10049
@calls 0 10050
@calls 0 10051
@calls 0 10052
@calls 0 10053
@calls 0 10054
@calls 0 10055
@calls 0 10056
@calls 0 10057
@calls 0 10058
@calls 0 10059
@calls 0 10060
@calls 0 10061
@calls 0 10062
@calls 0 10063
@calls 0 10064
@calls 0 10065
@calls 0 10066
@calls 0 10067
@calls 0 10068
@calls 0 10069
@calls 0 10070
@calls 0 10071
@calls 0 10072
@calls 0 10073
@calls 0 10074
@calls 0 10075
@calls 0 10076
@calls 0 10077
@calls 0 10078
@calls 0 10079
@calls 0 10080
@calls 0 10081
@calls 0 10082
@calls 0 10083
@calls 0 10084
@calls 0 10085
@calls 0 10086
@calls 0 10087
@calls 0 10088
@calls 0 10089
@calls 0 10090
@calls 0 10091
@calls 0 10092
@calls 0 10093
@calls 0 10094
@calls 0 10095
@calls 0 10096
@calls 0 10097
@calls 0 10098
@calls 0 10099
@calls 0 10100
@calls 0 10101
@calls 0 10102
@calls 0 10103
@calls 0 10104
@calls 0 10105
@calls 0 10106
@calls 0 10107
@calls 0 10108
@calls 0 10109
@calls 0 10110
@calls 0 10111
@calls 0 10112
@calls 0 10113
@calls 0 10114
@calls 0 10115
@calls 0 10116
@calls 0 10117
@calls 0 10118
@calls 0 10119
@calls 0 10120
@calls 0 10121
@calls 0 10122
@calls 0 10123
@calls 0 10124
@calls 0 10125
@calls 0 10126
@calls 0 10127
@calls 0 10128
@calls 0 10129
@calls 0 10130
@calls 0 10131
@calls 0 10132
@calls 0 10133
@calls 0 10134
@calls 0 10135
@calls 0 10136
@calls 0 10137
@calls 0 10138
@calls 0 10139
@calls 0 10140
@calls 0 10141
@calls 0 10142
@calls 0 10143
@calls 0 10144
@calls 0 10145
@calls 0 10146
@calls 0 10147
@calls 0 10148
@calls 0 10149
@calls 0 10150
@calls 0 10151
@calls 0 10152
@calls 0 10153
@calls 0 10154
@calls 0 10155
@calls 0 10156
@calls 0 10157
@calls 0 10158
@calls 0 10159
@calls 0 10160
@calls 0 10161
@calls 0 10162
@calls 0 10163
@calls 0 10164
@calls 0 10165
@calls 0 10166
@calls 0 10167
@calls 0 10168
@calls 0 10169
@calls 0 10170
@calls 0 10171
@calls 0 10172
@calls 0 10173
@calls 0 10174
@calls 0 10175
@calls 0 10176
@calls 0 10177
@calls 0 10178
@calls 0 10179
@calls 0 10180
@calls 0 10181
@calls 0 10182
@calls 0 10183
@calls 0 10184
@calls 0 10185
@calls 0 10186
@calls 0 10187
@calls 0 10188
@calls 0 10189
@calls 0 10190
@calls 0 10191
@calls 0 10192
@calls 0 10193
@calls 0 10194
@calls 0 10195
@calls 0 10196
@calls 0 10197
@calls 0 10198
@calls 0 10199
@calls 0 10200
@calls 0 10201
@calls 0 10202
@calls 0 10203
@calls 0 10204
@calls 0 10205
@calls 0 10206
@calls 0 10207
@calls 0 10208
@calls 0 10209
@calls 0 10210
@calls 0 10211
@calls 0 10212
@calls 0 10213
@calls 0 10214
@calls 0 10215
@calls 0 10216
@calls 0 10217
@calls 0 10218
@calls 0 10219
@calls 0 10220
@calls 0 10221
@calls 0 10222
@calls 0 10223
@calls 0 10224
@calls 0 10225
@calls 0 10226
@calls 0 10227
@calls 0 10228
@calls 0 10229
@calls 0 10230
@calls 0 10231
@calls 0 10232
@calls 0 10233
@calls 0 10234
@calls 0 10235
@calls 0 10236
@calls 0 10237
@calls 0 10238
@calls 0 10239
@calls 0 10240
@calls 0 10241
@calls 0 10242
@calls 0 10243
@calls 0 10244
@calls 0 10245
@calls 0 10246
@calls 0 10247
@calls 0 10248
@calls 0 10249
@calls 0 10250
@calls 0 10251
@calls 0 10252
@calls 0 10253
@calls 0 10254
@calls 0 10255
@calls 0 10256
@calls 0 10257
@calls 0 10258
@calls 0 10259
@calls 0 10260
@calls 0 10261
@calls 0 10262
@calls 0 10263
@calls 0 10264
@calls 0 10265
@calls 0 10266
@calls 0 10267
@calls 0 10268
@calls 0 10269
@calls 0 10270
@calls 0 10271
@calls 0 10272
@calls 0 10273
@calls 0 10274
@calls 0 10275
@calls 0 10276
@calls 0 10277
@calls 0 10278
@calls 0 10279
@calls 0 10280
@calls 0 10281
@calls 0 10282
@calls 0 10283
@calls 0 10284
@calls 0 10285
@calls 0 10286
@calls 0 10287
@calls 0 10288
@calls 0 10289
@calls 0 10290
@calls 0 10291
@calls 0 10292
@calls 0 10293
@calls 0 10294
@calls 0 10295
@calls 0 10296
@calls 0 10297
@calls 0 10298
@calls 0 10299
@calls 0 10300
@calls 0 10301
@calls 0 10302
@calls 0 10303
@calls 0 10304
@calls 0 10305
@calls 0 10306
@calls 0 10307
@calls 0 10308
@calls 0 10309
@calls 0 10310
@calls 0 10311
@calls 0 10312
@calls 0 10313
@calls 0 10314
@calls 0 10315
@calls 0 10316
@calls 0 10317
@calls 0 10318
@calls 0 10319
@calls 0 10320
@calls 0 10321
@calls 0 10322
@calls 0 10323
@calls 0 10324
@calls 0 10325
@calls 0 10326
@calls 0 10327
@calls 0 10328
@calls 0 10329
@calls 0 10330
@calls 0 10331
@calls 0 10332
@calls 0 10333
@calls 0 10334
@calls 0 10335
@calls 0 10336
@calls 0 10337
@calls 0 10338
@calls 0 10339
@calls 0 10340
@calls 0 10341
@calls 0 10342
@calls 0 10343
@calls 0 10344
@calls 0 10345
@calls 0 10346
@calls 0 10347
@calls 0 10348
@calls 0 10349
@calls 0 10350
@calls 0 10351
@calls 0 10352
@calls 0 10353
@calls 0 10354
@calls 0 10355
@calls 0 10356
@calls 0 10357
@calls 0 10358
@calls 0 10359
@calls 0 10360
@calls 0 10361
@calls 0 10362
@calls 0 10363
@calls 0 10364
@calls 0 10365
@calls 0 10366
@calls 0 10367
@calls 0 10368
@calls 0 10369
@calls 0 10370
@calls 0 10371
@calls 0 10372
@calls 0 10373
@calls 0 10374
@calls 0 10375
@calls 0 10376
@calls 0 10377
@calls 0 10378
@calls 0 10379
@calls 0 10380
@calls 0 10381
@calls 0 10382
@calls 0 10383
@calls 0 10384
@calls 0 10385
@calls 0 10386
@calls 0 10387
@calls 0 10388
@calls 0 10389
@calls 0 10390
@calls 0 10391
@calls 0 10392
@calls 0 10393
@calls 0 10394
@calls 0 10395
@calls 0 10396
@calls 0 10397
@calls 0 10398
@calls 0 10399
@calls 0 10400
@calls 0 10401
@calls 0 10402
@calls 0 10403
@calls 0 10404
@calls 0 10405
@calls 0 10406
@calls 0 10407
@calls 0 10408
@calls 0 10409
@calls 0 10410
@calls 0 10411
@calls 0 10412
@calls 0 10413
@calls 0 10414
@calls 0 10415
@calls 0 10416
@calls 0 10417
@calls 0 10418
@calls 0 10419
@calls 0 10420
@calls 0 10421
@calls 0 10422
@calls 0 10423
@calls 0 10424
@calls 0 10425
@calls 0 10426
@calls 0 10427
@calls 0 10428
@calls 0 10429
@calls 0 10430
@calls 0 10431
@calls 0 10432
@calls 0 10433
@calls 0 10434
@calls 0 10435
@calls 0 10436
@calls 0 10437
@calls 0 10438
@calls 0 10439
@calls 0 10440
@calls 0 10441
@calls 0 10442
@calls 0 10443
@calls 0 10444
@calls 0 10445
@calls 0 10446
@calls 0 10447
@calls 0 10448
@calls 0 10449
@calls 0 10450
@calls 0 10451
@calls 0 10452
@calls 0 10453
@calls 0 10454
@calls 0 10455
@calls 0 10456
@calls 0 10457
@calls 0 10458
@calls 0 10459
@calls 0 10460
@calls 0 10461
@calls 0 10462
@calls 0 10463
@calls 0 10464
@calls 0 10465
@calls 0 10466
@calls 0 10467
@calls 0 10468
@calls 0 10469
@calls 0 10470
@calls 0 10471
@calls 0 10472
@calls 0 10473
@calls 0 10474
@calls 0 10475
@calls 0 10476
@calls 0 10477
@calls 0 10478
@calls 0 10479
@calls 0 10480
@calls 0 10481
@calls 0 10482
@calls 0 10483
@calls 0 10484
@calls 0 10485
@calls 0 10486
@calls 0 10487
@calls 0 10488
@calls 0 10489
@calls 0 10490
@calls 0 10491
@calls 0 10492
@calls 0 10493
@calls 0 10494
@calls 0 10495
@calls 0 10496
@calls 0 10497
@calls 0 10498
@calls 0 10499
@calls 0 10500
@calls 0 10501
@calls 0 10502
@calls 0 10503
@calls 0 10504
@calls 0 10505
@calls 0 10506
@calls 0 10507
@calls 0 10508
@calls 0 10509
@calls 0 10510
@calls 0 10511
@calls 0 10512
@calls 0 10513
@calls 0 10514
@calls 0 10515
@calls 0 10516
@calls 0 10517
@calls 0 10518
@calls 0 10519
@calls 0 10520
@calls 0 10521
@calls 0 10522
@calls 0 10523
@calls 0 10524
@calls 0 10525
@calls 0 10526
@calls 0 10527
@calls 0 10528
@calls 0 10529
@calls 0 10530
@calls 0 10531
@calls 0 10532
@calls 0 10533
@calls 0 10534
@calls 0 10535
@calls 0 10536
@calls 0 10537
@calls 0 10538
@calls 0 10539
@calls 0 10540
@calls 0 10541
@calls 0 10542
@calls 0 10543
@calls 0 10544
@calls 0 10545
@calls 0 10546
@calls 0 10547
@calls 0 10548
@calls 0 10549
@calls 0 10550
@calls 0 10551
@calls 0 10552
@calls 0 10553
@calls 0 10554
@calls 0 10555
@calls 0 10556
@calls 0 10557
@calls 0 10558
@calls 0 10559
@calls 0 10560
@calls 0 10561
@calls 0 10562
@calls 0 10563
@calls 0 10564
@calls 0 10565
@calls 0 10566
@calls 0 10567
@calls 0 10568
@calls 0 10569
@calls 0 10570
@calls 0 10571
@calls 0 10572
@calls 0 10573
@calls 0 10574
@calls 0 10575
@calls 0 10576
@calls 0 10577
@calls 0 10578
@calls 0 10579
@calls 0 10580
@calls 0 10581
@calls 0 10582
@calls 0 10583
@calls 0 10584
@calls 0 10585
@calls 0 10586
@calls 0 10587
@calls 0 10588
@calls 0 10589
@calls 0 10590
@calls 0 10591
@calls 0 10592
@calls 0 10593
@calls 0 10594
@calls 0 10595
@calls 0 10596
@calls 0 10597
@calls 0 10598
@calls 0 10599
@calls 0 10600
@calls 0 10601
@calls 0 10602
@calls 0 10603
@calls 0 10604
@calls 0 10605
@calls 0 10606
@calls 0 10607
@calls 0 10608
@calls 0 10609
@calls 0 10610
@calls 0 10611
@calls 0 10612
@calls 0 10613
@calls 0 10614
@calls 0 10615
@calls 0 10616
@calls 0 10617
@calls 0 10618
@calls 0 10619
@calls 0 10620
@calls 0 10621
@calls 0 10622
@calls 0 10623
@calls 0 10624
@calls 0 10625
@calls 0 10626
@calls 0 10627
@calls 0 10628
@calls 0 10629
@calls 0 10630
@calls 0 10631
@calls 0 10632
@calls 0 10633
@calls 0 10634
@calls 0 10635
@calls 0 10636
@calls 0 10637
@calls 0 10638
@calls 0 10639
@calls 0 10640
@calls 0 10641
@calls 0 10642
@calls 0 10643
@calls 0 10644
@calls 0 10645
@calls 0 10646
@calls 0 10647
@calls 0 10648
@calls 0 10649
@calls 0 10650
@calls 0 10651
@calls 0 10652
@calls 0 10653
@calls 0 10654
@calls 0 10655
@calls 0 10656
@calls 0 10657
@calls 0 10658
@calls 0 10659
@calls 0 10660
@calls 0 10661
@calls 0 10662
@calls 0 10663
@calls 0 10664
@calls 0 10665
@calls 0 10666
@calls 0 10667
@calls 0 10668
@calls 0 10669
@calls 0 10670
@calls 0 10671
@calls 0 10672
@calls 0 10673
@calls 0 10674
@calls 0 10675
@calls 0 10676
@calls 0 10677
@calls 0 10678
@calls 0 10679
@calls 0 10680
@calls 0 10681
@calls 0 10682
@calls 0 10683
@calls 0 10684
@calls 0 10685
@calls 0 10686
@calls 0 10687
@calls 0 10688
@calls 0 10689
@calls 0 10690
@calls 0 10691
@calls 0 10692
@calls 0 10693
@calls 0 10694
@calls 0 10695
@calls 0 10696
@calls 0 10697
@calls 0 10698
@calls 0 10699
@calls 0 10700
@calls 0 10701
@calls 0 10702
@calls 0 10703
@calls 0 10704
@calls 0 10705
@calls 0 10706
@calls 0 10707
@calls 0 10708
@calls 0 10709
@calls 0 10710
@calls 0 10711
@calls 0 10712
@calls 0 10713
@calls 0 10714
@calls 0 10715
@calls 0 10716
@calls 0 10717
@calls 0 10718
@calls 0 10719
@calls 0 10720
@calls 0 10721
@calls 0 10722
@calls 0 10723
@calls 0 10724
@calls 0 10725
@calls 0 10726
@calls 0 10727
@calls 0 10728
@calls 0 10729
@calls 0 10730
@calls 0 10731
@calls 0 10732
@calls 0 10733
@calls 0 10734
@calls 0 10735
@calls 0 10736
@calls 0 10737
@calls 0 10738
@calls 0 10739
@calls 0 10740
@calls 0 10741
@calls 0 10742
@calls 0 10743
@calls 0 10744
@calls 0 10745
@calls 0 10746
@calls 0 10747
@calls 0 10748
@calls 0 10749
@calls 0 10750
@calls 0 10751
@calls 0 10752
@calls 0 10753
@calls 0 10754
@calls 0 10755
@calls 0 10756
@calls 0 10757
@calls 0 10758
@calls 0 10759
@calls 0 10760
@calls 0 10761
@calls 0 10762
@calls 0 10763
@calls 0 10764
@calls 0 10765
@calls 0 10766
@calls 0 10767
@calls 0 10768
@calls 0 10769
@calls 0 10770
@calls 0 10771
@calls 0 10772
@calls 0 10773
@calls 0 10774
@calls 0 10775
@calls 0 10776
@calls 0 10777
@calls 0 10778
@calls 0 10779
@calls 0 10780
@calls 0 10781
@calls 0 10782
@calls 0 10783
@calls 0 10784
@calls 0 10785
@calls 0 10786
@calls 0 10787
@calls 0 10788
@calls 0 10789
@calls 0 10790
@calls 0 10791
@calls 0 10792
@calls 0 10793
@calls 0 10794
@calls 0 10795
@calls 0 10796
@calls 0 10797
@calls 0 10798
@calls 0 10799
@calls 0 10800
@calls 0 10801
@calls 0 10802
@calls 0 10803
@calls 0 10804
@calls 0 10805
@calls 0 10806
@calls 0 10807
@calls 0 10808
@calls 0 10809
@calls 0 10810
@calls 0 10811
@calls 0 10812
@calls 0 10813
@calls 0 10814
@calls 0 10815
@calls 0 10816
@calls 0 10817
@calls 0 10818
@calls 0 10819
@calls 0 10820
@calls 0 10821
@calls 0 10822
@calls 0 10823
@calls 0 10824
@calls 0 10825
@calls 0 10826
@calls 0 10827
@calls 0 10828
@calls 0 10829
@calls 0 10830
@calls 0 10831
@calls 0 10832
@calls 0 10833
@calls 0 10834
@calls 0 10835
@calls 0 10836
@calls 0 10837
@calls 0 10838
@calls 0 10839
@calls 0 10840
@calls 0 10841
@calls 0 10842
@calls 0 10843
@calls 0 10844
@calls 0 10845
@calls 0 10846
@calls 0 10847
@calls 0 10848
@calls 0 10849
@calls 0 10850
@calls 0 10851
@calls 0 10852
@calls 0 10853
@calls 0 10854
@calls 0 10855
@calls 0 10856
@calls 0 10857
@calls 0 10858
@calls 0 10859
@calls 0 10860
@calls 0 10861
@calls 0 10862
@calls 0 10863
@calls 0 10864
@calls 0 10865
@calls 0 10866
@calls 0 10867
@calls 0 10868
@calls 0 10869
@calls 0 10870
@calls 0 10871
@calls 0 10872
@calls 0 10873
@calls 0 10874
@calls 0 10875
@calls 0 10876
@calls 0 10877
@calls 0 10878
@calls 0 10879
@calls 0 10880
@calls 0 10881
@calls 0 10882
@calls 0 10883
@calls 0 10884
@calls 0 10885
@calls 0 10886
@calls 0 10887
@calls 0 10888
@calls 0 10889
@calls 0 10890
@calls 0 10891
@calls 0 10892
@calls 0 10893
@calls 0 10894
@calls 0 10895
@calls 0 10896
@calls 0 10897
@calls 0 10898
@calls 0 10899
@calls 0 10900
@calls 0 10901
@calls 0 10902
@calls 0 10903
@calls 0 10904
@calls 0 10905
@calls 0 10906
@calls 0 10907
@calls 0 10908
@calls 0 10909
@calls 0 10910
@calls 0 10911
@calls 0 10912
@calls 0 10913
@calls 0 10914
@calls 0 10915
@calls 0 10916
@calls 0 10917
@calls 0 10918
@calls 0 10919
@calls 0 10920
@calls 0 10921
@calls 0 10922
@calls 0 10923
@calls 0 10924
@calls 0 10925
@calls 0 10926
@calls 0 10927
@calls 0 10928
@calls 0 10929
@calls 0 10930
@calls 0 10931
@calls 0 10932
@calls 0 10933
@calls 0 10934
@calls 0 10935
@calls 0 10936
@calls 0 10937
@calls 0 10938
@calls 0 10939
@calls 0 10940
@calls 0 10941
@calls 0 10942
@calls 0 10943
@calls 0 10944
@calls 0 10945
@calls 0 10946
@calls 0 10947
@calls 0 10948
@calls 0 10949
@calls 0 10950
@calls 0 10951
@calls 0 10952
@calls 0 10953
@calls 0 10954
@calls 0 10955
@calls 0 10956
@calls 0 10957
@calls 0 10958
@calls 0 10959
@calls 0 10960
@calls 0 10961
@calls 0 10962
@calls 0 10963
@calls 0 10964
@calls 0 10965
@calls 0 10966
@calls 0 10967
@calls 0 10968
@calls 0 10969
@calls 0 10970
@calls 0 10971
@calls 0 10972
@calls 0 10973
@calls 0 10974
@calls 0 10975
@calls 0 10976
@calls 0 10977
@calls 0 10978
@calls 0 10979
@calls 0 10980
@calls 0 10981
@calls 0 10982
@calls 0 10983
@calls 0 10984
@calls 0 10985
@calls 0 10986
@calls 0 10987
@calls 0 10988
@calls 0 10989
@calls 0 10990
@calls 0 10991
@calls 0 10992
@calls 0 10993
@calls 0 10994
@calls 0 10995
@calls 0 10996
@calls 0 10997
@calls 0 10998
@calls 0 10999
@calls 0 11000
@calls 0 11001
@calls 0 11002
@calls 0 11003
@calls 0 11004
@calls 0 11005
@calls 0 11006
@calls 0 11007
@calls 0 11008
@calls 0 11009
@calls 0 11010
@calls 0 11011
@calls 0 11012
@calls 0 11013
@calls 0 11014
@calls 0 11015
@calls 0 11016
@calls 0 11017
@calls 0 11018
@calls 0 11019
@calls 0 11020
@calls 0 11021
@calls 0 11022
@calls 0 11023
@calls 0 11024
@calls 0 11025
@calls 0 11026
@calls 0 11027
@calls 0 11028
@calls 0 11029
@calls 0 11030
@calls 0 11031
@calls 0 11032
@calls 0 11033
@calls 0 11034
@calls 0 11035
@calls 0 11036
@calls 0 11037
@calls 0 11038
@calls 0 11039
@calls 0 11040
@calls 0 11041
@calls 0 11042
@calls 0 11043
@calls 0 11044
@calls 0 11045
@calls 0 11046
@calls 0 11047
@calls 0 11048
@calls 0 11049
@calls 0 11050
@calls 0 11051
@calls 0 11052
@calls 0 11053
@calls 0 11054
@calls 0 11055
@calls 0 11056
@calls 0 11057
@calls 0 11058
@calls 0 11059
@calls 0 11060
@calls 0 11061
@calls 0 11062
@calls 0 11063
@calls 0 11064
@calls 0 11065
@calls 0 11066
@calls 0 11067
@calls 0 11068
@calls 0 11069
@calls 0 11070
@calls 0 11071
@calls 0 11072
@calls 0 11073
@calls 0 11074
@calls 0 11075
@calls 0 11076
@calls 0 11077
@calls 0 11078
@calls 0 11079
@calls 0 11080
@calls 0 11081
@calls 0 11082
@calls 0 11083
@calls 0 11084
@calls 0 11085
@calls 0 11086
@calls 0 11087
@calls 0 11088
@calls 0 11089
@calls 0 11090
@calls 0 11091
@calls 0 11092
@calls 0 11093
@calls 0 11094
@calls 0 11095
@calls 0 11096
@calls 0 11097
@calls 0 11098
@calls 0 11099
@calls 0 11100
@calls 0 11101
@calls 0 11102
@calls 0 11103
@calls 0 11104
@calls 0 11105
@calls 0 11106
@calls 0 11107
@calls 0 11108
@calls 0 11109
@calls 0 11110
@calls 0 11111
@calls 0 11112
@calls 0 11113
@calls 0 11114
@calls 0 11115
@calls 0 11116
@calls 0 11117
@calls 0 11118
@calls 0 11119
@calls 0 11120
@calls 0 11121
@calls 0 11122
@calls 0 11123
@calls 0 11124
@calls 0 11125
@calls 0 11126
@calls 0 11127
@calls 0 11128
@calls 0 11129
@calls 0 11130
@calls 0 11131
@calls 0 11132
@calls 0 11133
@calls 0 11134
@calls 0 11135
@calls 0 11136
@calls 0 11137
@calls 0 11138
@calls 0 11139
@calls 0 11140
@calls 0 11141
@calls 0 11142
@calls 0 11143
@calls 0 11144
@calls 0 11145
@calls 0 11146
@calls 0 11147
@calls 0 11148
@calls 0 11149
@calls 0 11150
@calls 0 11151
@calls 0 11152
@calls 0 11153
@calls 0 11154
@calls 0 11155
@calls 0 11156
@calls 0 11157
@calls 0 11158
@calls 0 11159
@calls 0 11160
@calls 0 11161
@calls 0 11162
@calls 0 11163
@calls 0 11164
@calls 0 11165
@calls 0 11166
@calls 0 11167
@calls 0 11168
@calls 0 11169
@calls 0 11170
@calls 0 11171
@calls 0 11172
@calls 0 11173
@calls 0 11174
@calls 0 11175
@calls 0 11176
@calls 0 11177
@calls 0 11178
@calls 0 11179
@calls 0 11180
@calls 0 11181
@calls 0 11182
@calls 0 11183
@calls 0 11184
@calls 0 11185
@calls 0 11186
@calls 0 11187
@calls 0 11188
@calls 0 11189
@calls 0 11190
@calls 0 11191
@calls 0 11192
@calls 0 11193
@calls 0 11194
@calls 0 11195
@calls 0 11196
@calls 0 11197
@calls 0 11198
@calls 0 11199
@calls 0 11200
@calls 0 11201
@calls 0 11202
@calls 0 11203
@calls 0 11204
@calls 0 11205
@calls 0 11206
@calls 0 11207
@calls 0 11208
@calls 0 11209
@calls 0 11210
@calls 0 11211
@calls 0 11212
@calls 0 11213
@calls 0 11214
@calls 0 11215
@calls 0 11216
@calls 0 11217
@calls 0 11218
@calls 0 11219
@calls 0 11220
@calls 0 11221
@calls 0 11222
@calls 0 11223
@calls 0 11224
@calls 0 11225
@calls 0 11226
@calls 0 11227
@calls 0 11228
@calls 0 11229
@calls 0 11230
@calls 0 11231
@calls 0 11232
@calls 0 11233
@calls 0 11234
@calls 0 11235
@calls 0 11236
@calls 0 11237
@calls 0 11238
@calls 0 11239
@calls 0 11240
@calls 0 11241
@calls 0 11242
@calls 0 11243
@calls 0 11244
@calls 0 11245
@calls 0 11246
@calls 0 11247
@calls 0 11248
@calls 0 11249
@calls 0 11250
@calls 0 11251
@calls 0 11252
@calls 0 11253
@calls 0 11254
@calls 0 11255
@calls 0 11256
@calls 0 11257
@calls 0 11258
@calls 0 11259
@calls 0 11260
@calls 0 11261
@calls 0 11262
@calls 0 11263
@calls 0 11264
@calls 0 11265
@calls 0 11266
@calls 0 11267
@calls 0 11268
@calls 0 11269
@calls 0 11270
@calls 0 11271
@calls 0 11272
@calls 0 11273
@calls 0 11274
@calls 0 11275
@calls 0 11276
@calls 0 11277
@calls 0 11278
@calls 0 11279
@calls 0 11280
@calls 0 11281
@calls 0 11282
@calls 0 11283
@calls 0 11284
@calls 0 11285
@calls 0 11286
@calls 0 11287
@calls 0 11288
@calls 0 11289
@calls 0 11290
@calls 0 11291
@calls 0 11292
@calls 0 11293
@calls 0 11294
@calls 0 11295
@calls 0 11296
@calls 0 11297
@calls 0 11298
@calls 0 11299
@calls 0 11300
@calls 0 11301
@calls 0 11302
@calls 0 11303
@calls 0 11304
@calls 0 11305
@calls 0 11306
@calls 0 11307
@calls 0 11308
@calls 0 11309
@calls 0 11310
@calls 0 11311
@calls 0 11312
@calls 0 11313
@calls 0 11314
@calls 0 11315
@calls 0 11316
@calls 0 11317
@calls 0 11318
@calls 0 11319
@calls 0 11320
@calls 0 11321
@calls 0 11322
@calls 0 11323
@calls 0 11324
@calls 0 11325
@calls 0 11326
@calls 0 11327
@calls 0 11328
@calls 0 11329
@calls 0 11330
@calls 0 11331
@calls 0 11332
@calls 0 11333
@calls 0 11334
@calls 0 11335
@calls 0 11336
@calls 0 11337
@calls 0 11338
@calls 0 11339
@calls 0 11340
@calls 0 11341
@calls 0 11342
@calls 0 11343
@calls 0 11344
@calls 0 11345
@calls 0 11346
@calls 0 11347
@calls 0 11348
@calls 0 11349
@calls 0 11350
@calls 0 11351
@calls 0 11352
@calls 0 11353
@calls 0 11354
@calls 0 11355
@calls 0 11356
@calls 0 11357
@calls 0 11358
@calls 0 11359
@calls 0 11360
@calls 0 11361
@calls 0 11362
@calls 0 11363
@calls 0 11364
@calls 0 11365
@calls 0 11366
@calls 0 11367
@calls 0 11368
@calls 0 11369
@calls 0 11370
@calls 0 11371
@calls 0 11372
@calls 0 11373
@calls 0 11374
@calls 0 11375
@calls 0 11376
@calls 0 11377
@calls 0 11378
@calls 0 11379
@calls 0 11380
@calls 0 11381
@calls 0 11382
@calls 0 11383
@calls 0 11384
@calls 0 11385
@calls 0 11386
@calls 0 11387
@calls 0 11388
@calls 0 11389
@calls 0 11390
@calls 0 11391
@calls 0 11392
@calls 0 11393
@calls 0 11394
@calls 0 11395
@calls 0 11396
@calls 0 11397
@calls 0 11398
@calls 0 11399
@calls 0 11400
@calls 0 11401
@calls 0 11402
@calls 0 11403
@calls 0 11404
@calls 0 11405
@calls 0 11406
@calls 0 11407
@calls 0 11408
@calls 0 11409
@calls 0 11410
@calls 0 11411
@calls 0 11412
@calls 0 11413
@calls 0 11414
@calls 0 11415
@calls 0 11416
@calls 0 11417
@calls 0 11418
@calls 0 11419
@calls 0 11420
@calls 0 11421
@calls 0 11422
@calls 0 11423
@calls 0 11424
@calls 0 11425
@calls 0 11426
@calls 0 11427
@calls 0 11428
@calls 0 11429
@calls 0 11430
@calls 0 11431
@calls 0 11432
@calls 0 11433
@calls 0 11434
@calls 0 11435
@calls 0 11436
@calls 0 11437
@calls 0 11438
@calls 0 11439
@calls 0 11440
@calls 0 11441
@calls 0 11442
@calls 0 11443
@calls 0 11444
@calls 0 11445
@calls 0 11446
@calls 0 11447
@calls 0 11448
@calls 0 11449
@calls 0 11450
@calls 0 11451
@calls 0 11452
@calls 0 11453
@calls 0 11454
@calls 0 11455
@calls 0 11456
@calls 0 11457
@calls 0 11458
@calls 0 11459
@calls 0 11460
@calls 0 11461
@calls 0 11462
@calls 0 11463
@calls 0 11464
@calls 0 11465
@calls 0 11466
@calls 0 11467
@calls 0 11468
@calls 0 11469
@calls 0 11470
@calls 0 11471
@calls 0 11472
@calls 0 11473
@calls 0 11474
@calls 0 11475
@calls 0 11476
@calls 0 11477
@calls 0 11478
@calls 0 11479
@calls 0 11480
@calls 0 11481
@calls 0 11482
@calls 0 11483
@calls 0 11484
@calls 0 11485
@calls 0 11486
@calls 0 11487
@calls 0 11488
@calls 0 11489
@calls 0 11490
@calls 0 11491
@calls 0 11492
@calls 0 11493
@calls 0 11494
@calls 0 11495
@calls 0 11496
@calls 0 11497
@calls 0 11498
@calls 0 11499
@calls 0 11500
@calls 0 11501
@calls 0 11502
@calls 0 11503
@calls 0 11504
@calls 0 11505
@calls 0 11506
@calls 0 11507
@calls 0 11508
@calls 0 11509
@calls 0 11510
@calls 0 11511
@calls 0 11512
@calls 0 11513
@calls 0 11514
@calls 0 11515
@calls 0 11516
@calls 0 11517
@calls 0 11518
@calls 0 11519
@calls 0 11520
@calls 0 11521
@calls 0 11522
@calls 0 11523
@calls 0 11524
@calls 0 11525
@calls 0 11526
@calls 0 11527
@calls 0 11528
@calls 0 11529
@calls 0 11530
@calls 0 11531
@calls 0 11532
@calls 0 11533
@calls 0 11534
@calls 0 11535
@calls 0 11536
@calls 0 11537
@calls 0 11538
@calls 0 11539
@calls 0 11540
@calls 0 11541
@calls 0 11542
@calls 0 11543
@calls 0 11544
@calls 0 11545
@calls 0 11546
@calls 0 11547
@calls 0 11548
@calls 0 11549
@calls 0 11550
@calls 0 11551
@calls 0 11552
@calls 0 11553
@calls 0 11554
@calls 0 11555
@calls 0 11556
@calls 0 11557
@calls 0 11558
@calls 0 11559
@calls 0 11560
@calls 0 11561
@calls 0 11562
@calls 0 11563
@calls 0 11564
@calls 0 11565
@calls 0 11566
@calls 0 11567
@calls 0 11568
@calls 0 11569
@calls 0 11570
@calls 0 11571
@calls 0 11572
@calls 0 11573
@calls 0 11574
@calls 0 11575
@calls 0 11576
@calls 0 11577
@calls 0 11578
@calls 0 11579
@calls 0 11580
@calls 0 11581
@calls 0 11582
@calls 0 11583
@calls 0 11584
@calls 0 11585
@calls 0 11586
@calls 0 11587
@calls 0 11588
@calls 0 11589
@calls 0 11590
@calls 0 11591
@calls 0 11592
@calls 0 11593
@calls 0 11594
@calls 0 11595
@calls 0 11596
@calls 0 11597
@calls 0 11598
@calls 0 11599
@calls 0 11600
@calls 0 11601
@calls 0 11602
@calls 0 11603
@calls 0 11604
@calls 0 11605
@calls 0 11606
@calls 0 11607
@calls 0 11608
@calls 0 11609
@calls 0 11610
@calls 0 11611
@calls 0 11612
@calls 0 11613
@calls 0 11614
@calls 0 11615
@calls 0 11616
@calls 0 11617
@calls 0 11618
@calls 0 11619
@calls 0 11620
@calls 0 11621
@calls 0 11622
@calls 0 11623
@calls 0 11624
@calls 0 11625
@calls 0 11626
@calls 0 11627
@calls 0 11628
@calls 0 11629
@calls 0 11630
@calls 0 11631
@calls 0 11632
@calls 0 11633
@calls 0 11634
@calls 0 11635
@calls 0 11636
@calls 0 11637
@calls 0 11638
@calls 0 11639
@calls 0 11640
@calls 0 11641
@calls 0 11642
@calls 0 11643
@calls 0 11644
@calls 0 11645
@calls 0 11646
@calls 0 11647
@calls 0 11648
@calls 0 11649
@calls 0 11650
@calls 0 11651
@calls 0 11652
@calls 0 11653
@calls 0 11654
@calls 0 11655
@calls 0 11656
@calls 0 11657
@calls 0 11658
@calls 0 11659
@calls 0 11660
@calls 0 11661
@calls 0 11662
@calls 0 11663
@calls 0 11664
@calls 0 11665
@calls 0 11666
@calls 0 11667
@calls 0 11668
@calls 0 11669
@calls 0 11670
@calls 0 11671
@calls 0 11672
@calls 0 11673
@calls 0 11674
@calls 0 11675
@calls 0 11676
@calls 0 11677
@calls 0 11678
@calls 0 11679
@calls 0 11680
@calls 0 11681
@calls 0 11682
@calls 0 11683
@calls 0 11684
@calls 0 11685
@calls 0 11686
@calls 0 11687
@calls 0 11688
@calls 0 11689
@calls 0 11690
@calls 0 11691
@calls 0 11692
@calls 0 11693
@calls 0 11694
@calls 0 11695
@calls 0 11696
@calls 0 11697
@calls 0 11698
@calls 0 11699
@calls 0 11700
@calls 0 11701
@calls 0 11702
@calls 0 11703
@calls 0 11704
@calls 0 11705
@calls 0 11706
@calls 0 11707
@calls 0 11708
@calls 0 11709
@calls 0 11710
@calls 0 11711
@calls 0 11712
@calls 0 11713
@calls 0 11714
@calls 0 11715
@calls 0 11716
@calls 0 11717
@calls 0 11718
@calls 0 11719
@calls 0 11720
@calls 0 11721
@calls 0 11722
@calls 0 11723
@calls 0 11724
@calls 0 11725
@calls 0 11726
@calls 0 11727
@calls 0 11728
@calls 0 11729
@calls 0 11730
@calls 0 11731
@calls 0 11732
@calls 0 11733
@calls 0 11734
@calls 0 11735
@calls 0 11736
@calls 0 11737
@calls 0 11738
@calls 0 11739
@calls 0 11740
@calls 0 11741
@calls 0 11742
@calls 0 11743
@calls 0 11744
@calls 0 11745
@calls 0 11746
@calls 0 11747
@calls 0 11748
@calls 0 11749
@calls 0 11750
@calls 0 11751
@calls 0 11752
@calls 0 11753
@calls 0 11754
@calls 0 11755
@calls 0 11756
@calls 0 11757
@calls 0 11758
@calls 0 11759
@calls 0 11760
@calls 0 11761
@calls 0 11762
@calls 0 11763
@calls 0 11764
@calls 0 11765
@calls 0 11766
@calls 0 11767
@calls 0 11768
@calls 0 11769
@calls 0 11770
@calls 0 11771
@calls 0 11772
@calls 0 11773
@calls 0 11774
@calls 0 11775
@calls 0 11776
@calls 0 11777
@calls 0 11778
@calls 0 11779
@calls 0 11780
@calls 0 11781
@calls 0 11782
@calls 0 11783
@calls 0 11784
@calls 0 11785
@calls 0 11786
@calls 0 11787
@calls 0 11788
@calls 0 11789
@calls 0 11790
@calls 0 11791
@calls 0 11792
@calls 0 11793
@calls 0 11794
@calls 0 11795
@calls 0 11796
@calls 0 11797
@calls 0 11798
@calls 0 11799
@calls 0 11800
@calls 0 11801
@calls 0 11802
@calls 0 11803
@calls 0 11804
@calls 0 11805
@calls 0 11806
@calls 0 11807
@calls 0 11808
@calls 0 11809
@calls 0 11810
@calls 0 11811
@calls 0 11812
@calls 0 11813
@calls 0 11814
@calls 0 11815
@calls 0 11816
@calls 0 11817
@calls 0 11818
@calls 0 11819
@calls 0 11820
@calls 0 11821
@calls 0 11822
@calls 0 11823
@calls 0 11824
@calls 0 11825
@calls 0 11826
@calls 0 11827
@calls 0 11828
@calls 0 11829
@calls 0 11830
@calls 0 11831
@calls 0 11832
@calls 0 11833
@calls 0 11834
@calls 0 11835
@calls 0 11836
@calls 0 11837
@calls 0 11838
@calls 0 11839
@calls 0 11840
@calls 0 11841
@calls 0 11842
@calls 0 11843
@calls 0 11844
@calls 0 11845
@calls 0 11846
@calls 0 11847
@calls 0 11848
@calls 0 11849
@calls 0 11850
@calls 0 11851
@calls 0 11852
@calls 0 11853
@calls 0 11854
@calls 0 11855
@calls 0 11856
@calls 0 11857
@calls 0 11858
@calls 0 11859
@calls 0 11860
@calls 0 11861
@calls 0 11862
@calls 0 11863
@calls 0 11864
@calls 0 11865
@calls 0 11866
@calls 0 11867
@calls 0 11868
@calls 0 11869
@calls 0 11870
@calls 0 11871
@calls 0 11872
@calls 0 11873
@calls 0 11874
@calls 0 11875
@calls 0 11876
@calls 0 11877
@calls 0 11878
@calls 0 11879
@calls 0 11880
@calls 0 11881
@calls 0 11882
@calls 0 11883
@calls 0 11884
@calls 0 11885
@calls 0 11886
@calls 0 11887
@calls 0 11888
@calls 0 11889
@calls 0 11890
@calls 0 11891
@calls 0 11892
@calls 0 11893
@calls 0 11894
@calls 0 11895
@calls 0 11896
@calls 0 11897
@calls 0 11898
@calls 0 11899
@calls 0 11900
@calls 0 11901
@calls 0 11902
@calls 0 11903
@calls 0 11904
@calls 0 11905
@calls 0 11906
@calls 0 11907
@calls 0 11908
@calls 0 11909
@calls 0 11910
@calls 0 11911
@calls 0 11912
@calls 0 11913
@calls 0 11914
@calls 0 11915
@calls 0 11916
@calls 0 11917
@calls 0 11918
@calls 0 11919
@calls 0 11920
@calls 0 11921
@calls 0 11922
@calls 0 11923
@calls 0 11924
@calls 0 11925
@calls 0 11926
@calls 0 11927
@calls 0 11928
@calls 0 11929
@calls 0 11930
@calls 0 11931
@calls 0 11932
@calls 0 11933
@calls 0 11934
@calls 0 11935
@calls 0 11936
@calls 0 11937
@calls 0 11938
@calls 0 11939
@calls 0 11940
@calls 0 11941
@calls 0 11942
@calls 0 11943
@calls 0 11944
@calls 0 11945
@calls 0 11946
@calls 0 11947
@calls 0 11948
@calls 0 11949
@calls 0 11950
@calls 0 11951
@calls 0 11952
@calls 0 11953
@calls 0 11954
@calls 0 11955
@calls 0 11956
@calls 0 11957
@calls 0 11958
@calls 0 11959
@calls 0 11960
@calls 0 11961
@calls 0 11962
@calls 0 11963
@calls 0 11964
@calls 0 11965
@calls 0 11966
@calls 0 11967
@calls 0 11968
@calls 0 11969
@calls 0 11970
@calls 0 11971
@calls 0 11972
@calls 0 11973
@calls 0 11974
@calls 0 11975
@calls 0 11976
@calls 0 11977
@calls 0 11978
@calls 0 11979
@calls 0 11980
@calls 0 11981
@calls 0 11982
@calls 0 11983
@calls 0 11984
@calls 0 11985
@calls 0 11986
@calls 0 11987
@calls 0 11988
@calls 0 11989
@calls 0 11990
@calls 0 11991
@calls 0 11992
@calls 0 11993
@calls 0 11994
@calls 0 11995
@calls 0 11996
@calls 0 11997
@calls 0 11998
@calls 0 11999
@calls 0 12000
@calls 0 12001
@calls 0 12002
@calls 0 12003
@calls 0 12004
@calls 0 12005
@calls 0 12006
@calls 0 12007
@calls 0 12008
@calls 0 12009
@calls 0 12010
@calls 0 12011
@calls 0 12012
@calls 0 12013
@calls 0 12014
@calls 0 12015
@calls 0 12016
@calls 0 12017
@calls 0 12018
@calls 0 12019
@calls 0 12020
@calls 0 12021
@calls 0 12022
@calls 0 12023
@calls 0 12024
@calls 0 12025
@calls 0 12026
@calls 0 12027
@calls 0 12028
@calls 0 12029
@calls 0 12030
@calls 0 12031
@calls 0 12032
@calls 0 12033
@calls 0 12034
@calls 0 12035
@calls 0 12036
@calls 0 12037
@calls 0 12038
@calls 0 12039
@calls 0 12040
@calls 0 12041
@calls 0 12042
@calls 0 12043
@calls 0 12044
@calls 0 12045
@calls 0 12046
@calls 0 12047
@calls 0 12048
@calls 0 12049
@calls 0 12050
@calls 0 12051
@calls 0 12052
@calls 0 12053
@calls 0 12054
@calls 0 12055
@calls 0 12056
@calls 0 12057
@calls 0 12058
@calls 0 12059
@calls 0 12060
@calls 0 12061
@calls 0 12062
@calls 0 12063
@calls 0 12064
@calls 0 12065
@calls 0 12066
@calls 0 12067
@calls 0 12068
@calls 0 12069
@calls 0 12070
@calls 0 12071
@calls 0 12072
@calls 0 12073
@calls 0 12074
@calls 0 12075
@calls 0 12076
@calls 0 12077
@calls 0 12078
@calls 0 12079
@calls 0 12080
@calls 0 12081
@calls 0 12082
@calls 0 12083
@calls 0 12084
@calls 0 12085
@calls 0 12086
@calls 0 12087
@calls 0 12088
@calls 0 12089
@calls 0 12090
@calls 0 12091
@calls 0 12092
@calls 0 12093
@calls 0 12094
@calls 0 12095
@calls 0 12096
@calls 0 12097
@calls 0 12098
@calls 0 12099
@calls 0 12100
@calls 0 12101
@calls 0 12102
@calls 0 12103
@calls 0 12104
@calls 0 12105
@calls 0 12106
@calls 0 12107
@calls 0 12108
@calls 0 12109
@calls 0 12110
@calls 0 12111
@calls 0 12112
@calls 0 12113
@calls 0 12114
@calls 0 12115
@calls 0 12116
@calls 0 12117
@calls 0 12118
@calls 0 12119
@calls 0 12120
@calls 0 12121
@calls 0 12122
@calls 0 12123
@calls 0 12124
@calls 0 12125
@calls 0 12126
@calls 0 12127
@calls 0 12128
@calls 0 12129
@calls 0 12130
@calls 0 12131
@calls 0 12132
@calls 0 12133
@calls 0 12134
@calls 0 12135
@calls 0 12136
@calls 0 12137
@calls 0 12138
@calls 0 12139
@calls 0 12140
@calls 0 12141
@calls 0 12142
@calls 0 12143
@calls 0 12144
@calls 0 12145
@calls 0 12146
@calls 0 12147
@calls 0 12148
@calls 0 12149
@calls 0 12150
@calls 0 12151
@calls 0 12152
@calls 0 12153
@calls 0 12154
@calls 0 12155
@calls 0 12156
@calls 0 12157
@calls 0 12158
@calls 0 12159
@calls 0 12160
@calls 0 12161
@calls 0 12162
@calls 0 12163
@calls 0 12164
@calls 0 12165
@calls 0 12166
@calls 0 12167
@calls 0 12168
@calls 0 12169
@calls 0 12170
@calls 0 12171
@calls 0 12172
@calls 0 12173
@calls 0 12174
@calls 0 12175
@calls 0 12176
@calls 0 12177
@calls 0 12178
@calls 0 12179
@calls 0 12180
@calls 0 12181
@calls 0 12182
@calls 0 12183
@calls 0 12184
@calls 0 12185
@calls 0 12186
@calls 0 12187
@calls 0 12188
@calls 0 12189
@calls 0 12190
@calls 0 12191
@calls 0 12192
@calls 0 12193
@calls 0 12194
@calls 0 12195
@calls 0 12196
@calls 0 12197
@calls 0 12198
@calls 0 12199
@calls 0 12200
@calls 0 12201
@calls 0 12202
@calls 0 12203
@calls 0 12204
@calls 0 12205
@calls 0 12206
@calls 0 12207
@calls 0 12208
@calls 0 12209
@calls 0 12210
@calls 0 12211
@calls 0 12212
@calls 0 12213
@calls 0 12214
@calls 0 12215
@calls 0 12216
@calls 0 12217
@calls 0 12218
@calls 0 12219
@calls 0 12220
@calls 0 12221
@calls 0 12222
@calls 0 12223
@calls 0 12224
@calls 0 12225
@calls 0 12226
@calls 0 12227
@calls 0 12228
@calls 0 12229
@calls 0 12230
@calls 0 12231
@calls 0 12232
@calls 0 12233
@calls 0 12234
@calls 0 12235
@calls 0 12236
@calls 0 12237
@calls 0 12238
@calls 0 12239
@calls 0 12240
@calls 0 12241
@calls 0 12242
@calls 0 12243
@calls 0 12244
@calls 0 12245
@calls 0 12246
@calls 0 12247
@calls 0 12248
@calls 0 12249
@calls 0 12250
@calls 0 12251
@calls 0 12252
@calls 0 12253
@calls 0 12254
@calls 0 12255
@calls 0 12256
@calls 0 12257
@calls 0 12258
@calls 0 12259
@calls 0 12260
@calls 0 12261
@calls 0 12262
@calls 0 12263
@calls 0 12264
@calls 0 12265
@calls 0 12266
@calls 0 12267
@calls 0 12268
@calls 0 12269
@calls 0 12270
@calls 0 12271
@calls 0 12272
@calls 0 12273
@calls 0 12274
@calls 0 12275
@calls 0 12276
@calls 0 12277
@calls 0 12278
@calls 0 12279
@calls 0 12280
@calls 0 12281
@calls 0 12282
@calls 0 12283
@calls 0 12284
@calls 0 12285
@calls 0 12286
@calls 0 12287
@calls 0 12288
@calls 0 12289
@calls 0 12290
@calls 0 12291
@calls 0 12292
@calls 0 12293
@calls 0 12294
@calls 0 12295
@calls 0 12296
@calls 0 12297
@calls 0 12298
@calls 0 12299
@calls 0 12300
@calls 0 12301
@calls 0 12302
@calls 0 12303
@calls 0 12304
@calls 0 12305
@calls 0 12306
@calls 0 12307
@calls 0 12308
@calls 0 12309
@calls 0 12310
@calls 0 12311
@calls 0 12312
@calls 0 12313
@calls 0 12314
@calls 0 12315
@calls 0 12316
@calls 0 12317
@calls 0 12318
@calls 0 12319
@calls 0 12320
@calls 0 12321
@calls 0 12322
@calls 0 12323
@calls 0 12324
@calls 0 12325
@calls 0 12326
@calls 0 12327
@calls 0 12328
@calls 0 12329
@calls 0 12330
@calls 0 12331
@calls 0 12332
@calls 0 12333
@calls 0 12334
@calls 0 12335
@calls 0 12336
@calls 0 12337
@calls 0 12338
@calls 0 12339
@calls 0 12340
@calls 0 12341
@calls 0 12342
@calls 0 12343
@calls 0 12344
@calls 0 12345
@calls 0 12346
@calls 0 12347
@calls 0 12348
@calls 0 12349
@calls 0 12350
@calls 0 12351
@calls 0 12352
@calls 0 12353
@calls 0 12354
@calls 0 12355
@calls 0 12356
@calls 0 12357
@calls 0 12358
@calls 0 12359
@calls 0 12360
@calls 0 12361
@calls 0 12362
@calls 0 12363
@calls 0 12364
@calls 0 12365
@calls 0 12366
@calls 0 12367
@calls 0 12368
@calls 0 12369
@calls 0 12370
@calls 0 12371
@calls 0 12372
@calls 0 12373
@calls 0 12374
@calls 0 12375
@calls 0 12376
@calls 0 12377
@calls 0 12378
@calls 0 12379
@calls 0 12380
@calls 0 12381
@calls 0 12382
@calls 0 12383
@calls 0 12384
@calls 0 12385
@calls 0 12386
@calls 0 12387
@calls 0 12388
@calls 0 12389
@calls 0 12390
@calls 0 12391
@calls 0 12392
@calls 0 12393
@calls 0 12394
@calls 0 12395
@calls 0 12396
@calls 0 12397
@calls 0 12398
@calls 0 12399
@calls 0 12400
@calls 0 12401
@calls 0 12402
@calls 0 12403
@calls 0 12404
@calls 0 12405
@calls 0 12406
@calls 0 12407
@calls 0 12408
@calls 0 12409
@calls 0 12410
@calls 0 12411
@calls 0 12412
@calls 0 12413
@calls 0 12414
@calls 0 12415
@calls 0 12416
@calls 0 12417
@calls 0 12418
@calls 0 12419
@calls 0 12420
@calls 0 12421
@calls 0 12422
@calls 0 12423
@calls 0 12424
@calls 0 12425
@calls 0 12426
@calls 0 12427
@calls 0 12428
@calls 0 12429
@calls 0 12430
@calls 0 12431
@calls 0 12432
@calls 0 12433
@calls 0 12434
@calls 0 12435
@calls 0 12436
@calls 0 12437
@calls 0 12438
@calls 0 12439
@calls 0 12440
@calls 0 12441
@calls 0 12442
@calls 0 12443
@calls 0 12444
@calls 0 12445
@calls 0 12446
@calls 0 12447
@calls 0 12448
@calls 0 12449
@calls 0 12450
@calls 0 12451
@calls 0 12452
@calls 0 12453
@calls 0 12454
@calls 0 12455
@calls 0 12456
@calls 0 12457
@calls 0 12458
@calls 0 12459
@calls 0 12460
@calls 0 12461
@calls 0 12462
@calls 0 12463
@calls 0 12464
@calls 0 12465
@calls 0 12466
@calls 0 12467
@calls 0 12468
@calls 0 12469
@calls 0 12470
@calls 0 12471
@calls 0 12472
@calls 0 12473
@calls 0 12474
@calls 0 12475
@calls 0 12476
@calls 0 12477
@calls 0 12478
@calls 0 12479
@calls 0 12480
@calls 0 12481
@calls 0 12482
@calls 0 12483
@calls 0 12484
@calls 0 12485
@calls 0 12486
@calls 0 12487
@calls 0 12488
@calls 0 12489
@calls 0 12490
@calls 0 12491
@calls 0 12492
@calls 0 12493
@calls 0 12494
@calls 0 12495
@calls 0 12496
@calls 0 12497
@calls 0 12498
@calls 0 12499
@calls 0 12500
@calls 0 12501
@calls 0 12502
@calls 0 12503
@calls 0 12504
@calls 0 12505
@calls 0 12506
@calls 0 12507
@calls 0 12508
@calls 0 12509
@calls 0 12510
@calls 0 12511
@calls 0 12512
@calls 0 12513
@calls 0 12514
@calls 0 12515
@calls 0 12516
@calls 0 12517
@calls 0 12518
@calls 0 12519
@calls 0 12520
@calls 0 12521
@calls 0 12522
@calls 0 12523
@calls 0 12524
@calls 0 12525
@calls 0 12526
@calls 0 12527
@calls 0 12528
@calls 0 12529
@calls 0 12530
@calls 0 12531
@calls 0 12532
@calls 0 12533
@calls 0 12534
@calls 0 12535
@calls 0 12536
@calls 0 12537
@calls 0 12538
@calls 0 12539
@calls 0 12540
@calls 0 12541
@calls 0 12542
@calls 0 12543
@calls 0 12544
@calls 0 12545
@calls 0 12546
@calls 0 12547
@calls 0 12548
@calls 0 12549
@calls 0 12550
@calls 0 12551
@calls 0 12552
@calls 0 12553
@calls 0 12554
@calls 0 12555
@calls 0 12556
@calls 0 12557
@calls 0 12558
@calls 0 12559
@calls 0 12560
@calls 0 12561
@calls 0 12562
@calls 0 12563
@calls 0 12564
@calls 0 12565
@calls 0 12566
@calls 0 12567
@calls 0 12568
@calls 0 12569
@calls 0 12570
@calls 0 12571
@calls 0 12572
@calls 0 12573
@calls 0 12574
@calls 0 12575
@calls 0 12576
@calls 0 12577
@calls 0 12578
@calls 0 12579
@calls 0 12580
@calls 0 12581
@calls 0 12582
@calls 0 12583
@calls 0 12584
@calls 0 12585
@calls 0 12586
@calls 0 12587
@calls 0 12588
@calls 0 12589
@calls 0 12590
@calls 0 12591
@calls 0 12592
@calls 0 12593
@calls 0 12594
@calls 0 12595
@calls 0 12596
@calls 0 12597
@calls 0 12598
@calls 0 12599
@calls 0 12600
@calls 0 12601
@calls 0 12602
@calls 0 12603
@calls 0 12604
@calls 0 12605
@calls 0 12606
@calls 0 12607
@calls 0 12608
@calls 0 12609
@calls 0 12610
@calls 0 12611
@calls 0 12612
@calls 0 12613
@calls 0 12614
@calls 0 12615
@calls 0 12616
@calls 0 12617
@calls 0 12618
@calls 0 12619
@calls 0 12620
@calls 0 12621
@calls 0 12622
@calls 0 12623
@calls 0 12624
@calls 0 12625
@calls 0 12626
@calls 0 12627
@calls 0 12628
@calls 0 12629
@calls 0 12630
@calls 0 12631
@calls 0 12632
@calls 0 12633
@calls 0 12634
@calls 0 12635
@calls 0 12636
@calls 0 12637
@calls 0 12638
@calls 0 12639
@calls 0 12640
@calls 0 12641
@calls 0 12642
@calls 0 12643
@calls 0 12644
@calls 0 12645
@calls 0 12646
@calls 0 12647
@calls 0 12648
@calls 0 12649
@calls 0 12650
@calls 0 12651
@calls 0 12652
@calls 0 12653
@calls 0 12654
@calls 0 12655
@calls 0 12656
@calls 0 12657
@calls 0 12658
@calls 0 12659
@calls 0 12660
@calls 0 12661
@calls 0 12662
@calls 0 12663
@calls 0 12664
@calls 0 12665
@calls 0 12666
@calls 0 12667
@calls 0 12668
@calls 0 12669
@calls 0 12670
@calls 0 12671
@calls 0 12672
@calls 0 12673
@calls 0 12674
@calls 0 12675
@calls 0 12676
@calls 0 12677
@calls 0 12678
@calls 0 12679
@calls 0 12680
@calls 0 12681
@calls 0 12682
@calls 0 12683
@calls 0 12684
@calls 0 12685
@calls 0 12686
@calls 0 12687
@calls 0 12688
@calls 0 12689
@calls 0 12690
@calls 0 12691
@calls 0 12692
@calls 0 12693
@calls 0 12694
@calls 0 12695
@calls 0 12696
@calls 0 12697
@calls 0 12698
@calls 0 12699
@calls 0 12700
@calls 0 12701
@calls 0 12702
@calls 0 12703
@calls 0 12704
@calls 0 12705
@calls 0 12706
@calls 0 12707
@calls 0 12708
@calls 0 12709
@calls 0 12710
@calls 0 12711
@calls 0 12712
@calls 0 12713
@calls 0 12714
@calls 0 12715
@calls 0 12716
@calls 0 12717
@calls 0 12718
@calls 0 12719
@calls 0 12720
@calls 0 12721
@calls 0 12722
@calls 0 12723
@calls 0 12724
@calls 0 12725
@calls 0 12726
@calls 0 12727
@calls 0 12728
@calls 0 12729
@calls 0 12730
@calls 0 12731
@calls 0 12732
@calls 0 12733
@calls 0 12734
@calls 0 12735
@calls 0 12736
@calls 0 12737
@calls 0 12738
@calls 0 12739
@calls 0 12740
@calls 0 12741
@calls 0 12742
@calls 0 12743
@calls 0 12744
@calls 0 12745
@calls 0 12746
@calls 0 12747
@calls 0 12748
@calls 0 12749
@calls 0 12750
@calls 0 12751
@calls 0 12752
@calls 0 12753
@calls 0 12754
@calls 0 12755
@calls 0 12756
@calls 0 12757
@calls 0 12758
@calls 0 12759
@calls 0 12760
@calls 0 12761
@calls 0 12762
@calls 0 12763
@calls 0 12764
@calls 0 12765
@calls 0 12766
@calls 0 12767
@calls 0 12768
@calls 0 12769
@calls 0 12770
@calls 0 12771
@calls 0 12772
@calls 0 12773
@calls 0 12774
@calls 0 12775
@calls 0 12776
@calls 0 12777
@calls 0 12778
@calls 0 12779
@calls 0 12780
@calls 0 12781
@calls 0 12782
@calls 0 12783
@calls 0 12784
@calls 0 12785
@calls 0 12786
@calls 0 12787
@calls 0 12788
@calls 0 12789
@calls 0 12790
@calls 0 12791
@calls 0 12792
@calls 0 12793
@calls 0 12794
@calls 0 12795
@calls 0 12796
@calls 0 12797
@calls 0 12798
@calls 0 12799
@calls 0 12800
@calls 0 12801
@calls 0 12802
@calls 0 12803
@calls 0 12804
@calls 0 12805
@calls 0 12806
@calls 0 12807
@calls 0 12808
@calls 0 12809
@calls 0 12810
@calls 0 12811
@calls 0 12812
@calls 0 12813
@calls 0 12814
@calls 0 12815
@calls 0 12816
@calls 0 12817
@calls 0 12818
@calls 0 12819
@calls 0 12820
@calls 0 12821
@calls 0 12822
@calls 0 12823
@calls 0 12824
@calls 0 12825
@calls 0 12826
@calls 0 12827
@calls 0 12828
@calls 0 12829
@calls 0 12830
@calls 0 12831
@calls 0 12832
@calls 0 12833
@calls 0 12834
@calls 0 12835
@calls 0 12836
@calls 0 12837
@calls 0 12838
@calls 0 12839
@calls 0 12840
@calls 0 12841
@calls 0 12842
@calls 0 12843
@calls 0 12844
@calls 0 12845
@calls 0 12846
@calls 0 12847
@calls 0 12848
@calls 0 12849
@calls 0 12850
@calls 0 12851
@calls 0 12852
@calls 0 12853
@calls 0 12854
@calls 0 12855
@calls 0 12856
@calls 0 12857
@calls 0 12858
@calls 0 12859
@calls 0 12860
@calls 0 12861
@calls 0 12862
@calls 0 12863
@calls 0 12864
@calls 0 12865
@calls 0 12866
@calls 0 12867
@calls 0 12868
@calls 0 12869
@calls 0 12870
@calls 0 12871
@calls 0 12872
@calls 0 12873
@calls 0 12874
@calls 0 12875
@calls 0 12876
@calls 0 12877
@calls 0 12878
@calls 0 12879
@calls 0 12880
@calls 0 12881
@calls 0 12882
@calls 0 12883
@calls 0 12884
@calls 0 12885
@calls 0 12886
@calls 0 12887
@calls 0 12888
@calls 0 12889
@calls 0 12890
@calls 0 12891
@calls 0 12892
@calls 0 12893
@calls 0 12894
@calls 0 12895
@calls 0 12896
@calls 0 12897
@calls 0 12898
@calls 0 12899
@calls 0 12900
@calls 0 12901
@calls 0 12902
@calls 0 12903
@calls 0 12904
@calls 0 12905
@calls 0 12906
@calls 0 12907
@calls 0 12908
@calls 0 12909
@calls 0 12910
@calls 0 12911
@calls 0 12912
@calls 0 12913
@calls 0 12914
@calls 0 12915
@calls 0 12916
@calls 0 12917
@calls 0 12918
@calls 0 12919
@calls 0 12920
@calls 0 12921
@calls 0 12922
@calls 0 12923
@calls 0 12924
@calls 0 12925
@calls 0 12926
@calls 0 12927
@calls 0 12928
@calls 0 12929
@calls 0 12930
@calls 0 12931
@calls 0 12932
@calls 0 12933
@calls 0 12934
@calls 0 12935
@calls 0 12936
@calls 0 12937
@calls 0 12938
@calls 0 12939
@calls 0 12940
@calls 0 12941
@calls 0 12942
@calls 0 12943
@calls 0 12944
@calls 0 12945
@calls 0 12946
@calls 0 12947
@calls 0 12948
@calls 0 12949
@calls 0 12950
@calls 0 12951
@calls 0 12952
@calls 0 12953
@calls 0 12954
@calls 0 12955
@calls 0 12956
@calls 0 12957
@calls 0 12958
@calls 0 12959
@calls 0 12960
@calls 0 12961
@calls 0 12962
@calls 0 12963
@calls 0 12964
@calls 0 12965
@calls 0 12966
@calls 0 12967
@calls 0 12968
@calls 0 12969
@calls 0 12970
@calls 0 12971
@calls 0 12972
@calls 0 12973
@calls 0 12974
@calls 0 12975
@calls 0 12976
@calls 0 12977
@calls 0 12978
@calls 0 12979
@calls 0 12980
@calls 0 12981
@calls 0 12982
@calls 0 12983
@calls 0 12984
@calls 0 12985
@calls 0 12986
@calls 0 12987
@calls 0 12988
@calls 0 12989
@calls 0 12990
@calls 0 12991
@calls 0 12992
@calls 0 12993
@calls 0 12994
@calls 0 12995
@calls 0 12996
@calls 0 12997
@calls 0 12998
@calls 0 12999
@calls 0 13000
@calls 0 13001
@calls 0 13002
@calls 0 13003
@calls 0 13004
@calls 0 13005
@calls 0 13006
@calls 0 13007
@calls 0 13008
@calls 0 13009
@calls 0 13010
@calls 0 13011
@calls 0 13012
@calls 0 13013
@calls 0 13014
@calls 0 13015
@calls 0 13016
@calls 0 13017
@calls 0 13018
@calls 0 13019
@calls 0 13020
@calls 0 13021
@calls 0 13022
@calls 0 13023
@calls 0 13024
@calls 0 13025
@calls 0 13026
@calls 0 13027
@calls 0 13028
@calls 0 13029
@calls 0 13030
@calls 0 13031
@calls 0 13032
@calls 0 13033
@calls 0 13034
@calls 0 13035
@calls 0 13036
@calls 0 13037
@calls 0 13038
@calls 0 13039
@calls 0 13040
@calls 0 13041
@calls 0 13042
@calls 0 13043
@calls 0 13044
@calls 0 13045
@calls 0 13046
@calls 0 13047
@calls 0 13048
@calls 0 13049
@calls 0 13050
@calls 0 13051
@calls 0 13052
@calls 0 13053
@calls 0 13054
@calls 0 13055
@calls 0 13056
@calls 0 13057
@calls 0 13058
@calls 0 13059
@calls 0 13060
@calls 0 13061
@calls 0 13062
@calls 0 13063
@calls 0 13064
@calls 0 13065
@calls 0 13066
@calls 0 13067
@calls 0 13068
@calls 0 13069
@calls 0 13070
@calls 0 13071
@calls 0 13072
@calls 0 13073
@calls 0 13074
@calls 0 13075
@calls 0 13076
@calls 0 13077
@calls 0 13078
@calls 0 13079
@calls 0 13080
@calls 0 13081
@calls 0 13082
@calls 0 13083
@calls 0 13084
@calls 0 13085
@calls 0 13086
@calls 0 13087
@calls 0 13088
@calls 0 13089
@calls 0 13090
@calls 0 13091
@calls 0 13092
@calls 0 13093
@calls 0 13094
@calls 0 13095
@calls 0 13096
@calls 0 13097
@calls 0 13098
@calls 0 13099
@calls 0 13100
@calls 0 13101
@calls 0 13102
@calls 0 13103
@calls 0 13104
@calls 0 13105
@calls 0 13106
@calls 0 13107
@calls 0 13108
@calls 0 13109
@calls 0 13110
@calls 0 13111
@calls 0 13112
@calls 0 13113
@calls 0 13114
@calls 0 13115
@calls 0 13116
@calls 0 13117
@calls 0 13118
@calls 0 13119
@calls 0 13120
@calls 0 13121
@calls 0 13122
@calls 0 13123
@calls 0 13124
@calls 0 13125
@calls 0 13126
@calls 0 13127
@calls 0 13128
@calls 0 13129
@calls 0 13130
@calls 0 13131
@calls 0 13132
@calls 0 13133
@calls 0 13134
@calls 0 13135
@calls 0 13136
@calls 0 13137
@calls 0 13138
@calls 0 13139
@calls 0 13140
@calls 0 13141
@calls 0 13142
@calls 0 13143
@calls 0 13144
@calls 0 13145
@calls 0 13146
@calls 0 13147
@calls 0 13148
@calls 0 13149
@calls 0 13150
@calls 0 13151
@calls 0 13152
@calls 0 13153
@calls 0 13154
@calls 0 13155
@calls 0 13156
@calls 0 13157
@calls 0 13158
@calls 0 13159
@calls 0 13160
@calls 0 13161
@calls 0 13162
@calls 0 13163
@calls 0 13164
@calls 0 13165
@calls 0 13166
@calls 0 13167
@calls 0 13168
@calls 0 13169
@calls 0 13170
@calls 0 13171
@calls 0 13172
@calls 0 13173
@calls 0 13174
@calls 0 13175
@calls 0 13176
@calls 0 13177
@calls 0 13178
@calls 0 13179
@calls 0 13180
@calls 0 13181
@calls 0 13182
@calls 0 13183
@calls 0 13184
@calls 0 13185
@calls 0 13186
@calls 0 13187
@calls 0 13188
@calls 0 13189
@calls 0 13190
@calls 0 13191
@calls 0 13192
@calls 0 13193
@calls 0 13194
@calls 0 13195
@calls 0 13196
@calls 0 13197
@calls 0 13198
@calls 0 13199
@calls 0 13200
@calls 0 13201
@calls 0 13202
@calls 0 13203
@calls 0 13204
@calls 0 13205
@calls 0 13206
@calls 0 13207
@calls 0 13208
@calls 0 13209
@calls 0 13210
@calls 0 13211
@calls 0 13212
@calls 0 13213
@calls 0 13214
@calls 0 13215
@calls 0 13216
@calls 0 13217
@calls 0 13218
@calls 0 13219
@calls 0 13220
@calls 0 13221
@calls 0 13222
@calls 0 13223
@calls 0 13224
@calls 0 13225
@calls 0 13226
@calls 0 13227
@calls 0 13228
@calls 0 13229
@calls 0 13230
@calls 0 13231
@calls 0 13232
@calls 0 13233
@calls 0 13234
@calls 0 13235
@calls 0 13236
@calls 0 13237
@calls 0 13238
@calls 0 13239
@calls 0 13240
@calls 0 13241
@calls 0 13242
@calls 0 13243
@calls 0 13244
@calls 0 13245
@calls 0 13246
@calls 0 13247
@calls 0 13248
@calls 0 13249
@calls 0 13250
@calls 0 13251
@calls 0 13252
@calls 0 13253
@calls 0 13254
@calls 0 13255
@calls 0 13256
@calls 0 13257
@calls 0 13258
@calls 0 13259
@calls 0 13260
@calls 0 13261
@calls 0 13262
@calls 0 13263
@calls 0 13264
@calls 0 13265
@calls 0 13266
@calls 0 13267
@calls 0 13268
@calls 0 13269
@calls 0 13270
@calls 0 13271
@calls 0 13272
@calls 0 13273
@calls 0 13274
@calls 0 13275
@calls 0 13276
@calls 0 13277
@calls 0 13278
@calls 0 13279
@calls 0 13280
@calls 0 13281
@calls 0 13282
@calls 0 13283
@calls 0 13284
@calls 0 13285
@calls 0 13286
@calls 0 13287
@calls 0 13288
@calls 0 13289
@calls 0 13290
@calls 0 13291
@calls 0 13292
@calls 0 13293
@calls 0 13294
@calls 0 13295
@calls 0 13296
@calls 0 13297
@calls 0 13298
@calls 0 13299
@calls 0 13300
@calls 0 13301
@calls 0 13302
@calls 0 13303
@calls 0 13304
@calls 0 13305
@calls 0 13306
@calls 0 13307
@calls 0 13308
@calls 0 13309
@calls 0 13310
@calls 0 13311
@calls 0 13312
@calls 0 13313
@calls 0 13314
@calls 0 13315
@calls 0 13316
@calls 0 13317
@calls 0 13318
@calls 0 13319
@calls 0 13320
@calls 0 13321
@calls 0 13322
@calls 0 13323
@calls 0 13324
@calls 0 13325
@calls 0 13326
@calls 0 13327
@calls 0 13328
@calls 0 13329
@calls 0 13330
@calls 0 13331
@calls 0 13332
@calls 0 13333
@calls 0 13334
@calls 0 13335
@calls 0 13336
@calls 0 13337
@calls 0 13338
@calls 0 13339
@calls 0 13340
@calls 0 13341
@calls 0 13342
@calls 0 13343
@calls 0 13344
@calls 0 13345
@calls 0 13346
@calls 0 13347
@calls 0 13348
@calls 0 13349
@calls 0 13350
@calls 0 13351
@calls 0 13352
@calls 0 13353
@calls 0 13354
@calls 0 13355
@calls 0 13356
@calls 0 13357
@calls 0 13358
@calls 0 13359
@calls 0 13360
@calls 0 13361
@calls 0 13362
@calls 0 13363
@calls 0 13364
@calls 0 13365
@calls 0 13366
@calls 0 13367
@calls 0 13368
@calls 0 13369
@calls 0 13370
@calls 0 13371
@calls 0 13372
@calls 0 13373
@calls 0 13374
@calls 0 13375
@calls 0 13376
@calls 0 13377
@calls 0 13378
@calls 0 13379
@calls 0 13380
@calls 0 13381
@calls 0 13382
@calls 0 13383
@calls 0 13384
@calls 0 13385
@calls 0 13386
@calls 0 13387
@calls 0 13388
@calls 0 13389
@calls 0 13390
@calls 0 13391
@calls 0 13392
@calls 0 13393
@calls 0 13394
@calls 0 13395
@calls 0 13396
@calls 0 13397
@calls 0 13398
@calls 0 13399
@calls 0 13400
@calls 0 13401
@calls 0 13402
@calls 0 13403
@calls 0 13404
@calls 0 13405
@calls 0 13406
@calls 0 13407
@calls 0 13408
@calls 0 13409
@calls 0 13410
@calls 0 13411
@calls 0 13412
@calls 0 13413
@calls 0 13414
@calls 0 13415
@calls 0 13416
@calls 0 13417
@calls 0 13418
@calls 0 13419
@calls 0 13420
@calls 0 13421
@calls 0 13422
@calls 0 13423
@calls 0 13424
@calls 0 13425
@calls 0 13426
@calls 0 13427
@calls 0 13428
@calls 0 13429
@calls 0 13430
@calls 0 13431
@calls 0 13432
@calls 0 13433
@calls 0 13434
@calls 0 13435
@calls 0 13436
@calls 0 13437
@calls 0 13438
@calls 0 13439
@calls 0 13440
@calls 0 13441
@calls 0 13442
@calls 0 13443
@calls 0 13444
@calls 0 13445
@calls 0 13446
@calls 0 13447
@calls 0 13448
@calls 0 13449
@calls 0 13450
@calls 0 13451
@calls 0 13452
@calls 0 13453
@calls 0 13454
@calls 0 13455
@calls 0 13456
@calls 0 13457
@calls 0 13458
@calls 0 13459
@calls 0 13460
@calls 0 13461
@calls 0 13462
@calls 0 13463
@calls 0 13464
@calls 0 13465
@calls 0 13466
@calls 0 13467
@calls 0 13468
@calls 0 13469
@calls 0 13470
@calls 0 13471
@calls 0 13472
@calls 0 13473
@calls 0 13474
@calls 0 13475
@calls 0 13476
@calls 0 13477
@calls 0 13478
@calls 0 13479
@calls 0 13480
@calls 0 13481
@calls 0 13482
@calls 0 13483
@calls 0 13484
@calls 0 13485
@calls 0 13486
@calls 0 13487
@calls 0 13488
@calls 0 13489
@calls 0 13490
@calls 0 13491
@calls 0 13492
@calls 0 13493
@calls 0 13494
@calls 0 13495
@calls 0 13496
@calls 0 13497
@calls 0 13498
@calls 0 13499
@calls 0 13500
@calls 0 13501
@calls 0 13502
@calls 0 13503
@calls 0 13504
@calls 0 13505
@calls 0 13506
@calls 0 13507
@calls 0 13508
@calls 0 13509
@calls 0 13510
@calls 0 13511
@calls 0 13512
@calls 0 13513
@calls 0 13514
@calls 0 13515
@calls 0 13516
@calls 0 13517
@calls 0 13518
@calls 0 13519
@calls 0 13520
@calls 0 13521
@calls 0 13522
@calls 0 13523
@calls 0 13524
@calls 0 13525
@calls 0 13526
@calls 0 13527
@calls 0 13528
@calls 0 13529
@calls 0 13530
@calls 0 13531
@calls 0 13532
@calls 0 13533
@calls 0 13534
@calls 0 13535
@calls 0 13536
@calls 0 13537
@calls 0 13538
@calls 0 13539
@calls 0 13540
@calls 0 13541
@calls 0 13542
@calls 0 13543
@calls 0 13544
@calls 0 13545
@calls 0 13546
@calls 0 13547
@calls 0 13548
@calls 0 13549
@calls 0 13550
@calls 0 13551
@calls 0 13552
@calls 0 13553
@calls 0 13554
@calls 0 13555
@calls 0 13556
@calls 0 13557
@calls 0 13558
@calls 0 13559
@calls 0 13560
@calls 0 13561
@calls 0 13562
@calls 0 13563
@calls 0 13564
@calls 0 13565
@calls 0 13566
@calls 0 13567
@calls 0 13568
@calls 0 13569
@calls 0 13570
@calls 0 13571
@calls 0 13572
@calls 0 13573
@calls 0 13574
@calls 0 13575
@calls 0 13576
@calls 0 13577
@calls 0 13578
@calls 0 13579
@calls 0 13580
@calls 0 13581
@calls 0 13582
@calls 0 13583
@calls 0 13584
@calls 0 13585
@calls 0 13586
@calls 0 13587
@calls 0 13588
@calls 0 13589
@calls 0 13590
@calls 0 13591
@calls 0 13592
@calls 0 13593
@calls 0 13594
@calls 0 13595
@calls 0 13596
@calls 0 13597
@calls 0 13598
@calls 0 13599
@calls 0 13600
@calls 0 13601
@calls 0 13602
@calls 0 13603
@calls 0 13604
@calls 0 13605
@calls 0 13606
@calls 0 13607
@calls 0 13608
@calls 0 13609
@calls 0 13610
@calls 0 13611
@calls 0 13612
@calls 0 13613
@calls 0 13614
@calls 0 13615
@calls 0 13616
@calls 0 13617
@calls 0 13618
@calls 0 13619
@calls 0 13620
@calls 0 13621
@calls 0 13622
@calls 0 13623
@calls 0 13624
@calls 0 13625
@calls 0 13626
@calls 0 13627
@calls 0 13628
@calls 0 13629
@calls 0 13630
@calls 0 13631
@calls 0 13632
@calls 0 13633
@calls 0 13634
@calls 0 13635
@calls 0 13636
@calls 0 13637
@calls 0 13638
@calls 0 13639
@calls 0 13640
@calls 0 13641
@calls 0 13642
@calls 0 13643
@calls 0 13644
@calls 0 13645
@calls 0 13646
@calls 0 13647
@calls 0 13648
@calls 0 13649
@calls 0 13650
@calls 0 13651
@calls 0 13652
@calls 0 13653
@calls 0 13654
@calls 0 13655
@calls 0 13656
@calls 0 13657
@calls 0 13658
@calls 0 13659
@calls 0 13660
@calls 0 13661
@calls 0 13662
@calls 0 13663
@calls 0 13664
@calls 0 13665
@calls 0 13666
@calls 0 13667
@calls 0 13668
@calls 0 13669
@calls 0 13670
@calls 0 13671
@calls 0 13672
@calls 0 13673
@calls 0 13674
@calls 0 13675
@calls 0 13676
@calls 0 13677
@calls 0 13678
@calls 0 13679
@calls 0 13680
@calls 0 13681
@calls 0 13682
@calls 0 13683
@calls 0 13684
@calls 0 13685
@calls 0 13686
@calls 0 13687
@calls 0 13688
@calls 0 13689
@calls 0 13690
@calls 0 13691
@calls 0 13692
@calls 0 13693
@calls 0 13694
@calls 0 13695
@calls 0 13696
@calls 0 13697
@calls 0 13698
@calls 0 13699
@calls 0 13700
@calls 0 13701
@calls 0 13702
@calls 0 13703
@calls 0 13704
@calls 0 13705
@calls 0 13706
@calls 0 13707
@calls 0 13708
@calls 0 13709
@calls 0 13710
@calls 0 13711
@calls 0 13712
@calls 0 13713
@calls 0 13714
@calls 0 13715
@calls 0 13716
@calls 0 13717
@calls 0 13718
@calls 0 13719
@calls 0 13720
@calls 0 13721
@calls 0 13722
@calls 0 13723
@calls 0 13724
@calls 0 13725
@calls 0 13726
@calls 0 13727
@calls 0 13728
@calls 0 13729
@calls 0 13730
@calls 0 13731
@calls 0 13732
@calls 0 13733
@calls 0 13734
@calls 0 13735
@calls 0 13736
@calls 0 13737
@calls 0 13738
@calls 0 13739
@calls 0 13740
@calls 0 13741
@calls 0 13742
@calls 0 13743
@calls 0 13744
@calls 0 13745
@calls 0 13746
@calls 0 13747
@calls 0 13748
@calls 0 13749
@calls 0 13750
@calls 0 13751
@calls 0 13752
@calls 0 13753
@calls 0 13754
@calls 0 13755
@calls 0 13756
@calls 0 13757
@calls 0 13758
@calls 0 13759
@calls 0 13760
@calls 0 13761
@calls 0 13762
@calls 0 13763
@calls 0 13764
@calls 0 13765
@calls 0 13766
@calls 0 13767
@calls 0 13768
@calls 0 13769
@calls 0 13770
@calls 0 13771
@calls 0 13772
@calls 0 13773
@calls 0 13774
@calls 0 13775
@calls 0 13776
@calls 0 13777
@calls 0 13778
@calls 0 13779
@calls 0 13780
@calls 0 13781
@calls 0 13782
@calls 0 13783
@calls 0 13784
@calls 0 13785
@calls 0 13786
@calls 0 13787
@calls 0 13788
@calls 0 13789
@calls 0 13790
@calls 0 13791
@calls 0 13792
@calls 0 13793
@calls 0 13794
@calls 0 13795
@calls 0 13796
@calls 0 13797
@calls 0 13798
@calls 0 13799
@calls 0 13800
@calls 0 13801
@calls 0 13802
@calls 0 13803
@calls 0 13804
@calls 0 13805
@calls 0 13806
@calls 0 13807
@calls 0 13808
@calls 0 13809
@calls 0 13810
@calls 0 13811
@calls 0 13812
@calls 0 13813
@calls 0 13814
@calls 0 13815
@calls 0 13816
@calls 0 13817
@calls 0 13818
@calls 0 13819
@calls 0 13820
@calls 0 13821
@calls 0 13822
@calls 0 13823
@calls 0 13824
@calls 0 13825
@calls 0 13826
@calls 0 13827
@calls 0 13828
@calls 0 13829
@calls 0 13830
@calls 0 13831
@calls 0 13832
@calls 0 13833
@calls 0 13834
@calls 0 13835
@calls 0 13836
@calls 0 13837
@calls 0 13838
@calls 0 13839
@calls 0 13840
@calls 0 13841
@calls 0 13842
@calls 0 13843
@calls 0 13844
@calls 0 13845
@calls 0 13846
@calls 0 13847
@calls 0 13848
@calls 0 13849
@calls 0 13850
@calls 0 13851
@calls 0 13852
@calls 0 13853
@calls 0 13854
@calls 0 13855
@calls 0 13856
@calls 0 13857
@calls 0 13858
@calls 0 13859
@calls 0 13860
@calls 0 13861
@calls 0 13862
@calls 0 13863
@calls 0 13864
@calls 0 13865
@calls 0 13866
@calls 0 13867
@calls 0 13868
@calls 0 13869
@calls 0 13870
@calls 0 13871
@calls 0 13872
@calls 0 13873
@calls 0 13874
@calls 0 13875
@calls 0 13876
@calls 0 13877
@calls 0 13878
@calls 0 13879
@calls 0 13880
@calls 0 13881
@calls 0 13882
@calls 0 13883
@calls 0 13884
@calls 0 13885
@calls 0 13886
@calls 0 13887
@calls 0 13888
@calls 0 13889
@calls 0 13890
@calls 0 13891
@calls 0 13892
@calls 0 13893
@calls 0 13894
@calls 0 13895
@calls 0 13896
@calls 0 13897
@calls 0 13898
@calls 0 13899
@calls 0 13900
@calls 0 13901
@calls 0 13902
@calls 0 13903
@calls 0 13904
@calls 0 13905
@calls 0 13906
@calls 0 13907
@calls 0 13908
@calls 0 13909
@calls 0 13910
@calls 0 13911
@calls 0 13912
@calls 0 13913
@calls 0 13914
@calls 0 13915
@calls 0 13916
@calls 0 13917
@calls 0 13918
@calls 0 13919
@calls 0 13920
@calls 0 13921
@calls 0 13922
@calls 0 13923
@calls 0 13924
@calls 0 13925
@calls 0 13926
@calls 0 13927
@calls 0 13928
@calls 0 13929
@calls 0 13930
@calls 0 13931
@calls 0 13932
@calls 0 13933
@calls 0 13934
@calls 0 13935
@calls 0 13936
@calls 0 13937
@calls 0 13938
@calls 0 13939
@calls 0 13940
@calls 0 13941
@calls 0 13942
@calls 0 13943
@calls 0 13944
@calls 0 13945
@calls 0 13946
@calls 0 13947
@calls 0 13948
@calls 0 13949
@calls 0 13950
@calls 0 13951
@calls 0 13952
@calls 0 13953
@calls 0 13954
@calls 0 13955
@calls 0 13956
@calls 0 13957
@calls 0 13958
@calls 0 13959
@calls 0 13960
@calls 0 13961
@calls 0 13962
@calls 0 13963
@calls 0 13964
@calls 0 13965
@calls 0 13966
@calls 0 13967
@calls 0 13968
@calls 0 13969
@calls 0 13970
@calls 0 13971
@calls 0 13972
@calls 0 13973
@calls 0 13974
@calls 0 13975
@calls 0 13976
@calls 0 13977
@calls 0 13978
@calls 0 13979
@calls 0 13980
@calls 0 13981
@calls 0 13982
@calls 0 13983
@calls 0 13984
@calls 0 13985
@calls 0 13986
@calls 0 13987
@calls 0 13988
@calls 0 13989
@calls 0 13990
@calls 0 13991
@calls 0 13992
@calls 0 13993
@calls 0 13994
@calls 0 13995
@calls 0 13996
@calls 0 13997
@calls 0 13998
@calls 0 13999
@calls 0 14000
@calls 0 14001
@calls 0 14002
@calls 0 14003
@calls 0 14004
@calls 0 14005
@calls 0 14006
@calls 0 14007
@calls 0 14008
@calls 0 14009
@calls 0 14010
@calls 0 14011
@calls 0 14012
@calls 0 14013
@calls 0 14014
@calls 0 14015
@calls 0 14016
@calls 0 14017
@calls 0 14018
@calls 0 14019
@calls 0 14020
@calls 0 14021
@calls 0 14022
@calls 0 14023
@calls 0 14024
@calls 0 14025
@calls 0 14026
@calls 0 14027
@calls 0 14028
@calls 0 14029
@calls 0 14030
@calls 0 14031
@calls 0 14032
@calls 0 14033
@calls 0 14034
@calls 0 14035
@calls 0 14036
@calls 0 14037
@calls 0 14038
@calls 0 14039
@calls 0 14040
@calls 0 14041
@calls 0 14042
@calls 0 14043
@calls 0 14044
@calls 0 14045
@calls 0 14046
@calls 0 14047
@calls 0 14048
@calls 0 14049
@calls 0 14050
@calls 0 14051
@calls 0 14052
@calls 0 14053
@calls 0 14054
@calls 0 14055
@calls 0 14056
@calls 0 14057
@calls 0 14058
@calls 0 14059
@calls 0 14060
@calls 0 14061
@calls 0 14062
@calls 0 14063
@calls 0 14064
@calls 0 14065
@calls 0 14066
@calls 0 14067
@calls 0 14068
@calls 0 14069
@calls 0 14070
@calls 0 14071
@calls 0 14072
@calls 0 14073
@calls 0 14074
@calls 0 14075
@calls 0 14076
@calls 0 14077
@calls 0 14078
@calls 0 14079
@calls 0 14080
@calls 0 14081
@calls 0 14082
@calls 0 14083
@calls 0 14084
@calls 0 14085
@calls 0 14086
@calls 0 14087
@calls 0 14088
@calls 0 14089
@calls 0 14090
@calls 0 14091
@calls 0 14092
@calls 0 14093
@calls 0 14094
@calls 0 14095
@calls 0 14096
@calls 0 14097
@calls 0 14098
@calls 0 14099
@calls 0 14100
@calls 0 14101
@calls 0 14102
@calls 0 14103
@calls 0 14104
@calls 0 14105
@calls 0 14106
@calls 0 14107
@calls 0 14108
@calls 0 14109
@calls 0 14110
@calls 0 14111
@calls 0 14112
@calls 0 14113
@calls 0 14114
@calls 0 14115
@calls 0 14116
@calls 0 14117
@calls 0 14118
@calls 0 14119
@calls 0 14120
@calls 0 14121
@calls 0 14122
@calls 0 14123
@calls 0 14124
@calls 0 14125
@calls 0 14126
@calls 0 14127
@calls 0 14128
@calls 0 14129
@calls 0 14130
@calls 0 14131
@calls 0 14132
@calls 0 14133
@calls 0 14134
@calls 0 14135
@calls 0 14136
@calls 0 14137
@calls 0 14138
@calls 0 14139
@calls 0 14140
@calls 0 14141
@calls 0 14142
@calls 0 14143
@calls 0 14144
@calls 0 14145
@calls 0 14146
@calls 0 14147
@calls 0 14148
@calls 0 14149
@calls 0 14150
@calls 0 14151
@calls 0 14152
@calls 0 14153
@calls 0 14154
@calls 0 14155
@calls 0 14156
@calls 0 14157
@calls 0 14158
@calls 0 14159
@calls 0 14160
@calls 0 14161
@calls 0 14162
@calls 0 14163
@calls 0 14164
@calls 0 14165
@calls 0 14166
@calls 0 14167
@calls 0 14168
@calls 0 14169
@calls 0 14170
@calls 0 14171
@calls 0 14172
@calls 0 14173
@calls 0 14174
@calls 0 14175
@calls 0 14176
@calls 0 14177
@calls 0 14178
@calls 0 14179
@calls 0 14180
@calls 0 14181
@calls 0 14182
@calls 0 14183
@calls 0 14184
@calls 0 14185
@calls 0 14186
@calls 0 14187
@calls 0 14188
@calls 0 14189
@calls 0 14190
@calls 0 14191
@calls 0 14192
@calls 0 14193
@calls 0 14194
@calls 0 14195
@calls 0 14196
@calls 0 14197
@calls 0 14198
@calls 0 14199
@calls 0 14200
@calls 0 14201
@calls 0 14202
@calls 0 14203
@calls 0 14204
@calls 0 14205
@calls 0 14206
@calls 0 14207
@calls 0 14208
@calls 0 14209
@calls 0 14210
@calls 0 14211
@calls 0 14212
@calls 0 14213
@calls 0 14214
@calls 0 14215
@calls 0 14216
@calls 0 14217
@calls 0 14218
@calls 0 14219
@calls 0 14220
@calls 0 14221
@calls 0 14222
@calls 0 14223
@calls 0 14224
@calls 0 14225
@calls 0 14226
@calls 0 14227
@calls 0 14228
@calls 0 14229
@calls 0 14230
@calls 0 14231
@calls 0 14232
@calls 0 14233
@calls 0 14234
@calls 0 14235
@calls 0 14236
@calls 0 14237
@calls 0 14238
@calls 0 14239
@calls 0 14240
@calls 0 14241
@calls 0 14242
@calls 0 14243
@calls 0 14244
@calls 0 14245
@calls 0 14246
@calls 0 14247
@calls 0 14248
@calls 0 14249
@calls 0 14250
@calls 0 14251
@calls 0 14252
@calls 0 14253
@calls 0 14254
@calls 0 14255
@calls 0 14256
@calls 0 14257
@calls 0 14258
@calls 0 14259
@calls 0 14260
@calls 0 14261
@calls 0 14262
@calls 0 14263
@calls 0 14264
@calls 0 14265
@calls 0 14266
@calls 0 14267
@calls 0 14268
@calls 0 14269
@calls 0 14270
@calls 0 14271
@calls 0 14272
@calls 0 14273
@calls 0 14274
@calls 0 14275
@calls 0 14276
@calls 0 14277
@calls 0 14278
@calls 0 14279
@calls 0 14280
@calls 0 14281
@calls 0 14282
@calls 0 14283
@calls 0 14284
@calls 0 14285
@calls 0 14286
@calls 0 14287
@calls 0 14288
@calls 0 14289
@calls 0 14290
@calls 0 14291
@calls 0 14292
@calls 0 14293
@calls 0 14294
@calls 0 14295
@calls 0 14296
@calls 0 14297
@calls 0 14298
@calls 0 14299
@calls 0 14300
@calls 0 14301
@calls 0 14302
@calls 0 14303
@calls 0 14304
@calls 0 14305
@calls 0 14306
@calls 0 14307
@calls 0 14308
@calls 0 14309
@calls 0 14310
@calls 0 14311
@calls 0 14312
@calls 0 14313
@calls 0 14314
@calls 0 14315
@calls 0 14316
@calls 0 14317
@calls 0 14318
@calls 0 14319
@calls 0 14320
@calls 0 14321
@calls 0 14322
@calls 0 14323
@calls 0 14324
@calls 0 14325
@calls 0 14326
@calls 0 14327
@calls 0 14328
@calls 0 14329
@calls 0 14330
@calls 0 14331
@calls 0 14332
@calls 0 14333
@calls 0 14334
@calls 0 14335
@calls 0 14336
@calls 0 14337
@calls 0 14338
@calls 0 14339
@calls 0 14340
@calls 0 14341
@calls 0 14342
@calls 0 14343
@calls 0 14344
@calls 0 14345
@calls 0 14346
@calls 0 14347
@calls 0 14348
@calls 0 14349
@calls 0 14350
@calls 0 14351
@calls 0 14352
@calls 0 14353
@calls 0 14354
@calls 0 14355
@calls 0 14356
@calls 0 14357
@calls 0 14358
@calls 0 14359
@calls 0 14360
@calls 0 14361
@calls 0 14362
@calls 0 14363
@calls 0 14364
@calls 0 14365
@calls 0 14366
@calls 0 14367
@calls 0 14368
@calls 0 14369
@calls 0 14370
@calls 0 14371
@calls 0 14372
@calls 0 14373
@calls 0 14374
@calls 0 14375
@calls 0 14376
@calls 0 14377
@calls 0 14378
@calls 0 14379
@calls 0 14380
@calls 0 14381
@calls 0 14382
@calls 0 14383
@calls 0 14384
@calls 0 14385
@calls 0 14386
@calls 0 14387
@calls 0 14388
@calls 0 14389
@calls 0 14390
@calls 0 14391
@calls 0 14392
@calls 0 14393
@calls 0 14394
@calls 0 14395
@calls 0 14396
@calls 0 14397
@calls 0 14398
@calls 0 14399
@calls 0 14400
@calls 0 14401
@calls 0 14402
@calls 0 14403
@calls 0 14404
@calls 0 14405
@calls 0 14406
@calls 0 14407
@calls 0 14408
@calls 0 14409
@calls 0 14410
@calls 0 14411
@calls 0 14412
@calls 0 14413
@calls 0 14414
@calls 0 14415
@calls 0 14416
@calls 0 14417
@calls 0 14418
@calls 0 14419
@calls 0 14420
@calls 0 14421
@calls 0 14422
@calls 0 14423
@calls 0 14424
@calls 0 14425
@calls 0 14426
@calls 0 14427
@calls 0 14428
@calls 0 14429
@calls 0 14430
@calls 0 14431
@calls 0 14432
@calls 0 14433
@calls 0 14434
@calls 0 14435
@calls 0 14436
@calls 0 14437
@calls 0 14438
@calls 0 14439
@calls 0 14440
@calls 0 14441
@calls 0 14442
@calls 0 14443
@calls 0 14444
@calls 0 14445
@calls 0 14446
@calls 0 14447
@calls 0 14448
@calls 0 14449
@calls 0 14450
@calls 0 14451
@calls 0 14452
@calls 0 14453
@calls 0 14454
@calls 0 14455
@calls 0 14456
@calls 0 14457
@calls 0 14458
@calls 0 14459
@calls 0 14460
@calls 0 14461
@calls 0 14462
@calls 0 14463
@calls 0 14464
@calls 0 14465
@calls 0 14466
@calls 0 14467
@calls 0 14468
@calls 0 14469
@calls 0 14470
@calls 0 14471
@calls 0 14472
@calls 0 14473
@calls 0 14474
@calls 0 14475
@calls 0 14476
@calls 0 14477
@calls 0 14478
@calls 0 14479
@calls 0 14480
@calls 0 14481
@calls 0 14482
@calls 0 14483
@calls 0 14484
@calls 0 14485
@calls 0 14486
@calls 0 14487
@calls 0 14488
@calls 0 14489
@calls 0 14490
@calls 0 14491
@calls 0 14492
@calls 0 14493
@calls 0 14494
@calls 0 14495
@calls 0 14496
@calls 0 14497
@calls 0 14498
@calls 0 14499
@calls 0 14500
@calls 0 14501
@calls 0 14502
@calls 0 14503
@calls 0 14504
@calls 0 14505
@calls 0 14506
@calls 0 14507
@calls 0 14508
@calls 0 14509
@calls 0 14510
@calls 0 14511
@calls 0 14512
@calls 0 14513
@calls 0 14514
@calls 0 14515
@calls 0 14516
@calls 0 14517
@calls 0 14518
@calls 0 14519
@calls 0 14520
@calls 0 14521
@calls 0 14522
@calls 0 14523
@calls 0 14524
@calls 0 14525
@calls 0 14526
@calls 0 14527
@calls 0 14528
@calls 0 14529
@calls 0 14530
@calls 0 14531
@calls 0 14532
@calls 0 14533
@calls 0 14534
@calls 0 14535
@calls 0 14536
@calls 0 14537
@calls 0 14538
@calls 0 14539
@calls 0 14540
@calls 0 14541
@calls 0 14542
@calls 0 14543
@calls 0 14544
@calls 0 14545
@calls 0 14546
@calls 0 14547
@calls 0 14548
@calls 0 14549
@calls 0 14550
@calls 0 14551
@calls 0 14552
@calls 0 14553
@calls 0 14554
@calls 0 14555
@calls 0 14556
@calls 0 14557
@calls 0 14558
@calls 0 14559
@calls 0 14560
@calls 0 14561
@calls 0 14562
@calls 0 14563
@calls 0 14564
@calls 0 14565
@calls 0 14566
@calls 0 14567
@calls 0 14568
@calls 0 14569
@calls 0 14570
@calls 0 14571
@calls 0 14572
@calls 0 14573
@calls 0 14574
@calls 0 14575
@calls 0 14576
@calls 0 14577
@calls 0 14578
@calls 0 14579
@calls 0 14580
@calls 0 14581
@calls 0 14582
@calls 0 14583
@calls 0 14584
@calls 0 14585
@calls 0 14586
@calls 0 14587
@calls 0 14588
@calls 0 14589
@calls 0 14590
@calls 0 14591
@calls 0 14592
@calls 0 14593
@calls 0 14594
@calls 0 14595
@calls 0 14596
@calls 0 14597
@calls 0 14598
@calls 0 14599
@calls 0 14600
@calls 0 14601
@calls 0 14602
@calls 0 14603
@calls 0 14604
@calls 0 14605
@calls 0 14606
@calls 0 14607
@calls 0 14608
@calls 0 14609
@calls 0 14610
@calls 0 14611
@calls 0 14612
@calls 0 14613
@calls 0 14614
@calls 0 14615
@calls 0 14616
@calls 0 14617
@calls 0 14618
@calls 0 14619
@calls 0 14620
@calls 0 14621
@calls 0 14622
@calls 0 14623
@calls 0 14624
@calls 0 14625
@calls 0 14626
@calls 0 14627
@calls 0 14628
@calls 0 14629
@calls 0 14630
@calls 0 14631
@calls 0 14632
@calls 0 14633
@calls 0 14634
@calls 0 14635
@calls 0 14636
@calls 0 14637
@calls 0 14638
@calls 0 14639
@calls 0 14640
@calls 0 14641
@calls 0 14642
@calls 0 14643
@calls 0 14644
@calls 0 14645
@calls 0 14646
@calls 0 14647
@calls 0 14648
@calls 0 14649
@calls 0 14650
@calls 0 14651
@calls 0 14652
@calls 0 14653
@calls 0 14654
@calls 0 14655
@calls 0 14656
@calls 0 14657
@calls 0 14658
@calls 0 14659
@calls 0 14660
@calls 0 14661
@calls 0 14662
@calls 0 14663
@calls 0 14664
@calls 0 14665
@calls 0 14666
@calls 0 14667
@calls 0 14668
@calls 0 14669
@calls 0 14670
@calls 0 14671
@calls 0 14672
@calls 0 14673
@calls 0 14674
@calls 0 14675
@calls 0 14676
@calls 0 14677
@calls 0 14678
@calls 0 14679
@calls 0 14680
@calls 0 14681
@calls 0 14682
@calls 0 14683
@calls 0 14684
@calls 0 14685
@calls 0 14686
@calls 0 14687
@calls 0 14688
@calls 0 14689
@calls 0 14690
@calls 0 14691
@calls 0 14692
@calls 0 14693
@calls 0 14694
@calls 0 14695
@calls 0 14696
@calls 0 14697
@calls 0 14698
@calls 0 14699
@calls 0 14700
@calls 0 14701
@calls 0 14702
@calls 0 14703
@calls 0 14704
@calls 0 14705
@calls 0 14706
@calls 0 14707
@calls 0 14708
@calls 0 14709
@calls 0 14710
@calls 0 14711
@calls 0 14712
@calls 0 14713
@calls 0 14714
@calls 0 14715
@calls 0 14716
@calls 0 14717
@calls 0 14718
@calls 0 14719
@calls 0 14720
@calls 0 14721
@calls 0 14722
@calls 0 14723
@calls 0 14724
@calls 0 14725
@calls 0 14726
@calls 0 14727
@calls 0 14728
@calls 0 14729
@calls 0 14730
@calls 0 14731
@calls 0 14732
@calls 0 14733
@calls 0 14734
@calls 0 14735
@calls 0 14736
@calls 0 14737
@calls 0 14738
@calls 0 14739
@calls 0 14740
@calls 0 14741
@calls 0 14742
@calls 0 14743
@calls 0 14744
@calls 0 14745
@calls 0 14746
@calls 0 14747
@calls 0 14748
@calls 0 14749
@calls 0 14750
@calls 0 14751
@calls 0 14752
@calls 0 14753
@calls 0 14754
@calls 0 14755
@calls 0 14756
@calls 0 14757
@calls 0 14758
@calls 0 14759
@calls 0 14760
@calls 0 14761
@calls 0 14762
@calls 0 14763
@calls 0 14764
@calls 0 14765
@calls 0 14766
@calls 0 14767
@calls 0 14768
@calls 0 14769
@calls 0 14770
@calls 0 14771
@calls 0 14772
@calls 0 14773
@calls 0 14774
@calls 0 14775
@calls 0 14776
@calls 0 14777
@calls 0 14778
@calls 0 14779
@calls 0 14780
@calls 0 14781
@calls 0 14782
@calls 0 14783
@calls 0 14784
@calls 0 14785
@calls 0 14786
@calls 0 14787
@calls 0 14788
@calls 0 14789
@calls 0 14790
@calls 0 14791
@calls 0 14792
@calls 0 14793
@calls 0 14794
@calls 0 14795
@calls 0 14796
@calls 0 14797
@calls 0 14798
@calls 0 14799
@calls 0 14800
@calls 0 14801
@calls 0 14802
@calls 0 14803
@calls 0 14804
@calls 0 14805
@calls 0 14806
@calls 0 14807
@calls 0 14808
@calls 0 14809
@calls 0 14810
@calls 0 14811
@calls 0 14812
@calls 0 14813
@calls 0 14814
@calls 0 14815
@calls 0 14816
@calls 0 14817
@calls 0 14818
@calls 0 14819
@calls 0 14820
@calls 0 14821
@calls 0 14822
@calls 0 14823
@calls 0 14824
@calls 0 14825
@calls 0 14826
@calls 0 14827
@calls 0 14828
@calls 0 14829
@calls 0 14830
@calls 0 14831
@calls 0 14832
@calls 0 14833
@calls 0 14834
@calls 0 14835
@calls 0 14836
@calls 0 14837
@calls 0 14838
@calls 0 14839
@calls 0 14840
@calls 0 14841
@calls 0 14842
@calls 0 14843
@calls 0 14844
@calls 0 14845
@calls 0 14846
@calls 0 14847
@calls 0 14848
@calls 0 14849
@calls 0 14850
@calls 0 14851
@calls 0 14852
@calls 0 14853
@calls 0 14854
@calls 0 14855
@calls 0 14856
@calls 0 14857
@calls 0 14858
@calls 0 14859
@calls 0 14860
@calls 0 14861
@calls 0 14862
@calls 0 14863
@calls 0 14864
@calls 0 14865
@calls 0 14866
@calls 0 14867
@calls 0 14868
@calls 0 14869
@calls 0 14870
@calls 0 14871
@calls 0 14872
@calls 0 14873
@calls 0 14874
@calls 0 14875
@calls 0 14876
@calls 0 14877
@calls 0 14878
@calls 0 14879
@calls 0 14880
@calls 0 14881
@calls 0 14882
@calls 0 14883
@calls 0 14884
@calls 0 14885
@calls 0 14886
@calls 0 14887
@calls 0 14888
@calls 0 14889
@calls 0 14890
@calls 0 14891
@calls 0 14892
@calls 0 14893
@calls 0 14894
@calls 0 14895
@calls 0 14896
@calls 0 14897
@calls 0 14898
@calls 0 14899
@calls 0 14900
@calls 0 14901
@calls 0 14902
@calls 0 14903
@calls 0 14904
@calls 0 14905
@calls 0 14906
@calls 0 14907
@calls 0 14908
@calls 0 14909
@calls 0 14910
@calls 0 14911
@calls 0 14912
@calls 0 14913
@calls 0 14914
@calls 0 14915
@calls 0 14916
@calls 0 14917
@calls 0 14918
@calls 0 14919
@calls 0 14920
@calls 0 14921
@calls 0 14922
@calls 0 14923
@calls 0 14924
@calls 0 14925
@calls 0 14926
@calls 0 14927
@calls 0 14928
@calls 0 14929
@calls 0 14930
@calls 0 14931
@calls 0 14932
@calls 0 14933
@calls 0 14934
@calls 0 14935
@calls 0 14936
@calls 0 14937
@calls 0 14938
@calls 0 14939
@calls 0 14940
@calls 0 14941
@calls 0 14942
@calls 0 14943
@calls 0 14944
@calls 0 14945
@calls 0 14946
@calls 0 14947
@calls 0 14948
@calls 0 14949
@calls 0 14950
@calls 0 14951
@calls 0 14952
@calls 0 14953
@calls 0 14954
@calls 0 14955
@calls 0 14956
@calls 0 14957
@calls 0 14958
@calls 0 14959
@calls 0 14960
@calls 0 14961
@calls 0 14962
@calls 0 14963
@calls 0 14964
@calls 0 14965
@calls 0 14966
@calls 0 14967
@calls 0 14968
@calls 0 14969
@calls 0 14970
@calls 0 14971
@calls 0 14972
@calls 0 14973
@calls 0 14974
@calls 0 14975
@calls 0 14976
@calls 0 14977
@calls 0 14978
@calls 0 14979
@calls 0 14980
@calls 0 14981
@calls 0 14982
@calls 0 14983
@calls 0 14984
@calls 0 14985
@calls 0 14986
@calls 0 14987
@calls 0 14988
@calls 0 14989
@calls 0 14990
@calls 0 14991
@calls 0 14992
@calls 0 14993
@calls 0 14994
@calls 0 14995
@calls 0 14996
@calls 0 14997
@calls 0 14998
@calls 0 14999
@calls 0 15000
@calls 0 15001
@calls 0 15002
@calls 0 15003
@calls 0 15004
@calls 0 15005
@calls 0 15006
@calls 0 15007
@calls 0 15008
@calls 0 15009
@calls 0 15010
@calls 0 15011
@calls 0 15012
@calls 0 15013
@calls 0 15014
@calls 0 15015
@calls 0 15016
@calls 0 15017
@calls 0 15018
@calls 0 15019
@calls 0 15020
@calls 0 15021
@calls 0 15022
@calls 0 15023
@calls 0 15024
@calls 0 15025
@calls 0 15026
@calls 0 15027
@calls 0 15028
@calls 0 15029
@calls 0 15030
@calls 0 15031
@calls 0 15032
@calls 0 15033
@calls 0 15034
@calls 0 15035
@calls 0 15036
@calls 0 15037
@calls 0 15038
@calls 0 15039
@calls 0 15040
@calls 0 15041
@calls 0 15042
@calls 0 15043
@calls 0 15044
@calls 0 15045
@calls 0 15046
@calls 0 15047
@calls 0 15048
@calls 0 15049
@calls 0 15050
@calls 0 15051
@calls 0 15052
@calls 0 15053
@calls 0 15054
@calls 0 15055
@calls 0 15056
@calls 0 15057
@calls 0 15058
@calls 0 15059
@calls 0 15060
@calls 0 15061
@calls 0 15062
@calls 0 15063
@calls 0 15064
@calls 0 15065
@calls 0 15066
@calls 0 15067
@calls 0 15068
@calls 0 15069
@calls 0 15070
@calls 0 15071
@calls 0 15072
@calls 0 15073
@calls 0 15074
@calls 0 15075
@calls 0 15076
@calls 0 15077
@calls 0 15078
@calls 0 15079
@calls 0 15080
@calls 0 15081
@calls 0 15082
@calls 0 15083
@calls 0 15084
@calls 0 15085
@calls 0 15086
@calls 0 15087
@calls 0 15088
@calls 0 15089
@calls 0 15090
@calls 0 15091
@calls 0 15092
@calls 0 15093
@calls 0 15094
@calls 0 15095
@calls 0 15096
@calls 0 15097
@calls 0 15098
@calls 0 15099
@calls 0 15100
@calls 0 15101
@calls 0 15102
@calls 0 15103
@calls 0 15104
@calls 0 15105
@calls 0 15106
@calls 0 15107
@calls 0 15108
@calls 0 15109
@calls 0 15110
@calls 0 15111
@calls 0 15112
@calls 0 15113
@calls 0 15114
@calls 0 15115
@calls 0 15116
@calls 0 15117
@calls 0 15118
@calls 0 15119
@calls 0 15120
@calls 0 15121
@calls 0 15122
@calls 0 15123
@calls 0 15124
@calls 0 15125
@calls 0 15126
@calls 0 15127
@calls 0 15128
@calls 0 15129
@calls 0 15130
@calls 0 15131
@calls 0 15132
@calls 0 15133
@calls 0 15134
@calls 0 15135
@calls 0 15136
@calls 0 15137
@calls 0 15138
@calls 0 15139
@calls 0 15140
@calls 0 15141
@calls 0 15142
@calls 0 15143
@calls 0 15144
@calls 0 15145
@calls 0 15146
@calls 0 15147
@calls 0 15148
@calls 0 15149
@calls 0 15150
@calls 0 15151
@calls 0 15152
@calls 0 15153
@calls 0 15154
@calls 0 15155
@calls 0 15156
@calls 0 15157
@calls 0 15158
@calls 0 15159
@calls 0 15160
@calls 0 15161
@calls 0 15162
@calls 0 15163
@calls 0 15164
@calls 0 15165
@calls 0 15166
@calls 0 15167
@calls 0 15168
@calls 0 15169
@calls 0 15170
@calls 0 15171
@calls 0 15172
@calls 0 15173
@calls 0 15174
@calls 0 15175
@calls 0 15176
@calls 0 15177
@calls 0 15178
@calls 0 15179
@calls 0 15180
@calls 0 15181
@calls 0 15182
@calls 0 15183
@calls 0 15184
@calls 0 15185
@calls 0 15186
@calls 0 15187
@calls 0 15188
@calls 0 15189
@calls 0 15190
@calls 0 15191
@calls 0 15192
@calls 0 15193
@calls 0 15194
@calls 0 15195
@calls 0 15196
@calls 0 15197
@calls 0 15198
@calls 0 15199
@calls 0 15200
@calls 0 15201
@calls 0 15202
@calls 0 15203
@calls 0 15204
@calls 0 15205
@calls 0 15206
@calls 0 15207
@calls 0 15208
@calls 0 15209
@calls 0 15210
@calls 0 15211
@calls 0 15212
@calls 0 15213
@calls 0 15214
@calls 0 15215
@calls 0 15216
@calls 0 15217
@calls 0 15218
@calls 0 15219
@calls 0 15220
@calls 0 15221
@calls 0 15222
@calls 0 15223
@calls 0 15224
@calls 0 15225
@calls 0 15226
@calls 0 15227
@calls 0 15228
@calls 0 15229
@calls 0 15230
@calls 0 15231
@calls 0 15232
@calls 0 15233
@calls 0 15234
@calls 0 15235
@calls 0 15236
@calls 0 15237
@calls 0 15238
@calls 0 15239
@calls 0 15240
@calls 0 15241
@calls 0 15242
@calls 0 15243
@calls 0 15244
@calls 0 15245
@calls 0 15246
@calls 0 15247
@calls 0 15248
@calls 0 15249
@calls 0 15250
@calls 0 15251
@calls 0 15252
@calls 0 15253
@calls 0 15254
@calls 0 15255
@calls 0 15256
@calls 0 15257
@calls 0 15258
@calls 0 15259
@calls 0 15260
@calls 0 15261
@calls 0 15262
@calls 0 15263
@calls 0 15264
@calls 0 15265
@calls 0 15266
@calls 0 15267
@calls 0 15268
@calls 0 15269
@calls 0 15270
@calls 0 15271
@calls 0 15272
@calls 0 15273
@calls 0 15274
@calls 0 15275
@calls 0 15276
@calls 0 15277
@calls 0 15278
@calls 0 15279
@calls 0 15280
@calls 0 15281
@calls 0 15282
@calls 0 15283
@calls 0 15284
@calls 0 15285
@calls 0 15286
@calls 0 15287
@calls 0 15288
@calls 0 15289
@calls 0 15290
@calls 0 15291
@calls 0 15292
@calls 0 15293
@calls 0 15294
@calls 0 15295
@calls 0 15296
@calls 0 15297
@calls 0 15298
@calls 0 15299
@calls 0 15300
@calls 0 15301
@calls 0 15302
@calls 0 15303
@calls 0 15304
@calls 0 15305
@calls 0 15306
@calls 0 15307
@calls 0 15308
@calls 0 15309
@calls 0 15310
@calls 0 15311
@calls 0 15312
@calls 0 15313
@calls 0 15314
@calls 0 15315
@calls 0 15316
@calls 0 15317
@calls 0 15318
@calls 0 15319
@calls 0 15320
@calls 0 15321
@calls 0 15322
@calls 0 15323
@calls 0 15324
@calls 0 15325
@calls 0 15326
@calls 0 15327
@calls 0 15328
@calls 0 15329
@calls 0 15330
@calls 0 15331
@calls 0 15332
@calls 0 15333
@calls 0 15334
@calls 0 15335
@calls 0 15336
@calls 0 15337
@calls 0 15338
@calls 0 15339
@calls 0 15340
@calls 0 15341
@calls 0 15342
@calls 0 15343
@calls 0 15344
@calls 0 15345
@calls 0 15346
@calls 0 15347
@calls 0 15348
@calls 0 15349
@calls 0 15350
@calls 0 15351
@calls 0 15352
@calls 0 15353
@calls 0 15354
@calls 0 15355
@calls 0 15356
@calls 0 15357
@calls 0 15358
@calls 0 15359
@calls 0 15360
@calls 0 15361
@calls 0 15362
@calls 0 15363
@calls 0 15364
@calls 0 15365
@calls 0 15366
@calls 0 15367
@calls 0 15368
@calls 0 15369
@calls 0 15370
@calls 0 15371
@calls 0 15372
@calls 0 15373
@calls 0 15374
@calls 0 15375
@calls 0 15376
@calls 0 15377
@calls 0 15378
@calls 0 15379
@calls 0 15380
@calls 0 15381
@calls 0 15382
@calls 0 15383
@calls 0 15384
@calls 0 15385
@calls 0 15386
@calls 0 15387
@calls 0 15388
@calls 0 15389
@calls 0 15390
@calls 0 15391
@calls 0 15392
@calls 0 15393
@calls 0 15394
@calls 0 15395
@calls 0 15396
@calls 0 15397
@calls 0 15398
@calls 0 15399
@calls 0 15400
@calls 0 15401
@calls 0 15402
@calls 0 15403
@calls 0 15404
@calls 0 15405
@calls 0 15406
@calls 0 15407
@calls 0 15408
@calls 0 15409
@calls 0 15410
@calls 0 15411
@calls 0 15412
@calls 0 15413
@calls 0 15414
@calls 0 15415
@calls 0 15416
@calls 0 15417
@calls 0 15418
@calls 0 15419
@calls 0 15420
@calls 0 15421
@calls 0 15422
@calls 0 15423
@calls 0 15424
@calls 0 15425
@calls 0 15426
@calls 0 15427
@calls 0 15428
@calls 0 15429
@calls 0 15430
@calls 0 15431
@calls 0 15432
@calls 0 15433
@calls 0 15434
@calls 0 15435
@calls 0 15436
@calls 0 15437
@calls 0 15438
@calls 0 15439
@calls 0 15440
@calls 0 15441
@calls 0 15442
@calls 0 15443
@calls 0 15444
@calls 0 15445
@calls 0 15446
@calls 0 15447
@calls 0 15448
@calls 0 15449
@calls 0 15450
@calls 0 15451
@calls 0 15452
@calls 0 15453
@calls 0 15454
@calls 0 15455
@calls 0 15456
@calls 0 15457
@calls 0 15458
@calls 0 15459
@calls 0 15460
@calls 0 15461
@calls 0 15462
@calls 0 15463
@calls 0 15464
@calls 0 15465
@calls 0 15466
@calls 0 15467
@calls 0 15468
@calls 0 15469
@calls 0 15470
@calls 0 15471
@calls 0 15472
@calls 0 15473
@calls 0 15474
@calls 0 15475
@calls 0 15476
@calls 0 15477
@calls 0 15478
@calls 0 15479
@calls 0 15480
@calls 0 15481
@calls 0 15482
@calls 0 15483
@calls 0 15484
@calls 0 15485
@calls 0 15486
@calls 0 15487
@calls 0 15488
@calls 0 15489
@calls 0 15490
@calls 0 15491
@calls 0 15492
@calls 0 15493
@calls 0 15494
@calls 0 15495
@calls 0 15496
@calls 0 15497
@calls 0 15498
@calls 0 15499
@calls 0 15500
@calls 0 15501
@calls 0 15502
@calls 0 15503
@calls 0 15504
@calls 0 15505
@calls 0 15506
@calls 0 15507
@calls 0 15508
@calls 0 15509
@calls 0 15510
@calls 0 15511
@calls 0 15512
@calls 0 15513
@calls 0 15514
@calls 0 15515
@calls 0 15516
@calls 0 15517
@calls 0 15518
@calls 0 15519
@calls 0 15520
@calls 0 15521
@calls 0 15522
@calls 0 15523
@calls 0 15524
@calls 0 15525
@calls 0 15526
@calls 0 15527
@calls 0 15528
@calls 0 15529
@calls 0 15530
@calls 0 15531
@calls 0 15532
@calls 0 15533
@calls 0 15534
@calls 0 15535
@calls 0 15536
@calls 0 15537
@calls 0 15538
@calls 0 15539
@calls 0 15540
@calls 0 15541
@calls 0 15542
@calls 0 15543
@calls 0 15544
@calls 0 15545
@calls 0 15546
@calls 0 15547
@calls 0 15548
@calls 0 15549
@calls 0 15550
@calls 0 15551
@calls 0 15552
@calls 0 15553
@calls 0 15554
@calls 0 15555
@calls 0 15556
@calls 0 15557
@calls 0 15558
@calls 0 15559
@calls 0 15560
@calls 0 15561
@calls 0 15562
@calls 0 15563
@calls 0 15564
@calls 0 15565
@calls 0 15566
@calls 0 15567
@calls 0 15568
@calls 0 15569
@calls 0 15570
@calls 0 15571
@calls 0 15572
@calls 0 15573
@calls 0 15574
@calls 0 15575
@calls 0 15576
@calls 0 15577
@calls 0 15578
@calls 0 15579
@calls 0 15580
@calls 0 15581
@calls 0 15582
@calls 0 15583
@calls 0 15584
@calls 0 15585
@calls 0 15586
@calls 0 15587
@calls 0 15588
@calls 0 15589
@calls 0 15590
@calls 0 15591
@calls 0 15592
@calls 0 15593
@calls 0 15594
@calls 0 15595
@calls 0 15596
@calls 0 15597
@calls 0 15598
@calls 0 15599
@calls 0 15600
@calls 0 15601
@calls 0 15602
@calls 0 15603
@calls 0 15604
@calls 0 15605
@calls 0 15606
@calls 0 15607
@calls 0 15608
@calls 0 15609
@calls 0 15610
@calls 0 15611
@calls 0 15612
@calls 0 15613
@calls 0 15614
@calls 0 15615
@calls 0 15616
@calls 0 15617
@calls 0 15618
@calls 0 15619
@calls 0 15620
@calls 0 15621
@calls 0 15622
@calls 0 15623
@calls 0 15624
@calls 0 15625
@calls 0 15626
@calls 0 15627
@calls 0 15628
@calls 0 15629
@calls 0 15630
@calls 0 15631
@calls 0 15632
@calls 0 15633
@calls 0 15634
@calls 0 15635
@calls 0 15636
@calls 0 15637
@calls 0 15638
@calls 0 15639
@calls 0 15640
@calls 0 15641
@calls 0 15642
@calls 0 15643
@calls 0 15644
@calls 0 15645
@calls 0 15646
@calls 0 15647
@calls 0 15648
@calls 0 15649
@calls 0 15650
@calls 0 15651
@calls 0 15652
@calls 0 15653
@calls 0 15654
@calls 0 15655
@calls 0 15656
@calls 0 15657
@calls 0 15658
@calls 0 15659
@calls 0 15660
@calls 0 15661
@calls 0 15662
@calls 0 15663
@calls 0 15664
@calls 0 15665
@calls 0 15666
@calls 0 15667
@calls 0 15668
@calls 0 15669
@calls 0 15670
@calls 0 15671
@calls 0 15672
@calls 0 15673
@calls 0 15674
@calls 0 15675
@calls 0 15676
@calls 0 15677
@calls 0 15678
@calls 0 15679
@calls 0 15680
@calls 0 15681
@calls 0 15682
@calls 0 15683
@calls 0 15684
@calls 0 15685
@calls 0 15686
@calls 0 15687
@calls 0 15688
@calls 0 15689
@calls 0 15690
@calls 0 15691
@calls 0 15692
@calls 0 15693
@calls 0 15694
@calls 0 15695
@calls 0 15696
@calls 0 15697
@calls 0 15698
@calls 0 15699
@calls 0 15700
@calls 0 15701
@calls 0 15702
@calls 0 15703
@calls 0 15704
@calls 0 15705
@calls 0 15706
@calls 0 15707
@calls 0 15708
@calls 0 15709
@calls 0 15710
@calls 0 15711
@calls 0 15712
@calls 0 15713
@calls 0 15714
@calls 0 15715
@calls 0 15716
@calls 0 15717
@calls 0 15718
@calls 0 15719
@calls 0 15720
@calls 0 15721
@calls 0 15722
@calls 0 15723
@calls 0 15724
@calls 0 15725
@calls 0 15726
@calls 0 15727
@calls 0 15728
@calls 0 15729
@calls 0 15730
@calls 0 15731
@calls 0 15732
@calls 0 15733
@calls 0 15734
@calls 0 15735
@calls 0 15736
@calls 0 15737
@calls 0 15738
@calls 0 15739
@calls 0 15740
@calls 0 15741
@calls 0 15742
@calls 0 15743
@calls 0 15744
@calls 0 15745
@calls 0 15746
@calls 0 15747
@calls 0 15748
@calls 0 15749
@calls 0 15750
@calls 0 15751
@calls 0 15752
@calls 0 15753
@calls 0 15754
@calls 0 15755
@calls 0 15756
@calls 0 15757
@calls 0 15758
@calls 0 15759
@calls 0 15760
@calls 0 15761
@calls 0 15762
@calls 0 15763
@calls 0 15764
@calls 0 15765
@calls 0 15766
@calls 0 15767
@calls 0 15768
@calls 0 15769
@calls 0 15770
@calls 0 15771
@calls 0 15772
@calls 0 15773
@calls 0 15774
@calls 0 15775
@calls 0 15776
@calls 0 15777
@calls 0 15778
@calls 0 15779
@calls 0 15780
@calls 0 15781
@calls 0 15782
@calls 0 15783
@calls 0 15784
@calls 0 15785
@calls 0 15786
@calls 0 15787
@calls 0 15788
@calls 0 15789
@calls 0 15790
@calls 0 15791
@calls 0 15792
@calls 0 15793
@calls 0 15794
@calls 0 15795
@calls 0 15796
@calls 0 15797
@calls 0 15798
@calls 0 15799
@calls 0 15800
@calls 0 15801
@calls 0 15802
@calls 0 15803
@calls 0 15804
@calls 0 15805
@calls 0 15806
@calls 0 15807
@calls 0 15808
@calls 0 15809
@calls 0 15810
@calls 0 15811
@calls 0 15812
@calls 0 15813
@calls 0 15814
@calls 0 15815
@calls 0 15816
@calls 0 15817
@calls 0 15818
@calls 0 15819
@calls 0 15820
@calls 0 15821
@calls 0 15822
@calls 0 15823
@calls 0 15824
@calls 0 15825
@calls 0 15826
@calls 0 15827
@calls 0 15828
@calls 0 15829
@calls 0 15830
@calls 0 15831
@calls 0 15832
@calls 0 15833
@calls 0 15834
@calls 0 15835
@calls 0 15836
@calls 0 15837
@calls 0 15838
@calls 0 15839
@calls 0 15840
@calls 0 15841
@calls 0 15842
@calls 0 15843
@calls 0 15844
@calls 0 15845
@calls 0 15846
@calls 0 15847
@calls 0 15848
@calls 0 15849
@calls 0 15850
@calls 0 15851
@calls 0 15852
@calls 0 15853
@calls 0 15854
@calls 0 15855
@calls 0 15856
@calls 0 15857
@calls 0 15858
@calls 0 15859
@calls 0 15860
@calls 0 15861
@calls 0 15862
@calls 0 15863
@calls 0 15864
@calls 0 15865
@calls 0 15866
@calls 0 15867
@calls 0 15868
@calls 0 15869
@calls 0 15870
@calls 0 15871
@calls 0 15872
@calls 0 15873
@calls 0 15874
@calls 0 15875
@calls 0 15876
@calls 0 15877
@calls 0 15878
@calls 0 15879
@calls 0 15880
@calls 0 15881
@calls 0 15882
@calls 0 15883
@calls 0 15884
@calls 0 15885
@calls 0 15886
@calls 0 15887
@calls 0 15888
@calls 0 15889
@calls 0 15890
@calls 0 15891
@calls 0 15892
@calls 0 15893
@calls 0 15894
@calls 0 15895
@calls 0 15896
@calls 0 15897
@calls 0 15898
@calls 0 15899
@calls 0 15900
@calls 0 15901
@calls 0 15902
@calls 0 15903
@calls 0 15904
@calls 0 15905
@calls 0 15906
@calls 0 15907
@calls 0 15908
@calls 0 15909
@calls 0 15910
@calls 0 15911
@calls 0 15912
@calls 0 15913
@calls 0 15914
@calls 0 15915
@calls 0 15916
@calls 0 15917
@calls 0 15918
@calls 0 15919
@calls 0 15920
@calls 0 15921
@calls 0 15922
@calls 0 15923
@calls 0 15924
@calls 0 15925
@calls 0 15926
@calls 0 15927
@calls 0 15928
@calls 0 15929
@calls 0 15930
@calls 0 15931
@calls 0 15932
@calls 0 15933
@calls 0 15934
@calls 0 15935
@calls 0 15936
@calls 0 15937
@calls 0 15938
@calls 0 15939
@calls 0 15940
@calls 0 15941
@calls 0 15942
@calls 0 15943
@calls 0 15944
@calls 0 15945
@calls 0 15946
@calls 0 15947
@calls 0 15948
@calls 0 15949
@calls 0 15950
@calls 0 15951
@calls 0 15952
@calls 0 15953
@calls 0 15954
@calls 0 15955
@calls 0 15956
@calls 0 15957
@calls 0 15958
@calls 0 15959
@calls 0 15960
@calls 0 15961
@calls 0 15962
@calls 0 15963
@calls 0 15964
@calls 0 15965
@calls 0 15966
@calls 0 15967
@calls 0 15968
@calls 0 15969
@calls 0 15970
@calls 0 15971
@calls 0 15972
@calls 0 15973
@calls 0 15974
@calls 0 15975
@calls 0 15976
@calls 0 15977
@calls 0 15978
@calls 0 15979
@calls 0 15980
@calls 0 15981
@calls 0 15982
@calls 0 15983
@calls 0 15984
@calls 0 15985
@calls 0 15986
@calls 0 15987
@calls 0 15988
@calls 0 15989
@calls 0 15990
@calls 0 15991
@calls 0 15992
@calls 0 15993
@calls 0 15994
@calls 0 15995
@calls 0 15996
@calls 0 15997
@calls 0 15998
@calls 0 15999
@calls 0 16000
@calls 0 16001
@calls 0 16002
@calls 0 16003
@calls 0 16004
@calls 0 16005
@calls 0 16006
@calls 0 16007
@calls 0 16008
@calls 0 16009
@calls 0 16010
@calls 0 16011
@calls 0 16012
@calls 0 16013
@calls 0 16014
@calls 0 16015
@calls 0 16016
@calls 0 16017
@calls 0 16018
@calls 0 16019
@calls 0 16020
@calls 0 16021
@calls 0 16022
@calls 0 16023
@calls 0 16024
@calls 0 16025
@calls 0 16026
@calls 0 16027
@calls 0 16028
@calls 0 16029
@calls 0 16030
@calls 0 16031
@calls 0 16032
@calls 0 16033
@calls 0 16034
@calls 0 16035
@calls 0 16036
@calls 0 16037
@calls 0 16038
@calls 0 16039
@calls 0 16040
@calls 0 16041
@calls 0 16042
@calls 0 16043
@calls 0 16044
@calls 0 16045
@calls 0 16046
@calls 0 16047
@calls 0 16048
@calls 0 16049
@calls 0 16050
@calls 0 16051
@calls 0 16052
@calls 0 16053
@calls 0 16054
@calls 0 16055
@calls 0 16056
@calls 0 16057
@calls 0 16058
@calls 0 16059
@calls 0 16060
@calls 0 16061
@calls 0 16062
@calls 0 16063
@calls 0 16064
@calls 0 16065
@calls 0 16066
@calls 0 16067
@calls 0 16068
@calls 0 16069
@calls 0 16070
@calls 0 16071
@calls 0 16072
@calls 0 16073
@calls 0 16074
@calls 0 16075
@calls 0 16076
@calls 0 16077
@calls 0 16078
@calls 0 16079
@calls 0 16080
@calls 0 16081
@calls 0 16082
@calls 0 16083
@calls 0 16084
@calls 0 16085
@calls 0 16086
@calls 0 16087
@calls 0 16088
@calls 0 16089
@calls 0 16090
@calls 0 16091
@calls 0 16092
@calls 0 16093
@calls 0 16094
@calls 0 16095
@calls 0 16096
@calls 0 16097
@calls 0 16098
@calls 0 16099
@calls 0 16100
@calls 0 16101
@calls 0 16102
@calls 0 16103
@calls 0 16104
@calls 0 16105
@calls 0 16106
@calls 0 16107
@calls 0 16108
@calls 0 16109
@calls 0 16110
@calls 0 16111
@calls 0 16112
@calls 0 16113
@calls 0 16114
@calls 0 16115
@calls 0 16116
@calls 0 16117
@calls 0 16118
@calls 0 16119
@calls 0 16120
@calls 0 16121
@calls 0 16122
@calls 0 16123
@calls 0 16124
@calls 0 16125
@calls 0 16126
@calls 0 16127
@calls 0 16128
@calls 0 16129
@calls 0 16130
@calls 0 16131
@calls 0 16132
@calls 0 16133
@calls 0 16134
@calls 0 16135
@calls 0 16136
@calls 0 16137
@calls 0 16138
@calls 0 16139
@calls 0 16140
@calls 0 16141
@calls 0 16142
@calls 0 16143
@calls 0 16144
@calls 0 16145
@calls 0 16146
@calls 0 16147
@calls 0 16148
@calls 0 16149
@calls 0 16150
@calls 0 16151
@calls 0 16152
@calls 0 16153
@calls 0 16154
@calls 0 16155
@calls 0 16156
@calls 0 16157
@calls 0 16158
@calls 0 16159
@calls 0 16160
@calls 0 16161
@calls 0 16162
@calls 0 16163
@calls 0 16164
@calls 0 16165
@calls 0 16166
@calls 0 16167
@calls 0 16168
@calls 0 16169
@calls 0 16170
@calls 0 16171
@calls 0 16172
@calls 0 16173
@calls 0 16174
@calls 0 16175
@calls 0 16176
@calls 0 16177
@calls 0 16178
@calls 0 16179
@calls 0 16180
@calls 0 16181
@calls 0 16182
@calls 0 16183
@calls 0 16184
@calls 0 16185
@calls 0 16186
@calls 0 16187
@calls 0 16188
@calls 0 16189
@calls 0 16190
@calls 0 16191
@calls 0 16192
@calls 0 16193
@calls 0 16194
@calls 0 16195
@calls 0 16196
@calls 0 16197
@calls 0 16198
@calls 0 16199
@calls 0 16200
@calls 0 16201
@calls 0 16202
@calls 0 16203
@calls 0 16204
@calls 0 16205
@calls 0 16206
@calls 0 16207
@calls 0 16208
@calls 0 16209
@calls 0 16210
@calls 0 16211
@calls 0 16212
@calls 0 16213
@calls 0 16214
@calls 0 16215
@calls 0 16216
@calls 0 16217
@calls 0 16218
@calls 0 16219
@calls 0 16220
@calls 0 16221
@calls 0 16222
@calls 0 16223
@calls 0 16224
@calls 0 16225
@calls 0 16226
@calls 0 16227
@calls 0 16228
@calls 0 16229
@calls 0 16230
@calls 0 16231
@calls 0 16232
@calls 0 16233
@calls 0 16234
@calls 0 16235
@calls 0 16236
@calls 0 16237
@calls 0 16238
@calls 0 16239
@calls 0 16240
@calls 0 16241
@calls 0 16242
@calls 0 16243
@calls 0 16244
@calls 0 16245
@calls 0 16246
@calls 0 16247
@calls 0 16248
@calls 0 16249
@calls 0 16250
@calls 0 16251
@calls 0 16252
@calls 0 16253
@calls 0 16254
@calls 0 16255
@calls 0 16256
@calls 0 16257
@calls 0 16258
@calls 0 16259
@calls 0 16260
@calls 0 16261
@calls 0 16262
@calls 0 16263
@calls 0 16264
@calls 0 16265
@calls 0 16266
@calls 0 16267
@calls 0 16268
@calls 0 16269
@calls 0 16270
@calls 0 16271
@calls 0 16272
@calls 0 16273
@calls 0 16274
@calls 0 16275
@calls 0 16276
@calls 0 16277
@calls 0 16278
@calls 0 16279
@calls 0 16280
@calls 0 16281
@calls 0 16282
@calls 0 16283
@calls 0 16284
@calls 0 16285
@calls 0 16286
@calls 0 16287
@calls 0 16288
@calls 0 16289
@calls 0 16290
@calls 0 16291
@calls 0 16292
@calls 0 16293
@calls 0 16294
@calls 0 16295
@calls 0 16296
@calls 0 16297
@calls 0 16298
@calls 0 16299
@calls 0 16300
@calls 0 16301
@calls 0 16302
@calls 0 16303
@calls 0 16304
@calls 0 16305
@calls 0 16306
@calls 0 16307
@calls 0 16308
@calls 0 16309
@calls 0 16310
@calls 0 16311
@calls 0 16312
@calls 0 16313
@calls 0 16314
@calls 0 16315
@calls 0 16316
@calls 0 16317
@calls 0 16318
@calls 0 16319
@calls 0 16320
@calls 0 16321
@calls 0 16322
@calls 0 16323
@calls 0 16324
@calls 0 16325
@calls 0 16326
@calls 0 16327
@calls 0 16328
@calls 0 16329
@calls 0 16330
@calls 0 16331
@calls 0 16332
@calls 0 16333
@calls 0 16334
@calls 0 16335
@calls 0 16336
@calls 0 16337
@calls 0 16338
@calls 0 16339
@calls 0 16340
@calls 0 16341
@calls 0 16342
@calls 0 16343
@calls 0 16344
@calls 0 16345
@calls 0 16346
@calls 0 16347
@calls 0 16348
@calls 0 16349
@calls 0 16350
@calls 0 16351
@calls 0 16352
@calls 0 16353
@calls 0 16354
@calls 0 16355
@calls 0 16356
@calls 0 16357
@calls 0 16358
@calls 0 16359
@calls 0 16360
@calls 0 16361
@calls 0 16362
@calls 0 16363
@calls 0 16364
@calls 0 16365
@calls 0 16366
@calls 0 16367
@calls 0 16368
@calls 0 16369
@calls 0 16370
@calls 0 16371
@calls 0 16372
@calls 0 16373
@calls 0 16374
@calls 0 16375
@calls 0 16376
@calls 0 16377
@calls 0 16378
@calls 0 16379
@calls 0 16380
@calls 0 16381
@calls 0 16382
@calls 0 16383
@calls 0 16384
@calls 0 16385
@calls 0 16386
@calls 0 16387
@calls 0 16388
@calls 0 16389
@calls 0 16390
@calls 0 16391
@calls 0 16392
@calls 0 16393
@calls 0 16394
@calls 0 16395
@calls 0 16396
@calls 0 16397
@calls 0 16398
@calls 0 16399
@calls 0 16400
@calls 0 16401
@calls 0 16402
@calls 0 16403
@calls 0 16404
@calls 0 16405
@calls 0 16406
@calls 0 16407
@calls 0 16408
@calls 0 16409
@calls 0 16410
@calls 0 16411
@calls 0 16412
@calls 0 16413
@calls 0 16414
@calls 0 16415
@calls 0 16416
@calls 0 16417
@calls 0 16418
@calls 0 16419
@calls 0 16420
@calls 0 16421
@calls 0 16422
@calls 0 16423
@calls 0 16424
@calls 0 16425
@calls 0 16426
@calls 0 16427
@calls 0 16428
@calls 0 16429
@calls 0 16430
@calls 0 16431
@calls 0 16432
@calls 0 16433
@calls 0 16434
@calls 0 16435
@calls 0 16436
@calls 0 16437
@calls 0 16438
@calls 0 16439
@calls 0 16440
@calls 0 16441
@calls 0 16442
@calls 0 16443
@calls 0 16444
@calls 0 16445
@calls 0 16446
@calls 0 16447
@calls 0 16448
@calls 0 16449
@calls 0 16450
@calls 0 16451
@calls 0 16452
@calls 0 16453
@calls 0 16454
@calls 0 16455
@calls 0 16456
@calls 0 16457
@calls 0 16458
@calls 0 16459
@calls 0 16460
@calls 0 16461
@calls 0 16462
@calls 0 16463
@calls 0 16464
@calls 0 16465
@calls 0 16466
@calls 0 16467
@calls 0 16468
@calls 0 16469
@calls 0 16470
@calls 0 16471
@calls 0 16472
@calls 0 16473
@calls 0 16474
@calls 0 16475
@calls 0 16476
@calls 0 16477
@calls 0 16478
@calls 0 16479
@calls 0 16480
@calls 0 16481
@calls 0 16482
@calls 0 16483
@calls 0 16484
@calls 0 16485
@calls 0 16486
@calls 0 16487
@calls 0 16488
@calls 0 16489
@calls 0 16490
@calls 0 16491
@calls 0 16492
@calls 0 16493
@calls 0 16494
@calls 0 16495
@calls 0 16496
@calls 0 16497
@calls 0 16498
@calls 0 16499
@calls 0 16500
@calls 0 16501
@calls 0 16502
@calls 0 16503
@calls 0 16504
@calls 0 16505
@calls 0 16506
@calls 0 16507
@calls 0 16508
@calls 0 16509
@calls 0 16510
@calls 0 16511
@calls 0 16512
@calls 0 16513
@calls 0 16514
@calls 0 16515
@calls 0 16516
@calls 0 16517
@calls 0 16518
@calls 0 16519
@calls 0 16520
@calls 0 16521
@calls 0 16522
@calls 0 16523
@calls 0 16524
@calls 0 16525
@calls 0 16526
@calls 0 16527
@calls 0 16528
@calls 0 16529
@calls 0 16530
@calls 0 16531
@calls 0 16532
@calls 0 16533
@calls 0 16534
@calls 0 16535
@calls 0 16536
@calls 0 16537
@calls 0 16538
@calls 0 16539
@calls 0 16540
@calls 0 16541
@calls 0 16542
@calls 0 16543
@calls 0 16544
@calls 0 16545
@calls 0 16546
@calls 0 16547
@calls 0 16548
@calls 0 16549
@calls 0 16550
@calls 0 16551
@calls 0 16552
@calls 0 16553
@calls 0 16554
@calls 0 16555
@calls 0 16556
@calls 0 16557
@calls 0 16558
@calls 0 16559
@calls 0 16560
@calls 0 16561
@calls 0 16562
@calls 0 16563
@calls 0 16564
@calls 0 16565
@calls 0 16566
@calls 0 16567
@calls 0 16568
@calls 0 16569
@calls 0 16570
@calls 0 16571
@calls 0 16572
@calls 0 16573
@calls 0 16574
@calls 0 16575
@calls 0 16576
@calls 0 16577
@calls 0 16578
@calls 0 16579
@calls 0 16580
@calls 0 16581
@calls 0 16582
@calls 0 16583
@calls 0 16584
@calls 0 16585
@calls 0 16586
@calls 0 16587
@calls 0 16588
@calls 0 16589
@calls 0 16590
@calls 0 16591
@calls 0 16592
@calls 0 16593
@calls 0 16594
@calls 0 16595
@calls 0 16596
@calls 0 16597
@calls 0 16598
@calls 0 16599
@calls 0 16600
@calls 0 16601
@calls 0 16602
@calls 0 16603
@calls 0 16604
@calls 0 16605
@calls 0 16606
@calls 0 16607
@calls 0 16608
@calls 0 16609
@calls 0 16610
@calls 0 16611
@calls 0 16612
@calls 0 16613
@calls 0 16614
@calls 0 16615
@calls 0 16616
@calls 0 16617
@calls 0 16618
@calls 0 16619
@calls 0 16620
@calls 0 16621
@calls 0 16622
@calls 0 16623
@calls 0 16624
@calls 0 16625
@calls 0 16626
@calls 0 16627
@calls 0 16628
@calls 0 16629
@calls 0 16630
@calls 0 16631
@calls 0 16632
@calls 0 16633
@calls 0 16634
@calls 0 16635
@calls 0 16636
@calls 0 16637
@calls 0 16638
@calls 0 16639
@calls 0 16640
@calls 0 16641
@calls 0 16642
@calls 0 16643
@calls 0 16644
@calls 0 16645
@calls 0 16646
@calls 0 16647
@calls 0 16648
@calls 0 16649
@calls 0 16650
@calls 0 16651
@calls 0 16652
@calls 0 16653
@calls 0 16654
@calls 0 16655
@calls 0 16656
@calls 0 16657
@calls 0 16658
@calls 0 16659
@calls 0 16660
@calls 0 16661
@calls 0 16662
@calls 0 16663
@calls 0 16664
@calls 0 16665
@calls 0 16666
@calls 0 16667
@calls 0 16668
@calls 0 16669
@calls 0 16670
@calls 0 16671
@calls 0 16672
@calls 0 16673
@calls 0 16674
@calls 0 16675
@calls 0 16676
@calls 0 16677
@calls 0 16678
@calls 0 16679
@calls 0 16680
@calls 0 16681
@calls 0 16682
@calls 0 16683
@calls 0 16684
@calls 0 16685
@calls 0 16686
@calls 0 16687
@calls 0 16688
@calls 0 16689
@calls 0 16690
@calls 0 16691
@calls 0 16692
@calls 0 16693
@calls 0 16694
@calls 0 16695
@calls 0 16696
@calls 0 16697
@calls 0 16698
@calls 0 16699
@calls 0 16700
@calls 0 16701
@calls 0 16702
@calls 0 16703
@calls 0 16704
@calls 0 16705
@calls 0 16706
@calls 0 16707
@calls 0 16708
@calls 0 16709
@calls 0 16710
@calls 0 16711
@calls 0 16712
@calls 0 16713
@calls 0 16714
@calls 0 16715
@calls 0 16716
@calls 0 16717
@calls 0 16718
@calls 0 16719
@calls 0 16720
@calls 0 16721
@calls 0 16722
@calls 0 16723
@calls 0 16724
@calls 0 16725
@calls 0 16726
@calls 0 16727
@calls 0 16728
@calls 0 16729
@calls 0 16730
@calls 0 16731
@calls 0 16732
@calls 0 16733
@calls 0 16734
@calls 0 16735
@calls 0 16736
@calls 0 16737
@calls 0 16738
@calls 0 16739
@calls 0 16740
@calls 0 16741
@calls 0 16742
@calls 0 16743
@calls 0 16744
@calls 0 16745
@calls 0 16746
@calls 0 16747
@calls 0 16748
@calls 0 16749
@calls 0 16750
@calls 0 16751
@calls 0 16752
@calls 0 16753
@calls 0 16754
@calls 0 16755
@calls 0 16756
@calls 0 16757
@calls 0 16758
@calls 0 16759
@calls 0 16760
@calls 0 16761
@calls 0 16762
@calls 0 16763
@calls 0 16764
@calls 0 16765
@calls 0 16766
@calls 0 16767
@calls 0 16768
@calls 0 16769
@calls 0 16770
@calls 0 16771
@calls 0 16772
@calls 0 16773
@calls 0 16774
@calls 0 16775
@calls 0 16776
@calls 0 16777
@calls 0 16778
@calls 0 16779
@calls 0 16780
@calls 0 16781
@calls 0 16782
@calls 0 16783
@calls 0 16784
@calls 0 16785
@calls 0 16786
@calls 0 16787
@calls 0 16788
@calls 0 16789
@calls 0 16790
@calls 0 16791
@calls 0 16792
@calls 0 16793
@calls 0 16794
@calls 0 16795
@calls 0 16796
@calls 0 16797
@calls 0 16798
@calls 0 16799
@calls 0 16800
@calls 0 16801
@calls 0 16802
@calls 0 16803
@calls 0 16804
@calls 0 16805
@calls 0 16806
@calls 0 16807
@calls 0 16808
@calls 0 16809
@calls 0 16810
@calls 0 16811
@calls 0 16812
@calls 0 16813
@calls 0 16814
@calls 0 16815
@calls 0 16816
@calls 0 16817
@calls 0 16818
@calls 0 16819
@calls 0 16820
@calls 0 16821
@calls 0 16822
@calls 0 16823
@calls 0 16824
@calls 0 16825
@calls 0 16826
@calls 0 16827
@calls 0 16828
@calls 0 16829
@calls 0 16830
@calls 0 16831
@calls 0 16832
@calls 0 16833
@calls 0 16834
@calls 0 16835
@calls 0 16836
@calls 0 16837
@calls 0 16838
@calls 0 16839
@calls 0 16840
@calls 0 16841
@calls 0 16842
@calls 0 16843
@calls 0 16844
@calls 0 16845
@calls 0 16846
@calls 0 16847
@calls 0 16848
@calls 0 16849
@calls 0 16850
@calls 0 16851
@calls 0 16852
@calls 0 16853
@calls 0 16854
@calls 0 16855
@calls 0 16856
@calls 0 16857
@calls 0 16858
@calls 0 16859
@calls 0 16860
@calls 0 16861
@calls 0 16862
@calls 0 16863
@calls 0 16864
@calls 0 16865
@calls 0 16866
@calls 0 16867
@calls 0 16868
@calls 0 16869
@calls 0 16870
@calls 0 16871
@calls 0 16872
@calls 0 16873
@calls 0 16874
@calls 0 16875
@calls 0 16876
@calls 0 16877
@calls 0 16878
@calls 0 16879
@calls 0 16880
@calls 0 16881
@calls 0 16882
@calls 0 16883
@calls 0 16884
@calls 0 16885
@calls 0 16886
@calls 0 16887
@calls 0 16888
@calls 0 16889
@calls 0 16890
@calls 0 16891
@calls 0 16892
@calls 0 16893
@calls 0 16894
@calls 0 16895
@calls 0 16896
@calls 0 16897
@calls 0 16898
@calls 0 16899
@calls 0 16900
@calls 0 16901
@calls 0 16902
@calls 0 16903
@calls 0 16904
@calls 0 16905
@calls 0 16906
@calls 0 16907
@calls 0 16908
@calls 0 16909
@calls 0 16910
@calls 0 16911
@calls 0 16912
@calls 0 16913
@calls 0 16914
@calls 0 16915
@calls 0 16916
@calls 0 16917
@calls 0 16918
@calls 0 16919
@calls 0 16920
@calls 0 16921
@calls 0 16922
@calls 0 16923
@calls 0 16924
@calls 0 16925
@calls 0 16926
@calls 0 16927
@calls 0 16928
@calls 0 16929
@calls 0 16930
@calls 0 16931
@calls 0 16932
@calls 0 16933
@calls 0 16934
@calls 0 16935
@calls 0 16936
@calls 0 16937
@calls 0 16938
@calls 0 16939
@calls 0 16940
@calls 0 16941
@calls 0 16942
@calls 0 16943
@calls 0 16944
@calls 0 16945
@calls 0 16946
@calls 0 16947
@calls 0 16948
@calls 0 16949
@calls 0 16950
@calls 0 16951
@calls 0 16952
@calls 0 16953
@calls 0 16954
@calls 0 16955
@calls 0 16956
@calls 0 16957
@calls 0 16958
@calls 0 16959
@calls 0 16960
@calls 0 16961
@calls 0 16962
@calls 0 16963
@calls 0 16964
@calls 0 16965
@calls 0 16966
@calls 0 16967
@calls 0 16968
@calls 0 16969
@calls 0 16970
@calls 0 16971
@calls 0 16972
@calls 0 16973
@calls 0 16974
@calls 0 16975
@calls 0 16976
@calls 0 16977
@calls 0 16978
@calls 0 16979
@calls 0 16980
@calls 0 16981
@calls 0 16982
@calls 0 16983
@calls 0 16984
@calls 0 16985
@calls 0 16986
@calls 0 16987
@calls 0 16988
@calls 0 16989
@calls 0 16990
@calls 0 16991
@calls 0 16992
@calls 0 16993
@calls 0 16994
@calls 0 16995
@calls 0 16996
@calls 0 16997
@calls 0 16998
@calls 0 16999
@calls 0 17000
@calls 0 17001
@calls 0 17002
@calls 0 17003
@calls 0 17004
@calls 0 17005
@calls 0 17006
@calls 0 17007
@calls 0 17008
@calls 0 17009
@calls 0 17010
@calls 0 17011
@calls 0 17012
@calls 0 17013
@calls 0 17014
@calls 0 17015
@calls 0 17016
@calls 0 17017
@calls 0 17018
@calls 0 17019
@calls 0 17020
@calls 0 17021
@calls 0 17022
@calls 0 17023
@calls 0 17024
@calls 0 17025
@calls 0 17026
@calls 0 17027
@calls 0 17028
@calls 0 17029
@calls 0 17030
@calls 0 17031
@calls 0 17032
@calls 0 17033
@calls 0 17034
@calls 0 17035
@calls 0 17036
@calls 0 17037
@calls 0 17038
@calls 0 17039
@calls 0 17040
@calls 0 17041
@calls 0 17042
@calls 0 17043
@calls 0 17044
@calls 0 17045
@calls 0 17046
@calls 0 17047
@calls 0 17048
@calls 0 17049
@calls 0 17050
@calls 0 17051
@calls 0 17052
@calls 0 17053
@calls 0 17054
@calls 0 17055
@calls 0 17056
@calls 0 17057
@calls 0 17058
@calls 0 17059
@calls 0 17060
@calls 0 17061
@calls 0 17062
@calls 0 17063
@calls 0 17064
@calls 0 17065
@calls 0 17066
@calls 0 17067
@calls 0 17068
@calls 0 17069
@calls 0 17070
@calls 0 17071
@calls 0 17072
@calls 0 17073
@calls 0 17074
@calls 0 17075
@calls 0 17076
@calls 0 17077
@calls 0 17078
@calls 0 17079
@calls 0 17080
@calls 0 17081
@calls 0 17082
@calls 0 17083
@calls 0 17084
@calls 0 17085
@calls 0 17086
@calls 0 17087
@calls 0 17088
@calls 0 17089
@calls 0 17090
@calls 0 17091
@calls 0 17092
@calls 0 17093
@calls 0 17094
@calls 0 17095
@calls 0 17096
@calls 0 17097
@calls 0 17098
@calls 0 17099
@calls 0 17100
@calls 0 17101
@calls 0 17102
@calls 0 17103
@calls 0 17104
@calls 0 17105
@calls 0 17106
@calls 0 17107
@calls 0 17108
@calls 0 17109
@calls 0 17110
@calls 0 17111
@calls 0 17112
@calls 0 17113
@calls 0 17114
@calls 0 17115
@calls 0 17116
@calls 0 17117
@calls 0 17118
@calls 0 17119
@calls 0 17120
@calls 0 17121
@calls 0 17122
@calls 0 17123
@calls 0 17124
@calls 0 17125
@calls 0 17126
@calls 0 17127
@calls 0 17128
@calls 0 17129
@calls 0 17130
@calls 0 17131
@calls 0 17132
@calls 0 17133
@calls 0 17134
@calls 0 17135
@calls 0 17136
@calls 0 17137
@calls 0 17138
@calls 0 17139
@calls 0 17140
@calls 0 17141
@calls 0 17142
@calls 0 17143
@calls 0 17144
@calls 0 17145
@calls 0 17146
@calls 0 17147
@calls 0 17148
@calls 0 17149
@calls 0 17150
@calls 0 17151
@calls 0 17152
@calls 0 17153
@calls 0 17154
@calls 0 17155
@calls 0 17156
@calls 0 17157
@calls 0 17158
@calls 0 17159
@calls 0 17160
@calls 0 17161
@calls 0 17162
@calls 0 17163
@calls 0 17164
@calls 0 17165
@calls 0 17166
@calls 0 17167
@calls 0 17168
@calls 0 17169
@calls 0 17170
@calls 0 17171
@calls 0 17172
@calls 0 17173
@calls 0 17174
@calls 0 17175
@calls 0 17176
@calls 0 17177
@calls 0 17178
@calls 0 17179
@calls 0 17180
@calls 0 17181
@calls 0 17182
@calls 0 17183
@calls 0 17184
@calls 0 17185
@calls 0 17186
@calls 0 17187
@calls 0 17188
@calls 0 17189
@calls 0 17190
@calls 0 17191
@calls 0 17192
@calls 0 17193
@calls 0 17194
@calls 0 17195
@calls 0 17196
@calls 0 17197
@calls 0 17198
@calls 0 17199
@calls 0 17200
@calls 0 17201
@calls 0 17202
@calls 0 17203
@calls 0 17204
@calls 0 17205
@calls 0 17206
@calls 0 17207
@calls 0 17208
@calls 0 17209
@calls 0 17210
@calls 0 17211
@calls 0 17212
@calls 0 17213
@calls 0 17214
@calls 0 17215
@calls 0 17216
@calls 0 17217
@calls 0 17218
@calls 0 17219
@calls 0 17220
@calls 0 17221
@calls 0 17222
@calls 0 17223
@calls 0 17224
@calls 0 17225
@calls 0 17226
@calls 0 17227
@calls 0 17228
@calls 0 17229
@calls 0 17230
@calls 0 17231
@calls 0 17232
@calls 0 17233
@calls 0 17234
@calls 0 17235
@calls 0 17236
@calls 0 17237
@calls 0 17238
@calls 0 17239
@calls 0 17240
@calls 0 17241
@calls 0 17242
@calls 0 17243
@calls 0 17244
@calls 0 17245
@calls 0 17246
@calls 0 17247
@calls 0 17248
@calls 0 17249
@calls 0 17250
@calls 0 17251
@calls 0 17252
@calls 0 17253
@calls 0 17254
@calls 0 17255
@calls 0 17256
@calls 0 17257
@calls 0 17258
@calls 0 17259
@calls 0 17260
@calls 0 17261
@calls 0 17262
@calls 0 17263
@calls 0 17264
@calls 0 17265
@calls 0 17266
@calls 0 17267
@calls 0 17268
@calls 0 17269
@calls 0 17270
@calls 0 17271
@calls 0 17272
@calls 0 17273
@calls 0 17274
@calls 0 17275
@calls 0 17276
@calls 0 17277
@calls 0 17278
@calls 0 17279
@calls 0 17280
@calls 0 17281
@calls 0 17282
@calls 0 17283
@calls 0 17284
@calls 0 17285
@calls 0 17286
@calls 0 17287
@calls 0 17288
@calls 0 17289
@calls 0 17290
@calls 0 17291
@calls 0 17292
@calls 0 17293
@calls 0 17294
@calls 0 17295
@calls 0 17296
@calls 0 17297
@calls 0 17298
@calls 0 17299
@calls 0 17300
@calls 0 17301
@calls 0 17302
@calls 0 17303
@calls 0 17304
@calls 0 17305
@calls 0 17306
@calls 0 17307
@calls 0 17308
@calls 0 17309
@calls 0 17310
@calls 0 17311
@calls 0 17312
@calls 0 17313
@calls 0 17314
@calls 0 17315
@calls 0 17316
@calls 0 17317
@calls 0 17318
@calls 0 17319
@calls 0 17320
@calls 0 17321
@calls 0 17322
@calls 0 17323
@calls 0 17324
@calls 0 17325
@calls 0 17326
@calls 0 17327
@calls 0 17328
@calls 0 17329
@calls 0 17330
@calls 0 17331
@calls 0 17332
@calls 0 17333
@calls 0 17334
@calls 0 17335
@calls 0 17336
@calls 0 17337
@calls 0 17338
@calls 0 17339
@calls 0 17340
@calls 0 17341
@calls 0 17342
@calls 0 17343
@calls 0 17344
@calls 0 17345
@calls 0 17346
@calls 0 17347
@calls 0 17348
@calls 0 17349
@calls 0 17350
@calls 0 17351
@calls 0 17352
@calls 0 17353
@calls 0 17354
@calls 0 17355
@calls 0 17356
@calls 0 17357
@calls 0 17358
@calls 0 17359
@calls 0 17360
@calls 0 17361
@calls 0 17362
@calls 0 17363
@calls 0 17364
@calls 0 17365
@calls 0 17366
@calls 0 17367
@calls 0 17368
@calls 0 17369
@calls 0 17370
@calls 0 17371
@calls 0 17372
@calls 0 17373
@calls 0 17374
@calls 0 17375
@calls 0 17376
@calls 0 17377
@calls 0 17378
@calls 0 17379
@calls 0 17380
@calls 0 17381
@calls 0 17382
@calls 0 17383
@calls 0 17384
@calls 0 17385
@calls 0 17386
@calls 0 17387
@calls 0 17388
@calls 0 17389
@calls 0 17390
@calls 0 17391
@calls 0 17392
@calls 0 17393
@calls 0 17394
@calls 0 17395
@calls 0 17396
@calls 0 17397
@calls 0 17398
@calls 0 17399
@calls 0 17400
@calls 0 17401
@calls 0 17402
@calls 0 17403
@calls 0 17404
@calls 0 17405
@calls 0 17406
@calls 0 17407
@calls 0 17408
@calls 0 17409
@calls 0 17410
@calls 0 17411
@calls 0 17412
@calls 0 17413
@calls 0 17414
@calls 0 17415
@calls 0 17416
@calls 0 17417
@calls 0 17418
@calls 0 17419
@calls 0 17420
@calls 0 17421
@calls 0 17422
@calls 0 17423
@calls 0 17424
@calls 0 17425
@calls 0 17426
@calls 0 17427
@calls 0 17428
@calls 0 17429
@calls 0 17430
@calls 0 17431
@calls 0 17432
@calls 0 17433
@calls 0 17434
@calls 0 17435
@calls 0 17436
@calls 0 17437
@calls 0 17438
@calls 0 17439
@calls 0 17440
@calls 0 17441
@calls 0 17442
@calls 0 17443
@calls 0 17444
@calls 0 17445
@calls 0 17446
@calls 0 17447
@calls 0 17448
@calls 0 17449
@calls 0 17450
@calls 0 17451
@calls 0 17452
@calls 0 17453
@calls 0 17454
@calls 0 17455
@calls 0 17456
@calls 0 17457
@calls 0 17458
@calls 0 17459
@calls 0 17460
@calls 0 17461
@calls 0 17462
@calls 0 17463
@calls 0 17464
@calls 0 17465
@calls 0 17466
@calls 0 17467
@calls 0 17468
@calls 0 17469
@calls 0 17470
@calls 0 17471
@calls 0 17472
@calls 0 17473
@calls 0 17474
@calls 0 17475
@calls 0 17476
@calls 0 17477
@calls 0 17478
@calls 0 17479
@calls 0 17480
@calls 0 17481
@calls 0 17482
@calls 0 17483
@calls 0 17484
@calls 0 17485
@calls 0 17486
@calls 0 17487
@calls 0 17488
@calls 0 17489
@calls 0 17490
@calls 0 17491
@calls 0 17492
@calls 0 17493
@calls 0 17494
@calls 0 17495
@calls 0 17496
@calls 0 17497
@calls 0 17498
@calls 0 17499
@calls 0 17500
@calls 0 17501
@calls 0 17502
@calls 0 17503
@calls 0 17504
@calls 0 17505
@calls 0 17506
@calls 0 17507
@calls 0 17508
@calls 0 17509
@calls 0 17510
@calls 0 17511
@calls 0 17512
@calls 0 17513
@calls 0 17514
@calls 0 17515
@calls 0 17516
@calls 0 17517
@calls 0 17518
@calls 0 17519
@calls 0 17520
@calls 0 17521
@calls 0 17522
@calls 0 17523
@calls 0 17524
@calls 0 17525
@calls 0 17526
@calls 0 17527
@calls 0 17528
@calls 0 17529
@calls 0 17530
@calls 0 17531
@calls 0 17532
@calls 0 17533
@calls 0 17534
@calls 0 17535
@calls 0 17536
@calls 0 17537
@calls 0 17538
@calls 0 17539
@calls 0 17540
@calls 0 17541
@calls 0 17542
@calls 0 17543
@calls 0 17544
@calls 0 17545
@calls 0 17546
@calls 0 17547
@calls 0 17548
@calls 0 17549
@calls 0 17550
@calls 0 17551
@calls 0 17552
@calls 0 17553
@calls 0 17554
@calls 0 17555
@calls 0 17556
@calls 0 17557
@calls 0 17558
@calls 0 17559
@calls 0 17560
@calls 0 17561
@calls 0 17562
@calls 0 17563
@calls 0 17564
@calls 0 17565
@calls 0 17566
@calls 0 17567
@calls 0 17568
@calls 0 17569
@calls 0 17570
@calls 0 17571
@calls 0 17572
@calls 0 17573
@calls 0 17574
@calls 0 17575
@calls 0 17576
@calls 0 17577
@calls 0 17578
@calls 0 17579
@calls 0 17580
@calls 0 17581
@calls 0 17582
@calls 0 17583
@calls 0 17584
@calls 0 17585
@calls 0 17586
@calls 0 17587
@calls 0 17588
@calls 0 17589
@calls 0 17590
@calls 0 17591
@calls 0 17592
@calls 0 17593
@calls 0 17594
@calls 0 17595
@calls 0 17596
@calls 0 17597
@calls 0 17598
@calls 0 17599
@calls 0 17600
@calls 0 17601
@calls 0 17602
@calls 0 17603
@calls 0 17604
@calls 0 17605
@calls 0 17606
@calls 0 17607
@calls 0 17608
@calls 0 17609
@calls 0 17610
@calls 0 17611
@calls 0 17612
@calls 0 17613
@calls 0 17614
@calls 0 17615
@calls 0 17616
@calls 0 17617
@calls 0 17618
@calls 0 17619
@calls 0 17620
@calls 0 17621
@calls 0 17622
@calls 0 17623
@calls 0 17624
@calls 0 17625
@calls 0 17626
@calls 0 17627
@calls 0 17628
@calls 0 17629
@calls 0 17630
@calls 0 17631
@calls 0 17632
@calls 0 17633
@calls 0 17634
@calls 0 17635
@calls 0 17636
@calls 0 17637
@calls 0 17638
@calls 0 17639
@calls 0 17640
@calls 0 17641
@calls 0 17642
@calls 0 17643
@calls 0 17644
@calls 0 17645
@calls 0 17646
@calls 0 17647
@calls 0 17648
@calls 0 17649
@calls 0 17650
@calls 0 17651
@calls 0 17652
@calls 0 17653
@calls 0 17654
@calls 0 17655
@calls 0 17656
@calls 0 17657
@calls 0 17658
@calls 0 17659
@calls 0 17660
@calls 0 17661
@calls 0 17662
@calls 0 17663
@calls 0 17664
@calls 0 17665
@calls 0 17666
@calls 0 17667
@calls 0 17668
@calls 0 17669
@calls 0 17670
@calls 0 17671
@calls 0 17672
@calls 0 17673
@calls 0 17674
@calls 0 17675
@calls 0 17676
@calls 0 17677
@calls 0 17678
@calls 0 17679
@calls 0 17680
@calls 0 17681
@calls 0 17682
@calls 0 17683
@calls 0 17684
@calls 0 17685
@calls 0 17686
@calls 0 17687
@calls 0 17688
@calls 0 17689
@calls 0 17690
@calls 0 17691
@calls 0 17692
@calls 0 17693
@calls 0 17694
@calls 0 17695
@calls 0 17696
@calls 0 17697
@calls 0 17698
@calls 0 17699
@calls 0 17700
@calls 0 17701
@calls 0 17702
@calls 0 17703
@calls 0 17704
@calls 0 17705
@calls 0 17706
@calls 0 17707
@calls 0 17708
@calls 0 17709
@calls 0 17710
@calls 0 17711
@calls 0 17712
@calls 0 17713
@calls 0 17714
@calls 0 17715
@calls 0 17716
@calls 0 17717
@calls 0 17718
@calls 0 17719
@calls 0 17720
@calls 0 17721
@calls 0 17722
@calls 0 17723
@calls 0 17724
@calls 0 17725
@calls 0 17726
@calls 0 17727
@calls 0 17728
@calls 0 17729
@calls 0 17730
@calls 0 17731
@calls 0 17732
@calls 0 17733
@calls 0 17734
@calls 0 17735
@calls 0 17736
@calls 0 17737
@calls 0 17738
@calls 0 17739
@calls 0 17740
@calls 0 17741
@calls 0 17742
@calls 0 17743
@calls 0 17744
@calls 0 17745
@calls 0 17746
@calls 0 17747
@calls 0 17748
@calls 0 17749
@calls 0 17750
@calls 0 17751
@calls 0 17752
@calls 0 17753
@calls 0 17754
@calls 0 17755
@calls 0 17756
@calls 0 17757
@calls 0 17758
@calls 0 17759
@calls 0 17760
@calls 0 17761
@calls 0 17762
@calls 0 17763
@calls 0 17764
@calls 0 17765
@calls 0 17766
@calls 0 17767
@calls 0 17768
@calls 0 17769
@calls 0 17770
@calls 0 17771
@calls 0 17772
@calls 0 17773
@calls 0 17774
@calls 0 17775
@calls 0 17776
@calls 0 17777
@calls 0 17778
@calls 0 17779
@calls 0 17780
@calls 0 17781
@calls 0 17782
@calls 0 17783
@calls 0 17784
@calls 0 17785
@calls 0 17786
@calls 0 17787
@calls 0 17788
@calls 0 17789
@calls 0 17790
@calls 0 17791
@calls 0 17792
@calls 0 17793
@calls 0 17794
@calls 0 17795
@calls 0 17796
@calls 0 17797
@calls 0 17798
@calls 0 17799
@calls 0 17800
@calls 0 17801
@calls 0 17802
@calls 0 17803
@calls 0 17804
@calls 0 17805
@calls 0 17806
@calls 0 17807
@calls 0 17808
@calls 0 17809
@calls 0 17810
@calls 0 17811
@calls 0 17812
@calls 0 17813
@calls 0 17814
@calls 0 17815
@calls 0 17816
@calls 0 17817
@calls 0 17818
@calls 0 17819
@calls 0 17820
@calls 0 17821
@calls 0 17822
@calls 0 17823
@calls 0 17824
@calls 0 17825
@calls 0 17826
@calls 0 17827
@calls 0 17828
@calls 0 17829
@calls 0 17830
@calls 0 17831
@calls 0 17832
@calls 0 17833
@calls 0 17834
@calls 0 17835
@calls 0 17836
@calls 0 17837
@calls 0 17838
@calls 0 17839
@calls 0 17840
@calls 0 17841
@calls 0 17842
@calls 0 17843
@calls 0 17844
@calls 0 17845
@calls 0 17846
@calls 0 17847
@calls 0 17848
@calls 0 17849
@calls 0 17850
@calls 0 17851
@calls 0 17852
@calls 0 17853
@calls 0 17854
@calls 0 17855
@calls 0 17856
@calls 0 17857
@calls 0 17858
@calls 0 17859
@calls 0 17860
@calls 0 17861
@calls 0 17862
@calls 0 17863
@calls 0 17864
@calls 0 17865
@calls 0 17866
@calls 0 17867
@calls 0 17868
@calls 0 17869
@calls 0 17870
@calls 0 17871
@calls 0 17872
@calls 0 17873
@calls 0 17874
@calls 0 17875
@calls 0 17876
@calls 0 17877
@calls 0 17878
@calls 0 17879
@calls 0 17880
@calls 0 17881
@calls 0 17882
@calls 0 17883
@calls 0 17884
@calls 0 17885
@calls 0 17886
@calls 0 17887
@calls 0 17888
@calls 0 17889
@calls 0 17890
@calls 0 17891
@calls 0 17892
@calls 0 17893
@calls 0 17894
@calls 0 17895
@calls 0 17896
@calls 0 17897
@calls 0 17898
@calls 0 17899
@calls 0 17900
@calls 0 17901
@calls 0 17902
@calls 0 17903
@calls 0 17904
@calls 0 17905
@calls 0 17906
@calls 0 17907
@calls 0 17908
@calls 0 17909
@calls 0 17910
@calls 0 17911
@calls 0 17912
@calls 0 17913
@calls 0 17914
@calls 0 17915
@calls 0 17916
@calls 0 17917
@calls 0 17918
@calls 0 17919
@calls 0 17920
@calls 0 17921
@calls 0 17922
@calls 0 17923
@calls 0 17924
@calls 0 17925
@calls 0 17926
@calls 0 17927
@calls 0 17928
@calls 0 17929
@calls 0 17930
@calls 0 17931
@calls 0 17932
@calls 0 17933
@calls 0 17934
@calls 0 17935
@calls 0 17936
@calls 0 17937
@calls 0 17938
@calls 0 17939
@calls 0 17940
@calls 0 17941
@calls 0 17942
@calls 0 17943
@calls 0 17944
@calls 0 17945
@calls 0 17946
@calls 0 17947
@calls 0 17948
@calls 0 17949
@calls 0 17950
@calls 0 17951
@calls 0 17952
@calls 0 17953
@calls 0 17954
@calls 0 17955
@calls 0 17956
@calls 0 17957
@calls 0 17958
@calls 0 17959
@calls 0 17960
@calls 0 17961
@calls 0 17962
@calls 0 17963
@calls 0 17964
@calls 0 17965
@calls 0 17966
@calls 0 17967
@calls 0 17968
@calls 0 17969
@calls 0 17970
@calls 0 17971
@calls 0 17972
@calls 0 17973
@calls 0 17974
@calls 0 17975
@calls 0 17976
@calls 0 17977
@calls 0 17978
@calls 0 17979
@calls 0 17980
@calls 0 17981
@calls 0 17982
@calls 0 17983
@calls 0 17984
@calls 0 17985
@calls 0 17986
@calls 0 17987
@calls 0 17988
@calls 0 17989
@calls 0 17990
@calls 0 17991
@calls 0 17992
@calls 0 17993
@calls 0 17994
@calls 0 17995
@calls 0 17996
@calls 0 17997
@calls 0 17998
@calls 0 17999
@calls 0 18000
@calls 0 18001
@calls 0 18002
@calls 0 18003
@calls 0 18004
@calls 0 18005
@calls 0 18006
@calls 0 18007
@calls 0 18008
@calls 0 18009
@calls 0 18010
@calls 0 18011
@calls 0 18012
@calls 0 18013
@calls 0 18014
@calls 0 18015
@calls 0 18016
@calls 0 18017
@calls 0 18018
@calls 0 18019
@calls 0 18020
@calls 0 18021
@calls 0 18022
@calls 0 18023
@calls 0 18024
@calls 0 18025
@calls 0 18026
@calls 0 18027
@calls 0 18028
@calls 0 18029
@calls 0 18030
@calls 0 18031
@calls 0 18032
@calls 0 18033
@calls 0 18034
@calls 0 18035
@calls 0 18036
@calls 0 18037
@calls 0 18038
@calls 0 18039
@calls 0 18040
@calls 0 18041
@calls 0 18042
@calls 0 18043
@calls 0 18044
@calls 0 18045
@calls 0 18046
@calls 0 18047
@calls 0 18048
@calls 0 18049
@calls 0 18050
@calls 0 18051
@calls 0 18052
@calls 0 18053
@calls 0 18054
@calls 0 18055
@calls 0 18056
@calls 0 18057
@calls 0 18058
@calls 0 18059
@calls 0 18060
@calls 0 18061
@calls 0 18062
@calls 0 18063
@calls 0 18064
@calls 0 18065
@calls 0 18066
@calls 0 18067
@calls 0 18068
@calls 0 18069
@calls 0 18070
@calls 0 18071
@calls 0 18072
@calls 0 18073
@calls 0 18074
@calls 0 18075
@calls 0 18076
@calls 0 18077
@calls 0 18078
@calls 0 18079
@calls 0 18080
@calls 0 18081
@calls 0 18082
@calls 0 18083
@calls 0 18084
@calls 0 18085
@calls 0 18086
@calls 0 18087
@calls 0 18088
@calls 0 18089
@calls 0 18090
@calls 0 18091
@calls 0 18092
@calls 0 18093
@calls 0 18094
@calls 0 18095
@calls 0 18096
@calls 0 18097
@calls 0 18098
@calls 0 18099
@calls 0 18100
@calls 0 18101
@calls 0 18102
@calls 0 18103
@calls 0 18104
@calls 0 18105
@calls 0 18106
@calls 0 18107
@calls 0 18108
@calls 0 18109
@calls 0 18110
@calls 0 18111
@calls 0 18112
@calls 0 18113
@calls 0 18114
@calls 0 18115
@calls 0 18116
@calls 0 18117
@calls 0 18118
@calls 0 18119
@calls 0 18120
@calls 0 18121
@calls 0 18122
@calls 0 18123
@calls 0 18124
@calls 0 18125
@calls 0 18126
@calls 0 18127
@calls 0 18128
@calls 0 18129
@calls 0 18130
@calls 0 18131
@calls 0 18132
@calls 0 18133
@calls 0 18134
@calls 0 18135
@calls 0 18136
@calls 0 18137
@calls 0 18138
@calls 0 18139
@calls 0 18140
@calls 0 18141
@calls 0 18142
@calls 0 18143
@calls 0 18144
@calls 0 18145
@calls 0 18146
@calls 0 18147
@calls 0 18148
@calls 0 18149
@calls 0 18150
@calls 0 18151
@calls 0 18152
@calls 0 18153
@calls 0 18154
@calls 0 18155
@calls 0 18156
@calls 0 18157
@calls 0 18158
@calls 0 18159
@calls 0 18160
@calls 0 18161
@calls 0 18162
@calls 0 18163
@calls 0 18164
@calls 0 18165
@calls 0 18166
@calls 0 18167
@calls 0 18168
@calls 0 18169
@calls 0 18170
@calls 0 18171
@calls 0 18172
@calls 0 18173
@calls 0 18174
@calls 0 18175
@calls 0 18176
@calls 0 18177
@calls 0 18178
@calls 0 18179
@calls 0 18180
@calls 0 18181
@calls 0 18182
@calls 0 18183
@calls 0 18184
@calls 0 18185
@calls 0 18186
@calls 0 18187
@calls 0 18188
@calls 0 18189
@calls 0 18190
@calls 0 18191
@calls 0 18192
@calls 0 18193
@calls 0 18194
@calls 0 18195
@calls 0 18196
@calls 0 18197
@calls 0 18198
@calls 0 18199
@calls 0 18200
@calls 0 18201
@calls 0 18202
@calls 0 18203
@calls 0 18204
@calls 0 18205
@calls 0 18206
@calls 0 18207
@calls 0 18208
@calls 0 18209
@calls 0 18210
@calls 0 18211
@calls 0 18212
@calls 0 18213
@calls 0 18214
@calls 0 18215
@calls 0 18216
@calls 0 18217
@calls 0 18218
@calls 0 18219
@calls 0 18220
@calls 0 18221
@calls 0 18222
@calls 0 18223
@calls 0 18224
@calls 0 18225
@calls 0 18226
@calls 0 18227
@calls 0 18228
@calls 0 18229
@calls 0 18230
@calls 0 18231
@calls 0 18232
@calls 0 18233
@calls 0 18234
@calls 0 18235
@calls 0 18236
@calls 0 18237
@calls 0 18238
@calls 0 18239
@calls 0 18240
@calls 0 18241
@calls 0 18242
@calls 0 18243
@calls 0 18244
@calls 0 18245
@calls 0 18246
@calls 0 18247
@calls 0 18248
@calls 0 18249
@calls 0 18250
@calls 0 18251
@calls 0 18252
@calls 0 18253
@calls 0 18254
@calls 0 18255
@calls 0 18256
@calls 0 18257
@calls 0 18258
@calls 0 18259
@calls 0 18260
@calls 0 18261
@calls 0 18262
@calls 0 18263
@calls 0 18264
@calls 0 18265
@calls 0 18266
@calls 0 18267
@calls 0 18268
@calls 0 18269
@calls 0 18270
@calls 0 18271
@calls 0 18272
@calls 0 18273
@calls 0 18274
@calls 0 18275
@calls 0 18276
@calls 0 18277
@calls 0 18278
@calls 0 18279
@calls 0 18280
@calls 0 18281
@calls 0 18282
@calls 0 18283
@calls 0 18284
@calls 0 18285
@calls 0 18286
@calls 0 18287
@calls 0 18288
@calls 0 18289
@calls 0 18290
@calls 0 18291
@calls 0 18292
@calls 0 18293
@calls 0 18294
@calls 0 18295
@calls 0 18296
@calls 0 18297
@calls 0 18298
@calls 0 18299
@calls 0 18300
@calls 0 18301
@calls 0 18302
@calls 0 18303
@calls 0 18304
@calls 0 18305
@calls 0 18306
@calls 0 18307
@calls 0 18308
@calls 0 18309
@calls 0 18310
@calls 0 18311
@calls 0 18312
@calls 0 18313
@calls 0 18314
@calls 0 18315
@calls 0 18316
@calls 0 18317
@calls 0 18318
@calls 0 18319
@calls 0 18320
@calls 0 18321
@calls 0 18322
@calls 0 18323
@calls 0 18324
@calls 0 18325
@calls 0 18326
@calls 0 18327
@calls 0 18328
@calls 0 18329
@calls 0 18330
@calls 0 18331
@calls 0 18332
@calls 0 18333
@calls 0 18334
@calls 0 18335
@calls 0 18336
@calls 0 18337
@calls 0 18338
@calls 0 18339
@calls 0 18340
@calls 0 18341
@calls 0 18342
@calls 0 18343
@calls 0 18344
@calls 0 18345
@calls 0 18346
@calls 0 18347
@calls 0 18348
@calls 0 18349
@calls 0 18350
@calls 0 18351
@calls 0 18352
@calls 0 18353
@calls 0 18354
@calls 0 18355
@calls 0 18356
@calls 0 18357
@calls 0 18358
@calls 0 18359
@calls 0 18360
@calls 0 18361
@calls 0 18362
@calls 0 18363
@calls 0 18364
@calls 0 18365
@calls 0 18366
@calls 0 18367
@calls 0 18368
@calls 0 18369
@calls 0 18370
@calls 0 18371
@calls 0 18372
@calls 0 18373
@calls 0 18374
@calls 0 18375
@calls 0 18376
@calls 0 18377
@calls 0 18378
@calls 0 18379
@calls 0 18380
@calls 0 18381
@calls 0 18382
@calls 0 18383
@calls 0 18384
@calls 0 18385
@calls 0 18386
@calls 0 18387
@calls 0 18388
@calls 0 18389
@calls 0 18390
@calls 0 18391
@calls 0 18392
@calls 0 18393
@calls 0 18394
@calls 0 18395
@calls 0 18396
@calls 0 18397
@calls 0 18398
@calls 0 18399
@calls 0 18400
@calls 0 18401
@calls 0 18402
@calls 0 18403
@calls 0 18404
@calls 0 18405
@calls 0 18406
@calls 0 18407
@calls 0 18408
@calls 0 18409
@calls 0 18410
@calls 0 18411
@calls 0 18412
@calls 0 18413
@calls 0 18414
@calls 0 18415
@calls 0 18416
@calls 0 18417
@calls 0 18418
@calls 0 18419
@calls 0 18420
@calls 0 18421
@calls 0 18422
@calls 0 18423
@calls 0 18424
@calls 0 18425
@calls 0 18426
@calls 0 18427
@calls 0 18428
@calls 0 18429
@calls 0 18430
@calls 0 18431
@calls 0 18432
@calls 0 18433
@calls 0 18434
@calls 0 18435
@calls 0 18436
@calls 0 18437
@calls 0 18438
@calls 0 18439
@calls 0 18440
@calls 0 18441
@calls 0 18442
@calls 0 18443
@calls 0 18444
@calls 0 18445
@calls 0 18446
@calls 0 18447
@calls 0 18448
@calls 0 18449
@calls 0 18450
@calls 0 18451
@calls 0 18452
@calls 0 18453
@calls 0 18454
@calls 0 18455
@calls 0 18456
@calls 0 18457
@calls 0 18458
@calls 0 18459
@calls 0 18460
@calls 0 18461
@calls 0 18462
@calls 0 18463
@calls 0 18464
@calls 0 18465
@calls 0 18466
@calls 0 18467
@calls 0 18468
@calls 0 18469
@calls 0 18470
@calls 0 18471
@calls 0 18472
@calls 0 18473
@calls 0 18474
@calls 0 18475
@calls 0 18476
@calls 0 18477
@calls 0 18478
@calls 0 18479
@calls 0 18480
@calls 0 18481
@calls 0 18482
@calls 0 18483
@calls 0 18484
@calls 0 18485
@calls 0 18486
@calls 0 18487
@calls 0 18488
@calls 0 18489
@calls 0 18490
@calls 0 18491
@calls 0 18492
@calls 0 18493
@calls 0 18494
@calls 0 18495
@calls 0 18496
@calls 0 18497
@calls 0 18498
@calls 0 18499
@calls 0 18500
@calls 0 18501
@calls 0 18502
@calls 0 18503
@calls 0 18504
@calls 0 18505
@calls 0 18506
@calls 0 18507
@calls 0 18508
@calls 0 18509
@calls 0 18510
@calls 0 18511
@calls 0 18512
@calls 0 18513
@calls 0 18514
@calls 0 18515
@calls 0 18516
@calls 0 18517
@calls 0 18518
@calls 0 18519
@calls 0 18520
@calls 0 18521
@calls 0 18522
@calls 0 18523
@calls 0 18524
@calls 0 18525
@calls 0 18526
@calls 0 18527
@calls 0 18528
@calls 0 18529
@calls 0 18530
@calls 0 18531
@calls 0 18532
@calls 0 18533
@calls 0 18534
@calls 0 18535
@calls 0 18536
@calls 0 18537
@calls 0 18538
@calls 0 18539
@calls 0 18540
@calls 0 18541
@calls 0 18542
@calls 0 18543
@calls 0 18544
@calls 0 18545
@calls 0 18546
@calls 0 18547
@calls 0 18548
@calls 0 18549
@calls 0 18550
@calls 0 18551
@calls 0 18552
@calls 0 18553
@calls 0 18554
@calls 0 18555
@calls 0 18556
@calls 0 18557
@calls 0 18558
@calls 0 18559
@calls 0 18560
@calls 0 18561
@calls 0 18562
@calls 0 18563
@calls 0 18564
@calls 0 18565
@calls 0 18566
@calls 0 18567
@calls 0 18568
@calls 0 18569
@calls 0 18570
@calls 0 18571
@calls 0 18572
@calls 0 18573
@calls 0 18574
@calls 0 18575
@calls 0 18576
@calls 0 18577
@calls 0 18578
@calls 0 18579
@calls 0 18580
@calls 0 18581
@calls 0 18582
@calls 0 18583
@calls 0 18584
@calls 0 18585
@calls 0 18586
@calls 0 18587
@calls 0 18588
@calls 0 18589
@calls 0 18590
@calls 0 18591
@calls 0 18592
@calls 0 18593
@calls 0 18594
@calls 0 18595
@calls 0 18596
@calls 0 18597
@calls 0 18598
@calls 0 18599
@calls 0 18600
@calls 0 18601
@calls 0 18602
@calls 0 18603
@calls 0 18604
@calls 0 18605
@calls 0 18606
@calls 0 18607
@calls 0 18608
@calls 0 18609
@calls 0 18610
@calls 0 18611
@calls 0 18612
@calls 0 18613
@calls 0 18614
@calls 0 18615
@calls 0 18616
@calls 0 18617
@calls 0 18618
@calls 0 18619
@calls 0 18620
@calls 0 18621
@calls 0 18622
@calls 0 18623
@calls 0 18624
@calls 0 18625
@calls 0 18626
@calls 0 18627
@calls 0 18628
@calls 0 18629
@calls 0 18630
@calls 0 18631
@calls 0 18632
@calls 0 18633
@calls 0 18634
@calls 0 18635
@calls 0 18636
@calls 0 18637
@calls 0 18638
@calls 0 18639
@calls 0 18640
@calls 0 18641
@calls 0 18642
@calls 0 18643
@calls 0 18644
@calls 0 18645
@calls 0 18646
@calls 0 18647
@calls 0 18648
@calls 0 18649
@calls 0 18650
@calls 0 18651
@calls 0 18652
@calls 0 18653
@calls 0 18654
@calls 0 18655
@calls 0 18656
@calls 0 18657
@calls 0 18658
@calls 0 18659
@calls 0 18660
@calls 0 18661
@calls 0 18662
@calls 0 18663
@calls 0 18664
@calls 0 18665
@calls 0 18666
@calls 0 18667
@calls 0 18668
@calls 0 18669
@calls 0 18670
@calls 0 18671
@calls 0 18672
@calls 0 18673
@calls 0 18674
@calls 0 18675
@calls 0 18676
@calls 0 18677
@calls 0 18678
@calls 0 18679
@calls 0 18680
@calls 0 18681
@calls 0 18682
@calls 0 18683
@calls 0 18684
@calls 0 18685
@calls 0 18686
@calls 0 18687
@calls 0 18688
@calls 0 18689
@calls 0 18690
@calls 0 18691
@calls 0 18692
@calls 0 18693
@calls 0 18694
@calls 0 18695
@calls 0 18696
@calls 0 18697
@calls 0 18698
@calls 0 18699
@calls 0 18700
@calls 0 18701
@calls 0 18702
@calls 0 18703
@calls 0 18704
@calls 0 18705
@calls 0 18706
@calls 0 18707
@calls 0 18708
@calls 0 18709
@calls 0 18710
@calls 0 18711
@calls 0 18712
@calls 0 18713
@calls 0 18714
@calls 0 18715
@calls 0 18716
@calls 0 18717
@calls 0 18718
@calls 0 18719
@calls 0 18720
@calls 0 18721
@calls 0 18722
@calls 0 18723
@calls 0 18724
@calls 0 18725
@calls 0 18726
@calls 0 18727
@calls 0 18728
@calls 0 18729
@calls 0 18730
@calls 0 18731
@calls 0 18732
@calls 0 18733
@calls 0 18734
@calls 0 18735
@calls 0 18736
@calls 0 18737
@calls 0 18738
@calls 0 18739
@calls 0 18740
@calls 0 18741
@calls 0 18742
@calls 0 18743
@calls 0 18744
@calls 0 18745
@calls 0 18746
@calls 0 18747
@calls 0 18748
@calls 0 18749
@calls 0 18750
@calls 0 18751
@calls 0 18752
@calls 0 18753
@calls 0 18754
@calls 0 18755
@calls 0 18756
@calls 0 18757
@calls 0 18758
@calls 0 18759
@calls 0 18760
@calls 0 18761
@calls 0 18762
@calls 0 18763
@calls 0 18764
@calls 0 18765
@calls 0 18766
@calls 0 18767
@calls 0 18768
@calls 0 18769
@calls 0 18770
@calls 0 18771
@calls 0 18772
@calls 0 18773
@calls 0 18774
@calls 0 18775
@calls 0 18776
@calls 0 18777
@calls 0 18778
@calls 0 18779
@calls 0 18780
@calls 0 18781
@calls 0 18782
@calls 0 18783
@calls 0 18784
@calls 0 18785
@calls 0 18786
@calls 0 18787
@calls 0 18788
@calls 0 18789
@calls 0 18790
@calls 0 18791
@calls 0 18792
@calls 0 18793
@calls 0 18794
@calls 0 18795
@calls 0 18796
@calls 0 18797
@calls 0 18798
@calls 0 18799
@calls 0 18800
@calls 0 18801
@calls 0 18802
@calls 0 18803
@calls 0 18804
@calls 0 18805
@calls 0 18806
@calls 0 18807
@calls 0 18808
@calls 0 18809
@calls 0 18810
@calls 0 18811
@calls 0 18812
@calls 0 18813
@calls 0 18814
@calls 0 18815
@calls 0 18816
@calls 0 18817
@calls 0 18818
@calls 0 18819
@calls 0 18820
@calls 0 18821
@calls 0 18822
@calls 0 18823
@calls 0 18824
@calls 0 18825
@calls 0 18826
@calls 0 18827
@calls 0 18828
@calls 0 18829
@calls 0 18830
@calls 0 18831
@calls 0 18832
@calls 0 18833
@calls 0 18834
@calls 0 18835
@calls 0 18836
@calls 0 18837
@calls 0 18838
@calls 0 18839
@calls 0 18840
@calls 0 18841
@calls 0 18842
@calls 0 18843
@calls 0 18844
@calls 0 18845
@calls 0 18846
@calls 0 18847
@calls 0 18848
@calls 0 18849
@calls 0 18850
@calls 0 18851
@calls 0 18852
@calls 0 18853
@calls 0 18854
@calls 0 18855
@calls 0 18856
@calls 0 18857
@calls 0 18858
@calls 0 18859
@calls 0 18860
@calls 0 18861
@calls 0 18862
@calls 0 18863
@calls 0 18864
@calls 0 18865
@calls 0 18866
@calls 0 18867
@calls 0 18868
@calls 0 18869
@calls 0 18870
@calls 0 18871
@calls 0 18872
@calls 0 18873
@calls 0 18874
@calls 0 18875
@calls 0 18876
@calls 0 18877
@calls 0 18878
@calls 0 18879
@calls 0 18880
@calls 0 18881
@calls 0 18882
@calls 0 18883
@calls 0 18884
@calls 0 18885
@calls 0 18886
@calls 0 18887
@calls 0 18888
@calls 0 18889
@calls 0 18890
@calls 0 18891
@calls 0 18892
@calls 0 18893
@calls 0 18894
@calls 0 18895
@calls 0 18896
@calls 0 18897
@calls 0 18898
@calls 0 18899
@calls 0 18900
@calls 0 18901
@calls 0 18902
@calls 0 18903
@calls 0 18904
@calls 0 18905
@calls 0 18906
@calls 0 18907
@calls 0 18908
@calls 0 18909
@calls 0 18910
@calls 0 18911
@calls 0 18912
@calls 0 18913
@calls 0 18914
@calls 0 18915
@calls 0 18916
@calls 0 18917
@calls 0 18918
@calls 0 18919
@calls 0 18920
@calls 0 18921
@calls 0 18922
@calls 0 18923
@calls 0 18924
@calls 0 18925
@calls 0 18926
@calls 0 18927
@calls 0 18928
@calls 0 18929
@calls 0 18930
@calls 0 18931
@calls 0 18932
@calls 0 18933
@calls 0 18934
@calls 0 18935
@calls 0 18936
@calls 0 18937
@calls 0 18938
@calls 0 18939
@calls 0 18940
@calls 0 18941
@calls 0 18942
@calls 0 18943
@calls 0 18944
@calls 0 18945
@calls 0 18946
@calls 0 18947
@calls 0 18948
@calls 0 18949
@calls 0 18950
@calls 0 18951
@calls 0 18952
@calls 0 18953
@calls 0 18954
@calls 0 18955
@calls 0 18956
@calls 0 18957
@calls 0 18958
@calls 0 18959
@calls 0 18960
@calls 0 18961
@calls 0 18962
@calls 0 18963
@calls 0 18964
@calls 0 18965
@calls 0 18966
@calls 0 18967
@calls 0 18968
@calls 0 18969
@calls 0 18970
@calls 0 18971
@calls 0 18972
@calls 0 18973
@calls 0 18974
@calls 0 18975
@calls 0 18976
@calls 0 18977
@calls 0 18978
@calls 0 18979
@calls 0 18980
@calls 0 18981
@calls 0 18982
@calls 0 18983
@calls 0 18984
@calls 0 18985
@calls 0 18986
@calls 0 18987
@calls 0 18988
@calls 0 18989
@calls 0 18990
@calls 0 18991
@calls 0 18992
@calls 0 18993
@calls 0 18994
@calls 0 18995
@calls 0 18996
@calls 0 18997
@calls 0 18998
@calls 0 18999
@calls 0 19000
@calls 0 19001
@calls 0 19002
@calls 0 19003
@calls 0 19004
@calls 0 19005
@calls 0 19006
@calls 0 19007
@calls 0 19008
@calls 0 19009
@calls 0 19010
@calls 0 19011
@calls 0 19012
@calls 0 19013
@calls 0 19014
@calls 0 19015
@calls 0 19016
@calls 0 19017
@calls 0 19018
@calls 0 19019
@calls 0 19020
@calls 0 19021
@calls 0 19022
@calls 0 19023
@calls 0 19024
@calls 0 19025
@calls 0 19026
@calls 0 19027
@calls 0 19028
@calls 0 19029
@calls 0 19030
@calls 0 19031
@calls 0 19032
@calls 0 19033
@calls 0 19034
@calls 0 19035
@calls 0 19036
@calls 0 19037
@calls 0 19038
@calls 0 19039
@calls 0 19040
@calls 0 19041
@calls 0 19042
@calls 0 19043
@calls 0 19044
@calls 0 19045
@calls 0 19046
@calls 0 19047
@calls 0 19048
@calls 0 19049
@calls 0 19050
@calls 0 19051
@calls 0 19052
@calls 0 19053
@calls 0 19054
@calls 0 19055
@calls 0 19056
@calls 0 19057
@calls 0 19058
@calls 0 19059
@calls 0 19060
@calls 0 19061
@calls 0 19062
@calls 0 19063
@calls 0 19064
@calls 0 19065
@calls 0 19066
@calls 0 19067
@calls 0 19068
@calls 0 19069
@calls 0 19070
@calls 0 19071
@calls 0 19072
@calls 0 19073
@calls 0 19074
@calls 0 19075
@calls 0 19076
@calls 0 19077
@calls 0 19078
@calls 0 19079
@calls 0 19080
@calls 0 19081
@calls 0 19082
@calls 0 19083
@calls 0 19084
@calls 0 19085
@calls 0 19086
@calls 0 19087
@calls 0 19088
@calls 0 19089
@calls 0 19090
@calls 0 19091
@calls 0 19092
@calls 0 19093
@calls 0 19094
@calls 0 19095
@calls 0 19096
@calls 0 19097
@calls 0 19098
@calls 0 19099
@calls 0 19100
@calls 0 19101
@calls 0 19102
@calls 0 19103
@calls 0 19104
@calls 0 19105
@calls 0 19106
@calls 0 19107
@calls 0 19108
@calls 0 19109
@calls 0 19110
@calls 0 19111
@calls 0 19112
@calls 0 19113
@calls 0 19114
@calls 0 19115
@calls 0 19116
@calls 0 19117
@calls 0 19118
@calls 0 19119
@calls 0 19120
@calls 0 19121
@calls 0 19122
@calls 0 19123
@calls 0 19124
@calls 0 19125
@calls 0 19126
@calls 0 19127
@calls 0 19128
@calls 0 19129
@calls 0 19130
@calls 0 19131
@calls 0 19132
@calls 0 19133
@calls 0 19134
@calls 0 19135
@calls 0 19136
@calls 0 19137
@calls 0 19138
@calls 0 19139
@calls 0 19140
@calls 0 19141
@calls 0 19142
@calls 0 19143
@calls 0 19144
@calls 0 19145
@calls 0 19146
@calls 0 19147
@calls 0 19148
@calls 0 19149
@calls 0 19150
@calls 0 19151
@calls 0 19152
@calls 0 19153
@calls 0 19154
@calls 0 19155
@calls 0 19156
@calls 0 19157
@calls 0 19158
@calls 0 19159
@calls 0 19160
@calls 0 19161
@calls 0 19162
@calls 0 19163
@calls 0 19164
@calls 0 19165
@calls 0 19166
@calls 0 19167
@calls 0 19168
@calls 0 19169
@calls 0 19170
@calls 0 19171
@calls 0 19172
@calls 0 19173
@calls 0 19174
@calls 0 19175
@calls 0 19176
@calls 0 19177
@calls 0 19178
@calls 0 19179
@calls 0 19180
@calls 0 19181
@calls 0 19182
@calls 0 19183
@calls 0 19184
@calls 0 19185
@calls 0 19186
@calls 0 19187
@calls 0 19188
@calls 0 19189
@calls 0 19190
@calls 0 19191
@calls 0 19192
@calls 0 19193
@calls 0 19194
@calls 0 19195
@calls 0 19196
@calls 0 19197
@calls 0 19198
@calls 0 19199
@calls 0 19200
@calls 0 19201
@calls 0 19202
@calls 0 19203
@calls 0 19204
@calls 0 19205
@calls 0 19206
@calls 0 19207
@calls 0 19208
@calls 0 19209
@calls 0 19210
@calls 0 19211
@calls 0 19212
@calls 0 19213
@calls 0 19214
@calls 0 19215
@calls 0 19216
@calls 0 19217
@calls 0 19218
@calls 0 19219
@calls 0 19220
@calls 0 19221
@calls 0 19222
@calls 0 19223
@calls 0 19224
@calls 0 19225
@calls 0 19226
@calls 0 19227
@calls 0 19228
@calls 0 19229
@calls 0 19230
@calls 0 19231
@calls 0 19232
@calls 0 19233
@calls 0 19234
@calls 0 19235
@calls 0 19236
@calls 0 19237
@calls 0 19238
@calls 0 19239
@calls 0 19240
@calls 0 19241
@calls 0 19242
@calls 0 19243
@calls 0 19244
@calls 0 19245
@calls 0 19246
@calls 0 19247
@calls 0 19248
@calls 0 19249
@calls 0 19250
@calls 0 19251
@calls 0 19252
@calls 0 19253
@calls 0 19254
@calls 0 19255
@calls 0 19256
@calls 0 19257
@calls 0 19258
@calls 0 19259
@calls 0 19260
@calls 0 19261
@calls 0 19262
@calls 0 19263
@calls 0 19264
@calls 0 19265
@calls 0 19266
@calls 0 19267
@calls 0 19268
@calls 0 19269
@calls 0 19270
@calls 0 19271
@calls 0 19272
@calls 0 19273
@calls 0 19274
@calls 0 19275
@calls 0 19276
@calls 0 19277
@calls 0 19278
@calls 0 19279
@calls 0 19280
@calls 0 19281
@calls 0 19282
@calls 0 19283
@calls 0 19284
@calls 0 19285
@calls 0 19286
@calls 0 19287
@calls 0 19288
@calls 0 19289
@calls 0 19290
@calls 0 19291
@calls 0 19292
@calls 0 19293
@calls 0 19294
@calls 0 19295
@calls 0 19296
@calls 0 19297
@calls 0 19298
@calls 0 19299
@calls 0 19300
@calls 0 19301
@calls 0 19302
@calls 0 19303
@calls 0 19304
@calls 0 19305
@calls 0 19306
@calls 0 19307
@calls 0 19308
@calls 0 19309
@calls 0 19310
@calls 0 19311
@calls 0 19312
@calls 0 19313
@calls 0 19314
@calls 0 19315
@calls 0 19316
@calls 0 19317
@calls 0 19318
@calls 0 19319
@calls 0 19320
@calls 0 19321
@calls 0 19322
@calls 0 19323
@calls 0 19324
@calls 0 19325
@calls 0 19326
@calls 0 19327
@calls 0 19328
@calls 0 19329
@calls 0 19330
@calls 0 19331
@calls 0 19332
@calls 0 19333
@calls 0 19334
@calls 0 19335
@calls 0 19336
@calls 0 19337
@calls 0 19338
@calls 0 19339
@calls 0 19340
@calls 0 19341
@calls 0 19342
@calls 0 19343
@calls 0 19344
@calls 0 19345
@calls 0 19346
@calls 0 19347
@calls 0 19348
@calls 0 19349
@calls 0 19350
@calls 0 19351
@calls 0 19352
@calls 0 19353
@calls 0 19354
@calls 0 19355
@calls 0 19356
@calls 0 19357
@calls 0 19358
@calls 0 19359
@calls 0 19360
@calls 0 19361
@calls 0 19362
@calls 0 19363
@calls 0 19364
@calls 0 19365
@calls 0 19366
@calls 0 19367
@calls 0 19368
@calls 0 19369
@calls 0 19370
@calls 0 19371
@calls 0 19372
@calls 0 19373
@calls 0 19374
@calls 0 19375
@calls 0 19376
@calls 0 19377
@calls 0 19378
@calls 0 19379
@calls 0 19380
@calls 0 19381
@calls 0 19382
@calls 0 19383
@calls 0 19384
@calls 0 19385
@calls 0 19386
@calls 0 19387
@calls 0 19388
@calls 0 19389
@calls 0 19390
@calls 0 19391
@calls 0 19392
@calls 0 19393
@calls 0 19394
@calls 0 19395
@calls 0 19396
@calls 0 19397
@calls 0 19398
@calls 0 19399
@calls 0 19400
@calls 0 19401
@calls 0 19402
@calls 0 19403
@calls 0 19404
@calls 0 19405
@calls 0 19406
@calls 0 19407
@calls 0 19408
@calls 0 19409
@calls 0 19410
@calls 0 19411
@calls 0 19412
@calls 0 19413
@calls 0 19414
@calls 0 19415
@calls 0 19416
@calls 0 19417
@calls 0 19418
@calls 0 19419
@calls 0 19420
@calls 0 19421
@calls 0 19422
@calls 0 19423
@calls 0 19424
@calls 0 19425
@calls 0 19426
@calls 0 19427
@calls 0 19428
@calls 0 19429
@calls 0 19430
@calls 0 19431
@calls 0 19432
@calls 0 19433
@calls 0 19434
@calls 0 19435
@calls 0 19436
@calls 0 19437
@calls 0 19438
@calls 0 19439
@calls 0 19440
@calls 0 19441
@calls 0 19442
@calls 0 19443
@calls 0 19444
@calls 0 19445
@calls 0 19446
@calls 0 19447
@calls 0 19448
@calls 0 19449
@calls 0 19450
@calls 0 19451
@calls 0 19452
@calls 0 19453
@calls 0 19454
@calls 0 19455
@calls 0 19456
@calls 0 19457
@calls 0 19458
@calls 0 19459
@calls 0 19460
@calls 0 19461
@calls 0 19462
@calls 0 19463
@calls 0 19464
@calls 0 19465
@calls 0 19466
@calls 0 19467
@calls 0 19468
@calls 0 19469
@calls 0 19470
@calls 0 19471
@calls 0 19472
@calls 0 19473
@calls 0 19474
@calls 0 19475
@calls 0 19476
@calls 0 19477
@calls 0 19478
@calls 0 19479
@calls 0 19480
@calls 0 19481
@calls 0 19482
@calls 0 19483
@calls 0 19484
@calls 0 19485
@calls 0 19486
@calls 0 19487
@calls 0 19488
@calls 0 19489
@calls 0 19490
@calls 0 19491
@calls 0 19492
@calls 0 19493
@calls 0 19494
@calls 0 19495
@calls 0 19496
@calls 0 19497
@calls 0 19498
@calls 0 19499
@calls 0 19500
@calls 0 19501
@calls 0 19502
@calls 0 19503
@calls 0 19504
@calls 0 19505
@calls 0 19506
@calls 0 19507
@calls 0 19508
@calls 0 19509
@calls 0 19510
@calls 0 19511
@calls 0 19512
@calls 0 19513
@calls 0 19514
@calls 0 19515
@calls 0 19516
@calls 0 19517
@calls 0 19518
@calls 0 19519
@calls 0 19520
@calls 0 19521
@calls 0 19522
@calls 0 19523
@calls 0 19524
@calls 0 19525
@calls 0 19526
@calls 0 19527
@calls 0 19528
@calls 0 19529
@calls 0 19530
@calls 0 19531
@calls 0 19532
@calls 0 19533
@calls 0 19534
@calls 0 19535
@calls 0 19536
@calls 0 19537
@calls 0 19538
@calls 0 19539
@calls 0 19540
@calls 0 19541
@calls 0 19542
@calls 0 19543
@calls 0 19544
@calls 0 19545
@calls 0 19546
@calls 0 19547
@calls 0 19548
@calls 0 19549
@calls 0 19550
@calls 0 19551
@calls 0 19552
@calls 0 19553
@calls 0 19554
@calls 0 19555
@calls 0 19556
@calls 0 19557
@calls 0 19558
@calls 0 19559
@calls 0 19560
@calls 0 19561
@calls 0 19562
@calls 0 19563
@calls 0 19564
@calls 0 19565
@calls 0 19566
@calls 0 19567
@calls 0 19568
@calls 0 19569
@calls 0 19570
@calls 0 19571
@calls 0 19572
@calls 0 19573
@calls 0 19574
@calls 0 19575
@calls 0 19576
@calls 0 19577
@calls 0 19578
@calls 0 19579
@calls 0 19580
@calls 0 19581
@calls 0 19582
@calls 0 19583
@calls 0 19584
@calls 0 19585
@calls 0 19586
@calls 0 19587
@calls 0 19588
@calls 0 19589
@calls 0 19590
@calls 0 19591
@calls 0 19592
@calls 0 19593
@calls 0 19594
@calls 0 19595
@calls 0 19596
@calls 0 19597
@calls 0 19598
@calls 0 19599
@calls 0 19600
@calls 0 19601
@calls 0 19602
@calls 0 19603
@calls 0 19604
@calls 0 19605
@calls 0 19606
@calls 0 19607
@calls 0 19608
@calls 0 19609
@calls 0 19610
@calls 0 19611
@calls 0 19612
@calls 0 19613
@calls 0 19614
@calls 0 19615
@calls 0 19616
@calls 0 19617
@calls 0 19618
@calls 0 19619
@calls 0 19620
@calls 0 19621
@calls 0 19622
@calls 0 19623
@calls 0 19624
@calls 0 19625
@calls 0 19626
@calls 0 19627
@calls 0 19628
@calls 0 19629
@calls 0 19630
@calls 0 19631
@calls 0 19632
@calls 0 19633
@calls 0 19634
@calls 0 19635
@calls 0 19636
@calls 0 19637
@calls 0 19638
@calls 0 19639
@calls 0 19640
@calls 0 19641
@calls 0 19642
@calls 0 19643
@calls 0 19644
@calls 0 19645
@calls 0 19646
@calls 0 19647
@calls 0 19648
@calls 0 19649
@calls 0 19650
@calls 0 19651
@calls 0 19652
@calls 0 19653
@calls 0 19654
@calls 0 19655
@calls 0 19656
@calls 0 19657
@calls 0 19658
@calls 0 19659
@calls 0 19660
@calls 0 19661
@calls 0 19662
@calls 0 19663
@calls 0 19664
@calls 0 19665
@calls 0 19666
@calls 0 19667
@calls 0 19668
@calls 0 19669
@calls 0 19670
@calls 0 19671
@calls 0 19672
@calls 0 19673
@calls 0 19674
@calls 0 19675
@calls 0 19676
@calls 0 19677
@calls 0 19678
@calls 0 19679
@calls 0 19680
@calls 0 19681
@calls 0 19682
@calls 0 19683
@calls 0 19684
@calls 0 19685
@calls 0 19686
@calls 0 19687
@calls 0 19688
@calls 0 19689
@calls 0 19690
@calls 0 19691
@calls 0 19692
@calls 0 19693
@calls 0 19694
@calls 0 19695
@calls 0 19696
@calls 0 19697
@calls 0 19698
@calls 0 19699
@calls 0 19700
@calls 0 19701
@calls 0 19702
@calls 0 19703
@calls 0 19704
@calls 0 19705
@calls 0 19706
@calls 0 19707
@calls 0 19708
@calls 0 19709
@calls 0 19710
@calls 0 19711
@calls 0 19712
@calls 0 19713
@calls 0 19714
@calls 0 19715
@calls 0 19716
@calls 0 19717
@calls 0 19718
@calls 0 19719
@calls 0 19720
@calls 0 19721
@calls 0 19722
@calls 0 19723
@calls 0 19724
@calls 0 19725
@calls 0 19726
@calls 0 19727
@calls 0 19728
@calls 0 19729
@calls 0 19730
@calls 0 19731
@calls 0 19732
@calls 0 19733
@calls 0 19734
@calls 0 19735
@calls 0 19736
@calls 0 19737
@calls 0 19738
@calls 0 19739
@calls 0 19740
@calls 0 19741
@calls 0 19742
@calls 0 19743
@calls 0 19744
@calls 0 19745
@calls 0 19746
@calls 0 19747
@calls 0 19748
@calls 0 19749
@calls 0 19750
@calls 0 19751
@calls 0 19752
@calls 0 19753
@calls 0 19754
@calls 0 19755
@calls 0 19756
@calls 0 19757
@calls 0 19758
@calls 0 19759
@calls 0 19760
@calls 0 19761
@calls 0 19762
@calls 0 19763
@calls 0 19764
@calls 0 19765
@calls 0 19766
@calls 0 19767
@calls 0 19768
@calls 0 19769
@calls 0 19770
@calls 0 19771
@calls 0 19772
@calls 0 19773
@calls 0 19774
@calls 0 19775
@calls 0 19776
@calls 0 19777
@calls 0 19778
@calls 0 19779
@calls 0 19780
@calls 0 19781
@calls 0 19782
@calls 0 19783
@calls 0 19784
@calls 0 19785
@calls 0 19786
@calls 0 19787
@calls 0 19788
@calls 0 19789
@calls 0 19790
@calls 0 19791
@calls 0 19792
@calls 0 19793
@calls 0 19794
@calls 0 19795
@calls 0 19796
@calls 0 19797
@calls 0 19798
@calls 0 19799
@calls 0 19800
@calls 0 19801
@calls 0 19802
@calls 0 19803
@calls 0 19804
@calls 0 19805
@calls 0 19806
@calls 0 19807
@calls 0 19808
@calls 0 19809
@calls 0 19810
@calls 0 19811
@calls 0 19812
@calls 0 19813
@calls 0 19814
@calls 0 19815
@calls 0 19816
@calls 0 19817
@calls 0 19818
@calls 0 19819
@calls 0 19820
@calls 0 19821
@calls 0 19822
@calls 0 19823
@calls 0 19824
@calls 0 19825
@calls 0 19826
@calls 0 19827
@calls 0 19828
@calls 0 19829
@calls 0 19830
@calls 0 19831
@calls 0 19832
@calls 0 19833
@calls 0 19834
@calls 0 19835
@calls 0 19836
@calls 0 19837
@calls 0 19838
@calls 0 19839
@calls 0 19840
@calls 0 19841
@calls 0 19842
@calls 0 19843
@calls 0 19844
@calls 0 19845
@calls 0 19846
@calls 0 19847
@calls 0 19848
@calls 0 19849
@calls 0 19850
@calls 0 19851
@calls 0 19852
@calls 0 19853
@calls 0 19854
@calls 0 19855
@calls 0 19856
@calls 0 19857
@calls 0 19858
@calls 0 19859
@calls 0 19860
@calls 0 19861
@calls 0 19862
@calls 0 19863
@calls 0 19864
@calls 0 19865
@calls 0 19866
@calls 0 19867
@calls 0 19868
@calls 0 19869
@calls 0 19870
@calls 0 19871
@calls 0 19872
@calls 0 19873
@calls 0 19874
@calls 0 19875
@calls 0 19876
@calls 0 19877
@calls 0 19878
@calls 0 19879
@calls 0 19880
@calls 0 19881
@calls 0 19882
@calls 0 19883
@calls 0 19884
@calls 0 19885
@calls 0 19886
@calls 0 19887
@calls 0 19888
@calls 0 19889
@calls 0 19890
@calls 0 19891
@calls 0 19892
@calls 0 19893
@calls 0 19894
@calls 0 19895
@calls 0 19896
@calls 0 19897
@calls 0 19898
@calls 0 19899
@calls 0 19900
@calls 0 19901
@calls 0 19902
@calls 0 19903
@calls 0 19904
@calls 0 19905
@calls 0 19906
@calls 0 19907
@calls 0 19908
@calls 0 19909
@calls 0 19910
@calls 0 19911
@calls 0 19912
@calls 0 19913
@calls 0 19914
@calls 0 19915
@calls 0 19916
@calls 0 19917
@calls 0 19918
@calls 0 19919
@calls 0 19920
@calls 0 19921
@calls 0 19922
@calls 0 19923
@calls 0 19924
@calls 0 19925
@calls 0 19926
@calls 0 19927
@calls 0 19928
@calls 0 19929
@calls 0 19930
@calls 0 19931
@calls 0 19932
@calls 0 19933
@calls 0 19934
@calls 0 19935
@calls 0 19936
@calls 0 19937
@calls 0 19938
@calls 0 19939
@calls 0 19940
@calls 0 19941
@calls 0 19942
@calls 0 19943
@calls 0 19944
@calls 0 19945
@calls 0 19946
@calls 0 19947
@calls 0 19948
@calls 0 19949
@calls 0 19950
@calls 0 19951
@calls 0 19952
@calls 0 19953
@calls 0 19954
@calls 0 19955
@calls 0 19956
@calls 0 19957
@calls 0 19958
@calls 0 19959
@calls 0 19960
@calls 0 19961
@calls 0 19962
@calls 0 19963
@calls 0 19964
@calls 0 19965
@calls 0 19966
@calls 0 19967
@calls 0 19968
@calls 0 19969
@calls 0 19970
@calls 0 19971
@calls 0 19972
@calls 0 19973
@calls 0 19974
@calls 0 19975
@calls 0 19976
@calls 0 19977
@calls 0 19978
@calls 0 19979
@calls 0 19980
@calls 0 19981
@calls 0 19982
@calls 0 19983
@calls 0 19984
@calls 0 19985
@calls 0 19986
@calls 0 19987
@calls 0 19988
@calls 0 19989
@calls 0 19990
@calls 0 19991
@calls 0 19992
@calls 0 19993
@calls 0 19994
@calls 0 19995
@calls 0 19996
@calls 0 19997
@calls 0 19998
@calls 0 19999
@calls 0 20000
@calls 0 20001
@calls 0 20002
@calls 0 20003
@calls 0 20004
@calls 0 20005
@calls 0 20006
@calls 0 20007
@calls 0 20008
@calls 0 20009
@calls 0 20010
@calls 0 20011
@calls 0 20012
@calls 0 20013
@calls 0 20014
@calls 0 20015
@calls 0 20016
@calls 0 20017
@calls 0 20018
@calls 0 20019
@calls 0 20020
@calls 0 20021
@calls 0 20022
@calls 0 20023
@calls 0 20024
@calls 0 20025
@calls 0 20026
@calls 0 20027
@calls 0 20028
@calls 0 20029
@calls 0 20030
@calls 0 20031
@calls 0 20032
@calls 0 20033
@calls 0 20034
@calls 0 20035
@calls 0 20036
@calls 0 20037
@calls 0 20038
@calls 0 20039
@calls 0 20040
@calls 0 20041
@calls 0 20042
@calls 0 20043
@calls 0 20044
@calls 0 20045
@calls 0 20046
@calls 0 20047
@calls 0 20048
@calls 0 20049
@calls 0 20050
@calls 0 20051
@calls 0 20052
@calls 0 20053
@calls 0 20054
@calls 0 20055
@calls 0 20056
@calls 0 20057
@calls 0 20058
@calls 0 20059
@calls 0 20060
@calls 0 20061
@calls 0 20062
@calls 0 20063
@calls 0 20064
@calls 0 20065
@calls 0 20066
@calls 0 20067
@calls 0 20068
@calls 0 20069
@calls 0 20070
@calls 0 20071
@calls 0 20072
@calls 0 20073
@calls 0 20074
@calls 0 20075
@calls 0 20076
@calls 0 20077
@calls 0 20078
@calls 0 20079
@calls 0 20080
@calls 0 20081
@calls 0 20082
@calls 0 20083
@calls 0 20084
@calls 0 20085
@calls 0 20086
@calls 0 20087
@calls 0 20088
@calls 0 20089
@calls 0 20090
@calls 0 20091
@calls 0 20092
@calls 0 20093
@calls 0 20094
@calls 0 20095
@calls 0 20096
@calls 0 20097
@calls 0 20098
@calls 0 20099
@calls 0 20100
@calls 0 20101
@calls 0 20102
@calls 0 20103
@calls 0 20104
@calls 0 20105
@calls 0 20106
@calls 0 20107
@calls 0 20108
@calls 0 20109
@calls 0 20110
@calls 0 20111
@calls 0 20112
@calls 0 20113
@calls 0 20114
@calls 0 20115
@calls 0 20116
@calls 0 20117
@calls 0 20118
@calls 0 20119
@calls 0 20120
@calls 0 20121
@calls 0 20122
@calls 0 20123
@calls 0 20124
@calls 0 20125
@calls 0 20126
@calls 0 20127
@calls 0 20128
@calls 0 20129
@calls 0 20130
@calls 0 20131
@calls 0 20132
@calls 0 20133
@calls 0 20134
@calls 0 20135
@calls 0 20136
@calls 0 20137
@calls 0 20138
@calls 0 20139
@calls 0 20140
@calls 0 20141
@calls 0 20142
@calls 0 20143
@calls 0 20144
@calls 0 20145
@calls 0 20146
@calls 0 20147
@calls 0 20148
@calls 0 20149
@calls 0 20150
@calls 0 20151
@calls 0 20152
@calls 0 20153
@calls 0 20154
@calls 0 20155
@calls 0 20156
@calls 0 20157
@calls 0 20158
@calls 0 20159
@calls 0 20160
@calls 0 20161
@calls 0 20162
@calls 0 20163
@calls 0 20164
@calls 0 20165
@calls 0 20166
@calls 0 20167
@calls 0 20168
@calls 0 20169
@calls 0 20170
@calls 0 20171
@calls 0 20172
@calls 0 20173
@calls 0 20174
@calls 0 20175
@calls 0 20176
@calls 0 20177
@calls 0 20178
@calls 0 20179
@calls 0 20180
@calls 0 20181
@calls 0 20182
@calls 0 20183
@calls 0 20184
@calls 0 20185
@calls 0 20186
@calls 0 20187
@calls 0 20188
@calls 0 20189
@calls 0 20190
@calls 0 20191
@calls 0 20192
@calls 0 20193
@calls 0 20194
@calls 0 20195
@calls 0 20196
@calls 0 20197
@calls 0 20198
@calls 0 20199
@calls 0 20200
@calls 0 20201
@calls 0 20202
@calls 0 20203
@calls 0 20204
@calls 0 20205
@calls 0 20206
@calls 0 20207
@calls 0 20208
@calls 0 20209
@calls 0 20210
@calls 0 20211
@calls 0 20212
@calls 0 20213
@calls 0 20214
@calls 0 20215
@calls 0 20216
@calls 0 20217
@calls 0 20218
@calls 0 20219
@calls 0 20220
@calls 0 20221
@calls 0 20222
@calls 0 20223
@calls 0 20224
@calls 0 20225
@calls 0 20226
@calls 0 20227
@calls 0 20228
@calls 0 20229
@calls 0 20230
@calls 0 20231
@calls 0 20232
@calls 0 20233
@calls 0 20234
@calls 0 20235
@calls 0 20236
@calls 0 20237
@calls 0 20238
@calls 0 20239
@calls 0 20240
@calls 0 20241
@calls 0 20242
@calls 0 20243
@calls 0 20244
@calls 0 20245
@calls 0 20246
@calls 0 20247
@calls 0 20248
@calls 0 20249
@calls 0 20250
@calls 0 20251
@calls 0 20252
@calls 0 20253
@calls 0 20254
@calls 0 20255
@calls 0 20256
@calls 0 20257
@calls 0 20258
@calls 0 20259
@calls 0 20260
@calls 0 20261
@calls 0 20262
@calls 0 20263
@calls 0 20264
@calls 0 20265
@calls 0 20266
@calls 0 20267
@calls 0 20268
@calls 0 20269
@calls 0 20270
@calls 0 20271
@calls 0 20272
@calls 0 20273
@calls 0 20274
@calls 0 20275
@calls 0 20276
@calls 0 20277
@calls 0 20278
@calls 0 20279
@calls 0 20280
@calls 0 20281
@calls 0 20282
@calls 0 20283
@calls 0 20284
@calls 0 20285
@calls 0 20286
@calls 0 20287
@calls 0 20288
@calls 0 20289
@calls 0 20290
@calls 0 20291
@calls 0 20292
@calls 0 20293
@calls 0 20294
@calls 0 20295
@calls 0 20296
@calls 0 20297
@calls 0 20298
@calls 0 20299
@calls 0 20300
@calls 0 20301
@calls 0 20302
@calls 0 20303
@calls 0 20304
@calls 0 20305
@calls 0 20306
@calls 0 20307
@calls 0 20308
@calls 0 20309
@calls 0 20310
@calls 0 20311
@calls 0 20312
@calls 0 20313
@calls 0 20314
@calls 0 20315
@calls 0 20316
@calls 0 20317
@calls 0 20318
@calls 0 20319
@calls 0 20320
@calls 0 20321
@calls 0 20322
@calls 0 20323
@calls 0 20324
@calls 0 20325
@calls 0 20326
@calls 0 20327
@calls 0 20328
@calls 0 20329
@calls 0 20330
@calls 0 20331
@calls 0 20332
@calls 0 20333
@calls 0 20334
@calls 0 20335
@calls 0 20336
@calls 0 20337
@calls 0 20338
@calls 0 20339
@calls 0 20340
@calls 0 20341
@calls 0 20342
@calls 0 20343
@calls 0 20344
@calls 0 20345
@calls 0 20346
@calls 0 20347
@calls 0 20348
@calls 0 20349
@calls 0 20350
@calls 0 20351
@calls 0 20352
@calls 0 20353
@calls 0 20354
@calls 0 20355
@calls 0 20356
@calls 0 20357
@calls 0 20358
@calls 0 20359
@calls 0 20360
@calls 0 20361
@calls 0 20362
@calls 0 20363
@calls 0 20364
@calls 0 20365
@calls 0 20366
@calls 0 20367
@calls 0 20368
@calls 0 20369
@calls 0 20370
@calls 0 20371
@calls 0 20372
@calls 0 20373
@calls 0 20374
@calls 0 20375
@calls 0 20376
@calls 0 20377
@calls 0 20378
@calls 0 20379
@calls 0 20380
@calls 0 20381
@calls 0 20382
@calls 0 20383
@calls 0 20384
@calls 0 20385
@calls 0 20386
@calls 0 20387
@calls 0 20388
@calls 0 20389
@calls 0 20390
@calls 0 20391
@calls 0 20392
@calls 0 20393
@calls 0 20394
@calls 0 20395
@calls 0 20396
@calls 0 20397
@calls 0 20398
@calls 0 20399
@calls 0 20400
@calls 0 20401
@calls 0 20402
@calls 0 20403
@calls 0 20404
@calls 0 20405
@calls 0 20406
@calls 0 20407
@calls 0 20408
@calls 0 20409
@calls 0 20410
@calls 0 20411
@calls 0 20412
@calls 0 20413
@calls 0 20414
@calls 0 20415
@calls 0 20416
@calls 0 20417
@calls 0 20418
@calls 0 20419
@calls 0 20420
@calls 0 20421
@calls 0 20422
@calls 0 20423
@calls 0 20424
@calls 0 20425
@calls 0 20426
@calls 0 20427
@calls 0 20428
@calls 0 20429
@calls 0 20430
@calls 0 20431
@calls 0 20432
@calls 0 20433
@calls 0 20434
@calls 0 20435
@calls 0 20436
@calls 0 20437
@calls 0 20438
@calls 0 20439
@calls 0 20440
@calls 0 20441
@calls 0 20442
@calls 0 20443
@calls 0 20444
@calls 0 20445
@calls 0 20446
@calls 0 20447
@calls 0 20448
@calls 0 20449
@calls 0 20450
@calls 0 20451
@calls 0 20452
@calls 0 20453
@calls 0 20454
@calls 0 20455
@calls 0 20456
@calls 0 20457
@calls 0 20458
@calls 0 20459
@calls 0 20460
@calls 0 20461
@calls 0 20462
@calls 0 20463
@calls 0 20464
@calls 0 20465
@calls 0 20466
@calls 0 20467
@calls 0 20468
@calls 0 20469
@calls 0 20470
@calls 0 20471
@calls 0 20472
@calls 0 20473
@calls 0 20474
@calls 0 20475
@calls 0 20476
@calls 0 20477
@calls 0 20478
@calls 0 20479
@calls 0 20480
@calls 0 20481
@calls 0 20482
@calls 0 20483
@calls 0 20484
@calls 0 20485
@calls 0 20486
@calls 0 20487
@calls 0 20488
@calls 0 20489
@calls 0 20490
@calls 0 20491
@calls 0 20492
@calls 0 20493
@calls 0 20494
@calls 0 20495
@calls 0 20496
@calls 0 20497
@calls 0 20498
@calls 0 20499
@calls 0 20500
@calls 0 20501
@calls 0 20502
@calls 0 20503
@calls 0 20504
@calls 0 20505
@calls 0 20506
@calls 0 20507
@calls 0 20508
@calls 0 20509
@calls 0 20510
@calls 0 20511
@calls 0 20512
@calls 0 20513
@calls 0 20514
@calls 0 20515
@calls 0 20516
@calls 0 20517
@calls 0 20518
@calls 0 20519
@calls 0 20520
@calls 0 20521
@calls 0 20522
@calls 0 20523
@calls 0 20524
@calls 0 20525
@calls 0 20526
@calls 0 20527
@calls 0 20528
@calls 0 20529
@calls 0 20530
@calls 0 20531
@calls 0 20532
@calls 0 20533
@calls 0 20534
@calls 0 20535
@calls 0 20536
@calls 0 20537
@calls 0 20538
@calls 0 20539
@calls 0 20540
@calls 0 20541
@calls 0 20542
@calls 0 20543
@calls 0 20544
@calls 0 20545
@calls 0 20546
@calls 0 20547
@calls 0 20548
@calls 0 20549
@calls 0 20550
@calls 0 20551
@calls 0 20552
@calls 0 20553
@calls 0 20554
@calls 0 20555
@calls 0 20556
@calls 0 20557
@calls 0 20558
@calls 0 20559
@calls 0 20560
@calls 0 20561
@calls 0 20562
@calls 0 20563
@calls 0 20564
@calls 0 20565
@calls 0 20566
@calls 0 20567
@calls 0 20568
@calls 0 20569
@calls 0 20570
@calls 0 20571
@calls 0 20572
@calls 0 20573
@calls 0 20574
@calls 0 20575
@calls 0 20576
@calls 0 20577
@calls 0 20578
@calls 0 20579
@calls 0 20580
@calls 0 20581
@calls 0 20582
@calls 0 20583
@calls 0 20584
@calls 0 20585
@calls 0 20586
@calls 0 20587
@calls 0 20588
@calls 0 20589
@calls 0 20590
@calls 0 20591
@calls 0 20592
@calls 0 20593
@calls 0 20594
@calls 0 20595
@calls 0 20596
@calls 0 20597
@calls 0 20598
@calls 0 20599
@calls 0 20600
@calls 0 20601
@calls 0 20602
@calls 0 20603
@calls 0 20604
@calls 0 20605
@calls 0 20606
@calls 0 20607
@calls 0 20608
@calls 0 20609
@calls 0 20610
@calls 0 20611
@calls 0 20612
@calls 0 20613
@calls 0 20614
@calls 0 20615
@calls 0 20616
@calls 0 20617
@calls 0 20618
@calls 0 20619
@calls 0 20620
@calls 0 20621
@calls 0 20622
@calls 0 20623
@calls 0 20624
@calls 0 20625
@calls 0 20626
@calls 0 20627
@calls 0 20628
@calls 0 20629
@calls 0 20630
@calls 0 20631
@calls 0 20632
@calls 0 20633
@calls 0 20634
@calls 0 20635
@calls 0 20636
@calls 0 20637
@calls 0 20638
@calls 0 20639
@calls 0 20640
@calls 0 20641
@calls 0 20642
@calls 0 20643
@calls 0 20644
@calls 0 20645
@calls 0 20646
@calls 0 20647
@calls 0 20648
@calls 0 20649
@calls 0 20650
@calls 0 20651
@calls 0 20652
@calls 0 20653
@calls 0 20654
@calls 0 20655
@calls 0 20656
@calls 0 20657
@calls 0 20658
@calls 0 20659
@calls 0 20660
@calls 0 20661
@calls 0 20662
@calls 0 20663
@calls 0 20664
@calls 0 20665
@calls 0 20666
@calls 0 20667
@calls 0 20668
@calls 0 20669
@calls 0 20670
@calls 0 20671
@calls 0 20672
@calls 0 20673
@calls 0 20674
@calls 0 20675
@calls 0 20676
@calls 0 20677
@calls 0 20678
@calls 0 20679
@calls 0 20680
@calls 0 20681
@calls 0 20682
@calls 0 20683
@calls 0 20684
@calls 0 20685
@calls 0 20686
@calls 0 20687
@calls 0 20688
@calls 0 20689
@calls 0 20690
@calls 0 20691
@calls 0 20692
@calls 0 20693
@calls 0 20694
@calls 0 20695
@calls 0 20696
@calls 0 20697
@calls 0 20698
@calls 0 20699
@calls 0 20700
@calls 0 20701
@calls 0 20702
@calls 0 20703
@calls 0 20704
@calls 0 20705
@calls 0 20706
@calls 0 20707
@calls 0 20708
@calls 0 20709
@calls 0 20710
@calls 0 20711
@calls 0 20712
@calls 0 20713
@calls 0 20714
@calls 0 20715
@calls 0 20716
@calls 0 20717
@calls 0 20718
@calls 0 20719
@calls 0 20720
@calls 0 20721
@calls 0 20722
@calls 0 20723
@calls 0 20724
@calls 0 20725
@calls 0 20726
@calls 0 20727
@calls 0 20728
@calls 0 20729
@calls 0 20730
@calls 0 20731
@calls 0 20732
@calls 0 20733
@calls 0 20734
@calls 0 20735
@calls 0 20736
@calls 0 20737
@calls 0 20738
@calls 0 20739
@calls 0 20740
@calls 0 20741
@calls 0 20742
@calls 0 20743
@calls 0 20744
@calls 0 20745
@calls 0 20746
@calls 0 20747
@calls 0 20748
@calls 0 20749
@calls 0 20750
@calls 0 20751
@calls 0 20752
@calls 0 20753
@calls 0 20754
@calls 0 20755
@calls 0 20756
@calls 0 20757
@calls 0 20758
@calls 0 20759
@calls 0 20760
@calls 0 20761
@calls 0 20762
@calls 0 20763
@calls 0 20764
@calls 0 20765
@calls 0 20766
@calls 0 20767
@calls 0 20768
@calls 0 20769
@calls 0 20770
@calls 0 20771
@calls 0 20772
@calls 0 20773
@calls 0 20774
@calls 0 20775
@calls 0 20776
@calls 0 20777
@calls 0 20778
@calls 0 20779
@calls 0 20780
@calls 0 20781
@calls 0 20782
@calls 0 20783
@calls 0 20784
@calls 0 20785
@calls 0 20786
@calls 0 20787
@calls 0 20788
@calls 0 20789
@calls 0 20790
@calls 0 20791
@calls 0 20792
@calls 0 20793
@calls 0 20794
@calls 0 20795
@calls 0 20796
@calls 0 20797
@calls 0 20798
@calls 0 20799
@calls 0 20800
@calls 0 20801
@calls 0 20802
@calls 0 20803
@calls 0 20804
@calls 0 20805
@calls 0 20806
@calls 0 20807
@calls 0 20808
@calls 0 20809
@calls 0 20810
@calls 0 20811
@calls 0 20812
@calls 0 20813
@calls 0 20814
@calls 0 20815
@calls 0 20816
@calls 0 20817
@calls 0 20818
@calls 0 20819
@calls 0 20820
@calls 0 20821
@calls 0 20822
@calls 0 20823
@calls 0 20824
@calls 0 20825
@calls 0 20826
@calls 0 20827
@calls 0 20828
@calls 0 20829
@calls 0 20830
@calls 0 20831
@calls 0 20832
@calls 0 20833
@calls 0 20834
@calls 0 20835
@calls 0 20836
@calls 0 20837
@calls 0 20838
@calls 0 20839
@calls 0 20840
@calls 0 20841
@calls 0 20842
@calls 0 20843
@calls 0 20844
@calls 0 20845
@calls 0 20846
@calls 0 20847
@calls 0 20848
@calls 0 20849
@calls 0 20850
@calls 0 20851
@calls 0 20852
@calls 0 20853
@calls 0 20854
@calls 0 20855
@calls 0 20856
@calls 0 20857
@calls 0 20858
@calls 0 20859
@calls 0 20860
@calls 0 20861
@calls 0 20862
@calls 0 20863
@calls 0 20864
@calls 0 20865
@calls 0 20866
@calls 0 20867
@calls 0 20868
@calls 0 20869
@calls 0 20870
@calls 0 20871
@calls 0 20872
@calls 0 20873
@calls 0 20874
@calls 0 20875
@calls 0 20876
@calls 0 20877
@calls 0 20878
@calls 0 20879
@calls 0 20880
@calls 0 20881
@calls 0 20882
@calls 0 20883
@calls 0 20884
@calls 0 20885
@calls 0 20886
@calls 0 20887
@calls 0 20888
@calls 0 20889
@calls 0 20890
@calls 0 20891
@calls 0 20892
@calls 0 20893
@calls 0 20894
@calls 0 20895
@calls 0 20896
@calls 0 20897
@calls 0 20898
@calls 0 20899
@calls 0 20900
@calls 0 20901
@calls 0 20902
@calls 0 20903
@calls 0 20904
@calls 0 20905
@calls 0 20906
@calls 0 20907
@calls 0 20908
@calls 0 20909
@calls 0 20910
@calls 0 20911
@calls 0 20912
@calls 0 20913
@calls 0 20914
@calls 0 20915
@calls 0 20916
@calls 0 20917
@calls 0 20918
@calls 0 20919
@calls 0 20920
@calls 0 20921
@calls 0 20922
@calls 0 20923
@calls 0 20924
@calls 0 20925
@calls 0 20926
@calls 0 20927
@calls 0 20928
@calls 0 20929
@calls 0 20930
@calls 0 20931
@calls 0 20932
@calls 0 20933
@calls 0 20934
@calls 0 20935
@calls 0 20936
@calls 0 20937
@calls 0 20938
@calls 0 20939
@calls 0 20940
@calls 0 20941
@calls 0 20942
@calls 0 20943
@calls 0 20944
@calls 0 20945
@calls 0 20946
@calls 0 20947
@calls 0 20948
@calls 0 20949
@calls 0 20950
@calls 0 20951
@calls 0 20952
@calls 0 20953
@calls 0 20954
@calls 0 20955
@calls 0 20956
@calls 0 20957
@calls 0 20958
@calls 0 20959
@calls 0 20960
@calls 0 20961
@calls 0 20962
@calls 0 20963
@calls 0 20964
@calls 0 20965
@calls 0 20966
@calls 0 20967
@calls 0 20968
@calls 0 20969
@calls 0 20970
@calls 0 20971
@calls 0 20972
@calls 0 20973
@calls 0 20974
@calls 0 20975
@calls 0 20976
@calls 0 20977
@calls 0 20978
@calls 0 20979
@calls 0 20980
@calls 0 20981
@calls 0 20982
@calls 0 20983
@calls 0 20984
@calls 0 20985
@calls 0 20986
@calls 0 20987
@calls 0 20988
@calls 0 20989
@calls 0 20990
@calls 0 20991
@calls 0 20992
@calls 0 20993
@calls 0 20994
@calls 0 20995
@calls 0 20996
@calls 0 20997
@calls 0 20998
@calls 0 20999
@calls 0 21000
@calls 0 21001
@calls 0 21002
@calls 0 21003
@calls 0 21004
@calls 0 21005
@calls 0 21006
@calls 0 21007
@calls 0 21008
@calls 0 21009
@calls 0 21010
@calls 0 21011
@calls 0 21012
@calls 0 21013
@calls 0 21014
@calls 0 21015
@calls 0 21016
@calls 0 21017
@calls 0 21018
@calls 0 21019
@calls 0 21020
@calls 0 21021
@calls 0 21022
@calls 0 21023
@calls 0 21024
@calls 0 21025
@calls 0 21026
@calls 0 21027
@calls 0 21028
@calls 0 21029
@calls 0 21030
@calls 0 21031
@calls 0 21032
@calls 0 21033
@calls 0 21034
@calls 0 21035
@calls 0 21036
@calls 0 21037
@calls 0 21038
@calls 0 21039
@calls 0 21040
@calls 0 21041
@calls 0 21042
@calls 0 21043
@calls 0 21044
@calls 0 21045
@calls 0 21046
@calls 0 21047
@calls 0 21048
@calls 0 21049
@calls 0 21050
@calls 0 21051
@calls 0 21052
@calls 0 21053
@calls 0 21054
@calls 0 21055
@calls 0 21056
@calls 0 21057
@calls 0 21058
@calls 0 21059
@calls 0 21060
@calls 0 21061
@calls 0 21062
@calls 0 21063
@calls 0 21064
@calls 0 21065
@calls 0 21066
@calls 0 21067
@calls 0 21068
@calls 0 21069
@calls 0 21070
@calls 0 21071
@calls 0 21072
@calls 0 21073
@calls 0 21074
@calls 0 21075
@calls 0 21076
@calls 0 21077
@calls 0 21078
@calls 0 21079
@calls 0 21080
@calls 0 21081
@calls 0 21082
@calls 0 21083
@calls 0 21084
@calls 0 21085
@calls 0 21086
@calls 0 21087
@calls 0 21088
@calls 0 21089
@calls 0 21090
@calls 0 21091
@calls 0 21092
@calls 0 21093
@calls 0 21094
@calls 0 21095
@calls 0 21096
@calls 0 21097
@calls 0 21098
@calls 0 21099
@calls 0 21100
@calls 0 21101
@calls 0 21102
@calls 0 21103
@calls 0 21104
@calls 0 21105
@calls 0 21106
@calls 0 21107
@calls 0 21108
@calls 0 21109
@calls 0 21110
@calls 0 21111
@calls 0 21112
@calls 0 21113
@calls 0 21114
@calls 0 21115
@calls 0 21116
@calls 0 21117
@calls 0 21118
@calls 0 21119
@calls 0 21120
@calls 0 21121
@calls 0 21122
@calls 0 21123
@calls 0 21124
@calls 0 21125
@calls 0 21126
@calls 0 21127
@calls 0 21128
@calls 0 21129
@calls 0 21130
@calls 0 21131
@calls 0 21132
@calls 0 21133
@calls 0 21134
@calls 0 21135
@calls 0 21136
@calls 0 21137
@calls 0 21138
@calls 0 21139
@calls 0 21140
@calls 0 21141
@calls 0 21142
@calls 0 21143
@calls 0 21144
@calls 0 21145
@calls 0 21146
@calls 0 21147
@calls 0 21148
@calls 0 21149
@calls 0 21150
@calls 0 21151
@calls 0 21152
@calls 0 21153
@calls 0 21154
@calls 0 21155
@calls 0 21156
@calls 0 21157
@calls 0 21158
@calls 0 21159
@calls 0 21160
@calls 0 21161
@calls 0 21162
@calls 0 21163
@calls 0 21164
@calls 0 21165
@calls 0 21166
@calls 0 21167
@calls 0 21168
@calls 0 21169
@calls 0 21170
@calls 0 21171
@calls 0 21172
@calls 0 21173
@calls 0 21174
@calls 0 21175
@calls 0 21176
@calls 0 21177
@calls 0 21178
@calls 0 21179
@calls 0 21180
@calls 0 21181
@calls 0 21182
@calls 0 21183
@calls 0 21184
@calls 0 21185
@calls 0 21186
@calls 0 21187
@calls 0 21188
@calls 0 21189
@calls 0 21190
@calls 0 21191
@calls 0 21192
@calls 0 21193
@calls 0 21194
@calls 0 21195
@calls 0 21196
@calls 0 21197
@calls 0 21198
@calls 0 21199
@calls 0 21200
@calls 0 21201
@calls 0 21202
@calls 0 21203
@calls 0 21204
@calls 0 21205
@calls 0 21206
@calls 0 21207
@calls 0 21208
@calls 0 21209
@calls 0 21210
@calls 0 21211
@calls 0 21212
@calls 0 21213
@calls 0 21214
@calls 0 21215
@calls 0 21216
@calls 0 21217
@calls 0 21218
@calls 0 21219
@calls 0 21220
@calls 0 21221
@calls 0 21222
@calls 0 21223
@calls 0 21224
@calls 0 21225
@calls 0 21226
@calls 0 21227
@calls 0 21228
@calls 0 21229
@calls 0 21230
@calls 0 21231
@calls 0 21232
@calls 0 21233
@calls 0 21234
@calls 0 21235
@calls 0 21236
@calls 0 21237
@calls 0 21238
@calls 0 21239
@calls 0 21240
@calls 0 21241
@calls 0 21242
@calls 0 21243
@calls 0 21244
@calls 0 21245
@calls 0 21246
@calls 0 21247
@calls 0 21248
@calls 0 21249
@calls 0 21250
@calls 0 21251
@calls 0 21252
@calls 0 21253
@calls 0 21254
@calls 0 21255
@calls 0 21256
@calls 0 21257
@calls 0 21258
@calls 0 21259
@calls 0 21260
@calls 0 21261
@calls 0 21262
@calls 0 21263
@calls 0 21264
@calls 0 21265
@calls 0 21266
@calls 0 21267
@calls 0 21268
@calls 0 21269
@calls 0 21270
@calls 0 21271
@calls 0 21272
@calls 0 21273
@calls 0 21274
@calls 0 21275
@calls 0 21276
@calls 0 21277
@calls 0 21278
@calls 0 21279
@calls 0 21280
@calls 0 21281
@calls 0 21282
@calls 0 21283
@calls 0 21284
@calls 0 21285
@calls 0 21286
@calls 0 21287
@calls 0 21288
@calls 0 21289
@calls 0 21290
@calls 0 21291
@calls 0 21292
@calls 0 21293
@calls 0 21294
@calls 0 21295
@calls 0 21296
@calls 0 21297
@calls 0 21298
@calls 0 21299
@calls 0 21300
@calls 0 21301
@calls 0 21302
@calls 0 21303
@calls 0 21304
@calls 0 21305
@calls 0 21306
@calls 0 21307
@calls 0 21308
@calls 0 21309
@calls 0 21310
@calls 0 21311
@calls 0 21312
@calls 0 21313
@calls 0 21314
@calls 0 21315
@calls 0 21316
@calls 0 21317
@calls 0 21318
@calls 0 21319
@calls 0 21320
@calls 0 21321
@calls 0 21322
@calls 0 21323
@calls 0 21324
@calls 0 21325
@calls 0 21326
@calls 0 21327
@calls 0 21328
@calls 0 21329
@calls 0 21330
@calls 0 21331
@calls 0 21332
@calls 0 21333
@calls 0 21334
@calls 0 21335
@calls 0 21336
@calls 0 21337
@calls 0 21338
@calls 0 21339
@calls 0 21340
@calls 0 21341
@calls 0 21342
@calls 0 21343
@calls 0 21344
@calls 0 21345
@calls 0 21346
@calls 0 21347
@calls 0 21348
@calls 0 21349
@calls 0 21350
@calls 0 21351
@calls 0 21352
@calls 0 21353
@calls 0 21354
@calls 0 21355
@calls 0 21356
@calls 0 21357
@calls 0 21358
@calls 0 21359
@calls 0 21360
@calls 0 21361
@calls 0 21362
@calls 0 21363
@calls 0 21364
@calls 0 21365
@calls 0 21366
@calls 0 21367
@calls 0 21368
@calls 0 21369
@calls 0 21370
@calls 0 21371
@calls 0 21372
@calls 0 21373
@calls 0 21374
@calls 0 21375
@calls 0 21376
@calls 0 21377
@calls 0 21378
@calls 0 21379
@calls 0 21380
@calls 0 21381
@calls 0 21382
@calls 0 21383
@calls 0 21384
@calls 0 21385
@calls 0 21386
@calls 0 21387
@calls 0 21388
@calls 0 21389
@calls 0 21390
@calls 0 21391
@calls 0 21392
@calls 0 21393
@calls 0 21394
@calls 0 21395
@calls 0 21396
@calls 0 21397
@calls 0 21398
@calls 0 21399
@calls 0 21400
@calls 0 21401
@calls 0 21402
@calls 0 21403
@calls 0 21404
@calls 0 21405
@calls 0 21406
@calls 0 21407
@calls 0 21408
@calls 0 21409
@calls 0 21410
@calls 0 21411
@calls 0 21412
@calls 0 21413
@calls 0 21414
@calls 0 21415
@calls 0 21416
@calls 0 21417
@calls 0 21418
@calls 0 21419
@calls 0 21420
@calls 0 21421
@calls 0 21422
@calls 0 21423
@calls 0 21424
@calls 0 21425
@calls 0 21426
@calls 0 21427
@calls 0 21428
@calls 0 21429
@calls 0 21430
@calls 0 21431
@calls 0 21432
@calls 0 21433
@calls 0 21434
@calls 0 21435
@calls 0 21436
@calls 0 21437
@calls 0 21438
@calls 0 21439
@calls 0 21440
@calls 0 21441
@calls 0 21442
@calls 0 21443
@calls 0 21444
@calls 0 21445
@calls 0 21446
@calls 0 21447
@calls 0 21448
@calls 0 21449
@calls 0 21450
@calls 0 21451
@calls 0 21452
@calls 0 21453
@calls 0 21454
@calls 0 21455
@calls 0 21456
@calls 0 21457
@calls 0 21458
@calls 0 21459
@calls 0 21460
@calls 0 21461
@calls 0 21462
@calls 0 21463
@calls 0 21464
@calls 0 21465
@calls 0 21466
@calls 0 21467
@calls 0 21468
@calls 0 21469
@calls 0 21470
@calls 0 21471
@calls 0 21472
@calls 0 21473
@calls 0 21474
@calls 0 21475
@calls 0 21476
@calls 0 21477
@calls 0 21478
@calls 0 21479
@calls 0 21480
@calls 0 21481
@calls 0 21482
@calls 0 21483
@calls 0 21484
@calls 0 21485
@calls 0 21486
@calls 0 21487
@calls 0 21488
@calls 0 21489
@calls 0 21490
@calls 0 21491
@calls 0 21492
@calls 0 21493
@calls 0 21494
@calls 0 21495
@calls 0 21496
@calls 0 21497
@calls 0 21498
@calls 0 21499
@calls 0 21500
@calls 0 21501
@calls 0 21502
@calls 0 21503
@calls 0 21504
@calls 0 21505
@calls 0 21506
@calls 0 21507
@calls 0 21508
@calls 0 21509
@calls 0 21510
@calls 0 21511
@calls 0 21512
@calls 0 21513
@calls 0 21514
@calls 0 21515
@calls 0 21516
@calls 0 21517
@calls 0 21518
@calls 0 21519
@calls 0 21520
@calls 0 21521
@calls 0 21522
@calls 0 21523
@calls 0 21524
@calls 0 21525
@calls 0 21526
@calls 0 21527
@calls 0 21528
@calls 0 21529
@calls 0 21530
@calls 0 21531
@calls 0 21532
@calls 0 21533
@calls 0 21534
@calls 0 21535
@calls 0 21536
@calls 0 21537
@calls 0 21538
@calls 0 21539
@calls 0 21540
@calls 0 21541
@calls 0 21542
@calls 0 21543
@calls 0 21544
@calls 0 21545
@calls 0 21546
@calls 0 21547
@calls 0 21548
@calls 0 21549
@calls 0 21550
@calls 0 21551
@calls 0 21552
@calls 0 21553
@calls 0 21554
@calls 0 21555
@calls 0 21556
@calls 0 21557
@calls 0 21558
@calls 0 21559
@calls 0 21560
@calls 0 21561
@calls 0 21562
@calls 0 21563
@calls 0 21564
@calls 0 21565
@calls 0 21566
@calls 0 21567
@calls 0 21568
@calls 0 21569
@calls 0 21570
@calls 0 21571
@calls 0 21572
@calls 0 21573
@calls 0 21574
@calls 0 21575
@calls 0 21576
@calls 0 21577
@calls 0 21578
@calls 0 21579
@calls 0 21580
@calls 0 21581
@calls 0 21582
@calls 0 21583
@calls 0 21584
@calls 0 21585
@calls 0 21586
@calls 0 21587
@calls 0 21588
@calls 0 21589
@calls 0 21590
@calls 0 21591
@calls 0 21592
@calls 0 21593
@calls 0 21594
@calls 0 21595
@calls 0 21596
@calls 0 21597
@calls 0 21598
@calls 0 21599
@calls 0 21600
@calls 0 21601
@calls 0 21602
@calls 0 21603
@calls 0 21604
@calls 0 21605
@calls 0 21606
@calls 0 21607
@calls 0 21608
@calls 0 21609
@calls 0 21610
@calls 0 21611
@calls 0 21612
@calls 0 21613
@calls 0 21614
@calls 0 21615
@calls 0 21616
@calls 0 21617
@calls 0 21618
@calls 0 21619
@calls 0 21620
@calls 0 21621
@calls 0 21622
@calls 0 21623
@calls 0 21624
@calls 0 21625
@calls 0 21626
@calls 0 21627
@calls 0 21628
@calls 0 21629
@calls 0 21630
@calls 0 21631
@calls 0 21632
@calls 0 21633
@calls 0 21634
@calls 0 21635
@calls 0 21636
@calls 0 21637
@calls 0 21638
@calls 0 21639
@calls 0 21640
@calls 0 21641
@calls 0 21642
@calls 0 21643
@calls 0 21644
@calls 0 21645
@calls 0 21646
@calls 0 21647
@calls 0 21648
@calls 0 21649
@calls 0 21650
@calls 0 21651
@calls 0 21652
@calls 0 21653
@calls 0 21654
@calls 0 21655
@calls 0 21656
@calls 0 21657
@calls 0 21658
@calls 0 21659
@calls 0 21660
@calls 0 21661
@calls 0 21662
@calls 0 21663
@calls 0 21664
@calls 0 21665
@calls 0 21666
@calls 0 21667
@calls 0 21668
@calls 0 21669
@calls 0 21670
@calls 0 21671
@calls 0 21672
@calls 0 21673
@calls 0 21674
@calls 0 21675
@calls 0 21676
@calls 0 21677
@calls 0 21678
@calls 0 21679
@calls 0 21680
@calls 0 21681
@calls 0 21682
@calls 0 21683
@calls 0 21684
@calls 0 21685
@calls 0 21686
@calls 0 21687
@calls 0 21688
@calls 0 21689
@calls 0 21690
@calls 0 21691
@calls 0 21692
@calls 0 21693
@calls 0 21694
@calls 0 21695
@calls 0 21696
@calls 0 21697
@calls 0 21698
@calls 0 21699
@calls 0 21700
@calls 0 21701
@calls 0 21702
@calls 0 21703
@calls 0 21704
@calls 0 21705
@calls 0 21706
@calls 0 21707
@calls 0 21708
@calls 0 21709
@calls 0 21710
@calls 0 21711
@calls 0 21712
@calls 0 21713
@calls 0 21714
@calls 0 21715
@calls 0 21716
@calls 0 21717
@calls 0 21718
@calls 0 21719
@calls 0 21720
@calls 0 21721
@calls 0 21722
@calls 0 21723
@calls 0 21724
@calls 0 21725
@calls 0 21726
@calls 0 21727
@calls 0 21728
@calls 0 21729
@calls 0 21730
@calls 0 21731
@calls 0 21732
@calls 0 21733
@calls 0 21734
@calls 0 21735
@calls 0 21736
@calls 0 21737
@calls 0 21738
@calls 0 21739
@calls 0 21740
@calls 0 21741
@calls 0 21742
@calls 0 21743
@calls 0 21744
@calls 0 21745
@calls 0 21746
@calls 0 21747
@calls 0 21748
@calls 0 21749
@calls 0 21750
@calls 0 21751
@calls 0 21752
@calls 0 21753
@calls 0 21754
@calls 0 21755
@calls 0 21756
@calls 0 21757
@calls 0 21758
@calls 0 21759
@calls 0 21760
@calls 0 21761
@calls 0 21762
@calls 0 21763
@calls 0 21764
@calls 0 21765
@calls 0 21766
@calls 0 21767
@calls 0 21768
@calls 0 21769
@calls 0 21770
@calls 0 21771
@calls 0 21772
@calls 0 21773
@calls 0 21774
@calls 0 21775
@calls 0 21776
@calls 0 21777
@calls 0 21778
@calls 0 21779
@calls 0 21780
@calls 0 21781
@calls 0 21782
@calls 0 21783
@calls 0 21784
@calls 0 21785
@calls 0 21786
@calls 0 21787
@calls 0 21788
@calls 0 21789
@calls 0 21790
@calls 0 21791
@calls 0 21792
@calls 0 21793
@calls 0 21794
@calls 0 21795
@calls 0 21796
@calls 0 21797
@calls 0 21798
@calls 0 21799
@calls 0 21800
@calls 0 21801
@calls 0 21802
@calls 0 21803
@calls 0 21804
@calls 0 21805
@calls 0 21806
@calls 0 21807
@calls 0 21808
@calls 0 21809
@calls 0 21810
@calls 0 21811
@calls 0 21812
@calls 0 21813
@calls 0 21814
@calls 0 21815
@calls 0 21816
@calls 0 21817
@calls 0 21818
@calls 0 21819
@calls 0 21820
@calls 0 21821
@calls 0 21822
@calls 0 21823
@calls 0 21824
@calls 0 21825
@calls 0 21826
@calls 0 21827
@calls 0 21828
@calls 0 21829
@calls 0 21830
@calls 0 21831
@calls 0 21832
@calls 0 21833
@calls 0 21834
@calls 0 21835
@calls 0 21836
@calls 0 21837
@calls 0 21838
@calls 0 21839
@calls 0 21840
@calls 0 21841
@calls 0 21842
@calls 0 21843
@calls 0 21844
@calls 0 21845
@calls 0 21846
@calls 0 21847
@calls 0 21848
@calls 0 21849
@calls 0 21850
@calls 0 21851
@calls 0 21852
@calls 0 21853
@calls 0 21854
@calls 0 21855
@calls 0 21856
@calls 0 21857
@calls 0 21858
@calls 0 21859
@calls 0 21860
@calls 0 21861
@calls 0 21862
@calls 0 21863
@calls 0 21864
@calls 0 21865
@calls 0 21866
@calls 0 21867
@calls 0 21868
@calls 0 21869
@calls 0 21870
@calls 0 21871
@calls 0 21872
@calls 0 21873
@calls 0 21874
@calls 0 21875
@calls 0 21876
@calls 0 21877
@calls 0 21878
@calls 0 21879
@calls 0 21880
@calls 0 21881
@calls 0 21882
@calls 0 21883
@calls 0 21884
@calls 0 21885
@calls 0 21886
@calls 0 21887
@calls 0 21888
@calls 0 21889
@calls 0 21890
@calls 0 21891
@calls 0 21892
@calls 0 21893
@calls 0 21894
@calls 0 21895
@calls 0 21896
@calls 0 21897
@calls 0 21898
@calls 0 21899
@calls 0 21900
@calls 0 21901
@calls 0 21902
@calls 0 21903
@calls 0 21904
@calls 0 21905
@calls 0 21906
@calls 0 21907
@calls 0 21908
@calls 0 21909
@calls 0 21910
@calls 0 21911
@calls 0 21912
@calls 0 21913
@calls 0 21914
@calls 0 21915
@calls 0 21916
@calls 0 21917
@calls 0 21918
@calls 0 21919
@calls 0 21920
@calls 0 21921
@calls 0 21922
@calls 0 21923
@calls 0 21924
@calls 0 21925
@calls 0 21926
@calls 0 21927
@calls 0 21928
@calls 0 21929
@calls 0 21930
@calls 0 21931
@calls 0 21932
@calls 0 21933
@calls 0 21934
@calls 0 21935
@calls 0 21936
@calls 0 21937
@calls 0 21938
@calls 0 21939
@calls 0 21940
@calls 0 21941
@calls 0 21942
@calls 0 21943
@calls 0 21944
@calls 0 21945
@calls 0 21946
@calls 0 21947
@calls 0 21948
@calls 0 21949
@calls 0 21950
@calls 0 21951
@calls 0 21952
@calls 0 21953
@calls 0 21954
@calls 0 21955
@calls 0 21956
@calls 0 21957
@calls 0 21958
@calls 0 21959
@calls 0 21960
@calls 0 21961
@calls 0 21962
@calls 0 21963
@calls 0 21964
@calls 0 21965
@calls 0 21966
@calls 0 21967
@calls 0 21968
@calls 0 21969
@calls 0 21970
@calls 0 21971
@calls 0 21972
@calls 0 21973
@calls 0 21974
@calls 0 21975
@calls 0 21976
@calls 0 21977
@calls 0 21978
@calls 0 21979
@calls 0 21980
@calls 0 21981
@calls 0 21982
@calls 0 21983
@calls 0 21984
@calls 0 21985
@calls 0 21986
@calls 0 21987
@calls 0 21988
@calls 0 21989
@calls 0 21990
@calls 0 21991
@calls 0 21992
@calls 0 21993
@calls 0 21994
@calls 0 21995
@calls 0 21996
@calls 0 21997
@calls 0 21998
@calls 0 21999
@calls 0 22000
@calls 0 22001
@calls 0 22002
@calls 0 22003
@calls 0 22004
@calls 0 22005
@calls 0 22006
@calls 0 22007
@calls 0 22008
@calls 0 22009
@calls 0 22010
@calls 0 22011
@calls 0 22012
@calls 0 22013
@calls 0 22014
@calls 0 22015
@calls 0 22016
@calls 0 22017
@calls 0 22018
@calls 0 22019
@calls 0 22020
@calls 0 22021
@calls 0 22022
@calls 0 22023
@calls 0 22024
@calls 0 22025
@calls 0 22026
@calls 0 22027
@calls 0 22028
@calls 0 22029
@calls 0 22030
@calls 0 22031
@calls 0 22032
@calls 0 22033
@calls 0 22034
@calls 0 22035
@calls 0 22036
@calls 0 22037
@calls 0 22038
@calls 0 22039
@calls 0 22040
@calls 0 22041
@calls 0 22042
@calls 0 22043
@calls 0 22044
@calls 0 22045
@calls 0 22046
@calls 0 22047
@calls 0 22048
@calls 0 22049
@calls 0 22050
@calls 0 22051
@calls 0 22052
@calls 0 22053
@calls 0 22054
@calls 0 22055
@calls 0 22056
@calls 0 22057
@calls 0 22058
@calls 0 22059
@calls 0 22060
@calls 0 22061
@calls 0 22062
@calls 0 22063
@calls 0 22064
@calls 0 22065
@calls 0 22066
@calls 0 22067
@calls 0 22068
@calls 0 22069
@calls 0 22070
@calls 0 22071
@calls 0 22072
@calls 0 22073
@calls 0 22074
@calls 0 22075
@calls 0 22076
@calls 0 22077
@calls 0 22078
@calls 0 22079
@calls 0 22080
@calls 0 22081
@calls 0 22082
@calls 0 22083
@calls 0 22084
@calls 0 22085
@calls 0 22086
@calls 0 22087
@calls 0 22088
@calls 0 22089
@calls 0 22090
@calls 0 22091
@calls 0 22092
@calls 0 22093
@calls 0 22094
@calls 0 22095
@calls 0 22096
@calls 0 22097
@calls 0 22098
@calls 0 22099
@calls 0 22100
@calls 0 22101
@calls 0 22102
@calls 0 22103
@calls 0 22104
@calls 0 22105
@calls 0 22106
@calls 0 22107
@calls 0 22108
@calls 0 22109
@calls 0 22110
@calls 0 22111
@calls 0 22112
@calls 0 22113
@calls 0 22114
@calls 0 22115
@calls 0 22116
@calls 0 22117
@calls 0 22118
@calls 0 22119
@calls 0 22120
@calls 0 22121
@calls 0 22122
@calls 0 22123
@calls 0 22124
@calls 0 22125
@calls 0 22126
@calls 0 22127
@calls 0 22128
@calls 0 22129
@calls 0 22130
@calls 0 22131
@calls 0 22132
@calls 0 22133
@calls 0 22134
@calls 0 22135
@calls 0 22136
@calls 0 22137
@calls 0 22138
@calls 0 22139
@calls 0 22140
@calls 0 22141
@calls 0 22142
@calls 0 22143
@calls 0 22144
@calls 0 22145
@calls 0 22146
@calls 0 22147
@calls 0 22148
@calls 0 22149
@calls 0 22150
@calls 0 22151
@calls 0 22152
@calls 0 22153
@calls 0 22154
@calls 0 22155
@calls 0 22156
@calls 0 22157
@calls 0 22158
@calls 0 22159
@calls 0 22160
@calls 0 22161
@calls 0 22162
@calls 0 22163
@calls 0 22164
@calls 0 22165
@calls 0 22166
@calls 0 22167
@calls 0 22168
@calls 0 22169
@calls 0 22170
@calls 0 22171
@calls 0 22172
@calls 0 22173
@calls 0 22174
@calls 0 22175
@calls 0 22176
@calls 0 22177
@calls 0 22178
@calls 0 22179
@calls 0 22180
@calls 0 22181
@calls 0 22182
@calls 0 22183
@calls 0 22184
@calls 0 22185
@calls 0 22186
@calls 0 22187
@calls 0 22188
@calls 0 22189
@calls 0 22190
@calls 0 22191
@calls 0 22192
@calls 0 22193
@calls 0 22194
@calls 0 22195
@calls 0 22196
@calls 0 22197
@calls 0 22198
@calls 0 22199
@calls 0 22200
@calls 0 22201
@calls 0 22202
@calls 0 22203
@calls 0 22204
@calls 0 22205
@calls 0 22206
@calls 0 22207
@calls 0 22208
@calls 0 22209
@calls 0 22210
@calls 0 22211
@calls 0 22212
@calls 0 22213
@calls 0 22214
@calls 0 22215
@calls 0 22216
@calls 0 22217
@calls 0 22218
@calls 0 22219
@calls 0 22220
@calls 0 22221
@calls 0 22222
@calls 0 22223
@calls 0 22224
@calls 0 22225
@calls 0 22226
@calls 0 22227
@calls 0 22228
@calls 0 22229
@calls 0 22230
@calls 0 22231
@calls 0 22232
@calls 0 22233
@calls 0 22234
@calls 0 22235
@calls 0 22236
@calls 0 22237
@calls 0 22238
@calls 0 22239
@calls 0 22240
@calls 0 22241
@calls 0 22242
@calls 0 22243
@calls 0 22244
@calls 0 22245
@calls 0 22246
@calls 0 22247
@calls 0 22248
@calls 0 22249
@calls 0 22250
@calls 0 22251
@calls 0 22252
@calls 0 22253
@calls 0 22254
@calls 0 22255
@calls 0 22256
@calls 0 22257
@calls 0 22258
@calls 0 22259
@calls 0 22260
@calls 0 22261
@calls 0 22262
@calls 0 22263
@calls 0 22264
@calls 0 22265
@calls 0 22266
@calls 0 22267
@calls 0 22268
@calls 0 22269
@calls 0 22270
@calls 0 22271
@calls 0 22272
@calls 0 22273
@calls 0 22274
@calls 0 22275
@calls 0 22276
@calls 0 22277
@calls 0 22278
@calls 0 22279
@calls 0 22280
@calls 0 22281
@calls 0 22282
@calls 0 22283
@calls 0 22284
@calls 0 22285
@calls 0 22286
@calls 0 22287
@calls 0 22288
@calls 0 22289
@calls 0 22290
@calls 0 22291
@calls 0 22292
@calls 0 22293
@calls 0 22294
@calls 0 22295
@calls 0 22296
@calls 0 22297
@calls 0 22298
@calls 0 22299
@calls 0 22300
@calls 0 22301
@calls 0 22302
@calls 0 22303
@calls 0 22304
@calls 0 22305
@calls 0 22306
@calls 0 22307
@calls 0 22308
@calls 0 22309
@calls 0 22310
@calls 0 22311
@calls 0 22312
@calls 0 22313
@calls 0 22314
@calls 0 22315
@calls 0 22316
@calls 0 22317
@calls 0 22318
@calls 0 22319
@calls 0 22320
@calls 0 22321
@calls 0 22322
@calls 0 22323
@calls 0 22324
@calls 0 22325
@calls 0 22326
@calls 0 22327
@calls 0 22328
@calls 0 22329
@calls 0 22330
@calls 0 22331
@calls 0 22332
@calls 0 22333
@calls 0 22334
@calls 0 22335
@calls 0 22336
@calls 0 22337
@calls 0 22338
@calls 0 22339
@calls 0 22340
@calls 0 22341
@calls 0 22342
@calls 0 22343
@calls 0 22344
@calls 0 22345
@calls 0 22346
@calls 0 22347
@calls 0 22348
@calls 0 22349
@calls 0 22350
@calls 0 22351
@calls 0 22352
@calls 0 22353
@calls 0 22354
@calls 0 22355
@calls 0 22356
@calls 0 22357
@calls 0 22358
@calls 0 22359
@calls 0 22360
@calls 0 22361
@calls 0 22362
@calls 0 22363
@calls 0 22364
@calls 0 22365
@calls 0 22366
@calls 0 22367
@calls 0 22368
@calls 0 22369
@calls 0 22370
@calls 0 22371
@calls 0 22372
@calls 0 22373
@calls 0 22374
@calls 0 22375
@calls 0 22376
@calls 0 22377
@calls 0 22378
@calls 0 22379
@calls 0 22380
@calls 0 22381
@calls 0 22382
@calls 0 22383
@calls 0 22384
@calls 0 22385
@calls 0 22386
@calls 0 22387
@calls 0 22388
@calls 0 22389
@calls 0 22390
@calls 0 22391
@calls 0 22392
@calls 0 22393
@calls 0 22394
@calls 0 22395
@calls 0 22396
@calls 0 22397
@calls 0 22398
@calls 0 22399
@calls 0 22400
@calls 0 22401
@calls 0 22402
@calls 0 22403
@calls 0 22404
@calls 0 22405
@calls 0 22406
@calls 0 22407
@calls 0 22408
@calls 0 22409
@calls 0 22410
@calls 0 22411
@calls 0 22412
@calls 0 22413
@calls 0 22414
@calls 0 22415
@calls 0 22416
@calls 0 22417
@calls 0 22418
@calls 0 22419
@calls 0 22420
@calls 0 22421
@calls 0 22422
@calls 0 22423
@calls 0 22424
@calls 0 22425
@calls 0 22426
@calls 0 22427
@calls 0 22428
@calls 0 22429
@calls 0 22430
@calls 0 22431
@calls 0 22432
@calls 0 22433
@calls 0 22434
@calls 0 22435
@calls 0 22436
@calls 0 22437
@calls 0 22438
@calls 0 22439
@calls 0 22440
@calls 0 22441
@calls 0 22442
@calls 0 22443
@calls 0 22444
@calls 0 22445
@calls 0 22446
@calls 0 22447
@calls 0 22448
@calls 0 22449
@calls 0 22450
@calls 0 22451
@calls 0 22452
@calls 0 22453
@calls 0 22454
@calls 0 22455
@calls 0 22456
@calls 0 22457
@calls 0 22458
@calls 0 22459
@calls 0 22460
@calls 0 22461
@calls 0 22462
@calls 0 22463
@calls 0 22464
@calls 0 22465
@calls 0 22466
@calls 0 22467
@calls 0 22468
@calls 0 22469
@calls 0 22470
@calls 0 22471
@calls 0 22472
@calls 0 22473
@calls 0 22474
@calls 0 22475
@calls 0 22476
@calls 0 22477
@calls 0 22478
@calls 0 22479
@calls 0 22480
@calls 0 22481
@calls 0 22482
@calls 0 22483
@calls 0 22484
@calls 0 22485
@calls 0 22486
@calls 0 22487
@calls 0 22488
@calls 0 22489
@calls 0 22490
@calls 0 22491
@calls 0 22492
@calls 0 22493
@calls 0 22494
@calls 0 22495
@calls 0 22496
@calls 0 22497
@calls 0 22498
@calls 0 22499
@calls 0 22500
@calls 0 22501
@calls 0 22502
@calls 0 22503
@calls 0 22504
@calls 0 22505
@calls 0 22506
@calls 0 22507
@calls 0 22508
@calls 0 22509
@calls 0 22510
@calls 0 22511
@calls 0 22512
@calls 0 22513
@calls 0 22514
@calls 0 22515
@calls 0 22516
@calls 0 22517
@calls 0 22518
@calls 0 22519
@calls 0 22520
@calls 0 22521
@calls 0 22522
@calls 0 22523
@calls 0 22524
@calls 0 22525
@calls 0 22526
@calls 0 22527
@calls 0 22528
@calls 0 22529
@calls 0 22530
@calls 0 22531
@calls 0 22532
@calls 0 22533
@calls 0 22534
@calls 0 22535
@calls 0 22536
@calls 0 22537
@calls 0 22538
@calls 0 22539
@calls 0 22540
@calls 0 22541
@calls 0 22542
@calls 0 22543
@calls 0 22544
@calls 0 22545
@calls 0 22546
@calls 0 22547
@calls 0 22548
@calls 0 22549
@calls 0 22550
@calls 0 22551
@calls 0 22552
@calls 0 22553
@calls 0 22554
@calls 0 22555
@calls 0 22556
@calls 0 22557
@calls 0 22558
@calls 0 22559
@calls 0 22560
@calls 0 22561
@calls 0 22562
@calls 0 22563
@calls 0 22564
@calls 0 22565
@calls 0 22566
@calls 0 22567
@calls 0 22568
@calls 0 22569
@calls 0 22570
@calls 0 22571
@calls 0 22572
@calls 0 22573
@calls 0 22574
@calls 0 22575
@calls 0 22576
@calls 0 22577
@calls 0 22578
@calls 0 22579
@calls 0 22580
@calls 0 22581
@calls 0 22582
@calls 0 22583
@calls 0 22584
@calls 0 22585
@calls 0 22586
@calls 0 22587
@calls 0 22588
@calls 0 22589
@calls 0 22590
@calls 0 22591
@calls 0 22592
@calls 0 22593
@calls 0 22594
@calls 0 22595
@calls 0 22596
@calls 0 22597
@calls 0 22598
@calls 0 22599
@calls 0 22600
@calls 0 22601
@calls 0 22602
@calls 0 22603
@calls 0 22604
@calls 0 22605
@calls 0 22606
@calls 0 22607
@calls 0 22608
@calls 0 22609
@calls 0 22610
@calls 0 22611
@calls 0 22612
@calls 0 22613
@calls 0 22614
@calls 0 22615
@calls 0 22616
@calls 0 22617
@calls 0 22618
@calls 0 22619
@calls 0 22620
@calls 0 22621
@calls 0 22622
@calls 0 22623
@calls 0 22624
@calls 0 22625
@calls 0 22626
@calls 0 22627
@calls 0 22628
@calls 0 22629
@calls 0 22630
@calls 0 22631
@calls 0 22632
@calls 0 22633
@calls 0 22634
@calls 0 22635
@calls 0 22636
@calls 0 22637
@calls 0 22638
@calls 0 22639
@calls 0 22640
@calls 0 22641
@calls 0 22642
@calls 0 22643
@calls 0 22644
@calls 0 22645
@calls 0 22646
@calls 0 22647
@calls 0 22648
@calls 0 22649
@calls 0 22650
@calls 0 22651
@calls 0 22652
@calls 0 22653
@calls 0 22654
@calls 0 22655
@calls 0 22656
@calls 0 22657
@calls 0 22658
@calls 0 22659
@calls 0 22660
@calls 0 22661
@calls 0 22662
@calls 0 22663
@calls 0 22664
@calls 0 22665
@calls 0 22666
@calls 0 22667
@calls 0 22668
@calls 0 22669
@calls 0 22670
@calls 0 22671
@calls 0 22672
@calls 0 22673
@calls 0 22674
@calls 0 22675
@calls 0 22676
@calls 0 22677
@calls 0 22678
@calls 0 22679
@calls 0 22680
@calls 0 22681
@calls 0 22682
@calls 0 22683
@calls 0 22684
@calls 0 22685
@calls 0 22686
@calls 0 22687
@calls 0 22688
@calls 0 22689
@calls 0 22690
@calls 0 22691
@calls 0 22692
@calls 0 22693
@calls 0 22694
@calls 0 22695
@calls 0 22696
@calls 0 22697
@calls 0 22698
@calls 0 22699
@calls 0 22700
@calls 0 22701
@calls 0 22702
@calls 0 22703
@calls 0 22704
@calls 0 22705
@calls 0 22706
@calls 0 22707
@calls 0 22708
@calls 0 22709
@calls 0 22710
@calls 0 22711
@calls 0 22712
@calls 0 22713
@calls 0 22714
@calls 0 22715
@calls 0 22716
@calls 0 22717
@calls 0 22718
@calls 0 22719
@calls 0 22720
@calls 0 22721
@calls 0 22722
@calls 0 22723
@calls 0 22724
@calls 0 22725
@calls 0 22726
@calls 0 22727
@calls 0 22728
@calls 0 22729
@calls 0 22730
@calls 0 22731
@calls 0 22732
@calls 0 22733
@calls 0 22734
@calls 0 22735
@calls 0 22736
@calls 0 22737
@calls 0 22738
@calls 0 22739
@calls 0 22740
@calls 0 22741
@calls 0 22742
@calls 0 22743
@calls 0 22744
@calls 0 22745
@calls 0 22746
@calls 0 22747
@calls 0 22748
@calls 0 22749
@calls 0 22750
@calls 0 22751
@calls 0 22752
@calls 0 22753
@calls 0 22754
@calls 0 22755
@calls 0 22756
@calls 0 22757
@calls 0 22758
@calls 0 22759
@calls 0 22760
@calls 0 22761
@calls 0 22762
@calls 0 22763
@calls 0 22764
@calls 0 22765
@calls 0 22766
@calls 0 22767
@calls 0 22768
@calls 0 22769
@calls 0 22770
@calls 0 22771
@calls 0 22772
@calls 0 22773
@calls 0 22774
@calls 0 22775
@calls 0 22776
@calls 0 22777
@calls 0 22778
@calls 0 22779
@calls 0 22780
@calls 0 22781
@calls 0 22782
@calls 0 22783
@calls 0 22784
@calls 0 22785
@calls 0 22786
@calls 0 22787
@calls 0 22788
@calls 0 22789
@calls 0 22790
@calls 0 22791
@calls 0 22792
@calls 0 22793
@calls 0 22794
@calls 0 22795
@calls 0 22796
@calls 0 22797
@calls 0 22798
@calls 0 22799
@calls 0 22800
@calls 0 22801
@calls 0 22802
@calls 0 22803
@calls 0 22804
@calls 0 22805
@calls 0 22806
@calls 0 22807
@calls 0 22808
@calls 0 22809
@calls 0 22810
@calls 0 22811
@calls 0 22812
@calls 0 22813
@calls 0 22814
@calls 0 22815
@calls 0 22816
@calls 0 22817
@calls 0 22818
@calls 0 22819
@calls 0 22820
@calls 0 22821
@calls 0 22822
@calls 0 22823
@calls 0 22824
@calls 0 22825
@calls 0 22826
@calls 0 22827
@calls 0 22828
@calls 0 22829
@calls 0 22830
@calls 0 22831
@calls 0 22832
@calls 0 22833
@calls 0 22834
@calls 0 22835
@calls 0 22836
@calls 0 22837
@calls 0 22838
@calls 0 22839
@calls 0 22840
@calls 0 22841
@calls 0 22842
@calls 0 22843
@calls 0 22844
@calls 0 22845
@calls 0 22846
@calls 0 22847
@calls 0 22848
@calls 0 22849
@calls 0 22850
@calls 0 22851
@calls 0 22852
@calls 0 22853
@calls 0 22854
@calls 0 22855
@calls 0 22856
@calls 0 22857
@calls 0 22858
@calls 0 22859
@calls 0 22860
@calls 0 22861
@calls 0 22862
@calls 0 22863
@calls 0 22864
@calls 0 22865
@calls 0 22866
@calls 0 22867
@calls 0 22868
@calls 0 22869
@calls 0 22870
@calls 0 22871
@calls 0 22872
@calls 0 22873
@calls 0 22874
@calls 0 22875
@calls 0 22876
@calls 0 22877
@calls 0 22878
@calls 0 22879
@calls 0 22880
@calls 0 22881
@calls 0 22882
@calls 0 22883
@calls 0 22884
@calls 0 22885
@calls 0 22886
@calls 0 22887
@calls 0 22888
@calls 0 22889
@calls 0 22890
@calls 0 22891
@calls 0 22892
@calls 0 22893
@calls 0 22894
@calls 0 22895
@calls 0 22896
@calls 0 22897
@calls 0 22898
@calls 0 22899
@calls 0 22900
@calls 0 22901
@calls 0 22902
@calls 0 22903
@calls 0 22904
@calls 0 22905
@calls 0 22906
@calls 0 22907
@calls 0 22908
@calls 0 22909
@calls 0 22910
@calls 0 22911
@calls 0 22912
@calls 0 22913
@calls 0 22914
@calls 0 22915
@calls 0 22916
@calls 0 22917
@calls 0 22918
@calls 0 22919
@calls 0 22920
@calls 0 22921
@calls 0 22922
@calls 0 22923
@calls 0 22924
@calls 0 22925
@calls 0 22926
@calls 0 22927
@calls 0 22928
@calls 0 22929
@calls 0 22930
@calls 0 22931
@calls 0 22932
@calls 0 22933
@calls 0 22934
@calls 0 22935
@calls 0 22936
@calls 0 22937
@calls 0 22938
@calls 0 22939
@calls 0 22940
@calls 0 22941
@calls 0 22942
@calls 0 22943
@calls 0 22944
@calls 0 22945
@calls 0 22946
@calls 0 22947
@calls 0 22948
@calls 0 22949
@calls 0 22950
@calls 0 22951
@calls 0 22952
@calls 0 22953
@calls 0 22954
@calls 0 22955
@calls 0 22956
@calls 0 22957
@calls 0 22958
@calls 0 22959
@calls 0 22960
@calls 0 22961
@calls 0 22962
@calls 0 22963
@calls 0 22964
@calls 0 22965
@calls 0 22966
@calls 0 22967
@calls 0 22968
@calls 0 22969
@calls 0 22970
@calls 0 22971
@calls 0 22972
@calls 0 22973
@calls 0 22974
@calls 0 22975
@calls 0 22976
@calls 0 22977
@calls 0 22978
@calls 0 22979
@calls 0 22980
@calls 0 22981
@calls 0 22982
@calls 0 22983
@calls 0 22984
@calls 0 22985
@calls 0 22986
@calls 0 22987
@calls 0 22988
@calls 0 22989
@calls 0 22990
@calls 0 22991
@calls 0 22992
@calls 0 22993
@calls 0 22994
@calls 0 22995
@calls 0 22996
@calls 0 22997
@calls 0 22998
@calls 0 22999
@calls 0 23000
@calls 0 23001
@calls 0 23002
@calls 0 23003
@calls 0 23004
@calls 0 23005
@calls 0 23006
@calls 0 23007
@calls 0 23008
@calls 0 23009
@calls 0 23010
@calls 0 23011
@calls 0 23012
@calls 0 23013
@calls 0 23014
@calls 0 23015
@calls 0 23016
@calls 0 23017
@calls 0 23018
@calls 0 23019
@calls 0 23020
@calls 0 23021
@calls 0 23022
@calls 0 23023
@calls 0 23024
@calls 0 23025
@calls 0 23026
@calls 0 23027
@calls 0 23028
@calls 0 23029
@calls 0 23030
@calls 0 23031
@calls 0 23032
@calls 0 23033
@calls 0 23034
@calls 0 23035
@calls 0 23036
@calls 0 23037
@calls 0 23038
@calls 0 23039
@calls 0 23040
@calls 0 23041
@calls 0 23042
@calls 0 23043
@calls 0 23044
@calls 0 23045
@calls 0 23046
@calls 0 23047
@calls 0 23048
@calls 0 23049
@calls 0 23050
@calls 0 23051
@calls 0 23052
@calls 0 23053
@calls 0 23054
@calls 0 23055
@calls 0 23056
@calls 0 23057
@calls 0 23058
@calls 0 23059
@calls 0 23060
@calls 0 23061
@calls 0 23062
@calls 0 23063
@calls 0 23064
@calls 0 23065
@calls 0 23066
@calls 0 23067
@calls 0 23068
@calls 0 23069
@calls 0 23070
@calls 0 23071
@calls 0 23072
@calls 0 23073
@calls 0 23074
@calls 0 23075
@calls 0 23076
@calls 0 23077
@calls 0 23078
@calls 0 23079
@calls 0 23080
@calls 0 23081
@calls 0 23082
@calls 0 23083
@calls 0 23084
@calls 0 23085
@calls 0 23086
@calls 0 23087
@calls 0 23088
@calls 0 23089
@calls 0 23090
@calls 0 23091
@calls 0 23092
@calls 0 23093
@calls 0 23094
@calls 0 23095
@calls 0 23096
@calls 0 23097
@calls 0 23098
@calls 0 23099
@calls 0 23100
@calls 0 23101
@calls 0 23102
@calls 0 23103
@calls 0 23104
@calls 0 23105
@calls 0 23106
@calls 0 23107
@calls 0 23108
@calls 0 23109
@calls 0 23110
@calls 0 23111
@calls 0 23112
@calls 0 23113
@calls 0 23114
@calls 0 23115
@calls 0 23116
@calls 0 23117
@calls 0 23118
@calls 0 23119
@calls 0 23120
@calls 0 23121
@calls 0 23122
@calls 0 23123
@calls 0 23124
@calls 0 23125
@calls 0 23126
@calls 0 23127
@calls 0 23128
@calls 0 23129
@calls 0 23130
@calls 0 23131
@calls 0 23132
@calls 0 23133
@calls 0 23134
@calls 0 23135
@calls 0 23136
@calls 0 23137
@calls 0 23138
@calls 0 23139
@calls 0 23140
@calls 0 23141
@calls 0 23142
@calls 0 23143
@calls 0 23144
@calls 0 23145
@calls 0 23146
@calls 0 23147
@calls 0 23148
@calls 0 23149
@calls 0 23150
@calls 0 23151
@calls 0 23152
@calls 0 23153
@calls 0 23154
@calls 0 23155
@calls 0 23156
@calls 0 23157
@calls 0 23158
@calls 0 23159
@calls 0 23160
@calls 0 23161
@calls 0 23162
@calls 0 23163
@calls 0 23164
@calls 0 23165
@calls 0 23166
@calls 0 23167
@calls 0 23168
@calls 0 23169
@calls 0 23170
@calls 0 23171
@calls 0 23172
@calls 0 23173
@calls 0 23174
@calls 0 23175
@calls 0 23176
@calls 0 23177
@calls 0 23178
@calls 0 23179
@calls 0 23180
@calls 0 23181
@calls 0 23182
@calls 0 23183
@calls 0 23184
@calls 0 23185
@calls 0 23186
@calls 0 23187
@calls 0 23188
@calls 0 23189
@calls 0 23190
@calls 0 23191
@calls 0 23192
@calls 0 23193
@calls 0 23194
@calls 0 23195
@calls 0 23196
@calls 0 23197
@calls 0 23198
@calls 0 23199
@calls 0 23200
@calls 0 23201
@calls 0 23202
@calls 0 23203
@calls 0 23204
@calls 0 23205
@calls 0 23206
@calls 0 23207
@calls 0 23208
@calls 0 23209
@calls 0 23210
@calls 0 23211
@calls 0 23212
@calls 0 23213
@calls 0 23214
@calls 0 23215
@calls 0 23216
@calls 0 23217
@calls 0 23218
@calls 0 23219
@calls 0 23220
@calls 0 23221
@calls 0 23222
@calls 0 23223
@calls 0 23224
@calls 0 23225
@calls 0 23226
@calls 0 23227
@calls 0 23228
@calls 0 23229
@calls 0 23230
@calls 0 23231
@calls 0 23232
@calls 0 23233
@calls 0 23234
@calls 0 23235
@calls 0 23236
@calls 0 23237
@calls 0 23238
@calls 0 23239
@calls 0 23240
@calls 0 23241
@calls 0 23242
@calls 0 23243
@calls 0 23244
@calls 0 23245
@calls 0 23246
@calls 0 23247
@calls 0 23248
@calls 0 23249
@calls 0 23250
@calls 0 23251
@calls 0 23252
@calls 0 23253
@calls 0 23254
@calls 0 23255
@calls 0 23256
@calls 0 23257
@calls 0 23258
@calls 0 23259
@calls 0 23260
@calls 0 23261
@calls 0 23262
@calls 0 23263
@calls 0 23264
@calls 0 23265
@calls 0 23266
@calls 0 23267
@calls 0 23268
@calls 0 23269
@calls 0 23270
@calls 0 23271
@calls 0 23272
@calls 0 23273
@calls 0 23274
@calls 0 23275
@calls 0 23276
@calls 0 23277
@calls 0 23278
@calls 0 23279
@calls 0 23280
@calls 0 23281
@calls 0 23282
@calls 0 23283
@calls 0 23284
@calls 0 23285
@calls 0 23286
@calls 0 23287
@calls 0 23288
@calls 0 23289
@calls 0 23290
@calls 0 23291
@calls 0 23292
@calls 0 23293
@calls 0 23294
@calls 0 23295
@calls 0 23296
@calls 0 23297
@calls 0 23298
@calls 0 23299
@calls 0 23300
@calls 0 23301
@calls 0 23302
@calls 0 23303
@calls 0 23304
@calls 0 23305
@calls 0 23306
@calls 0 23307
@calls 0 23308
@calls 0 23309
@calls 0 23310
@calls 0 23311
@calls 0 23312
@calls 0 23313
@calls 0 23314
@calls 0 23315
@calls 0 23316
@calls 0 23317
@calls 0 23318
@calls 0 23319
@calls 0 23320
@calls 0 23321
@calls 0 23322
@calls 0 23323
@calls 0 23324
@calls 0 23325
@calls 0 23326
@calls 0 23327
@calls 0 23328
@calls 0 23329
@calls 0 23330
@calls 0 23331
@calls 0 23332
@calls 0 23333
@calls 0 23334
@calls 0 23335
@calls 0 23336
@calls 0 23337
@calls 0 23338
@calls 0 23339
@calls 0 23340
@calls 0 23341
@calls 0 23342
@calls 0 23343
@calls 0 23344
@calls 0 23345
@calls 0 23346
@calls 0 23347
@calls 0 23348
@calls 0 23349
@calls 0 23350
@calls 0 23351
@calls 0 23352
@calls 0 23353
@calls 0 23354
@calls 0 23355
@calls 0 23356
@calls 0 23357
@calls 0 23358
@calls 0 23359
@calls 0 23360
@calls 0 23361
@calls 0 23362
@calls 0 23363
@calls 0 23364
@calls 0 23365
@calls 0 23366
@calls 0 23367
@calls 0 23368
@calls 0 23369
@calls 0 23370
@calls 0 23371
@calls 0 23372
@calls 0 23373
@calls 0 23374
@calls 0 23375
@calls 0 23376
@calls 0 23377
@calls 0 23378
@calls 0 23379
@calls 0 23380
@calls 0 23381
@calls 0 23382
@calls 0 23383
@calls 0 23384
@calls 0 23385
@calls 0 23386
@calls 0 23387
@calls 0 23388
@calls 0 23389
@calls 0 23390
@calls 0 23391
@calls 0 23392
@calls 0 23393
@calls 0 23394
@calls 0 23395
@calls 0 23396
@calls 0 23397
@calls 0 23398
@calls 0 23399
@calls 0 23400
@calls 0 23401
@calls 0 23402
@calls 0 23403
@calls 0 23404
@calls 0 23405
@calls 0 23406
@calls 0 23407
@calls 0 23408
@calls 0 23409
@calls 0 23410
@calls 0 23411
@calls 0 23412
@calls 0 23413
@calls 0 23414
@calls 0 23415
@calls 0 23416
@calls 0 23417
@calls 0 23418
@calls 0 23419
@calls 0 23420
@calls 0 23421
@calls 0 23422
@calls 0 23423
@calls 0 23424
@calls 0 23425
@calls 0 23426
@calls 0 23427
@calls 0 23428
@calls 0 23429
@calls 0 23430
@calls 0 23431
@calls 0 23432
@calls 0 23433
@calls 0 23434
@calls 0 23435
@calls 0 23436
@calls 0 23437
@calls 0 23438
@calls 0 23439
@calls 0 23440
@calls 0 23441
@calls 0 23442
@calls 0 23443
@calls 0 23444
@calls 0 23445
@calls 0 23446
@calls 0 23447
@calls 0 23448
@calls 0 23449
@calls 0 23450
@calls 0 23451
@calls 0 23452
@calls 0 23453
@calls 0 23454
@calls 0 23455
@calls 0 23456
@calls 0 23457
@calls 0 23458
@calls 0 23459
@calls 0 23460
@calls 0 23461
@calls 0 23462
@calls 0 23463
@calls 0 23464
@calls 0 23465
@calls 0 23466
@calls 0 23467
@calls 0 23468
@calls 0 23469
@calls 0 23470
@calls 0 23471
@calls 0 23472
@calls 0 23473
@calls 0 23474
@calls 0 23475
@calls 0 23476
@calls 0 23477
@calls 0 23478
@calls 0 23479
@calls 0 23480
@calls 0 23481
@calls 0 23482
@calls 0 23483
@calls 0 23484
@calls 0 23485
@calls 0 23486
@calls 0 23487
@calls 0 23488
@calls 0 23489
@calls 0 23490
@calls 0 23491
@calls 0 23492
@calls 0 23493
@calls 0 23494
@calls 0 23495
@calls 0 23496
@calls 0 23497
@calls 0 23498
@calls 0 23499
@calls 0 23500
@calls 0 23501
@calls 0 23502
@calls 0 23503
@calls 0 23504
@calls 0 23505
@calls 0 23506
@calls 0 23507
@calls 0 23508
@calls 0 23509
@calls 0 23510
@calls 0 23511
@calls 0 23512
@calls 0 23513
@calls 0 23514
@calls 0 23515
@calls 0 23516
@calls 0 23517
@calls 0 23518
@calls 0 23519
@calls 0 23520
@calls 0 23521
@calls 0 23522
@calls 0 23523
@calls 0 23524
@calls 0 23525
@calls 0 23526
@calls 0 23527
@calls 0 23528
@calls 0 23529
@calls 0 23530
@calls 0 23531
@calls 0 23532
@calls 0 23533
@calls 0 23534
@calls 0 23535
@calls 0 23536
@calls 0 23537
@calls 0 23538
@calls 0 23539
@calls 0 23540
@calls 0 23541
@calls 0 23542
@calls 0 23543
@calls 0 23544
@calls 0 23545
@calls 0 23546
@calls 0 23547
@calls 0 23548
@calls 0 23549
@calls 0 23550
@calls 0 23551
@calls 0 23552
@calls 0 23553
@calls 0 23554
@calls 0 23555
@calls 0 23556
@calls 0 23557
@calls 0 23558
@calls 0 23559
@calls 0 23560
@calls 0 23561
@calls 0 23562
@calls 0 23563
@calls 0 23564
@calls 0 23565
@calls 0 23566
@calls 0 23567
@calls 0 23568
@calls 0 23569
@calls 0 23570
@calls 0 23571
@calls 0 23572
@calls 0 23573
@calls 0 23574
@calls 0 23575
@calls 0 23576
@calls 0 23577
@calls 0 23578
@calls 0 23579
@calls 0 23580
@calls 0 23581
@calls 0 23582
@calls 0 23583
@calls 0 23584
@calls 0 23585
@calls 0 23586
@calls 0 23587
@calls 0 23588
@calls 0 23589
@calls 0 23590
@calls 0 23591
@calls 0 23592
@calls 0 23593
@calls 0 23594
@calls 0 23595
@calls 0 23596
@calls 0 23597
@calls 0 23598
@calls 0 23599
@calls 0 23600
@calls 0 23601
@calls 0 23602
@calls 0 23603
@calls 0 23604
@calls 0 23605
@calls 0 23606
@calls 0 23607
@calls 0 23608
@calls 0 23609
@calls 0 23610
@calls 0 23611
@calls 0 23612
@calls 0 23613
@calls 0 23614
@calls 0 23615
@calls 0 23616
@calls 0 23617
@calls 0 23618
@calls 0 23619
@calls 0 23620
@calls 0 23621
@calls 0 23622
@calls 0 23623
@calls 0 23624
@calls 0 23625
@calls 0 23626
@calls 0 23627
@calls 0 23628
@calls 0 23629
@calls 0 23630
@calls 0 23631
@calls 0 23632
@calls 0 23633
@calls 0 23634
@calls 0 23635
@calls 0 23636
@calls 0 23637
@calls 0 23638
@calls 0 23639
@calls 0 23640
@calls 0 23641
@calls 0 23642
@calls 0 23643
@calls 0 23644
@calls 0 23645
@calls 0 23646
@calls 0 23647
@calls 0 23648
@calls 0 23649
@calls 0 23650
@calls 0 23651
@calls 0 23652
@calls 0 23653
@calls 0 23654
@calls 0 23655
@calls 0 23656
@calls 0 23657
@calls 0 23658
@calls 0 23659
@calls 0 23660
@calls 0 23661
@calls 0 23662
@calls 0 23663
@calls 0 23664
@calls 0 23665
@calls 0 23666
@calls 0 23667
@calls 0 23668
@calls 0 23669
@calls 0 23670
@calls 0 23671
@calls 0 23672
@calls 0 23673
@calls 0 23674
@calls 0 23675
@calls 0 23676
@calls 0 23677
@calls 0 23678
@calls 0 23679
@calls 0 23680
@calls 0 23681
@calls 0 23682
@calls 0 23683
@calls 0 23684
@calls 0 23685
@calls 0 23686
@calls 0 23687
@calls 0 23688
@calls 0 23689
@calls 0 23690
@calls 0 23691
@calls 0 23692
@calls 0 23693
@calls 0 23694
@calls 0 23695
@calls 0 23696
@calls 0 23697
@calls 0 23698
@calls 0 23699
@calls 0 23700
@calls 0 23701
@calls 0 23702
@calls 0 23703
@calls 0 23704
@calls 0 23705
@calls 0 23706
@calls 0 23707
@calls 0 23708
@calls 0 23709
@calls 0 23710
@calls 0 23711
@calls 0 23712
@calls 0 23713
@calls 0 23714
@calls 0 23715
@calls 0 23716
@calls 0 23717
@calls 0 23718
@calls 0 23719
@calls 0 23720
@calls 0 23721
@calls 0 23722
@calls 0 23723
@calls 0 23724
@calls 0 23725
@calls 0 23726
@calls 0 23727
@calls 0 23728
@calls 0 23729
@calls 0 23730
@calls 0 23731
@calls 0 23732
@calls 0 23733
@calls 0 23734
@calls 0 23735
@calls 0 23736
@calls 0 23737
@calls 0 23738
@calls 0 23739
@calls 0 23740
@calls 0 23741
@calls 0 23742
@calls 0 23743
@calls 0 23744
@calls 0 23745
@calls 0 23746
@calls 0 23747
@calls 0 23748
@calls 0 23749
@calls 0 23750
@calls 0 23751
@calls 0 23752
@calls 0 23753
@calls 0 23754
@calls 0 23755
@calls 0 23756
@calls 0 23757
@calls 0 23758
@calls 0 23759
@calls 0 23760
@calls 0 23761
@calls 0 23762
@calls 0 23763
@calls 0 23764
@calls 0 23765
@calls 0 23766
@calls 0 23767
@calls 0 23768
@calls 0 23769
@calls 0 23770
@calls 0 23771
@calls 0 23772
@calls 0 23773
@calls 0 23774
@calls 0 23775
@calls 0 23776
@calls 0 23777
@calls 0 23778
@calls 0 23779
@calls 0 23780
@calls 0 23781
@calls 0 23782
@calls 0 23783
@calls 0 23784
@calls 0 23785
@calls 0 23786
@calls 0 23787
@calls 0 23788
@calls 0 23789
@calls 0 23790
@calls 0 23791
@calls 0 23792
@calls 0 23793
@calls 0 23794
@calls 0 23795
@calls 0 23796
@calls 0 23797
@calls 0 23798
@calls 0 23799
@calls 0 23800
@calls 0 23801
@calls 0 23802
@calls 0 23803
@calls 0 23804
@calls 0 23805
@calls 0 23806
@calls 0 23807
@calls 0 23808
@calls 0 23809
@calls 0 23810
@calls 0 23811
@calls 0 23812
@calls 0 23813
@calls 0 23814
@calls 0 23815
@calls 0 23816
@calls 0 23817
@calls 0 23818
@calls 0 23819
@calls 0 23820
@calls 0 23821
@calls 0 23822
@calls 0 23823
@calls 0 23824
@calls 0 23825
@calls 0 23826
@calls 0 23827
@calls 0 23828
@calls 0 23829
@calls 0 23830
@calls 0 23831
@calls 0 23832
@calls 0 23833
@calls 0 23834
@calls 0 23835
@calls 0 23836
@calls 0 23837
@calls 0 23838
@calls 0 23839
@calls 0 23840
@calls 0 23841
@calls 0 23842
@calls 0 23843
@calls 0 23844
@calls 0 23845
@calls 0 23846
@calls 0 23847
@calls 0 23848
@calls 0 23849
@calls 0 23850
@calls 0 23851
@calls 0 23852
@calls 0 23853
@calls 0 23854
@calls 0 23855
@calls 0 23856
@calls 0 23857
@calls 0 23858
@calls 0 23859
@calls 0 23860
@calls 0 23861
@calls 0 23862
@calls 0 23863
@calls 0 23864
@calls 0 23865
@calls 0 23866
@calls 0 23867
@calls 0 23868
@calls 0 23869
@calls 0 23870
@calls 0 23871
@calls 0 23872
@calls 0 23873
@calls 0 23874
@calls 0 23875
@calls 0 23876
@calls 0 23877
@calls 0 23878
@calls 0 23879
@calls 0 23880
@calls 0 23881
@calls 0 23882
@calls 0 23883
@calls 0 23884
@calls 0 23885
@calls 0 23886
@calls 0 23887
@calls 0 23888
@calls 0 23889
@calls 0 23890
@calls 0 23891
@calls 0 23892
@calls 0 23893
@calls 0 23894
@calls 0 23895
@calls 0 23896
@calls 0 23897
@calls 0 23898
@calls 0 23899
@calls 0 23900
@calls 0 23901
@calls 0 23902
@calls 0 23903
@calls 0 23904
@calls 0 23905
@calls 0 23906
@calls 0 23907
@calls 0 23908
@calls 0 23909
@calls 0 23910
@calls 0 23911
@calls 0 23912
@calls 0 23913
@calls 0 23914
@calls 0 23915
@calls 0 23916
@calls 0 23917
@calls 0 23918
@calls 0 23919
@calls 0 23920
@calls 0 23921
@calls 0 23922
@calls 0 23923
@calls 0 23924
@calls 0 23925
@calls 0 23926
@calls 0 23927
@calls 0 23928
@calls 0 23929
@calls 0 23930
@calls 0 23931
@calls 0 23932
@calls 0 23933
@calls 0 23934
@calls 0 23935
@calls 0 23936
@calls 0 23937
@calls 0 23938
@calls 0 23939
@calls 0 23940
@calls 0 23941
@calls 0 23942
@calls 0 23943
@calls 0 23944
@calls 0 23945
@calls 0 23946
@calls 0 23947
@calls 0 23948
@calls 0 23949
@calls 0 23950
@calls 0 23951
@calls 0 23952
@calls 0 23953
@calls 0 23954
@calls 0 23955
@calls 0 23956
@calls 0 23957
@calls 0 23958
@calls 0 23959
@calls 0 23960
@calls 0 23961
@calls 0 23962
@calls 0 23963
@calls 0 23964
@calls 0 23965
@calls 0 23966
@calls 0 23967
@calls 0 23968
@calls 0 23969
@calls 0 23970
@calls 0 23971
@calls 0 23972
@calls 0 23973
@calls 0 23974
@calls 0 23975
@calls 0 23976
@calls 0 23977
@calls 0 23978
@calls 0 23979
@calls 0 23980
@calls 0 23981
@calls 0 23982
@calls 0 23983
@calls 0 23984
@calls 0 23985
@calls 0 23986
@calls 0 23987
@calls 0 23988
@calls 0 23989
@calls 0 23990
@calls 0 23991
@calls 0 23992
@calls 0 23993
@calls 0 23994
@calls 0 23995
@calls 0 23996
@calls 0 23997
@calls 0 23998
@calls 0 23999
@calls 0 24000
@calls 0 24001
@calls 0 24002
@calls 0 24003
@calls 0 24004
@calls 0 24005
@calls 0 24006
@calls 0 24007
@calls 0 24008
@calls 0 24009
@calls 0 24010
@calls 0 24011
@calls 0 24012
@calls 0 24013
@calls 0 24014
@calls 0 24015
@calls 0 24016
@calls 0 24017
@calls 0 24018
@calls 0 24019
@calls 0 24020
@calls 0 24021
@calls 0 24022
@calls 0 24023
@calls 0 24024
@calls 0 24025
@calls 0 24026
@calls 0 24027
@calls 0 24028
@calls 0 24029
@calls 0 24030
@calls 0 24031
@calls 0 24032
@calls 0 24033
@calls 0 24034
@calls 0 24035
@calls 0 24036
@calls 0 24037
@calls 0 24038
@calls 0 24039
@calls 0 24040
@calls 0 24041
@calls 0 24042
@calls 0 24043
@calls 0 24044
@calls 0 24045
@calls 0 24046
@calls 0 24047
@calls 0 24048
@calls 0 24049
@calls 0 24050
@calls 0 24051
@calls 0 24052
@calls 0 24053
@calls 0 24054
@calls 0 24055
@calls 0 24056
@calls 0 24057
@calls 0 24058
@calls 0 24059
@calls 0 24060
@calls 0 24061
@calls 0 24062
@calls 0 24063
@calls 0 24064
@calls 0 24065
@calls 0 24066
@calls 0 24067
@calls 0 24068
@calls 0 24069
@calls 0 24070
@calls 0 24071
@calls 0 24072
@calls 0 24073
@calls 0 24074
@calls 0 24075
@calls 0 24076
@calls 0 24077
@calls 0 24078
@calls 0 24079
@calls 0 24080
@calls 0 24081
@calls 0 24082
@calls 0 24083
@calls 0 24084
@calls 0 24085
@calls 0 24086
@calls 0 24087
@calls 0 24088
@calls 0 24089
@calls 0 24090
@calls 0 24091
@calls 0 24092
@calls 0 24093
@calls 0 24094
@calls 0 24095
@calls 0 24096
@calls 0 24097
@calls 0 24098
@calls 0 24099
@calls 0 24100
@calls 0 24101
@calls 0 24102
@calls 0 24103
@calls 0 24104
@calls 0 24105
@calls 0 24106
@calls 0 24107
@calls 0 24108
@calls 0 24109
@calls 0 24110
@calls 0 24111
@calls 0 24112
@calls 0 24113
@calls 0 24114
@calls 0 24115
@calls 0 24116
@calls 0 24117
@calls 0 24118
@calls 0 24119
@calls 0 24120
@calls 0 24121
@calls 0 24122
@calls 0 24123
@calls 0 24124
@calls 0 24125
@calls 0 24126
@calls 0 24127
@calls 0 24128
@calls 0 24129
@calls 0 24130
@calls 0 24131
@calls 0 24132
@calls 0 24133
@calls 0 24134
@calls 0 24135
@calls 0 24136
@calls 0 24137
@calls 0 24138
@calls 0 24139
@calls 0 24140
@calls 0 24141
@calls 0 24142
@calls 0 24143
@calls 0 24144
@calls 0 24145
@calls 0 24146
@calls 0 24147
@calls 0 24148
@calls 0 24149
@calls 0 24150
@calls 0 24151
@calls 0 24152
@calls 0 24153
@calls 0 24154
@calls 0 24155
@calls 0 24156
@calls 0 24157
@calls 0 24158
@calls 0 24159
@calls 0 24160
@calls 0 24161
@calls 0 24162
@calls 0 24163
@calls 0 24164
@calls 0 24165
@calls 0 24166
@calls 0 24167
@calls 0 24168
@calls 0 24169
@calls 0 24170
@calls 0 24171
@calls 0 24172
@calls 0 24173
@calls 0 24174
@calls 0 24175
@calls 0 24176
@calls 0 24177
@calls 0 24178
@calls 0 24179
@calls 0 24180
@calls 0 24181
@calls 0 24182
@calls 0 24183
@calls 0 24184
@calls 0 24185
@calls 0 24186
@calls 0 24187
@calls 0 24188
@calls 0 24189
@calls 0 24190
@calls 0 24191
@calls 0 24192
@calls 0 24193
@calls 0 24194
@calls 0 24195
@calls 0 24196
@calls 0 24197
@calls 0 24198
@calls 0 24199
@calls 0 24200
@calls 0 24201
@calls 0 24202
@calls 0 24203
@calls 0 24204
@calls 0 24205
@calls 0 24206
@calls 0 24207
@calls 0 24208
@calls 0 24209
@calls 0 24210
@calls 0 24211
@calls 0 24212
@calls 0 24213
@calls 0 24214
@calls 0 24215
@calls 0 24216
@calls 0 24217
@calls 0 24218
@calls 0 24219
@calls 0 24220
@calls 0 24221
@calls 0 24222
@calls 0 24223
@calls 0 24224
@calls 0 24225
@calls 0 24226
@calls 0 24227
@calls 0 24228
@calls 0 24229
@calls 0 24230
@calls 0 24231
@calls 0 24232
@calls 0 24233
@calls 0 24234
@calls 0 24235
@calls 0 24236
@calls 0 24237
@calls 0 24238
@calls 0 24239
@calls 0 24240
@calls 0 24241
@calls 0 24242
@calls 0 24243
@calls 0 24244
@calls 0 24245
@calls 0 24246
@calls 0 24247
@calls 0 24248
@calls 0 24249
@calls 0 24250
@calls 0 24251
@calls 0 24252
@calls 0 24253
@calls 0 24254
@calls 0 24255
@calls 0 24256
@calls 0 24257
@calls 0 24258
@calls 0 24259
@calls 0 24260
@calls 0 24261
@calls 0 24262
@calls 0 24263
@calls 0 24264
@calls 0 24265
@calls 0 24266
@calls 0 24267
@calls 0 24268
@calls 0 24269
@calls 0 24270
@calls 0 24271
@calls 0 24272
@calls 0 24273
@calls 0 24274
@calls 0 24275
@calls 0 24276
@calls 0 24277
@calls 0 24278
@calls 0 24279
@calls 0 24280
@calls 0 24281
@calls 0 24282
@calls 0 24283
@calls 0 24284
@calls 0 24285
@calls 0 24286
@calls 0 24287
@calls 0 24288
@calls 0 24289
@calls 0 24290
@calls 0 24291
@calls 0 24292
@calls 0 24293
@calls 0 24294
@calls 0 24295
@calls 0 24296
@calls 0 24297
@calls 0 24298
@calls 0 24299
@calls 0 24300
@calls 0 24301
@calls 0 24302
@calls 0 24303
@calls 0 24304
@calls 0 24305
@calls 0 24306
@calls 0 24307
@calls 0 24308
@calls 0 24309
@calls 0 24310
@calls 0 24311
@calls 0 24312
@calls 0 24313
@calls 0 24314
@calls 0 24315
@calls 0 24316
@calls 0 24317
@calls 0 24318
@calls 0 24319
@calls 0 24320
@calls 0 24321
@calls 0 24322
@calls 0 24323
@calls 0 24324
@calls 0 24325
@calls 0 24326
@calls 0 24327
@calls 0 24328
@calls 0 24329
@calls 0 24330
@calls 0 24331
@calls 0 24332
@calls 0 24333
@calls 0 24334
@calls 0 24335
@calls 0 24336
@calls 0 24337
@calls 0 24338
@calls 0 24339
@calls 0 24340
@calls 0 24341
@calls 0 24342
@calls 0 24343
@calls 0 24344
@calls 0 24345
@calls 0 24346
@calls 0 24347
@calls 0 24348
@calls 0 24349
@calls 0 24350
@calls 0 24351
@calls 0 24352
@calls 0 24353
@calls 0 24354
@calls 0 24355
@calls 0 24356
@calls 0 24357
@calls 0 24358
@calls 0 24359
@calls 0 24360
@calls 0 24361
@calls 0 24362
@calls 0 24363
@calls 0 24364
@calls 0 24365
@calls 0 24366
@calls 0 24367
@calls 0 24368
@calls 0 24369
@calls 0 24370
@calls 0 24371
@calls 0 24372
@calls 0 24373
@calls 0 24374
@calls 0 24375
@calls 0 24376
@calls 0 24377
@calls 0 24378
@calls 0 24379
@calls 0 24380
@calls 0 24381
@calls 0 24382
@calls 0 24383
@calls 0 24384
@calls 0 24385
@calls 0 24386
@calls 0 24387
@calls 0 24388
@calls 0 24389
@calls 0 24390
@calls 0 24391
@calls 0 24392
@calls 0 24393
@calls 0 24394
@calls 0 24395
@calls 0 24396
@calls 0 24397
@calls 0 24398
@calls 0 24399
@calls 0 24400
@calls 0 24401
@calls 0 24402
@calls 0 24403
@calls 0 24404
@calls 0 24405
@calls 0 24406
@calls 0 24407
@calls 0 24408
@calls 0 24409
@calls 0 24410
@calls 0 24411
@calls 0 24412
@calls 0 24413
@calls 0 24414
@calls 0 24415
@calls 0 24416
@calls 0 24417
@calls 0 24418
@calls 0 24419
@calls 0 24420
@calls 0 24421
@calls 0 24422
@calls 0 24423
@calls 0 24424
@calls 0 24425
@calls 0 24426
@calls 0 24427
@calls 0 24428
@calls 0 24429
@calls 0 24430
@calls 0 24431
@calls 0 24432
@calls 0 24433
@calls 0 24434
@calls 0 24435
@calls 0 24436
@calls 0 24437
@calls 0 24438
@calls 0 24439
@calls 0 24440
@calls 0 24441
@calls 0 24442
@calls 0 24443
@calls 0 24444
@calls 0 24445
@calls 0 24446
@calls 0 24447
@calls 0 24448
@calls 0 24449
@calls 0 24450
@calls 0 24451
@calls 0 24452
@calls 0 24453
@calls 0 24454
@calls 0 24455
@calls 0 24456
@calls 0 24457
@calls 0 24458
@calls 0 24459
@calls 0 24460
@calls 0 24461
@calls 0 24462
@calls 0 24463
@calls 0 24464
@calls 0 24465
@calls 0 24466
@calls 0 24467
@calls 0 24468
@calls 0 24469
@calls 0 24470
@calls 0 24471
@calls 0 24472
@calls 0 24473
@calls 0 24474
@calls 0 24475
@calls 0 24476
@calls 0 24477
@calls 0 24478
@calls 0 24479
@calls 0 24480
@calls 0 24481
@calls 0 24482
@calls 0 24483
@calls 0 24484
@calls 0 24485
@calls 0 24486
@calls 0 24487
@calls 0 24488
@calls 0 24489
@calls 0 24490
@calls 0 24491
@calls 0 24492
@calls 0 24493
@calls 0 24494
@calls 0 24495
@calls 0 24496
@calls 0 24497
@calls 0 24498
@calls 0 24499
@calls 0 24500
@calls 0 24501
@calls 0 24502
@calls 0 24503
@calls 0 24504
@calls 0 24505
@calls 0 24506
@calls 0 24507
@calls 0 24508
@calls 0 24509
@calls 0 24510
@calls 0 24511
@calls 0 24512
@calls 0 24513
@calls 0 24514
@calls 0 24515
@calls 0 24516
@calls 0 24517
@calls 0 24518
@calls 0 24519
@calls 0 24520
@calls 0 24521
@calls 0 24522
@calls 0 24523
@calls 0 24524
@calls 0 24525
@calls 0 24526
@calls 0 24527
@calls 0 24528
@calls 0 24529
@calls 0 24530
@calls 0 24531
@calls 0 24532
@calls 0 24533
@calls 0 24534
@calls 0 24535
@calls 0 24536
@calls 0 24537
@calls 0 24538
@calls 0 24539
@calls 0 24540
@calls 0 24541
@calls 0 24542
@calls 0 24543
@calls 0 24544
@calls 0 24545
@calls 0 24546
@calls 0 24547
@calls 0 24548
@calls 0 24549
@calls 0 24550
@calls 0 24551
@calls 0 24552
@calls 0 24553
@calls 0 24554
@calls 0 24555
@calls 0 24556
@calls 0 24557
@calls 0 24558
@calls 0 24559
@calls 0 24560
@calls 0 24561
@calls 0 24562
@calls 0 24563
@calls 0 24564
@calls 0 24565
@calls 0 24566
@calls 0 24567
@calls 0 24568
@calls 0 24569
@calls 0 24570
@calls 0 24571
@calls 0 24572
@calls 0 24573
@calls 0 24574
@calls 0 24575
@calls 0 24576
@calls 0 24577
@calls 0 24578
@calls 0 24579
@calls 0 24580
@calls 0 24581
@calls 0 24582
@calls 0 24583
@calls 0 24584
@calls 0 24585
@calls 0 24586
@calls 0 24587
@calls 0 24588
@calls 0 24589
@calls 0 24590
@calls 0 24591
@calls 0 24592
@calls 0 24593
@calls 0 24594
@calls 0 24595
@calls 0 24596
@calls 0 24597
@calls 0 24598
@calls 0 24599
@calls 0 24600
@calls 0 24601
@calls 0 24602
@calls 0 24603
@calls 0 24604
@calls 0 24605
@calls 0 24606
@calls 0 24607
@calls 0 24608
@calls 0 24609
@calls 0 24610
@calls 0 24611
@calls 0 24612
@calls 0 24613
@calls 0 24614
@calls 0 24615
@calls 0 24616
@calls 0 24617
@calls 0 24618
@calls 0 24619
@calls 0 24620
@calls 0 24621
@calls 0 24622
@calls 0 24623
@calls 0 24624
@calls 0 24625
@calls 0 24626
@calls 0 24627
@calls 0 24628
@calls 0 24629
@calls 0 24630
@calls 0 24631
@calls 0 24632
@calls 0 24633
@calls 0 24634
@calls 0 24635
@calls 0 24636
@calls 0 24637
@calls 0 24638
@calls 0 24639
@calls 0 24640
@calls 0 24641
@calls 0 24642
@calls 0 24643
@calls 0 24644
@calls 0 24645
@calls 0 24646
@calls 0 24647
@calls 0 24648
@calls 0 24649
@calls 0 24650
@calls 0 24651
@calls 0 24652
@calls 0 24653
@calls 0 24654
@calls 0 24655
@calls 0 24656
@calls 0 24657
@calls 0 24658
@calls 0 24659
@calls 0 24660
@calls 0 24661
@calls 0 24662
@calls 0 24663
@calls 0 24664
@calls 0 24665
@calls 0 24666
@calls 0 24667
@calls 0 24668
@calls 0 24669
@calls 0 24670
@calls 0 24671
@calls 0 24672
@calls 0 24673
@calls 0 24674
@calls 0 24675
@calls 0 24676
@calls 0 24677
@calls 0 24678
@calls 0 24679
@calls 0 24680
@calls 0 24681
@calls 0 24682
@calls 0 24683
@calls 0 24684
@calls 0 24685
@calls 0 24686
@calls 0 24687
@calls 0 24688
@calls 0 24689
@calls 0 24690
@calls 0 24691
@calls 0 24692
@calls 0 24693
@calls 0 24694
@calls 0 24695
@calls 0 24696
@calls 0 24697
@calls 0 24698
@calls 0 24699
@calls 0 24700
@calls 0 24701
@calls 0 24702
@calls 0 24703
@calls 0 24704
@calls 0 24705
@calls 0 24706
@calls 0 24707
@calls 0 24708
@calls 0 24709
@calls 0 24710
@calls 0 24711
@calls 0 24712
@calls 0 24713
@calls 0 24714
@calls 0 24715
@calls 0 24716
@calls 0 24717
@calls 0 24718
@calls 0 24719
@calls 0 24720
@calls 0 24721
@calls 0 24722
@calls 0 24723
@calls 0 24724
@calls 0 24725
@calls 0 24726
@calls 0 24727
@calls 0 24728
@calls 0 24729
@calls 0 24730
@calls 0 24731
@calls 0 24732
@calls 0 24733
@calls 0 24734
@calls 0 24735
@calls 0 24736
@calls 0 24737
@calls 0 24738
@calls 0 24739
@calls 0 24740
@calls 0 24741
@calls 0 24742
@calls 0 24743
@calls 0 24744
@calls 0 24745
@calls 0 24746
@calls 0 24747
@calls 0 24748
@calls 0 24749
@calls 0 24750
@calls 0 24751
@calls 0 24752
@calls 0 24753
@calls 0 24754
@calls 0 24755
@calls 0 24756
@calls 0 24757
@calls 0 24758
@calls 0 24759
@calls 0 24760
@calls 0 24761
@calls 0 24762
@calls 0 24763
@calls 0 24764
@calls 0 24765
@calls 0 24766
@calls 0 24767
@calls 0 24768
@calls 0 24769
@calls 0 24770
@calls 0 24771
@calls 0 24772
@calls 0 24773
@calls 0 24774
@calls 0 24775
@calls 0 24776
@calls 0 24777
@calls 0 24778
@calls 0 24779
@calls 0 24780
@calls 0 24781
@calls 0 24782
@calls 0 24783
@calls 0 24784
@calls 0 24785
@calls 0 24786
@calls 0 24787
@calls 0 24788
@calls 0 24789
@calls 0 24790
@calls 0 24791
@calls 0 24792
@calls 0 24793
@calls 0 24794
@calls 0 24795
@calls 0 24796
@calls 0 24797
@calls 0 24798
@calls 0 24799
@calls 0 24800
@calls 0 24801
@calls 0 24802
@calls 0 24803
@calls 0 24804
@calls 0 24805
@calls 0 24806
@calls 0 24807
@calls 0 24808
@calls 0 24809
@calls 0 24810
@calls 0 24811
@calls 0 24812
@calls 0 24813
@calls 0 24814
@calls 0 24815
@calls 0 24816
@calls 0 24817
@calls 0 24818
@calls 0 24819
@calls 0 24820
@calls 0 24821
@calls 0 24822
@calls 0 24823
@calls 0 24824
@calls 0 24825
@calls 0 24826
@calls 0 24827
@calls 0 24828
@calls 0 24829
@calls 0 24830
@calls 0 24831
@calls 0 24832
@calls 0 24833
@calls 0 24834
@calls 0 24835
@calls 0 24836
@calls 0 24837
@calls 0 24838
@calls 0 24839
@calls 0 24840
@calls 0 24841
@calls 0 24842
@calls 0 24843
@calls 0 24844
@calls 0 24845
@calls 0 24846
@calls 0 24847
@calls 0 24848
@calls 0 24849
@calls 0 24850
@calls 0 24851
@calls 0 24852
@calls 0 24853
@calls 0 24854
@calls 0 24855
@calls 0 24856
@calls 0 24857
@calls 0 24858
@calls 0 24859
@calls 0 24860
@calls 0 24861
@calls 0 24862
@calls 0 24863
@calls 0 24864
@calls 0 24865
@calls 0 24866
@calls 0 24867
@calls 0 24868
@calls 0 24869
@calls 0 24870
@calls 0 24871
@calls 0 24872
@calls 0 24873
@calls 0 24874
@calls 0 24875
@calls 0 24876
@calls 0 24877
@calls 0 24878
@calls 0 24879
@calls 0 24880
@calls 0 24881
@calls 0 24882
@calls 0 24883
@calls 0 24884
@calls 0 24885
@calls 0 24886
@calls 0 24887
@calls 0 24888
@calls 0 24889
@calls 0 24890
@calls 0 24891
@calls 0 24892
@calls 0 24893
@calls 0 24894
@calls 0 24895
@calls 0 24896
@calls 0 24897
@calls 0 24898
@calls 0 24899
@calls 0 24900
@calls 0 24901
@calls 0 24902
@calls 0 24903
@calls 0 24904
@calls 0 24905
@calls 0 24906
@calls 0 24907
@calls 0 24908
@calls 0 24909
@calls 0 24910
@calls 0 24911
@calls 0 24912
@calls 0 24913
@calls 0 24914
@calls 0 24915
@calls 0 24916
@calls 0 24917
@calls 0 24918
@calls 0 24919
@calls 0 24920
@calls 0 24921
@calls 0 24922
@calls 0 24923
@calls 0 24924
@calls 0 24925
@calls 0 24926
@calls 0 24927
@calls 0 24928
@calls 0 24929
@calls 0 24930
@calls 0 24931
@calls 0 24932
@calls 0 24933
@calls 0 24934
@calls 0 24935
@calls 0 24936
@calls 0 24937
@calls 0 24938
@calls 0 24939
@calls 0 24940
@calls 0 24941
@calls 0 24942
@calls 0 24943
@calls 0 24944
@calls 0 24945
@calls 0 24946
@calls 0 24947
@calls 0 24948
@calls 0 24949
@calls 0 24950
@calls 0 24951
@calls 0 24952
@calls 0 24953
@calls 0 24954
@calls 0 24955
@calls 0 24956
@calls 0 24957
@calls 0 24958
@calls 0 24959
@calls 0 24960
@calls 0 24961
@calls 0 24962
@calls 0 24963
@calls 0 24964
@calls 0 24965
@calls 0 24966
@calls 0 24967
@calls 0 24968
@calls 0 24969
@calls 0 24970
@calls 0 24971
@calls 0 24972
@calls 0 24973
@calls 0 24974
@calls 0 24975
@calls 0 24976
@calls 0 24977
@calls 0 24978
@calls 0 24979
@calls 0 24980
@calls 0 24981
@calls 0 24982
@calls 0 24983
@calls 0 24984
@calls 0 24985
@calls 0 24986
@calls 0 24987
@calls 0 24988
@calls 0 24989
@calls 0 24990
@calls 0 24991
@calls 0 24992
@calls 0 24993
@calls 0 24994
@calls 0 24995
@calls 0 24996
@calls 0 24997
@calls 0 24998
@calls 0 24999
@calls 0 25000
@calls 0 25001
@calls 0 25002
@calls 0 25003
@calls 0 25004
@calls 0 25005
@calls 0 25006
@calls 0 25007
@calls 0 25008
@calls 0 25009
@calls 0 25010
@calls 0 25011
@calls 0 25012
@calls 0 25013
@calls 0 25014
@calls 0 25015
@calls 0 25016
@calls 0 25017
@calls 0 25018
@calls 0 25019
@calls 0 25020
@calls 0 25021
@calls 0 25022
@calls 0 25023
@calls 0 25024
@calls 0 25025
@calls 0 25026
@calls 0 25027
@calls 0 25028
@calls 0 25029
@calls 0 25030
@calls 0 25031
@calls 0 25032
@calls 0 25033
@calls 0 25034
@calls 0 25035
@calls 0 25036
@calls 0 25037
@calls 0 25038
@calls 0 25039
@calls 0 25040
@calls 0 25041
@calls 0 25042
@calls 0 25043
@calls 0 25044
@calls 0 25045
@calls 0 25046
@calls 0 25047
@calls 0 25048
@calls 0 25049
@calls 0 25050
@calls 0 25051
@calls 0 25052
@calls 0 25053
@calls 0 25054
@calls 0 25055
@calls 0 25056
@calls 0 25057
@calls 0 25058
@calls 0 25059
@calls 0 25060
@calls 0 25061
@calls 0 25062
@calls 0 25063
@calls 0 25064
@calls 0 25065
@calls 0 25066
@calls 0 25067
@calls 0 25068
@calls 0 25069
@calls 0 25070
@calls 0 25071
@calls 0 25072
@calls 0 25073
@calls 0 25074
@calls 0 25075
@calls 0 25076
@calls 0 25077
@calls 0 25078
@calls 0 25079
@calls 0 25080
@calls 0 25081
@calls 0 25082
@calls 0 25083
@calls 0 25084
@calls 0 25085
@calls 0 25086
@calls 0 25087
@calls 0 25088
@calls 0 25089
@calls 0 25090
@calls 0 25091
@calls 0 25092
@calls 0 25093
@calls 0 25094
@calls 0 25095
@calls 0 25096
@calls 0 25097
@calls 0 25098
@calls 0 25099
@calls 0 25100
@calls 0 25101
@calls 0 25102
@calls 0 25103
@calls 0 25104
@calls 0 25105
@calls 0 25106
@calls 0 25107
@calls 0 25108
@calls 0 25109
@calls 0 25110
@calls 0 25111
@calls 0 25112
@calls 0 25113
@calls 0 25114
@calls 0 25115
@calls 0 25116
@calls 0 25117
@calls 0 25118
@calls 0 25119
@calls 0 25120
@calls 0 25121
@calls 0 25122
@calls 0 25123
@calls 0 25124
@calls 0 25125
@calls 0 25126
@calls 0 25127
@calls 0 25128
@calls 0 25129
@calls 0 25130
@calls 0 25131
@calls 0 25132
@calls 0 25133
@calls 0 25134
@calls 0 25135
@calls 0 25136
@calls 0 25137
@calls 0 25138
@calls 0 25139
@calls 0 25140
@calls 0 25141
@calls 0 25142
@calls 0 25143
@calls 0 25144
@calls 0 25145
@calls 0 25146
@calls 0 25147
@calls 0 25148
@calls 0 25149
@calls 0 25150
@calls 0 25151
@calls 0 25152
@calls 0 25153
@calls 0 25154
@calls 0 25155
@calls 0 25156
@calls 0 25157
@calls 0 25158
@calls 0 25159
@calls 0 25160
@calls 0 25161
@calls 0 25162
@calls 0 25163
@calls 0 25164
@calls 0 25165
@calls 0 25166
@calls 0 25167
@calls 0 25168
@calls 0 25169
@calls 0 25170
@calls 0 25171
@calls 0 25172
@calls 0 25173
@calls 0 25174
@calls 0 25175
@calls 0 25176
@calls 0 25177
@calls 0 25178
@calls 0 25179
@calls 0 25180
@calls 0 25181
@calls 0 25182
@calls 0 25183
@calls 0 25184
@calls 0 25185
@calls 0 25186
@calls 0 25187
@calls 0 25188
@calls 0 25189
@calls 0 25190
@calls 0 25191
@calls 0 25192
@calls 0 25193
@calls 0 25194
@calls 0 25195
@calls 0 25196
@calls 0 25197
@calls 0 25198
@calls 0 25199
@calls 0 25200
@calls 0 25201
@calls 0 25202
@calls 0 25203
@calls 0 25204
@calls 0 25205
@calls 0 25206
@calls 0 25207
@calls 0 25208
@calls 0 25209
@calls 0 25210
@calls 0 25211
@calls 0 25212
@calls 0 25213
@calls 0 25214
@calls 0 25215
@calls 0 25216
@calls 0 25217
@calls 0 25218
@calls 0 25219
@calls 0 25220
@calls 0 25221
@calls 0 25222
@calls 0 25223
@calls 0 25224
@calls 0 25225
@calls 0 25226
@calls 0 25227
@calls 0 25228
@calls 0 25229
@calls 0 25230
@calls 0 25231
@calls 0 25232
@calls 0 25233
@calls 0 25234
@calls 0 25235
@calls 0 25236
@calls 0 25237
@calls 0 25238
@calls 0 25239
@calls 0 25240
@calls 0 25241
@calls 0 25242
@calls 0 25243
@calls 0 25244
@calls 0 25245
@calls 0 25246
@calls 0 25247
@calls 0 25248
@calls 0 25249
@calls 0 25250
@calls 0 25251
@calls 0 25252
@calls 0 25253
@calls 0 25254
@calls 0 25255
@calls 0 25256
@calls 0 25257
@calls 0 25258
@calls 0 25259
@calls 0 25260
@calls 0 25261
@calls 0 25262
@calls 0 25263
@calls 0 25264
@calls 0 25265
@calls 0 25266
@calls 0 25267
@calls 0 25268
@calls 0 25269
@calls 0 25270
@calls 0 25271
@calls 0 25272
@calls 0 25273
@calls 0 25274
@calls 0 25275
@calls 0 25276
@calls 0 25277
@calls 0 25278
@calls 0 25279
@calls 0 25280
@calls 0 25281
@calls 0 25282
@calls 0 25283
@calls 0 25284
@calls 0 25285
@calls 0 25286
@calls 0 25287
@calls 0 25288
@calls 0 25289
@calls 0 25290
@calls 0 25291
@calls 0 25292
@calls 0 25293
@calls 0 25294
@calls 0 25295
@calls 0 25296
@calls 0 25297
@calls 0 25298
@calls 0 25299
@calls 0 25300
@calls 0 25301
@calls 0 25302
@calls 0 25303
@calls 0 25304
@calls 0 25305
@calls 0 25306
@calls 0 25307
@calls 0 25308
@calls 0 25309
@calls 0 25310
@calls 0 25311
@calls 0 25312
@calls 0 25313
@calls 0 25314
@calls 0 25315
@calls 0 25316
@calls 0 25317
@calls 0 25318
@calls 0 25319
@calls 0 25320
@calls 0 25321
@calls 0 25322
@calls 0 25323
@calls 0 25324
@calls 0 25325
@calls 0 25326
@calls 0 25327
@calls 0 25328
@calls 0 25329
@calls 0 25330
@calls 0 25331
@calls 0 25332
@calls 0 25333
@calls 0 25334
@calls 0 25335
@calls 0 25336
@calls 0 25337
@calls 0 25338
@calls 0 25339
@calls 0 25340
@calls 0 25341
@calls 0 25342
@calls 0 25343
@calls 0 25344
@calls 0 25345
@calls 0 25346
@calls 0 25347
@calls 0 25348
@calls 0 25349
@calls 0 25350
@calls 0 25351
@calls 0 25352
@calls 0 25353
@calls 0 25354
@calls 0 25355
@calls 0 25356
@calls 0 25357
@calls 0 25358
@calls 0 25359
@calls 0 25360
@calls 0 25361
@calls 0 25362
@calls 0 25363
@calls 0 25364
@calls 0 25365
@calls 0 25366
@calls 0 25367
@calls 0 25368
@calls 0 25369
@calls 0 25370
@calls 0 25371
@calls 0 25372
@calls 0 25373
@calls 0 25374
@calls 0 25375
@calls 0 25376
@calls 0 25377
@calls 0 25378
@calls 0 25379
@calls 0 25380
@calls 0 25381
@calls 0 25382
@calls 0 25383
@calls 0 25384
@calls 0 25385
@calls 0 25386
@calls 0 25387
@calls 0 25388
@calls 0 25389
@calls 0 25390
@calls 0 25391
@calls 0 25392
@calls 0 25393
@calls 0 25394
@calls 0 25395
@calls 0 25396
@calls 0 25397
@calls 0 25398
@calls 0 25399
@calls 0 25400
@calls 0 25401
@calls 0 25402
@calls 0 25403
@calls 0 25404
@calls 0 25405
@calls 0 25406
@calls 0 25407
@calls 0 25408
@calls 0 25409
@calls 0 25410
@calls 0 25411
@calls 0 25412
@calls 0 25413
@calls 0 25414
@calls 0 25415
@calls 0 25416
@calls 0 25417
@calls 0 25418
@calls 0 25419
@calls 0 25420
@calls 0 25421
@calls 0 25422
@calls 0 25423
@calls 0 25424
@calls 0 25425
@calls 0 25426
@calls 0 25427
@calls 0 25428
@calls 0 25429
@calls 0 25430
@calls 0 25431
@calls 0 25432
@calls 0 25433
@calls 0 25434
@calls 0 25435
@calls 0 25436
@calls 0 25437
@calls 0 25438
@calls 0 25439
@calls 0 25440
@calls 0 25441
@calls 0 25442
@calls 0 25443
@calls 0 25444
@calls 0 25445
@calls 0 25446
@calls 0 25447
@calls 0 25448
@calls 0 25449
@calls 0 25450
@calls 0 25451
@calls 0 25452
@calls 0 25453
@calls 0 25454
@calls 0 25455
@calls 0 25456
@calls 0 25457
@calls 0 25458
@calls 0 25459
@calls 0 25460
@calls 0 25461
@calls 0 25462
@calls 0 25463
@calls 0 25464
@calls 0 25465
@calls 0 25466
@calls 0 25467
@calls 0 25468
@calls 0 25469
@calls 0 25470
@calls 0 25471
@calls 0 25472
@calls 0 25473
@calls 0 25474
@calls 0 25475
@calls 0 25476
@calls 0 25477
@calls 0 25478
@calls 0 25479
@calls 0 25480
@calls 0 25481
@calls 0 25482
@calls 0 25483
@calls 0 25484
@calls 0 25485
@calls 0 25486
@calls 0 25487
@calls 0 25488
@calls 0 25489
@calls 0 25490
@calls 0 25491
@calls 0 25492
@calls 0 25493
@calls 0 25494
@calls 0 25495
@calls 0 25496
@calls 0 25497
@calls 0 25498
@calls 0 25499
@calls 0 25500
@calls 0 25501
@calls 0 25502
@calls 0 25503
@calls 0 25504
@calls 0 25505
@calls 0 25506
@calls 0 25507
@calls 0 25508
@calls 0 25509
@calls 0 25510
@calls 0 25511
@calls 0 25512
@calls 0 25513
@calls 0 25514
@calls 0 25515
@calls 0 25516
@calls 0 25517
@calls 0 25518
@calls 0 25519
@calls 0 25520
@calls 0 25521
@calls 0 25522
@calls 0 25523
@calls 0 25524
@calls 0 25525
@calls 0 25526
@calls 0 25527
@calls 0 25528
@calls 0 25529
@calls 0 25530
@calls 0 25531
@calls 0 25532
@calls 0 25533
@calls 0 25534
@calls 0 25535
@calls 0 25536
@calls 0 25537
@calls 0 25538
@calls 0 25539
@calls 0 25540
@calls 0 25541
@calls 0 25542
@calls 0 25543
@calls 0 25544
@calls 0 25545
@calls 0 25546
@calls 0 25547
@calls 0 25548
@calls 0 25549
@calls 0 25550
@calls 0 25551
@calls 0 25552
@calls 0 25553
@calls 0 25554
@calls 0 25555
@calls 0 25556
@calls 0 25557
@calls 0 25558
@calls 0 25559
@calls 0 25560
@calls 0 25561
@calls 0 25562
@calls 0 25563
@calls 0 25564
@calls 0 25565
@calls 0 25566
@calls 0 25567
@calls 0 25568
@calls 0 25569
@calls 0 25570
@calls 0 25571
@calls 0 25572
@calls 0 25573
@calls 0 25574
@calls 0 25575
@calls 0 25576
@calls 0 25577
@calls 0 25578
@calls 0 25579
@calls 0 25580
@calls 0 25581
@calls 0 25582
@calls 0 25583
@calls 0 25584
@calls 0 25585
@calls 0 25586
@calls 0 25587
@calls 0 25588
@calls 0 25589
@calls 0 25590
@calls 0 25591
@calls 0 25592
@calls 0 25593
@calls 0 25594
@calls 0 25595
@calls 0 25596
@calls 0 25597
@calls 0 25598
@calls 0 25599
@calls 0 25600
@calls 0 25601
@calls 0 25602
@calls 0 25603
@calls 0 25604
@calls 0 25605
@calls 0 25606
@calls 0 25607
@calls 0 25608
@calls 0 25609
@calls 0 25610
@calls 0 25611
@calls 0 25612
@calls 0 25613
@calls 0 25614
@calls 0 25615
@calls 0 25616
@calls 0 25617
@calls 0 25618
@calls 0 25619
@calls 0 25620
@calls 0 25621
@calls 0 25622
@calls 0 25623
@calls 0 25624
@calls 0 25625
@calls 0 25626
@calls 0 25627
@calls 0 25628
@calls 0 25629
@calls 0 25630
@calls 0 25631
@calls 0 25632
@calls 0 25633
@calls 0 25634
@calls 0 25635
@calls 0 25636
@calls 0 25637
@calls 0 25638
@calls 0 25639
@calls 0 25640
@calls 0 25641
@calls 0 25642
@calls 0 25643
@calls 0 25644
@calls 0 25645
@calls 0 25646
@calls 0 25647
@calls 0 25648
@calls 0 25649
@calls 0 25650
@calls 0 25651
@calls 0 25652
@calls 0 25653
@calls 0 25654
@calls 0 25655
@calls 0 25656
@calls 0 25657
@calls 0 25658
@calls 0 25659
@calls 0 25660
@calls 0 25661
@calls 0 25662
@calls 0 25663
@calls 0 25664
@calls 0 25665
@calls 0 25666
@calls 0 25667
@calls 0 25668
@calls 0 25669
@calls 0 25670
@calls 0 25671
@calls 0 25672
@calls 0 25673
@calls 0 25674
@calls 0 25675
@calls 0 25676
@calls 0 25677
@calls 0 25678
@calls 0 25679
@calls 0 25680
@calls 0 25681
@calls 0 25682
@calls 0 25683
@calls 0 25684
@calls 0 25685
@calls 0 25686
@calls 0 25687
@calls 0 25688
@calls 0 25689
@calls 0 25690
@calls 0 25691
@calls 0 25692
@calls 0 25693
@calls 0 25694
@calls 0 25695
@calls 0 25696
@calls 0 25697
@calls 0 25698
@calls 0 25699
@calls 0 25700
@calls 0 25701
@calls 0 25702
@calls 0 25703
@calls 0 25704
@calls 0 25705
@calls 0 25706
@calls 0 25707
@calls 0 25708
@calls 0 25709
@calls 0 25710
@calls 0 25711
@calls 0 25712
@calls 0 25713
@calls 0 25714
@calls 0 25715
@calls 0 25716
@calls 0 25717
@calls 0 25718
@calls 0 25719
@calls 0 25720
@calls 0 25721
@calls 0 25722
@calls 0 25723
@calls 0 25724
@calls 0 25725
@calls 0 25726
@calls 0 25727
@calls 0 25728
@calls 0 25729
@calls 0 25730
@calls 0 25731
@calls 0 25732
@calls 0 25733
@calls 0 25734
@calls 0 25735
@calls 0 25736
@calls 0 25737
@calls 0 25738
@calls 0 25739
@calls 0 25740
@calls 0 25741
@calls 0 25742
@calls 0 25743
@calls 0 25744
@calls 0 25745
@calls 0 25746
@calls 0 25747
@calls 0 25748
@calls 0 25749
@calls 0 25750
@calls 0 25751
@calls 0 25752
@calls 0 25753
@calls 0 25754
@calls 0 25755
@calls 0 25756
@calls 0 25757
@calls 0 25758
@calls 0 25759
@calls 0 25760
@calls 0 25761
@calls 0 25762
@calls 0 25763
@calls 0 25764
@calls 0 25765
@calls 0 25766
@calls 0 25767
@calls 0 25768
@calls 0 25769
@calls 0 25770
@calls 0 25771
@calls 0 25772
@calls 0 25773
@calls 0 25774
@calls 0 25775
@calls 0 25776
@calls 0 25777
@calls 0 25778
@calls 0 25779
@calls 0 25780
@calls 0 25781
@calls 0 25782
@calls 0 25783
@calls 0 25784
@calls 0 25785
@calls 0 25786
@calls 0 25787
@calls 0 25788
@calls 0 25789
@calls 0 25790
@calls 0 25791
@calls 0 25792
@calls 0 25793
@calls 0 25794
@calls 0 25795
@calls 0 25796
@calls 0 25797
@calls 0 25798
@calls 0 25799
@calls 0 25800
@calls 0 25801
@calls 0 25802
@calls 0 25803
@calls 0 25804
@calls 0 25805
@calls 0 25806
@calls 0 25807
@calls 0 25808
@calls 0 25809
@calls 0 25810
@calls 0 25811
@calls 0 25812
@calls 0 25813
@calls 0 25814
@calls 0 25815
@calls 0 25816
@calls 0 25817
@calls 0 25818
@calls 0 25819
@calls 0 25820
@calls 0 25821
@calls 0 25822
@calls 0 25823
@calls 0 25824
@calls 0 25825
@calls 0 25826
@calls 0 25827
@calls 0 25828
@calls 0 25829
@calls 0 25830
@calls 0 25831
@calls 0 25832
@calls 0 25833
@calls 0 25834
@calls 0 25835
@calls 0 25836
@calls 0 25837
@calls 0 25838
@calls 0 25839
@calls 0 25840
@calls 0 25841
@calls 0 25842
@calls 0 25843
@calls 0 25844
@calls 0 25845
@calls 0 25846
@calls 0 25847
@calls 0 25848
@calls 0 25849
@calls 0 25850
@calls 0 25851
@calls 0 25852
@calls 0 25853
@calls 0 25854
@calls 0 25855
@calls 0 25856
@calls 0 25857
@calls 0 25858
@calls 0 25859
@calls 0 25860
@calls 0 25861
@calls 0 25862
@calls 0 25863
@calls 0 25864
@calls 0 25865
@calls 0 25866
@calls 0 25867
@calls 0 25868
@calls 0 25869
@calls 0 25870
@calls 0 25871
@calls 0 25872
@calls 0 25873
@calls 0 25874
@calls 0 25875
@calls 0 25876
@calls 0 25877
@calls 0 25878
@calls 0 25879
@calls 0 25880
@calls 0 25881
@calls 0 25882
@calls 0 25883
@calls 0 25884
@calls 0 25885
@calls 0 25886
@calls 0 25887
@calls 0 25888
@calls 0 25889
@calls 0 25890
@calls 0 25891
@calls 0 25892
@calls 0 25893
@calls 0 25894
@calls 0 25895
@calls 0 25896
@calls 0 25897
@calls 0 25898
@calls 0 25899
@calls 0 25900
@calls 0 25901
@calls 0 25902
@calls 0 25903
@calls 0 25904
@calls 0 25905
@calls 0 25906
@calls 0 25907
@calls 0 25908
@calls 0 25909
@calls 0 25910
@calls 0 25911
@calls 0 25912
@calls 0 25913
@calls 0 25914
@calls 0 25915
@calls 0 25916
@calls 0 25917
@calls 0 25918
@calls 0 25919
@calls 0 25920
@calls 0 25921
@calls 0 25922
@calls 0 25923
@calls 0 25924
@calls 0 25925
@calls 0 25926
@calls 0 25927
@calls 0 25928
@calls 0 25929
@calls 0 25930
@calls 0 25931
@calls 0 25932
@calls 0 25933
@calls 0 25934
@calls 0 25935
@calls 0 25936
@calls 0 25937
@calls 0 25938
@calls 0 25939
@calls 0 25940
@calls 0 25941
@calls 0 25942
@calls 0 25943
@calls 0 25944
@calls 0 25945
@calls 0 25946
@calls 0 25947
@calls 0 25948
@calls 0 25949
@calls 0 25950
@calls 0 25951
@calls 0 25952
@calls 0 25953
@calls 0 25954
@calls 0 25955
@calls 0 25956
@calls 0 25957
@calls 0 25958
@calls 0 25959
@calls 0 25960
@calls 0 25961
@calls 0 25962
@calls 0 25963
@calls 0 25964
@calls 0 25965
@calls 0 25966
@calls 0 25967
@calls 0 25968
@calls 0 25969
@calls 0 25970
@calls 0 25971
@calls 0 25972
@calls 0 25973
@calls 0 25974
@calls 0 25975
@calls 0 25976
@calls 0 25977
@calls 0 25978
@calls 0 25979
@calls 0 25980
@calls 0 25981
@calls 0 25982
@calls 0 25983
@calls 0 25984
@calls 0 25985
@calls 0 25986
@calls 0 25987
@calls 0 25988
@calls 0 25989
@calls 0 25990
@calls 0 25991
@calls 0 25992
@calls 0 25993
@calls 0 25994
@calls 0 25995
@calls 0 25996
@calls 0 25997
@calls 0 25998
@calls 0 25999
@calls 0 26000
@calls 0 26001
@calls 0 26002
@calls 0 26003
@calls 0 26004
@calls 0 26005
@calls 0 26006
@calls 0 26007
@calls 0 26008
@calls 0 26009
@calls 0 26010
@calls 0 26011
@calls 0 26012
@calls 0 26013
@calls 0 26014
@calls 0 26015
@calls 0 26016
@calls 0 26017
@calls 0 26018
@calls 0 26019
@calls 0 26020
@calls 0 26021
@calls 0 26022
@calls 0 26023
@calls 0 26024
@calls 0 26025
@calls 0 26026
@calls 0 26027
@calls 0 26028
@calls 0 26029
@calls 0 26030
@calls 0 26031
@calls 0 26032
@calls 0 26033
@calls 0 26034
@calls 0 26035
@calls 0 26036
@calls 0 26037
@calls 0 26038
@calls 0 26039
@calls 0 26040
@calls 0 26041
@calls 0 26042
@calls 0 26043
@calls 0 26044
@calls 0 26045
@calls 0 26046
@calls 0 26047
@calls 0 26048
@calls 0 26049
@calls 0 26050
@calls 0 26051
@calls 0 26052
@calls 0 26053
@calls 0 26054
@calls 0 26055
@calls 0 26056
@calls 0 26057
@calls 0 26058
@calls 0 26059
@calls 0 26060
@calls 0 26061
@calls 0 26062
@calls 0 26063
@calls 0 26064
@calls 0 26065
@calls 0 26066
@calls 0 26067
@calls 0 26068
@calls 0 26069
@calls 0 26070
@calls 0 26071
@calls 0 26072
@calls 0 26073
@calls 0 26074
@calls 0 26075
@calls 0 26076
@calls 0 26077
@calls 0 26078
@calls 0 26079
@calls 0 26080
@calls 0 26081
@calls 0 26082
@calls 0 26083
@calls 0 26084
@calls 0 26085
@calls 0 26086
@calls 0 26087
@calls 0 26088
@calls 0 26089
@calls 0 26090
@calls 0 26091
@calls 0 26092
@calls 0 26093
@calls 0 26094
@calls 0 26095
@calls 0 26096
@calls 0 26097
@calls 0 26098
@calls 0 26099
@calls 0 26100
@calls 0 26101
@calls 0 26102
@calls 0 26103
@calls 0 26104
@calls 0 26105
@calls 0 26106
@calls 0 26107
@calls 0 26108
@calls 0 26109
@calls 0 26110
@calls 0 26111
@calls 0 26112
@calls 0 26113
@calls 0 26114
@calls 0 26115
@calls 0 26116
@calls 0 26117
@calls 0 26118
@calls 0 26119
@calls 0 26120
@calls 0 26121
@calls 0 26122
@calls 0 26123
@calls 0 26124
@calls 0 26125
@calls 0 26126
@calls 0 26127
@calls 0 26128
@calls 0 26129
@calls 0 26130
@calls 0 26131
@calls 0 26132
@calls 0 26133
@calls 0 26134
@calls 0 26135
@calls 0 26136
@calls 0 26137
@calls 0 26138
@calls 0 26139
@calls 0 26140
@calls 0 26141
@calls 0 26142
@calls 0 26143
@calls 0 26144
@calls 0 26145
@calls 0 26146
@calls 0 26147
@calls 0 26148
@calls 0 26149
@calls 0 26150
@calls 0 26151
@calls 0 26152
@calls 0 26153
@calls 0 26154
@calls 0 26155
@calls 0 26156
@calls 0 26157
@calls 0 26158
@calls 0 26159
@calls 0 26160
@calls 0 26161
@calls 0 26162
@calls 0 26163
@calls 0 26164
@calls 0 26165
@calls 0 26166
@calls 0 26167
@calls 0 26168
@calls 0 26169
@calls 0 26170
@calls 0 26171
@calls 0 26172
@calls 0 26173
@calls 0 26174
@calls 0 26175
@calls 0 26176
@calls 0 26177
@calls 0 26178
@calls 0 26179
@calls 0 26180
@calls 0 26181
@calls 0 26182
@calls 0 26183
@calls 0 26184
@calls 0 26185
@calls 0 26186
@calls 0 26187
@calls 0 26188
@calls 0 26189
@calls 0 26190
@calls 0 26191
@calls 0 26192
@calls 0 26193
@calls 0 26194
@calls 0 26195
@calls 0 26196
@calls 0 26197
@calls 0 26198
@calls 0 26199
@calls 0 26200
@calls 0 26201
@calls 0 26202
@calls 0 26203
@calls 0 26204
@calls 0 26205
@calls 0 26206
@calls 0 26207
@calls 0 26208
@calls 0 26209
@calls 0 26210
@calls 0 26211
@calls 0 26212
@calls 0 26213
@calls 0 26214
@calls 0 26215
@calls 0 26216
@calls 0 26217
@calls 0 26218
@calls 0 26219
@calls 0 26220
@calls 0 26221
@calls 0 26222
@calls 0 26223
@calls 0 26224
@calls 0 26225
@calls 0 26226
@calls 0 26227
@calls 0 26228
@calls 0 26229
@calls 0 26230
@calls 0 26231
@calls 0 26232
@calls 0 26233
@calls 0 26234
@calls 0 26235
@calls 0 26236
@calls 0 26237
@calls 0 26238
@calls 0 26239
@calls 0 26240
@calls 0 26241
@calls 0 26242
@calls 0 26243
@calls 0 26244
@calls 0 26245
@calls 0 26246
@calls 0 26247
@calls 0 26248
@calls 0 26249
@calls 0 26250
@calls 0 26251
@calls 0 26252
@calls 0 26253
@calls 0 26254
@calls 0 26255
@calls 0 26256
@calls 0 26257
@calls 0 26258
@calls 0 26259
@calls 0 26260
@calls 0 26261
@calls 0 26262
@calls 0 26263
@calls 0 26264
@calls 0 26265
@calls 0 26266
@calls 0 26267
@calls 0 26268
@calls 0 26269
@calls 0 26270
@calls 0 26271
@calls 0 26272
@calls 0 26273
@calls 0 26274
@calls 0 26275
@calls 0 26276
@calls 0 26277
@calls 0 26278
@calls 0 26279
@calls 0 26280
@calls 0 26281
@calls 0 26282
@calls 0 26283
@calls 0 26284
@calls 0 26285
@calls 0 26286
@calls 0 26287
@calls 0 26288
@calls 0 26289
@calls 0 26290
@calls 0 26291
@calls 0 26292
@calls 0 26293
@calls 0 26294
@calls 0 26295
@calls 0 26296
@calls 0 26297
@calls 0 26298
@calls 0 26299
@calls 0 26300
@calls 0 26301
@calls 0 26302
@calls 0 26303
@calls 0 26304
@calls 0 26305
@calls 0 26306
@calls 0 26307
@calls 0 26308
@calls 0 26309
@calls 0 26310
@calls 0 26311
@calls 0 26312
@calls 0 26313
@calls 0 26314
@calls 0 26315
@calls 0 26316
@calls 0 26317
@calls 0 26318
@calls 0 26319
@calls 0 26320
@calls 0 26321
@calls 0 26322
@calls 0 26323
@calls 0 26324
@calls 0 26325
@calls 0 26326
@calls 0 26327
@calls 0 26328
@calls 0 26329
@calls 0 26330
@calls 0 26331
@calls 0 26332
@calls 0 26333
@calls 0 26334
@calls 0 26335
@calls 0 26336
@calls 0 26337
@calls 0 26338
@calls 0 26339
@calls 0 26340
@calls 0 26341
@calls 0 26342
@calls 0 26343
@calls 0 26344
@calls 0 26345
@calls 0 26346
@calls 0 26347
@calls 0 26348
@calls 0 26349
@calls 0 26350
@calls 0 26351
@calls 0 26352
@calls 0 26353
@calls 0 26354
@calls 0 26355
@calls 0 26356
@calls 0 26357
@calls 0 26358
@calls 0 26359
@calls 0 26360
@calls 0 26361
@calls 0 26362
@calls 0 26363
@calls 0 26364
@calls 0 26365
@calls 0 26366
@calls 0 26367
@calls 0 26368
@calls 0 26369
@calls 0 26370
@calls 0 26371
@calls 0 26372
@calls 0 26373
@calls 0 26374
@calls 0 26375
@calls 0 26376
@calls 0 26377
@calls 0 26378
@calls 0 26379
@calls 0 26380
@calls 0 26381
@calls 0 26382
@calls 0 26383
@calls 0 26384
@calls 0 26385
@calls 0 26386
@calls 0 26387
@calls 0 26388
@calls 0 26389
@calls 0 26390
@calls 0 26391
@calls 0 26392
@calls 0 26393
@calls 0 26394
@calls 0 26395
@calls 0 26396
@calls 0 26397
@calls 0 26398
@calls 0 26399
@calls 0 26400
@calls 0 26401
@calls 0 26402
@calls 0 26403
@calls 0 26404
@calls 0 26405
@calls 0 26406
@calls 0 26407
@calls 0 26408
@calls 0 26409
@calls 0 26410
@calls 0 26411
@calls 0 26412
@calls 0 26413
@calls 0 26414
@calls 0 26415
@calls 0 26416
@calls 0 26417
@calls 0 26418
@calls 0 26419
@calls 0 26420
@calls 0 26421
@calls 0 26422
@calls 0 26423
@calls 0 26424
@calls 0 26425
@calls 0 26426
@calls 0 26427
@calls 0 26428
@calls 0 26429
@calls 0 26430
@calls 0 26431
@calls 0 26432
@calls 0 26433
@calls 0 26434
@calls 0 26435
@calls 0 26436
@calls 0 26437
@calls 0 26438
@calls 0 26439
@calls 0 26440
@calls 0 26441
@calls 0 26442
@calls 0 26443
@calls 0 26444
@calls 0 26445
@calls 0 26446
@calls 0 26447
@calls 0 26448
@calls 0 26449
@calls 0 26450
@calls 0 26451
@calls 0 26452
@calls 0 26453
@calls 0 26454
@calls 0 26455
@calls 0 26456
@calls 0 26457
@calls 0 26458
@calls 0 26459
@calls 0 26460
@calls 0 26461
@calls 0 26462
@calls 0 26463
@calls 0 26464
@calls 0 26465
@calls 0 26466
@calls 0 26467
@calls 0 26468
@calls 0 26469
@calls 0 26470
@calls 0 26471
@calls 0 26472
@calls 0 26473
@calls 0 26474
@calls 0 26475
@calls 0 26476
@calls 0 26477
@calls 0 26478
@calls 0 26479
@calls 0 26480
@calls 0 26481
@calls 0 26482
@calls 0 26483
@calls 0 26484
@calls 0 26485
@calls 0 26486
@calls 0 26487
@calls 0 26488
@calls 0 26489
@calls 0 26490
@calls 0 26491
@calls 0 26492
@calls 0 26493
@calls 0 26494
@calls 0 26495
@calls 0 26496
@calls 0 26497
@calls 0 26498
@calls 0 26499
@calls 0 26500
@calls 0 26501
@calls 0 26502
@calls 0 26503
@calls 0 26504
@calls 0 26505
@calls 0 26506
@calls 0 26507
@calls 0 26508
@calls 0 26509
@calls 0 26510
@calls 0 26511
@calls 0 26512
@calls 0 26513
@calls 0 26514
@calls 0 26515
@calls 0 26516
@calls 0 26517
@calls 0 26518
@calls 0 26519
@calls 0 26520
@calls 0 26521
@calls 0 26522
@calls 0 26523
@calls 0 26524
@calls 0 26525
@calls 0 26526
@calls 0 26527
@calls 0 26528
@calls 0 26529
@calls 0 26530
@calls 0 26531
@calls 0 26532
@calls 0 26533
@calls 0 26534
@calls 0 26535
@calls 0 26536
@calls 0 26537
@calls 0 26538
@calls 0 26539
@calls 0 26540
@calls 0 26541
@calls 0 26542
@calls 0 26543
@calls 0 26544
@calls 0 26545
@calls 0 26546
@calls 0 26547
@calls 0 26548
@calls 0 26549
@calls 0 26550
@calls 0 26551
@calls 0 26552
@calls 0 26553
@calls 0 26554
@calls 0 26555
@calls 0 26556
@calls 0 26557
@calls 0 26558
@calls 0 26559
@calls 0 26560
@calls 0 26561
@calls 0 26562
@calls 0 26563
@calls 0 26564
@calls 0 26565
@calls 0 26566
@calls 0 26567
@calls 0 26568
@calls 0 26569
@calls 0 26570
@calls 0 26571
@calls 0 26572
@calls 0 26573
@calls 0 26574
@calls 0 26575
@calls 0 26576
@calls 0 26577
@calls 0 26578
@calls 0 26579
@calls 0 26580
@calls 0 26581
@calls 0 26582
@calls 0 26583
@calls 0 26584
@calls 0 26585
@calls 0 26586
@calls 0 26587
@calls 0 26588
@calls 0 26589
@calls 0 26590
@calls 0 26591
@calls 0 26592
@calls 0 26593
@calls 0 26594
@calls 0 26595
@calls 0 26596
@calls 0 26597
@calls 0 26598
@calls 0 26599
@calls 0 26600
@calls 0 26601
@calls 0 26602
@calls 0 26603
@calls 0 26604
@calls 0 26605
@calls 0 26606
@calls 0 26607
@calls 0 26608
@calls 0 26609
@calls 0 26610
@calls 0 26611
@calls 0 26612
@calls 0 26613
@calls 0 26614
@calls 0 26615
@calls 0 26616
@calls 0 26617
@calls 0 26618
@calls 0 26619
@calls 0 26620
@calls 0 26621
@calls 0 26622
@calls 0 26623
@calls 0 26624
@calls 0 26625
@calls 0 26626
@calls 0 26627
@calls 0 26628
@calls 0 26629
@calls 0 26630
@calls 0 26631
@calls 0 26632
@calls 0 26633
@calls 0 26634
@calls 0 26635
@calls 0 26636
@calls 0 26637
@calls 0 26638
@calls 0 26639
@calls 0 26640
@calls 0 26641
@calls 0 26642
@calls 0 26643
@calls 0 26644
@calls 0 26645
@calls 0 26646
@calls 0 26647
@calls 0 26648
@calls 0 26649
@calls 0 26650
@calls 0 26651
@calls 0 26652
@calls 0 26653
@calls 0 26654
@calls 0 26655
@calls 0 26656
@calls 0 26657
@calls 0 26658
@calls 0 26659
@calls 0 26660
@calls 0 26661
@calls 0 26662
@calls 0 26663
@calls 0 26664
@calls 0 26665
@calls 0 26666
@calls 0 26667
@calls 0 26668
@calls 0 26669
@calls 0 26670
@calls 0 26671
@calls 0 26672
@calls 0 26673
@calls 0 26674
@calls 0 26675
@calls 0 26676
@calls 0 26677
@calls 0 26678
@calls 0 26679
@calls 0 26680
@calls 0 26681
@calls 0 26682
@calls 0 26683
@calls 0 26684
@calls 0 26685
@calls 0 26686
@calls 0 26687
@calls 0 26688
@calls 0 26689
@calls 0 26690
@calls 0 26691
@calls 0 26692
@calls 0 26693
@calls 0 26694
@calls 0 26695
@calls 0 26696
@calls 0 26697
@calls 0 26698
@calls 0 26699
@calls 0 26700
@calls 0 26701
@calls 0 26702
@calls 0 26703
@calls 0 26704
@calls 0 26705
@calls 0 26706
@calls 0 26707
@calls 0 26708
@calls 0 26709
@calls 0 26710
@calls 0 26711
@calls 0 26712
@calls 0 26713
@calls 0 26714
@calls 0 26715
@calls 0 26716
@calls 0 26717
@calls 0 26718
@calls 0 26719
@calls 0 26720
@calls 0 26721
@calls 0 26722
@calls 0 26723
@calls 0 26724
@calls 0 26725
@calls 0 26726
@calls 0 26727
@calls 0 26728
@calls 0 26729
@calls 0 26730
@calls 0 26731
@calls 0 26732
@calls 0 26733
@calls 0 26734
@calls 0 26735
@calls 0 26736
@calls 0 26737
@calls 0 26738
@calls 0 26739
@calls 0 26740
@calls 0 26741
@calls 0 26742
@calls 0 26743
@calls 0 26744
@calls 0 26745
@calls 0 26746
@calls 0 26747
@calls 0 26748
@calls 0 26749
@calls 0 26750
@calls 0 26751
@calls 0 26752
@calls 0 26753
@calls 0 26754
@calls 0 26755
@calls 0 26756
@calls 0 26757
@calls 0 26758
@calls 0 26759
@calls 0 26760
@calls 0 26761
@calls 0 26762
@calls 0 26763
@calls 0 26764
@calls 0 26765
@calls 0 26766
@calls 0 26767
@calls 0 26768
@calls 0 26769
@calls 0 26770
@calls 0 26771
@calls 0 26772
@calls 0 26773
@calls 0 26774
@calls 0 26775
@calls 0 26776
@calls 0 26777
@calls 0 26778
@calls 0 26779
@calls 0 26780
@calls 0 26781
@calls 0 26782
@calls 0 26783
@calls 0 26784
@calls 0 26785
@calls 0 26786
@calls 0 26787
@calls 0 26788
@calls 0 26789
@calls 0 26790
@calls 0 26791
@calls 0 26792
@calls 0 26793
@calls 0 26794
@calls 0 26795
@calls 0 26796
@calls 0 26797
@calls 0 26798
@calls 0 26799
@calls 0 26800
@calls 0 26801
@calls 0 26802
@calls 0 26803
@calls 0 26804
@calls 0 26805
@calls 0 26806
@calls 0 26807
@calls 0 26808
@calls 0 26809
@calls 0 26810
@calls 0 26811
@calls 0 26812
@calls 0 26813
@calls 0 26814
@calls 0 26815
@calls 0 26816
@calls 0 26817
@calls 0 26818
@calls 0 26819
@calls 0 26820
@calls 0 26821
@calls 0 26822
@calls 0 26823
@calls 0 26824
@calls 0 26825
@calls 0 26826
@calls 0 26827
@calls 0 26828
@calls 0 26829
@calls 0 26830
@calls 0 26831
@calls 0 26832
@calls 0 26833
@calls 0 26834
@calls 0 26835
@calls 0 26836
@calls 0 26837
@calls 0 26838
@calls 0 26839
@calls 0 26840
@calls 0 26841
@calls 0 26842
@calls 0 26843
@calls 0 26844
@calls 0 26845
@calls 0 26846
@calls 0 26847
@calls 0 26848
@calls 0 26849
@calls 0 26850
@calls 0 26851
@calls 0 26852
@calls 0 26853
@calls 0 26854
@calls 0 26855
@calls 0 26856
@calls 0 26857
@calls 0 26858
@calls 0 26859
@calls 0 26860
@calls 0 26861
@calls 0 26862
@calls 0 26863
@calls 0 26864
@calls 0 26865
@calls 0 26866
@calls 0 26867
@calls 0 26868
@calls 0 26869
@calls 0 26870
@calls 0 26871
@calls 0 26872
@calls 0 26873
@calls 0 26874
@calls 0 26875
@calls 0 26876
@calls 0 26877
@calls 0 26878
@calls 0 26879
@calls 0 26880
@calls 0 26881
@calls 0 26882
@calls 0 26883
@calls 0 26884
@calls 0 26885
@calls 0 26886
@calls 0 26887
@calls 0 26888
@calls 0 26889
@calls 0 26890
@calls 0 26891
@calls 0 26892
@calls 0 26893
@calls 0 26894
@calls 0 26895
@calls 0 26896
@calls 0 26897
@calls 0 26898
@calls 0 26899
@calls 0 26900
@calls 0 26901
@calls 0 26902
@calls 0 26903
@calls 0 26904
@calls 0 26905
@calls 0 26906
@calls 0 26907
@calls 0 26908
@calls 0 26909
@calls 0 26910
@calls 0 26911
@calls 0 26912
@calls 0 26913
@calls 0 26914
@calls 0 26915
@calls 0 26916
@calls 0 26917
@calls 0 26918
@calls 0 26919
@calls 0 26920
@calls 0 26921
@calls 0 26922
@calls 0 26923
@calls 0 26924
@calls 0 26925
@calls 0 26926
@calls 0 26927
@calls 0 26928
@calls 0 26929
@calls 0 26930
@calls 0 26931
@calls 0 26932
@calls 0 26933
@calls 0 26934
@calls 0 26935
@calls 0 26936
@calls 0 26937
@calls 0 26938
@calls 0 26939
@calls 0 26940
@calls 0 26941
@calls 0 26942
@calls 0 26943
@calls 0 26944
@calls 0 26945
@calls 0 26946
@calls 0 26947
@calls 0 26948
@calls 0 26949
@calls 0 26950
@calls 0 26951
@calls 0 26952
@calls 0 26953
@calls 0 26954
@calls 0 26955
@calls 0 26956
@calls 0 26957
@calls 0 26958
@calls 0 26959
@calls 0 26960
@calls 0 26961
@calls 0 26962
@calls 0 26963
@calls 0 26964
@calls 0 26965
@calls 0 26966
@calls 0 26967
@calls 0 26968
@calls 0 26969
@calls 0 26970
@calls 0 26971
@calls 0 26972
@calls 0 26973
@calls 0 26974
@calls 0 26975
@calls 0 26976
@calls 0 26977
@calls 0 26978
@calls 0 26979
@calls 0 26980
@calls 0 26981
@calls 0 26982
@calls 0 26983
@calls 0 26984
@calls 0 26985
@calls 0 26986
@calls 0 26987
@calls 0 26988
@calls 0 26989
@calls 0 26990
@calls 0 26991
@calls 0 26992
@calls 0 26993
@calls 0 26994
@calls 0 26995
@calls 0 26996
@calls 0 26997
@calls 0 26998
@calls 0 26999
@calls 0 27000
@calls 0 27001
@calls 0 27002
@calls 0 27003
@calls 0 27004
@calls 0 27005
@calls 0 27006
@calls 0 27007
@calls 0 27008
@calls 0 27009
@calls 0 27010
@calls 0 27011
@calls 0 27012
@calls 0 27013
@calls 0 27014
@calls 0 27015
@calls 0 27016
@calls 0 27017
@calls 0 27018
@calls 0 27019
@calls 0 27020
@calls 0 27021
@calls 0 27022
@calls 0 27023
@calls 0 27024
@calls 0 27025
@calls 0 27026
@calls 0 27027
@calls 0 27028
@calls 0 27029
@calls 0 27030
@calls 0 27031
@calls 0 27032
@calls 0 27033
@calls 0 27034
@calls 0 27035
@calls 0 27036
@calls 0 27037
@calls 0 27038
@calls 0 27039
@calls 0 27040
@calls 0 27041
@calls 0 27042
@calls 0 27043
@calls 0 27044
@calls 0 27045
@calls 0 27046
@calls 0 27047
@calls 0 27048
@calls 0 27049
@calls 0 27050
@calls 0 27051
@calls 0 27052
@calls 0 27053
@calls 0 27054
@calls 0 27055
@calls 0 27056
@calls 0 27057
@calls 0 27058
@calls 0 27059
@calls 0 27060
@calls 0 27061
@calls 0 27062
@calls 0 27063
@calls 0 27064
@calls 0 27065
@calls 0 27066
@calls 0 27067
@calls 0 27068
@calls 0 27069
@calls 0 27070
@calls 0 27071
@calls 0 27072
@calls 0 27073
@calls 0 27074
@calls 0 27075
@calls 0 27076
@calls 0 27077
@calls 0 27078
@calls 0 27079
@calls 0 27080
@calls 0 27081
@calls 0 27082
@calls 0 27083
@calls 0 27084
@calls 0 27085
@calls 0 27086
@calls 0 27087
@calls 0 27088
@calls 0 27089
@calls 0 27090
@calls 0 27091
@calls 0 27092
@calls 0 27093
@calls 0 27094
@calls 0 27095
@calls 0 27096
@calls 0 27097
@calls 0 27098
@calls 0 27099
@calls 0 27100
@calls 0 27101
@calls 0 27102
@calls 0 27103
@calls 0 27104
@calls 0 27105
@calls 0 27106
@calls 0 27107
@calls 0 27108
@calls 0 27109
@calls 0 27110
@calls 0 27111
@calls 0 27112
@calls 0 27113
@calls 0 27114
@calls 0 27115
@calls 0 27116
@calls 0 27117
@calls 0 27118
@calls 0 27119
@calls 0 27120
@calls 0 27121
@calls 0 27122
@calls 0 27123
@calls 0 27124
@calls 0 27125
@calls 0 27126
@calls 0 27127
@calls 0 27128
@calls 0 27129
@calls 0 27130
@calls 0 27131
@calls 0 27132
@calls 0 27133
@calls 0 27134
@calls 0 27135
@calls 0 27136
@calls 0 27137
@calls 0 27138
@calls 0 27139
@calls 0 27140
@calls 0 27141
@calls 0 27142
@calls 0 27143
@calls 0 27144
@calls 0 27145
@calls 0 27146
@calls 0 27147
@calls 0 27148
@calls 0 27149
@calls 0 27150
@calls 0 27151
@calls 0 27152
@calls 0 27153
@calls 0 27154
@calls 0 27155
@calls 0 27156
@calls 0 27157
@calls 0 27158
@calls 0 27159
@calls 0 27160
@calls 0 27161
@calls 0 27162
@calls 0 27163
@calls 0 27164
@calls 0 27165
@calls 0 27166
@calls 0 27167
@calls 0 27168
@calls 0 27169
@calls 0 27170
@calls 0 27171
@calls 0 27172
@calls 0 27173
@calls 0 27174
@calls 0 27175
@calls 0 27176
@calls 0 27177
@calls 0 27178
@calls 0 27179
@calls 0 27180
@calls 0 27181
@calls 0 27182
@calls 0 27183
@calls 0 27184
@calls 0 27185
@calls 0 27186
@calls 0 27187
@calls 0 27188
@calls 0 27189
@calls 0 27190
@calls 0 27191
@calls 0 27192
@calls 0 27193
@calls 0 27194
@calls 0 27195
@calls 0 27196
@calls 0 27197
@calls 0 27198
@calls 0 27199
@calls 0 27200
@calls 0 27201
@calls 0 27202
@calls 0 27203
@calls 0 27204
@calls 0 27205
@calls 0 27206
@calls 0 27207
@calls 0 27208
@calls 0 27209
@calls 0 27210
@calls 0 27211
@calls 0 27212
@calls 0 27213
@calls 0 27214
@calls 0 27215
@calls 0 27216
@calls 0 27217
@calls 0 27218
@calls 0 27219
@calls 0 27220
@calls 0 27221
@calls 0 27222
@calls 0 27223
@calls 0 27224
@calls 0 27225
@calls 0 27226
@calls 0 27227
@calls 0 27228
@calls 0 27229
@calls 0 27230
@calls 0 27231
@calls 0 27232
@calls 0 27233
@calls 0 27234
@calls 0 27235
@calls 0 27236
@calls 0 27237
@calls 0 27238
@calls 0 27239
@calls 0 27240
@calls 0 27241
@calls 0 27242
@calls 0 27243
@calls 0 27244
@calls 0 27245
@calls 0 27246
@calls 0 27247
@calls 0 27248
@calls 0 27249
@calls 0 27250
@calls 0 27251
@calls 0 27252
@calls 0 27253
@calls 0 27254
@calls 0 27255
@calls 0 27256
@calls 0 27257
@calls 0 27258
@calls 0 27259
@calls 0 27260
@calls 0 27261
@calls 0 27262
@calls 0 27263
@calls 0 27264
@calls 0 27265
@calls 0 27266
@calls 0 27267
@calls 0 27268
@calls 0 27269
@calls 0 27270
@calls 0 27271
@calls 0 27272
@calls 0 27273
@calls 0 27274
@calls 0 27275
@calls 0 27276
@calls 0 27277
@calls 0 27278
@calls 0 27279
@calls 0 27280
@calls 0 27281
@calls 0 27282
@calls 0 27283
@calls 0 27284
@calls 0 27285
@calls 0 27286
@calls 0 27287
@calls 0 27288
@calls 0 27289
@calls 0 27290
@calls 0 27291
@calls 0 27292
@calls 0 27293
@calls 0 27294
@calls 0 27295
@calls 0 27296
@calls 0 27297
@calls 0 27298
@calls 0 27299
@calls 0 27300
@calls 0 27301
@calls 0 27302
@calls 0 27303
@calls 0 27304
@calls 0 27305
@calls 0 27306
@calls 0 27307
@calls 0 27308
@calls 0 27309
@calls 0 27310
@calls 0 27311
@calls 0 27312
@calls 0 27313
@calls 0 27314
@calls 0 27315
@calls 0 27316
@calls 0 27317
@calls 0 27318
@calls 0 27319
@calls 0 27320
@calls 0 27321
@calls 0 27322
@calls 0 27323
@calls 0 27324
@calls 0 27325
@calls 0 27326
@calls 0 27327
@calls 0 27328
@calls 0 27329
@calls 0 27330
@calls 0 27331
@calls 0 27332
@calls 0 27333
@calls 0 27334
@calls 0 27335
@calls 0 27336
@calls 0 27337
@calls 0 27338
@calls 0 27339
@calls 0 27340
@calls 0 27341
@calls 0 27342
@calls 0 27343
@calls 0 27344
@calls 0 27345
@calls 0 27346
@calls 0 27347
@calls 0 27348
@calls 0 27349
@calls 0 27350
@calls 0 27351
@calls 0 27352
@calls 0 27353
@calls 0 27354
@calls 0 27355
@calls 0 27356
@calls 0 27357
@calls 0 27358
@calls 0 27359
@calls 0 27360
@calls 0 27361
@calls 0 27362
@calls 0 27363
@calls 0 27364
@calls 0 27365
@calls 0 27366
@calls 0 27367
@calls 0 27368
@calls 0 27369
@calls 0 27370
@calls 0 27371
@calls 0 27372
@calls 0 27373
@calls 0 27374
@calls 0 27375
@calls 0 27376
@calls 0 27377
@calls 0 27378
@calls 0 27379
@calls 0 27380
@calls 0 27381
@calls 0 27382
@calls 0 27383
@calls 0 27384
@calls 0 27385
@calls 0 27386
@calls 0 27387
@calls 0 27388
@calls 0 27389
@calls 0 27390
@calls 0 27391
@calls 0 27392
@calls 0 27393
@calls 0 27394
@calls 0 27395
@calls 0 27396
@calls 0 27397
@calls 0 27398
@calls 0 27399
@calls 0 27400
@calls 0 27401
@calls 0 27402
@calls 0 27403
@calls 0 27404
@calls 0 27405
@calls 0 27406
@calls 0 27407
@calls 0 27408
@calls 0 27409
@calls 0 27410
@calls 0 27411
@calls 0 27412
@calls 0 27413
@calls 0 27414
@calls 0 27415
@calls 0 27416
@calls 0 27417
@calls 0 27418
@calls 0 27419
@calls 0 27420
@calls 0 27421
@calls 0 27422
@calls 0 27423
@calls 0 27424
@calls 0 27425
@calls 0 27426
@calls 0 27427
@calls 0 27428
@calls 0 27429
@calls 0 27430
@calls 0 27431
@calls 0 27432
@calls 0 27433
@calls 0 27434
@calls 0 27435
@calls 0 27436
@calls 0 27437
@calls 0 27438
@calls 0 27439
@calls 0 27440
@calls 0 27441
@calls 0 27442
@calls 0 27443
@calls 0 27444
@calls 0 27445
@calls 0 27446
@calls 0 27447
@calls 0 27448
@calls 0 27449
@calls 0 27450
@calls 0 27451
@calls 0 27452
@calls 0 27453
@calls 0 27454
@calls 0 27455
@calls 0 27456
@calls 0 27457
@calls 0 27458
@calls 0 27459
@calls 0 27460
@calls 0 27461
@calls 0 27462
@calls 0 27463
@calls 0 27464
@calls 0 27465
@calls 0 27466
@calls 0 27467
@calls 0 27468
@calls 0 27469
@calls 0 27470
@calls 0 27471
@calls 0 27472
@calls 0 27473
@calls 0 27474
@calls 0 27475
@calls 0 27476
@calls 0 27477
@calls 0 27478
@calls 0 27479
@calls 0 27480
@calls 0 27481
@calls 0 27482
@calls 0 27483
@calls 0 27484
@calls 0 27485
@calls 0 27486
@calls 0 27487
@calls 0 27488
@calls 0 27489
@calls 0 27490
@calls 0 27491
@calls 0 27492
@calls 0 27493
@calls 0 27494
@calls 0 27495
@calls 0 27496
@calls 0 27497
@calls 0 27498
@calls 0 27499
@calls 0 27500
@calls 0 27501
@calls 0 27502
@calls 0 27503
@calls 0 27504
@calls 0 27505
@calls 0 27506
@calls 0 27507
@calls 0 27508
@calls 0 27509
@calls 0 27510
@calls 0 27511
@calls 0 27512
@calls 0 27513
@calls 0 27514
@calls 0 27515
@calls 0 27516
@calls 0 27517
@calls 0 27518
@calls 0 27519
@calls 0 27520
@calls 0 27521
@calls 0 27522
@calls 0 27523
@calls 0 27524
@calls 0 27525
@calls 0 27526
@calls 0 27527
@calls 0 27528
@calls 0 27529
@calls 0 27530
@calls 0 27531
@calls 0 27532
@calls 0 27533
@calls 0 27534
@calls 0 27535
@calls 0 27536
@calls 0 27537
@calls 0 27538
@calls 0 27539
@calls 0 27540
@calls 0 27541
@calls 0 27542
@calls 0 27543
@calls 0 27544
@calls 0 27545
@calls 0 27546
@calls 0 27547
@calls 0 27548
@calls 0 27549
@calls 0 27550
@calls 0 27551
@calls 0 27552
@calls 0 27553
@calls 0 27554
@calls 0 27555
@calls 0 27556
@calls 0 27557
@calls 0 27558
@calls 0 27559
@calls 0 27560
@calls 0 27561
@calls 0 27562
@calls 0 27563
@calls 0 27564
@calls 0 27565
@calls 0 27566
@calls 0 27567
@calls 0 27568
@calls 0 27569
@calls 0 27570
@calls 0 27571
@calls 0 27572
@calls 0 27573
@calls 0 27574
@calls 0 27575
@calls 0 27576
@calls 0 27577
@calls 0 27578
@calls 0 27579
@calls 0 27580
@calls 0 27581
@calls 0 27582
@calls 0 27583
@calls 0 27584
@calls 0 27585
@calls 0 27586
@calls 0 27587
@calls 0 27588
@calls 0 27589
@calls 0 27590
@calls 0 27591
@calls 0 27592
@calls 0 27593
@calls 0 27594
@calls 0 27595
@calls 0 27596
@calls 0 27597
@calls 0 27598
@calls 0 27599
@calls 0 27600
@calls 0 27601
@calls 0 27602
@calls 0 27603
@calls 0 27604
@calls 0 27605
@calls 0 27606
@calls 0 27607
@calls 0 27608
@calls 0 27609
@calls 0 27610
@calls 0 27611
@calls 0 27612
@calls 0 27613
@calls 0 27614
@calls 0 27615
@calls 0 27616
@calls 0 27617
@calls 0 27618
@calls 0 27619
@calls 0 27620
@calls 0 27621
@calls 0 27622
@calls 0 27623
@calls 0 27624
@calls 0 27625
@calls 0 27626
@calls 0 27627
@calls 0 27628
@calls 0 27629
@calls 0 27630
@calls 0 27631
@calls 0 27632
@calls 0 27633
@calls 0 27634
@calls 0 27635
@calls 0 27636
@calls 0 27637
@calls 0 27638
@calls 0 27639
@calls 0 27640
@calls 0 27641
@calls 0 27642
@calls 0 27643
@calls 0 27644
@calls 0 27645
@calls 0 27646
@calls 0 27647
@calls 0 27648
@calls 0 27649
@calls 0 27650
@calls 0 27651
@calls 0 27652
@calls 0 27653
@calls 0 27654
@calls 0 27655
@calls 0 27656
@calls 0 27657
@calls 0 27658
@calls 0 27659
@calls 0 27660
@calls 0 27661
@calls 0 27662
@calls 0 27663
@calls 0 27664
@calls 0 27665
@calls 0 27666
@calls 0 27667
@calls 0 27668
@calls 0 27669
@calls 0 27670
@calls 0 27671
@calls 0 27672
@calls 0 27673
@calls 0 27674
@calls 0 27675
@calls 0 27676
@calls 0 27677
@calls 0 27678
@calls 0 27679
@calls 0 27680
@calls 0 27681
@calls 0 27682
@calls 0 27683
@calls 0 27684
@calls 0 27685
@calls 0 27686
@calls 0 27687
@calls 0 27688
@calls 0 27689
@calls 0 27690
@calls 0 27691
@calls 0 27692
@calls 0 27693
@calls 0 27694
@calls 0 27695
@calls 0 27696
@calls 0 27697
@calls 0 27698
@calls 0 27699
@calls 0 27700
@calls 0 27701
@calls 0 27702
@calls 0 27703
@calls 0 27704
@calls 0 27705
@calls 0 27706
@calls 0 27707
@calls 0 27708
@calls 0 27709
@calls 0 27710
@calls 0 27711
@calls 0 27712
@calls 0 27713
@calls 0 27714
@calls 0 27715
@calls 0 27716
@calls 0 27717
@calls 0 27718
@calls 0 27719
@calls 0 27720
@calls 0 27721
@calls 0 27722
@calls 0 27723
@calls 0 27724
@calls 0 27725
@calls 0 27726
@calls 0 27727
@calls 0 27728
@calls 0 27729
@calls 0 27730
@calls 0 27731
@calls 0 27732
@calls 0 27733
@calls 0 27734
@calls 0 27735
@calls 0 27736
@calls 0 27737
@calls 0 27738
@calls 0 27739
@calls 0 27740
@calls 0 27741
@calls 0 27742
@calls 0 27743
@calls 0 27744
@calls 0 27745
@calls 0 27746
@calls 0 27747
@calls 0 27748
@calls 0 27749
@calls 0 27750
@calls 0 27751
@calls 0 27752
@calls 0 27753
@calls 0 27754
@calls 0 27755
@calls 0 27756
@calls 0 27757
@calls 0 27758
@calls 0 27759
@calls 0 27760
@calls 0 27761
@calls 0 27762
@calls 0 27763
@calls 0 27764
@calls 0 27765
@calls 0 27766
@calls 0 27767
@calls 0 27768
@calls 0 27769
@calls 0 27770
@calls 0 27771
@calls 0 27772
@calls 0 27773
@calls 0 27774
@calls 0 27775
@calls 0 27776
@calls 0 27777
@calls 0 27778
@calls 0 27779
@calls 0 27780
@calls 0 27781
@calls 0 27782
@calls 0 27783
@calls 0 27784
@calls 0 27785
@calls 0 27786
@calls 0 27787
@calls 0 27788
@calls 0 27789
@calls 0 27790
@calls 0 27791
@calls 0 27792
@calls 0 27793
@calls 0 27794
@calls 0 27795
@calls 0 27796
@calls 0 27797
@calls 0 27798
@calls 0 27799
@calls 0 27800
@calls 0 27801
@calls 0 27802
@calls 0 27803
@calls 0 27804
@calls 0 27805
@calls 0 27806
@calls 0 27807
@calls 0 27808
@calls 0 27809
@calls 0 27810
@calls 0 27811
@calls 0 27812
@calls 0 27813
@calls 0 27814
@calls 0 27815
@calls 0 27816
@calls 0 27817
@calls 0 27818
@calls 0 27819
@calls 0 27820
@calls 0 27821
@calls 0 27822
@calls 0 27823
@calls 0 27824
@calls 0 27825
@calls 0 27826
@calls 0 27827
@calls 0 27828
@calls 0 27829
@calls 0 27830
@calls 0 27831
@calls 0 27832
@calls 0 27833
@calls 0 27834
@calls 0 27835
@calls 0 27836
@calls 0 27837
@calls 0 27838
@calls 0 27839
@calls 0 27840
@calls 0 27841
@calls 0 27842
@calls 0 27843
@calls 0 27844
@calls 0 27845
@calls 0 27846
@calls 0 27847
@calls 0 27848
@calls 0 27849
@calls 0 27850
@calls 0 27851
@calls 0 27852
@calls 0 27853
@calls 0 27854
@calls 0 27855
@calls 0 27856
@calls 0 27857
@calls 0 27858
@calls 0 27859
@calls 0 27860
@calls 0 27861
@calls 0 27862
@calls 0 27863
@calls 0 27864
@calls 0 27865
@calls 0 27866
@calls 0 27867
@calls 0 27868
@calls 0 27869
@calls 0 27870
@calls 0 27871
@calls 0 27872
@calls 0 27873
@calls 0 27874
@calls 0 27875
@calls 0 27876
@calls 0 27877
@calls 0 27878
@calls 0 27879
@calls 0 27880
@calls 0 27881
@calls 0 27882
@calls 0 27883
@calls 0 27884
@calls 0 27885
@calls 0 27886
@calls 0 27887
@calls 0 27888
@calls 0 27889
@calls 0 27890
@calls 0 27891
@calls 0 27892
@calls 0 27893
@calls 0 27894
@calls 0 27895
@calls 0 27896
@calls 0 27897
@calls 0 27898
@calls 0 27899
@calls 0 27900
@calls 0 27901
@calls 0 27902
@calls 0 27903
@calls 0 27904
@calls 0 27905
@calls 0 27906
@calls 0 27907
@calls 0 27908
@calls 0 27909
@calls 0 27910
@calls 0 27911
@calls 0 27912
@calls 0 27913
@calls 0 27914
@calls 0 27915
@calls 0 27916
@calls 0 27917
@calls 0 27918
@calls 0 27919
@calls 0 27920
@calls 0 27921
@calls 0 27922
@calls 0 27923
@calls 0 27924
@calls 0 27925
@calls 0 27926
@calls 0 27927
@calls 0 27928
@calls 0 27929
@calls 0 27930
@calls 0 27931
@calls 0 27932
@calls 0 27933
@calls 0 27934
@calls 0 27935
@calls 0 27936
@calls 0 27937
@calls 0 27938
@calls 0 27939
@calls 0 27940
@calls 0 27941
@calls 0 27942
@calls 0 27943
@calls 0 27944
@calls 0 27945
@calls 0 27946
@calls 0 27947
@calls 0 27948
@calls 0 27949
@calls 0 27950
@calls 0 27951
@calls 0 27952
@calls 0 27953
@calls 0 27954
@calls 0 27955
@calls 0 27956
@calls 0 27957
@calls 0 27958
@calls 0 27959
@calls 0 27960
@calls 0 27961
@calls 0 27962
@calls 0 27963
@calls 0 27964
@calls 0 27965
@calls 0 27966
@calls 0 27967
@calls 0 27968
@calls 0 27969
@calls 0 27970
@calls 0 27971
@calls 0 27972
@calls 0 27973
@calls 0 27974
@calls 0 27975
@calls 0 27976
@calls 0 27977
@calls 0 27978
@calls 0 27979
@calls 0 27980
@calls 0 27981
@calls 0 27982
@calls 0 27983
@calls 0 27984
@calls 0 27985
@calls 0 27986
@calls 0 27987
@calls 0 27988
@calls 0 27989
@calls 0 27990
@calls 0 27991
@calls 0 27992
@calls 0 27993
@calls 0 27994
@calls 0 27995
@calls 0 27996
@calls 0 27997
@calls 0 27998
@calls 0 27999
@calls 0 28000
@calls 0 28001
@calls 0 28002
@calls 0 28003
@calls 0 28004
@calls 0 28005
@calls 0 28006
@calls 0 28007
@calls 0 28008
@calls 0 28009
@calls 0 28010
@calls 0 28011
@calls 0 28012
@calls 0 28013
@calls 0 28014
@calls 0 28015
@calls 0 28016
@calls 0 28017
@calls 0 28018
@calls 0 28019
@calls 0 28020
@calls 0 28021
@calls 0 28022
@calls 0 28023
@calls 0 28024
@calls 0 28025
@calls 0 28026
@calls 0 28027
@calls 0 28028
@calls 0 28029
@calls 0 28030
@calls 0 28031
@calls 0 28032
@calls 0 28033
@calls 0 28034
@calls 0 28035
@calls 0 28036
@calls 0 28037
@calls 0 28038
@calls 0 28039
@calls 0 28040
@calls 0 28041
@calls 0 28042
@calls 0 28043
@calls 0 28044
@calls 0 28045
@calls 0 28046
@calls 0 28047
@calls 0 28048
@calls 0 28049
@calls 0 28050
@calls 0 28051
@calls 0 28052
@calls 0 28053
@calls 0 28054
@calls 0 28055
@calls 0 28056
@calls 0 28057
@calls 0 28058
@calls 0 28059
@calls 0 28060
@calls 0 28061
@calls 0 28062
@calls 0 28063
@calls 0 28064
@calls 0 28065
@calls 0 28066
@calls 0 28067
@calls 0 28068
@calls 0 28069
@calls 0 28070
@calls 0 28071
@calls 0 28072
@calls 0 28073
@calls 0 28074
@calls 0 28075
@calls 0 28076
@calls 0 28077
@calls 0 28078
@calls 0 28079
@calls 0 28080
@calls 0 28081
@calls 0 28082
@calls 0 28083
@calls 0 28084
@calls 0 28085
@calls 0 28086
@calls 0 28087
@calls 0 28088
@calls 0 28089
@calls 0 28090
@calls 0 28091
@calls 0 28092
@calls 0 28093
@calls 0 28094
@calls 0 28095
@calls 0 28096
@calls 0 28097
@calls 0 28098
@calls 0 28099
@calls 0 28100
@calls 0 28101
@calls 0 28102
@calls 0 28103
@calls 0 28104
@calls 0 28105
@calls 0 28106
@calls 0 28107
@calls 0 28108
@calls 0 28109
@calls 0 28110
@calls 0 28111
@calls 0 28112
@calls 0 28113
@calls 0 28114
@calls 0 28115
@calls 0 28116
@calls 0 28117
@calls 0 28118
@calls 0 28119
@calls 0 28120
@calls 0 28121
@calls 0 28122
@calls 0 28123
@calls 0 28124
@calls 0 28125
@calls 0 28126
@calls 0 28127
@calls 0 28128
@calls 0 28129
@calls 0 28130
@calls 0 28131
@calls 0 28132
@calls 0 28133
@calls 0 28134
@calls 0 28135
@calls 0 28136
@calls 0 28137
@calls 0 28138
@calls 0 28139
@calls 0 28140
@calls 0 28141
@calls 0 28142
@calls 0 28143
@calls 0 28144
@calls 0 28145
@calls 0 28146
@calls 0 28147
@calls 0 28148
@calls 0 28149
@calls 0 28150
@calls 0 28151
@calls 0 28152
@calls 0 28153
@calls 0 28154
@calls 0 28155
@calls 0 28156
@calls 0 28157
@calls 0 28158
@calls 0 28159
@calls 0 28160
@calls 0 28161
@calls 0 28162
@calls 0 28163
@calls 0 28164
@calls 0 28165
@calls 0 28166
@calls 0 28167
@calls 0 28168
@calls 0 28169
@calls 0 28170
@calls 0 28171
@calls 0 28172
@calls 0 28173
@calls 0 28174
@calls 0 28175
@calls 0 28176
@calls 0 28177
@calls 0 28178
@calls 0 28179
@calls 0 28180
@calls 0 28181
@calls 0 28182
@calls 0 28183
@calls 0 28184
@calls 0 28185
@calls 0 28186
@calls 0 28187
@calls 0 28188
@calls 0 28189
@calls 0 28190
@calls 0 28191
@calls 0 28192
@calls 0 28193
@calls 0 28194
@calls 0 28195
@calls 0 28196
@calls 0 28197
@calls 0 28198
@calls 0 28199
@calls 0 28200
@calls 0 28201
@calls 0 28202
@calls 0 28203
@calls 0 28204
@calls 0 28205
@calls 0 28206
@calls 0 28207
@calls 0 28208
@calls 0 28209
@calls 0 28210
@calls 0 28211
@calls 0 28212
@calls 0 28213
@calls 0 28214
@calls 0 28215
@calls 0 28216
@calls 0 28217
@calls 0 28218
@calls 0 28219
@calls 0 28220
@calls 0 28221
@calls 0 28222
@calls 0 28223
@calls 0 28224
@calls 0 28225
@calls 0 28226
@calls 0 28227
@calls 0 28228
@calls 0 28229
@calls 0 28230
@calls 0 28231
@calls 0 28232
@calls 0 28233
@calls 0 28234
@calls 0 28235
@calls 0 28236
@calls 0 28237
@calls 0 28238
@calls 0 28239
@calls 0 28240
@calls 0 28241
@calls 0 28242
@calls 0 28243
@calls 0 28244
@calls 0 28245
@calls 0 28246
@calls 0 28247
@calls 0 28248
@calls 0 28249
@calls 0 28250
@calls 0 28251
@calls 0 28252
@calls 0 28253
@calls 0 28254
@calls 0 28255
@calls 0 28256
@calls 0 28257
@calls 0 28258
@calls 0 28259
@calls 0 28260
@calls 0 28261
@calls 0 28262
@calls 0 28263
@calls 0 28264
@calls 0 28265
@calls 0 28266
@calls 0 28267
@calls 0 28268
@calls 0 28269
@calls 0 28270
@calls 0 28271
@calls 0 28272
@calls 0 28273
@calls 0 28274
@calls 0 28275
@calls 0 28276
@calls 0 28277
@calls 0 28278
@calls 0 28279
@calls 0 28280
@calls 0 28281
@calls 0 28282
@calls 0 28283
@calls 0 28284
@calls 0 28285
@calls 0 28286
@calls 0 28287
@calls 0 28288
@calls 0 28289
@calls 0 28290
@calls 0 28291
@calls 0 28292
@calls 0 28293
@calls 0 28294
@calls 0 28295
@calls 0 28296
@calls 0 28297
@calls 0 28298
@calls 0 28299
@calls 0 28300
@calls 0 28301
@calls 0 28302
@calls 0 28303
@calls 0 28304
@calls 0 28305
@calls 0 28306
@calls 0 28307
@calls 0 28308
@calls 0 28309
@calls 0 28310
@calls 0 28311
@calls 0 28312
@calls 0 28313
@calls 0 28314
@calls 0 28315
@calls 0 28316
@calls 0 28317
@calls 0 28318
@calls 0 28319
@calls 0 28320
@calls 0 28321
@calls 0 28322
@calls 0 28323
@calls 0 28324
@calls 0 28325
@calls 0 28326
@calls 0 28327
@calls 0 28328
@calls 0 28329
@calls 0 28330
@calls 0 28331
@calls 0 28332
@calls 0 28333
@calls 0 28334
@calls 0 28335
@calls 0 28336
@calls 0 28337
@calls 0 28338
@calls 0 28339
@calls 0 28340
@calls 0 28341
@calls 0 28342
@calls 0 28343
@calls 0 28344
@calls 0 28345
@calls 0 28346
@calls 0 28347
@calls 0 28348
@calls 0 28349
@calls 0 28350
@calls 0 28351
@calls 0 28352
@calls 0 28353
@calls 0 28354
@calls 0 28355
@calls 0 28356
@calls 0 28357
@calls 0 28358
@calls 0 28359
@calls 0 28360
@calls 0 28361
@calls 0 28362
@calls 0 28363
@calls 0 28364
@calls 0 28365
@calls 0 28366
@calls 0 28367
@calls 0 28368
@calls 0 28369
@calls 0 28370
@calls 0 28371
@calls 0 28372
@calls 0 28373
@calls 0 28374
@calls 0 28375
@calls 0 28376
@calls 0 28377
@calls 0 28378
@calls 0 28379
@calls 0 28380
@calls 0 28381
@calls 0 28382
@calls 0 28383
@calls 0 28384
@calls 0 28385
@calls 0 28386
@calls 0 28387
@calls 0 28388
@calls 0 28389
@calls 0 28390
@calls 0 28391
@calls 0 28392
@calls 0 28393
@calls 0 28394
@calls 0 28395
@calls 0 28396
@calls 0 28397
@calls 0 28398
@calls 0 28399
@calls 0 28400
@calls 0 28401
@calls 0 28402
@calls 0 28403
@calls 0 28404
@calls 0 28405
@calls 0 28406
@calls 0 28407
@calls 0 28408
@calls 0 28409
@calls 0 28410
@calls 0 28411
@calls 0 28412
@calls 0 28413
@calls 0 28414
@calls 0 28415
@calls 0 28416
@calls 0 28417
@calls 0 28418
@calls 0 28419
@calls 0 28420
@calls 0 28421
@calls 0 28422
@calls 0 28423
@calls 0 28424
@calls 0 28425
@calls 0 28426
@calls 0 28427
@calls 0 28428
@calls 0 28429
@calls 0 28430
@calls 0 28431
@calls 0 28432
@calls 0 28433
@calls 0 28434
@calls 0 28435
@calls 0 28436
@calls 0 28437
@calls 0 28438
@calls 0 28439
@calls 0 28440
@calls 0 28441
@calls 0 28442
@calls 0 28443
@calls 0 28444
@calls 0 28445
@calls 0 28446
@calls 0 28447
@calls 0 28448
@calls 0 28449
@calls 0 28450
@calls 0 28451
@calls 0 28452
@calls 0 28453
@calls 0 28454
@calls 0 28455
@calls 0 28456
@calls 0 28457
@calls 0 28458
@calls 0 28459
@calls 0 28460
@calls 0 28461
@calls 0 28462
@calls 0 28463
@calls 0 28464
@calls 0 28465
@calls 0 28466
@calls 0 28467
@calls 0 28468
@calls 0 28469
@calls 0 28470
@calls 0 28471
@calls 0 28472
@calls 0 28473
@calls 0 28474
@calls 0 28475
@calls 0 28476
@calls 0 28477
@calls 0 28478
@calls 0 28479
@calls 0 28480
@calls 0 28481
@calls 0 28482
@calls 0 28483
@calls 0 28484
@calls 0 28485
@calls 0 28486
@calls 0 28487
@calls 0 28488
@calls 0 28489
@calls 0 28490
@calls 0 28491
@calls 0 28492
@calls 0 28493
@calls 0 28494
@calls 0 28495
@calls 0 28496
@calls 0 28497
@calls 0 28498
@calls 0 28499
@calls 0 28500
@calls 0 28501
@calls 0 28502
@calls 0 28503
@calls 0 28504
@calls 0 28505
@calls 0 28506
@calls 0 28507
@calls 0 28508
@calls 0 28509
@calls 0 28510
@calls 0 28511
@calls 0 28512
@calls 0 28513
@calls 0 28514
@calls 0 28515
@calls 0 28516
@calls 0 28517
@calls 0 28518
@calls 0 28519
@calls 0 28520
@calls 0 28521
@calls 0 28522
@calls 0 28523
@calls 0 28524
@calls 0 28525
@calls 0 28526
@calls 0 28527
@calls 0 28528
@calls 0 28529
@calls 0 28530
@calls 0 28531
@calls 0 28532
@calls 0 28533
@calls 0 28534
@calls 0 28535
@calls 0 28536
@calls 0 28537
@calls 0 28538
@calls 0 28539
@calls 0 28540
@calls 0 28541
@calls 0 28542
@calls 0 28543
@calls 0 28544
@calls 0 28545
@calls 0 28546
@calls 0 28547
@calls 0 28548
@calls 0 28549
@calls 0 28550
@calls 0 28551
@calls 0 28552
@calls 0 28553
@calls 0 28554
@calls 0 28555
@calls 0 28556
@calls 0 28557
@calls 0 28558
@calls 0 28559
@calls 0 28560
@calls 0 28561
@calls 0 28562
@calls 0 28563
@calls 0 28564
@calls 0 28565
@calls 0 28566
@calls 0 28567
@calls 0 28568
@calls 0 28569
@calls 0 28570
@calls 0 28571
@calls 0 28572
@calls 0 28573
@calls 0 28574
@calls 0 28575
@calls 0 28576
@calls 0 28577
@calls 0 28578
@calls 0 28579
@calls 0 28580
@calls 0 28581
@calls 0 28582
@calls 0 28583
@calls 0 28584
@calls 0 28585
@calls 0 28586
@calls 0 28587
@calls 0 28588
@calls 0 28589
@calls 0 28590
@calls 0 28591
@calls 0 28592
@calls 0 28593
@calls 0 28594
@calls 0 28595
@calls 0 28596
@calls 0 28597
@calls 0 28598
@calls 0 28599
@calls 0 28600
@calls 0 28601
@calls 0 28602
@calls 0 28603
@calls 0 28604
@calls 0 28605
@calls 0 28606
@calls 0 28607
@calls 0 28608
@calls 0 28609
@calls 0 28610
@calls 0 28611
@calls 0 28612
@calls 0 28613
@calls 0 28614
@calls 0 28615
@calls 0 28616
@calls 0 28617
@calls 0 28618
@calls 0 28619
@calls 0 28620
@calls 0 28621
@calls 0 28622
@calls 0 28623
@calls 0 28624
@calls 0 28625
@calls 0 28626
@calls 0 28627
@calls 0 28628
@calls 0 28629
@calls 0 28630
@calls 0 28631
@calls 0 28632
@calls 0 28633
@calls 0 28634
@calls 0 28635
@calls 0 28636
@calls 0 28637
@calls 0 28638
@calls 0 28639
@calls 0 28640
@calls 0 28641
@calls 0 28642
@calls 0 28643
@calls 0 28644
@calls 0 28645
@calls 0 28646
@calls 0 28647
@calls 0 28648
@calls 0 28649
@calls 0 28650
@calls 0 28651
@calls 0 28652
@calls 0 28653
@calls 0 28654
@calls 0 28655
@calls 0 28656
@calls 0 28657
@calls 0 28658
@calls 0 28659
@calls 0 28660
@calls 0 28661
@calls 0 28662
@calls 0 28663
@calls 0 28664
@calls 0 28665
@calls 0 28666
@calls 0 28667
@calls 0 28668
@calls 0 28669
@calls 0 28670
@calls 0 28671
@calls 0 28672
@calls 0 28673
@calls 0 28674
@calls 0 28675
@calls 0 28676
@calls 0 28677
@calls 0 28678
@calls 0 28679
@calls 0 28680
@calls 0 28681
@calls 0 28682
@calls 0 28683
@calls 0 28684
@calls 0 28685
@calls 0 28686
@calls 0 28687
@calls 0 28688
@calls 0 28689
@calls 0 28690
@calls 0 28691
@calls 0 28692
@calls 0 28693
@calls 0 28694
@calls 0 28695
@calls 0 28696
@calls 0 28697
@calls 0 28698
@calls 0 28699
@calls 0 28700
@calls 0 28701
@calls 0 28702
@calls 0 28703
@calls 0 28704
@calls 0 28705
@calls 0 28706
@calls 0 28707
@calls 0 28708
@calls 0 28709
@calls 0 28710
@calls 0 28711
@calls 0 28712
@calls 0 28713
@calls 0 28714
@calls 0 28715
@calls 0 28716
@calls 0 28717
@calls 0 28718
@calls 0 28719
@calls 0 28720
@calls 0 28721
@calls 0 28722
@calls 0 28723
@calls 0 28724
@calls 0 28725
@calls 0 28726
@calls 0 28727
@calls 0 28728
@calls 0 28729
@calls 0 28730
@calls 0 28731
@calls 0 28732
@calls 0 28733
@calls 0 28734
@calls 0 28735
@calls 0 28736
@calls 0 28737
@calls 0 28738
@calls 0 28739
@calls 0 28740
@calls 0 28741
@calls 0 28742
@calls 0 28743
@calls 0 28744
@calls 0 28745
@calls 0 28746
@calls 0 28747
@calls 0 28748
@calls 0 28749
@calls 0 28750
@calls 0 28751
@calls 0 28752
@calls 0 28753
@calls 0 28754
@calls 0 28755
@calls 0 28756
@calls 0 28757
@calls 0 28758
@calls 0 28759
@calls 0 28760
@calls 0 28761
@calls 0 28762
@calls 0 28763
@calls 0 28764
@calls 0 28765
@calls 0 28766
@calls 0 28767
@calls 0 28768
@calls 0 28769
@calls 0 28770
@calls 0 28771
@calls 0 28772
@calls 0 28773
@calls 0 28774
@calls 0 28775
@calls 0 28776
@calls 0 28777
@calls 0 28778
@calls 0 28779
@calls 0 28780
@calls 0 28781
@calls 0 28782
@calls 0 28783
@calls 0 28784
@calls 0 28785
@calls 0 28786
@calls 0 28787
@calls 0 28788
@calls 0 28789
@calls 0 28790
@calls 0 28791
@calls 0 28792
@calls 0 28793
@calls 0 28794
@calls 0 28795
@calls 0 28796
@calls 0 28797
@calls 0 28798
@calls 0 28799
@calls 0 28800
@calls 0 28801
@calls 0 28802
@calls 0 28803
@calls 0 28804
@calls 0 28805
@calls 0 28806
@calls 0 28807
@calls 0 28808
@calls 0 28809
@calls 0 28810
@calls 0 28811
@calls 0 28812
@calls 0 28813
@calls 0 28814
@calls 0 28815
@calls 0 28816
@calls 0 28817
@calls 0 28818
@calls 0 28819
@calls 0 28820
@calls 0 28821
@calls 0 28822
@calls 0 28823
@calls 0 28824
@calls 0 28825
@calls 0 28826
@calls 0 28827
@calls 0 28828
@calls 0 28829
@calls 0 28830
@calls 0 28831
@calls 0 28832
@calls 0 28833
@calls 0 28834
@calls 0 28835
@calls 0 28836
@calls 0 28837
@calls 0 28838
@calls 0 28839
@calls 0 28840
@calls 0 28841
@calls 0 28842
@calls 0 28843
@calls 0 28844
@calls 0 28845
@calls 0 28846
@calls 0 28847
@calls 0 28848
@calls 0 28849
@calls 0 28850
@calls 0 28851
@calls 0 28852
@calls 0 28853
@calls 0 28854
@calls 0 28855
@calls 0 28856
@calls 0 28857
@calls 0 28858
@calls 0 28859
@calls 0 28860
@calls 0 28861
@calls 0 28862
@calls 0 28863
@calls 0 28864
@calls 0 28865
@calls 0 28866
@calls 0 28867
@calls 0 28868
@calls 0 28869
@calls 0 28870
@calls 0 28871
@calls 0 28872
@calls 0 28873
@calls 0 28874
@calls 0 28875
@calls 0 28876
@calls 0 28877
@calls 0 28878
@calls 0 28879
@calls 0 28880
@calls 0 28881
@calls 0 28882
@calls 0 28883
@calls 0 28884
@calls 0 28885
@calls 0 28886
@calls 0 28887
@calls 0 28888
@calls 0 28889
@calls 0 28890
@calls 0 28891
@calls 0 28892
@calls 0 28893
@calls 0 28894
@calls 0 28895
@calls 0 28896
@calls 0 28897
@calls 0 28898
@calls 0 28899
@calls 0 28900
@calls 0 28901
@calls 0 28902
@calls 0 28903
@calls 0 28904
@calls 0 28905
@calls 0 28906
@calls 0 28907
@calls 0 28908
@calls 0 28909
@calls 0 28910
@calls 0 28911
@calls 0 28912
@calls 0 28913
@calls 0 28914
@calls 0 28915
@calls 0 28916
@calls 0 28917
@calls 0 28918
@calls 0 28919
@calls 0 28920
@calls 0 28921
@calls 0 28922
@calls 0 28923
@calls 0 28924
@calls 0 28925
@calls 0 28926
@calls 0 28927
@calls 0 28928
@calls 0 28929
@calls 0 28930
@calls 0 28931
@calls 0 28932
@calls 0 28933
@calls 0 28934
@calls 0 28935
@calls 0 28936
@calls 0 28937
@calls 0 28938
@calls 0 28939
@calls 0 28940
@calls 0 28941
@calls 0 28942
@calls 0 28943
@calls 0 28944
@calls 0 28945
@calls 0 28946
@calls 0 28947
@calls 0 28948
@calls 0 28949
@calls 0 28950
@calls 0 28951
@calls 0 28952
@calls 0 28953
@calls 0 28954
@calls 0 28955
@calls 0 28956
@calls 0 28957
@calls 0 28958
@calls 0 28959
@calls 0 28960
@calls 0 28961
@calls 0 28962
@calls 0 28963
@calls 0 28964
@calls 0 28965
@calls 0 28966
@calls 0 28967
@calls 0 28968
@calls 0 28969
@calls 0 28970
@calls 0 28971
@calls 0 28972
@calls 0 28973
@calls 0 28974
@calls 0 28975
@calls 0 28976
@calls 0 28977
@calls 0 28978
@calls 0 28979
@calls 0 28980
@calls 0 28981
@calls 0 28982
@calls 0 28983
@calls 0 28984
@calls 0 28985
@calls 0 28986
@calls 0 28987
@calls 0 28988
@calls 0 28989
@calls 0 28990
@calls 0 28991
@calls 0 28992
@calls 0 28993
@calls 0 28994
@calls 0 28995
@calls 0 28996
@calls 0 28997
@calls 0 28998
@calls 0 28999
@calls 0 29000
@calls 0 29001
@calls 0 29002
@calls 0 29003
@calls 0 29004
@calls 0 29005
@calls 0 29006
@calls 0 29007
@calls 0 29008
@calls 0 29009
@calls 0 29010
@calls 0 29011
@calls 0 29012
@calls 0 29013
@calls 0 29014
@calls 0 29015
@calls 0 29016
@calls 0 29017
@calls 0 29018
@calls 0 29019
@calls 0 29020
@calls 0 29021
@calls 0 29022
@calls 0 29023
@calls 0 29024
@calls 0 29025
@calls 0 29026
@calls 0 29027
@calls 0 29028
@calls 0 29029
@calls 0 29030
@calls 0 29031
@calls 0 29032
@calls 0 29033
@calls 0 29034
@calls 0 29035
@calls 0 29036
@calls 0 29037
@calls 0 29038
@calls 0 29039
@calls 0 29040
@calls 0 29041
@calls 0 29042
@calls 0 29043
@calls 0 29044
@calls 0 29045
@calls 0 29046
@calls 0 29047
@calls 0 29048
@calls 0 29049
@calls 0 29050
@calls 0 29051
@calls 0 29052
@calls 0 29053
@calls 0 29054
@calls 0 29055
@calls 0 29056
@calls 0 29057
@calls 0 29058
@calls 0 29059
@calls 0 29060
@calls 0 29061
@calls 0 29062
@calls 0 29063
@calls 0 29064
@calls 0 29065
@calls 0 29066
@calls 0 29067
@calls 0 29068
@calls 0 29069
@calls 0 29070
@calls 0 29071
@calls 0 29072
@calls 0 29073
@calls 0 29074
@calls 0 29075
@calls 0 29076
@calls 0 29077
@calls 0 29078
@calls 0 29079
@calls 0 29080
@calls 0 29081
@calls 0 29082
@calls 0 29083
@calls 0 29084
@calls 0 29085
@calls 0 29086
@calls 0 29087
@calls 0 29088
@calls 0 29089
@calls 0 29090
@calls 0 29091
@calls 0 29092
@calls 0 29093
@calls 0 29094
@calls 0 29095
@calls 0 29096
@calls 0 29097
@calls 0 29098
@calls 0 29099
@calls 0 29100
@calls 0 29101
@calls 0 29102
@calls 0 29103
@calls 0 29104
@calls 0 29105
@calls 0 29106
@calls 0 29107
@calls 0 29108
@calls 0 29109
@calls 0 29110
@calls 0 29111
@calls 0 29112
@calls 0 29113
@calls 0 29114
@calls 0 29115
@calls 0 29116
@calls 0 29117
@calls 0 29118
@calls 0 29119
@calls 0 29120
@calls 0 29121
@calls 0 29122
@calls 0 29123
@calls 0 29124
@calls 0 29125
@calls 0 29126
@calls 0 29127
@calls 0 29128
@calls 0 29129
@calls 0 29130
@calls 0 29131
@calls 0 29132
@calls 0 29133
@calls 0 29134
@calls 0 29135
@calls 0 29136
@calls 0 29137
@calls 0 29138
@calls 0 29139
@calls 0 29140
@calls 0 29141
@calls 0 29142
@calls 0 29143
@calls 0 29144
@calls 0 29145
@calls 0 29146
@calls 0 29147
@calls 0 29148
@calls 0 29149
@calls 0 29150
@calls 0 29151
@calls 0 29152
@calls 0 29153
@calls 0 29154
@calls 0 29155
@calls 0 29156
@calls 0 29157
@calls 0 29158
@calls 0 29159
@calls 0 29160
@calls 0 29161
@calls 0 29162
@calls 0 29163
@calls 0 29164
@calls 0 29165
@calls 0 29166
@calls 0 29167
@calls 0 29168
@calls 0 29169
@calls 0 29170
@calls 0 29171
@calls 0 29172
@calls 0 29173
@calls 0 29174
@calls 0 29175
@calls 0 29176
@calls 0 29177
@calls 0 29178
@calls 0 29179
@calls 0 29180
@calls 0 29181
@calls 0 29182
@calls 0 29183
@calls 0 29184
@calls 0 29185
@calls 0 29186
@calls 0 29187
@calls 0 29188
@calls 0 29189
@calls 0 29190
@calls 0 29191
@calls 0 29192
@calls 0 29193
@calls 0 29194
@calls 0 29195
@calls 0 29196
@calls 0 29197
@calls 0 29198
@calls 0 29199
@calls 0 29200
@calls 0 29201
@calls 0 29202
@calls 0 29203
@calls 0 29204
@calls 0 29205
@calls 0 29206
@calls 0 29207
@calls 0 29208
@calls 0 29209
@calls 0 29210
@calls 0 29211
@calls 0 29212
@calls 0 29213
@calls 0 29214
@calls 0 29215
@calls 0 29216
@calls 0 29217
@calls 0 29218
@calls 0 29219
@calls 0 29220
@calls 0 29221
@calls 0 29222
@calls 0 29223
@calls 0 29224
@calls 0 29225
@calls 0 29226
@calls 0 29227
@calls 0 29228
@calls 0 29229
@calls 0 29230
@calls 0 29231
@calls 0 29232
@calls 0 29233
@calls 0 29234
@calls 0 29235
@calls 0 29236
@calls 0 29237
@calls 0 29238
@calls 0 29239
@calls 0 29240
@calls 0 29241
@calls 0 29242
@calls 0 29243
@calls 0 29244
@calls 0 29245
@calls 0 29246
@calls 0 29247
@calls 0 29248
@calls 0 29249
@calls 0 29250
@calls 0 29251
@calls 0 29252
@calls 0 29253
@calls 0 29254
@calls 0 29255
@calls 0 29256
@calls 0 29257
@calls 0 29258
@calls 0 29259
@calls 0 29260
@calls 0 29261
@calls 0 29262
@calls 0 29263
@calls 0 29264
@calls 0 29265
@calls 0 29266
@calls 0 29267
@calls 0 29268
@calls 0 29269
@calls 0 29270
@calls 0 29271
@calls 0 29272
@calls 0 29273
@calls 0 29274
@calls 0 29275
@calls 0 29276
@calls 0 29277
@calls 0 29278
@calls 0 29279
@calls 0 29280
@calls 0 29281
@calls 0 29282
@calls 0 29283
@calls 0 29284
@calls 0 29285
@calls 0 29286
@calls 0 29287
@calls 0 29288
@calls 0 29289
@calls 0 29290
@calls 0 29291
@calls 0 29292
@calls 0 29293
@calls 0 29294
@calls 0 29295
@calls 0 29296
@calls 0 29297
@calls 0 29298
@calls 0 29299
@calls 0 29300
@calls 0 29301
@calls 0 29302
@calls 0 29303
@calls 0 29304
@calls 0 29305
@calls 0 29306
@calls 0 29307
@calls 0 29308
@calls 0 29309
@calls 0 29310
@calls 0 29311
@calls 0 29312
@calls 0 29313
@calls 0 29314
@calls 0 29315
@calls 0 29316
@calls 0 29317
@calls 0 29318
@calls 0 29319
@calls 0 29320
@calls 0 29321
@calls 0 29322
@calls 0 29323
@calls 0 29324
@calls 0 29325
@calls 0 29326
@calls 0 29327
@calls 0 29328
@calls 0 29329
@calls 0 29330
@calls 0 29331
@calls 0 29332
@calls 0 29333
@calls 0 29334
@calls 0 29335
@calls 0 29336
@calls 0 29337
@calls 0 29338
@calls 0 29339
@calls 0 29340
@calls 0 29341
@calls 0 29342
@calls 0 29343
@calls 0 29344
@calls 0 29345
@calls 0 29346
@calls 0 29347
@calls 0 29348
@calls 0 29349
@calls 0 29350
@calls 0 29351
@calls 0 29352
@calls 0 29353
@calls 0 29354
@calls 0 29355
@calls 0 29356
@calls 0 29357
@calls 0 29358
@calls 0 29359
@calls 0 29360
@calls 0 29361
@calls 0 29362
@calls 0 29363
@calls 0 29364
@calls 0 29365
@calls 0 29366
@calls 0 29367
@calls 0 29368
@calls 0 29369
@calls 0 29370
@calls 0 29371
@calls 0 29372
@calls 0 29373
@calls 0 29374
@calls 0 29375
@calls 0 29376
@calls 0 29377
@calls 0 29378
@calls 0 29379
@calls 0 29380
@calls 0 29381
@calls 0 29382
@calls 0 29383
@calls 0 29384
@calls 0 29385
@calls 0 29386
@calls 0 29387
@calls 0 29388
@calls 0 29389
@calls 0 29390
@calls 0 29391
@calls 0 29392
@calls 0 29393
@calls 0 29394
@calls 0 29395
@calls 0 29396
@calls 0 29397
@calls 0 29398
@calls 0 29399
@calls 0 29400
@calls 0 29401
@calls 0 29402
@calls 0 29403
@calls 0 29404
@calls 0 29405
@calls 0 29406
@calls 0 29407
@calls 0 29408
@calls 0 29409
@calls 0 29410
@calls 0 29411
@calls 0 29412
@calls 0 29413
@calls 0 29414
@calls 0 29415
@calls 0 29416
@calls 0 29417
@calls 0 29418
@calls 0 29419
@calls 0 29420
@calls 0 29421
@calls 0 29422
@calls 0 29423
@calls 0 29424
@calls 0 29425
@calls 0 29426
@calls 0 29427
@calls 0 29428
@calls 0 29429
@calls 0 29430
@calls 0 29431
@calls 0 29432
@calls 0 29433
@calls 0 29434
@calls 0 29435
@calls 0 29436
@calls 0 29437
@calls 0 29438
@calls 0 29439
@calls 0 29440
@calls 0 29441
@calls 0 29442
@calls 0 29443
@calls 0 29444
@calls 0 29445
@calls 0 29446
@calls 0 29447
@calls 0 29448
@calls 0 29449
@calls 0 29450
@calls 0 29451
@calls 0 29452
@calls 0 29453
@calls 0 29454
@calls 0 29455
@calls 0 29456
@calls 0 29457
@calls 0 29458
@calls 0 29459
@calls 0 29460
@calls 0 29461
@calls 0 29462
@calls 0 29463
@calls 0 29464
@calls 0 29465
@calls 0 29466
@calls 0 29467
@calls 0 29468
@calls 0 29469
@calls 0 29470
@calls 0 29471
@calls 0 29472
@calls 0 29473
@calls 0 29474
@calls 0 29475
@calls 0 29476
@calls 0 29477
@calls 0 29478
@calls 0 29479
@calls 0 29480
@calls 0 29481
@calls 0 29482
@calls 0 29483
@calls 0 29484
@calls 0 29485
@calls 0 29486
@calls 0 29487
@calls 0 29488
@calls 0 29489
@calls 0 29490
@calls 0 29491
@calls 0 29492
@calls 0 29493
@calls 0 29494
@calls 0 29495
@calls 0 29496
@calls 0 29497
@calls 0 29498
@calls 0 29499
@calls 0 29500
@calls 0 29501
@calls 0 29502
@calls 0 29503
@calls 0 29504
@calls 0 29505
@calls 0 29506
@calls 0 29507
@calls 0 29508
@calls 0 29509
@calls 0 29510
@calls 0 29511
@calls 0 29512
@calls 0 29513
@calls 0 29514
@calls 0 29515
@calls 0 29516
@calls 0 29517
@calls 0 29518
@calls 0 29519
@calls 0 29520
@calls 0 29521
@calls 0 29522
@calls 0 29523
@calls 0 29524
@calls 0 29525
@calls 0 29526
@calls 0 29527
@calls 0 29528
@calls 0 29529
@calls 0 29530
@calls 0 29531
@calls 0 29532
@calls 0 29533
@calls 0 29534
@calls 0 29535
@calls 0 29536
@calls 0 29537
@calls 0 29538
@calls 0 29539
@calls 0 29540
@calls 0 29541
@calls 0 29542
@calls 0 29543
@calls 0 29544
@calls 0 29545
@calls 0 29546
@calls 0 29547
@calls 0 29548
@calls 0 29549
@calls 0 29550
@calls 0 29551
@calls 0 29552
@calls 0 29553
@calls 0 29554
@calls 0 29555
@calls 0 29556
@calls 0 29557
@calls 0 29558
@calls 0 29559
@calls 0 29560
@calls 0 29561
@calls 0 29562
@calls 0 29563
@calls 0 29564
@calls 0 29565
@calls 0 29566
@calls 0 29567
@calls 0 29568
@calls 0 29569
@calls 0 29570
@calls 0 29571
@calls 0 29572
@calls 0 29573
@calls 0 29574
@calls 0 29575
@calls 0 29576
@calls 0 29577
@calls 0 29578
@calls 0 29579
@calls 0 29580
@calls 0 29581
@calls 0 29582
@calls 0 29583
@calls 0 29584
@calls 0 29585
@calls 0 29586
@calls 0 29587
@calls 0 29588
@calls 0 29589
@calls 0 29590
@calls 0 29591
@calls 0 29592
@calls 0 29593
@calls 0 29594
@calls 0 29595
@calls 0 29596
@calls 0 29597
@calls 0 29598
@calls 0 29599
@calls 0 29600
@calls 0 29601
@calls 0 29602
@calls 0 29603
@calls 0 29604
@calls 0 29605
@calls 0 29606
@calls 0 29607
@calls 0 29608
@calls 0 29609
@calls 0 29610
@calls 0 29611
@calls 0 29612
@calls 0 29613
@calls 0 29614
@calls 0 29615
@calls 0 29616
@calls 0 29617
@calls 0 29618
@calls 0 29619
@calls 0 29620
@calls 0 29621
@calls 0 29622
@calls 0 29623
@calls 0 29624
@calls 0 29625
@calls 0 29626
@calls 0 29627
@calls 0 29628
@calls 0 29629
@calls 0 29630
@calls 0 29631
@calls 0 29632
@calls 0 29633
@calls 0 29634
@calls 0 29635
@calls 0 29636
@calls 0 29637
@calls 0 29638
@calls 0 29639
@calls 0 29640
@calls 0 29641
@calls 0 29642
@calls 0 29643
@calls 0 29644
@calls 0 29645
@calls 0 29646
@calls 0 29647
@calls 0 29648
@calls 0 29649
@calls 0 29650
@calls 0 29651
@calls 0 29652
@calls 0 29653
@calls 0 29654
@calls 0 29655
@calls 0 29656
@calls 0 29657
@calls 0 29658
@calls 0 29659
@calls 0 29660
@calls 0 29661
@calls 0 29662
@calls 0 29663
@calls 0 29664
@calls 0 29665
@calls 0 29666
@calls 0 29667
@calls 0 29668
@calls 0 29669
@calls 0 29670
@calls 0 29671
@calls 0 29672
@calls 0 29673
@calls 0 29674
@calls 0 29675
@calls 0 29676
@calls 0 29677
@calls 0 29678
@calls 0 29679
@calls 0 29680
@calls 0 29681
@calls 0 29682
@calls 0 29683
@calls 0 29684
@calls 0 29685
@calls 0 29686
@calls 0 29687
@calls 0 29688
@calls 0 29689
@calls 0 29690
@calls 0 29691
@calls 0 29692
@calls 0 29693
@calls 0 29694
@calls 0 29695
@calls 0 29696
@calls 0 29697
@calls 0 29698
@calls 0 29699
@calls 0 29700
@calls 0 29701
@calls 0 29702
@calls 0 29703
@calls 0 29704
@calls 0 29705
@calls 0 29706
@calls 0 29707
@calls 0 29708
@calls 0 29709
@calls 0 29710
@calls 0 29711
@calls 0 29712
@calls 0 29713
@calls 0 29714
@calls 0 29715
@calls 0 29716
@calls 0 29717
@calls 0 29718
@calls 0 29719
@calls 0 29720
@calls 0 29721
@calls 0 29722
@calls 0 29723
@calls 0 29724
@calls 0 29725
@calls 0 29726
@calls 0 29727
@calls 0 29728
@calls 0 29729
@calls 0 29730
@calls 0 29731
@calls 0 29732
@calls 0 29733
@calls 0 29734
@calls 0 29735
@calls 0 29736
@calls 0 29737
@calls 0 29738
@calls 0 29739
@calls 0 29740
@calls 0 29741
@calls 0 29742
@calls 0 29743
@calls 0 29744
@calls 0 29745
@calls 0 29746
@calls 0 29747
@calls 0 29748
@calls 0 29749
@calls 0 29750
@calls 0 29751
@calls 0 29752
@calls 0 29753
@calls 0 29754
@calls 0 29755
@calls 0 29756
@calls 0 29757
@calls 0 29758
@calls 0 29759
@calls 0 29760
@calls 0 29761
@calls 0 29762
@calls 0 29763
@calls 0 29764
@calls 0 29765
@calls 0 29766
@calls 0 29767
@calls 0 29768
@calls 0 29769
@calls 0 29770
@calls 0 29771
@calls 0 29772
@calls 0 29773
@calls 0 29774
@calls 0 29775
@calls 0 29776
@calls 0 29777
@calls 0 29778
@calls 0 29779
@calls 0 29780
@calls 0 29781
@calls 0 29782
@calls 0 29783
@calls 0 29784
@calls 0 29785
@calls 0 29786
@calls 0 29787
@calls 0 29788
@calls 0 29789
@calls 0 29790
@calls 0 29791
@calls 0 29792
@calls 0 29793
@calls 0 29794
@calls 0 29795
@calls 0 29796
@calls 0 29797
@calls 0 29798
@calls 0 29799
@calls 0 29800
@calls 0 29801
@calls 0 29802
@calls 0 29803
@calls 0 29804
@calls 0 29805
@calls 0 29806
@calls 0 29807
@calls 0 29808
@calls 0 29809
@calls 0 29810
@calls 0 29811
@calls 0 29812
@calls 0 29813
@calls 0 29814
@calls 0 29815
@calls 0 29816
@calls 0 29817
@calls 0 29818
@calls 0 29819
@calls 0 29820
@calls 0 29821
@calls 0 29822
@calls 0 29823
@calls 0 29824
@calls 0 29825
@calls 0 29826
@calls 0 29827
@calls 0 29828
@calls 0 29829
@calls 0 29830
@calls 0 29831
@calls 0 29832
@calls 0 29833
@calls 0 29834
@calls 0 29835
@calls 0 29836
@calls 0 29837
@calls 0 29838
@calls 0 29839
@calls 0 29840
@calls 0 29841
@calls 0 29842
@calls 0 29843
@calls 0 29844
@calls 0 29845
@calls 0 29846
@calls 0 29847
@calls 0 29848
@calls 0 29849
@calls 0 29850
@calls 0 29851
@calls 0 29852
@calls 0 29853
@calls 0 29854
@calls 0 29855
@calls 0 29856
@calls 0 29857
@calls 0 29858
@calls 0 29859
@calls 0 29860
@calls 0 29861
@calls 0 29862
@calls 0 29863
@calls 0 29864
@calls 0 29865
@calls 0 29866
@calls 0 29867
@calls 0 29868
@calls 0 29869
@calls 0 29870
@calls 0 29871
@calls 0 29872
@calls 0 29873
@calls 0 29874
@calls 0 29875
@calls 0 29876
@calls 0 29877
@calls 0 29878
@calls 0 29879
@calls 0 29880
@calls 0 29881
@calls 0 29882
@calls 0 29883
@calls 0 29884
@calls 0 29885
@calls 0 29886
@calls 0 29887
@calls 0 29888
@calls 0 29889
@calls 0 29890
@calls 0 29891
@calls 0 29892
@calls 0 29893
@calls 0 29894
@calls 0 29895
@calls 0 29896
@calls 0 29897
@calls 0 29898
@calls 0 29899
@calls 0 29900
@calls 0 29901
@calls 0 29902
@calls 0 29903
@calls 0 29904
@calls 0 29905
@calls 0 29906
@calls 0 29907
@calls 0 29908
@calls 0 29909
@calls 0 29910
@calls 0 29911
@calls 0 29912
@calls 0 29913
@calls 0 29914
@calls 0 29915
@calls 0 29916
@calls 0 29917
@calls 0 29918
@calls 0 29919
@calls 0 29920
@calls 0 29921
@calls 0 29922
@calls 0 29923
@calls 0 29924
@calls 0 29925
@calls 0 29926
@calls 0 29927
@calls 0 29928
@calls 0 29929
@calls 0 29930
@calls 0 29931
@calls 0 29932
@calls 0 29933
@calls 0 29934
@calls 0 29935
@calls 0 29936
@calls 0 29937
@calls 0 29938
@calls 0 29939
@calls 0 29940
@calls 0 29941
@calls 0 29942
@calls 0 29943
@calls 0 29944
@calls 0 29945
@calls 0 29946
@calls 0 29947
@calls 0 29948
@calls 0 29949
@calls 0 29950
@calls 0 29951
@calls 0 29952
@calls 0 29953
@calls 0 29954
@calls 0 29955
@calls 0 29956
@calls 0 29957
@calls 0 29958
@calls 0 29959
@calls 0 29960
@calls 0 29961
@calls 0 29962
@calls 0 29963
@calls 0 29964
@calls 0 29965
@calls 0 29966
@calls 0 29967
@calls 0 29968
@calls 0 29969
@calls 0 29970
@calls 0 29971
@calls 0 29972
@calls 0 29973
@calls 0 29974
@calls 0 29975
@calls 0 29976
@calls 0 29977
@calls 0 29978
@calls 0 29979
@calls 0 29980
@calls 0 29981
@calls 0 29982
@calls 0 29983
@calls 0 29984
@calls 0 29985
@calls 0 29986
@calls 0 29987
@calls 0 29988
@calls 0 29989
@calls 0 29990
@calls 0 29991
@calls 0 29992
@calls 0 29993
@calls 0 29994
@calls 0 29995
@calls 0 29996
@calls 0 29997
@calls 0 29998
@calls 0 29999
@calls 0 30000
@calls 0 30001
@calls 0 30002
@calls 0 30003
@calls 0 30004
@calls 0 30005
@calls 0 30006
@calls 0 30007
@calls 0 30008
@calls 0 30009
@calls 0 30010
@calls 0 30011
@calls 0 30012
@calls 0 30013
@calls 0 30014
@calls 0 30015
@calls 0 30016
@calls 0 30017
@calls 0 30018
@calls 0 30019
@calls 0 30020
@calls 0 30021
@calls 0 30022
@calls 0 30023
@calls 0 30024
@calls 0 30025
@calls 0 30026
@calls 0 30027
@calls 0 30028
@calls 0 30029
@calls 0 30030
@calls 0 30031
@calls 0 30032
@calls 0 30033
@calls 0 30034
@calls 0 30035
@calls 0 30036
@calls 0 30037
@calls 0 30038
@calls 0 30039
@calls 0 30040
@calls 0 30041
@calls 0 30042
@calls 0 30043
@calls 0 30044
@calls 0 30045
@calls 0 30046
@calls 0 30047
@calls 0 30048
@calls 0 30049
@calls 0 30050
@calls 0 30051
@calls 0 30052
@calls 0 30053
@calls 0 30054
@calls 0 30055
@calls 0 30056
@calls 0 30057
@calls 0 30058
@calls 0 30059
@calls 0 30060
@calls 0 30061
@calls 0 30062
@calls 0 30063
@calls 0 30064
@calls 0 30065
@calls 0 30066
@calls 0 30067
@calls 0 30068
@calls 0 30069
@calls 0 30070
@calls 0 30071
@calls 0 30072
@calls 0 30073
@calls 0 30074
@calls 0 30075
@calls 0 30076
@calls 0 30077
@calls 0 30078
@calls 0 30079
@calls 0 30080
@calls 0 30081
@calls 0 30082
@calls 0 30083
@calls 0 30084
@calls 0 30085
@calls 0 30086
@calls 0 30087
@calls 0 30088
@calls 0 30089
@calls 0 30090
@calls 0 30091
@calls 0 30092
@calls 0 30093
@calls 0 30094
@calls 0 30095
@calls 0 30096
@calls 0 30097
@calls 0 30098
@calls 0 30099
@calls 0 30100
@calls 0 30101
@calls 0 30102
@calls 0 30103
@calls 0 30104
@calls 0 30105
@calls 0 30106
@calls 0 30107
@calls 0 30108
@calls 0 30109
@calls 0 30110
@calls 0 30111
@calls 0 30112
@calls 0 30113
@calls 0 30114
@calls 0 30115
@calls 0 30116
@calls 0 30117
@calls 0 30118
@calls 0 30119
@calls 0 30120
@calls 0 30121
@calls 0 30122
@calls 0 30123
@calls 0 30124
@calls 0 30125
@calls 0 30126
@calls 0 30127
@calls 0 30128
@calls 0 30129
@calls 0 30130
@calls 0 30131
@calls 0 30132
@calls 0 30133
@calls 0 30134
@calls 0 30135
@calls 0 30136
@calls 0 30137
@calls 0 30138
@calls 0 30139
@calls 0 30140
@calls 0 30141
@calls 0 30142
@calls 0 30143
@calls 0 30144
@calls 0 30145
@calls 0 30146
@calls 0 30147
@calls 0 30148
@calls 0 30149
@calls 0 30150
@calls 0 30151
@calls 0 30152
@calls 0 30153
@calls 0 30154
@calls 0 30155
@calls 0 30156
@calls 0 30157
@calls 0 30158
@calls 0 30159
@calls 0 30160
@calls 0 30161
@calls 0 30162
@calls 0 30163
@calls 0 30164
@calls 0 30165
@calls 0 30166
@calls 0 30167
@calls 0 30168
@calls 0 30169
@calls 0 30170
@calls 0 30171
@calls 0 30172
@calls 0 30173
@calls 0 30174
@calls 0 30175
@calls 0 30176
@calls 0 30177
@calls 0 30178
@calls 0 30179
@calls 0 30180
@calls 0 30181
@calls 0 30182
@calls 0 30183
@calls 0 30184
@calls 0 30185
@calls 0 30186
@calls 0 30187
@calls 0 30188
@calls 0 30189
@calls 0 30190
@calls 0 30191
@calls 0 30192
@calls 0 30193
@calls 0 30194
@calls 0 30195
@calls 0 30196
@calls 0 30197
@calls 0 30198
@calls 0 30199
@calls 0 30200
@calls 0 30201
@calls 0 30202
@calls 0 30203
@calls 0 30204
@calls 0 30205
@calls 0 30206
@calls 0 30207
@calls 0 30208
@calls 0 30209
@calls 0 30210
@calls 0 30211
@calls 0 30212
@calls 0 30213
@calls 0 30214
@calls 0 30215
@calls 0 30216
@calls 0 30217
@calls 0 30218
@calls 0 30219
@calls 0 30220
@calls 0 30221
@calls 0 30222
@calls 0 30223
@calls 0 30224
@calls 0 30225
@calls 0 30226
@calls 0 30227
@calls 0 30228
@calls 0 30229
@calls 0 30230
@calls 0 30231
@calls 0 30232
@calls 0 30233
@calls 0 30234
@calls 0 30235
@calls 0 30236
@calls 0 30237
@calls 0 30238
@calls 0 30239
@calls 0 30240
@calls 0 30241
@calls 0 30242
@calls 0 30243
@calls 0 30244
@calls 0 30245
@calls 0 30246
@calls 0 30247
@calls 0 30248
@calls 0 30249
@calls 0 30250
@calls 0 30251
@calls 0 30252
@calls 0 30253
@calls 0 30254
@calls 0 30255
@calls 0 30256
@calls 0 30257
@calls 0 30258
@calls 0 30259
@calls 0 30260
@calls 0 30261
@calls 0 30262
@calls 0 30263
@calls 0 30264
@calls 0 30265
@calls 0 30266
@calls 0 30267
@calls 0 30268
@calls 0 30269
@calls 0 30270
@calls 0 30271
@calls 0 30272
@calls 0 30273
@calls 0 30274
@calls 0 30275
@calls 0 30276
@calls 0 30277
@calls 0 30278
@calls 0 30279
@calls 0 30280
@calls 0 30281
@calls 0 30282
@calls 0 30283
@calls 0 30284
@calls 0 30285
@calls 0 30286
@calls 0 30287
@calls 0 30288
@calls 0 30289
@calls 0 30290
@calls 0 30291
@calls 0 30292
@calls 0 30293
@calls 0 30294
@calls 0 30295
@calls 0 30296
@calls 0 30297
@calls 0 30298
@calls 0 30299
@calls 0 30300
@calls 0 30301
@calls 0 30302
@calls 0 30303
@calls 0 30304
@calls 0 30305
@calls 0 30306
@calls 0 30307
@calls 0 30308
@calls 0 30309
@calls 0 30310
@calls 0 30311
@calls 0 30312
@calls 0 30313
@calls 0 30314
@calls 0 30315
@calls 0 30316
@calls 0 30317
@calls 0 30318
@calls 0 30319
@calls 0 30320
@calls 0 30321
@calls 0 30322
@calls 0 30323
@calls 0 30324
@calls 0 30325
@calls 0 30326
@calls 0 30327
@calls 0 30328
@calls 0 30329
@calls 0 30330
@calls 0 30331
@calls 0 30332
@calls 0 30333
@calls 0 30334
@calls 0 30335
@calls 0 30336
@calls 0 30337
@calls 0 30338
@calls 0 30339
@calls 0 30340
@calls 0 30341
@calls 0 30342
@calls 0 30343
@calls 0 30344
@calls 0 30345
@calls 0 30346
@calls 0 30347
@calls 0 30348
@calls 0 30349
@calls 0 30350
@calls 0 30351
@calls 0 30352
@calls 0 30353
@calls 0 30354
@calls 0 30355
@calls 0 30356
@calls 0 30357
@calls 0 30358
@calls 0 30359
@calls 0 30360
@calls 0 30361
@calls 0 30362
@calls 0 30363
@calls 0 30364
@calls 0 30365
@calls 0 30366
@calls 0 30367
@calls 0 30368
@calls 0 30369
@calls 0 30370
@calls 0 30371
@calls 0 30372
@calls 0 30373
@calls 0 30374
@calls 0 30375
@calls 0 30376
@calls 0 30377
@calls 0 30378
@calls 0 30379
@calls 0 30380
@calls 0 30381
@calls 0 30382
@calls 0 30383
@calls 0 30384
@calls 0 30385
@calls 0 30386
@calls 0 30387
@calls 0 30388
@calls 0 30389
@calls 0 30390
@calls 0 30391
@calls 0 30392
@calls 0 30393
@calls 0 30394
@calls 0 30395
@calls 0 30396
@calls 0 30397
@calls 0 30398
@calls 0 30399
@calls 0 30400
@calls 0 30401
@calls 0 30402
@calls 0 30403
@calls 0 30404
@calls 0 30405
@calls 0 30406
@calls 0 30407
@calls 0 30408
@calls 0 30409
@calls 0 30410
@calls 0 30411
@calls 0 30412
@calls 0 30413
@calls 0 30414
@calls 0 30415
@calls 0 30416
@calls 0 30417
@calls 0 30418
@calls 0 30419
@calls 0 30420
@calls 0 30421
@calls 0 30422
@calls 0 30423
@calls 0 30424
@calls 0 30425
@calls 0 30426
@calls 0 30427
@calls 0 30428
@calls 0 30429
@calls 0 30430
@calls 0 30431
@calls 0 30432
@calls 0 30433
@calls 0 30434
@calls 0 30435
@calls 0 30436
@calls 0 30437
@calls 0 30438
@calls 0 30439
@calls 0 30440
@calls 0 30441
@calls 0 30442
@calls 0 30443
@calls 0 30444
@calls 0 30445
@calls 0 30446
@calls 0 30447
@calls 0 30448
@calls 0 30449
@calls 0 30450
@calls 0 30451
@calls 0 30452
@calls 0 30453
@calls 0 30454
@calls 0 30455
@calls 0 30456
@calls 0 30457
@calls 0 30458
@calls 0 30459
@calls 0 30460
@calls 0 30461
@calls 0 30462
@calls 0 30463
@calls 0 30464
@calls 0 30465
@calls 0 30466
@calls 0 30467
@calls 0 30468
@calls 0 30469
@calls 0 30470
@calls 0 30471
@calls 0 30472
@calls 0 30473
@calls 0 30474
@calls 0 30475
@calls 0 30476
@calls 0 30477
@calls 0 30478
@calls 0 30479
@calls 0 30480
@calls 0 30481
@calls 0 30482
@calls 0 30483
@calls 0 30484
@calls 0 30485
@calls 0 30486
@calls 0 30487
@calls 0 30488
@calls 0 30489
@calls 0 30490
@calls 0 30491
@calls 0 30492
@calls 0 30493
@calls 0 30494
@calls 0 30495
@calls 0 30496
@calls 0 30497
@calls 0 30498
@calls 0 30499
@calls 0 30500
@calls 0 30501
@calls 0 30502
@calls 0 30503
@calls 0 30504
@calls 0 30505
@calls 0 30506
@calls 0 30507
@calls 0 30508
@calls 0 30509
@calls 0 30510
@calls 0 30511
@calls 0 30512
@calls 0 30513
@calls 0 30514
@calls 0 30515
@calls 0 30516
@calls 0 30517
@calls 0 30518
@calls 0 30519
@calls 0 30520
@calls 0 30521
@calls 0 30522
@calls 0 30523
@calls 0 30524
@calls 0 30525
@calls 0 30526
@calls 0 30527
@calls 0 30528
@calls 0 30529
@calls 0 30530
@calls 0 30531
@calls 0 30532
@calls 0 30533
@calls 0 30534
@calls 0 30535
@calls 0 30536
@calls 0 30537
@calls 0 30538
@calls 0 30539
@calls 0 30540
@calls 0 30541
@calls 0 30542
@calls 0 30543
@calls 0 30544
@calls 0 30545
@calls 0 30546
@calls 0 30547
@calls 0 30548
@calls 0 30549
@calls 0 30550
@calls 0 30551
@calls 0 30552
@calls 0 30553
@calls 0 30554
@calls 0 30555
@calls 0 30556
@calls 0 30557
@calls 0 30558
@calls 0 30559
@calls 0 30560
@calls 0 30561
@calls 0 30562
@calls 0 30563
@calls 0 30564
@calls 0 30565
@calls 0 30566
@calls 0 30567
@calls 0 30568
@calls 0 30569
@calls 0 30570
@calls 0 30571
@calls 0 30572
@calls 0 30573
@calls 0 30574
@calls 0 30575
@calls 0 30576
@calls 0 30577
@calls 0 30578
@calls 0 30579
@calls 0 30580
@calls 0 30581
@calls 0 30582
@calls 0 30583
@calls 0 30584
@calls 0 30585
@calls 0 30586
@calls 0 30587
@calls 0 30588
@calls 0 30589
@calls 0 30590
@calls 0 30591
@calls 0 30592
@calls 0 30593
@calls 0 30594
@calls 0 30595
@calls 0 30596
@calls 0 30597
@calls 0 30598
@calls 0 30599
@calls 0 30600
@calls 0 30601
@calls 0 30602
@calls 0 30603
@calls 0 30604
@calls 0 30605
@calls 0 30606
@calls 0 30607
@calls 0 30608
@calls 0 30609
@calls 0 30610
@calls 0 30611
@calls 0 30612
@calls 0 30613
@calls 0 30614
@calls 0 30615
@calls 0 30616
@calls 0 30617
@calls 0 30618
@calls 0 30619
@calls 0 30620
@calls 0 30621
@calls 0 30622
@calls 0 30623
@calls 0 30624
@calls 0 30625
@calls 0 30626
@calls 0 30627
@calls 0 30628
@calls 0 30629
@calls 0 30630
@calls 0 30631
@calls 0 30632
@calls 0 30633
@calls 0 30634
@calls 0 30635
@calls 0 30636
@calls 0 30637
@calls 0 30638
@calls 0 30639
@calls 0 30640
@calls 0 30641
@calls 0 30642
@calls 0 30643
@calls 0 30644
@calls 0 30645
@calls 0 30646
@calls 0 30647
@calls 0 30648
@calls 0 30649
@calls 0 30650
@calls 0 30651
@calls 0 30652
@calls 0 30653
@calls 0 30654
@calls 0 30655
@calls 0 30656
@calls 0 30657
@calls 0 30658
@calls 0 30659
@calls 0 30660
@calls 0 30661
@calls 0 30662
@calls 0 30663
@calls 0 30664
@calls 0 30665
@calls 0 30666
@calls 0 30667
@calls 0 30668
@calls 0 30669
@calls 0 30670
@calls 0 30671
@calls 0 30672
@calls 0 30673
@calls 0 30674
@calls 0 30675
@calls 0 30676
@calls 0 30677
@calls 0 30678
@calls 0 30679
@calls 0 30680
@calls 0 30681
@calls 0 30682
@calls 0 30683
@calls 0 30684
@calls 0 30685
@calls 0 30686
@calls 0 30687
@calls 0 30688
@calls 0 30689
@calls 0 30690
@calls 0 30691
@calls 0 30692
@calls 0 30693
@calls 0 30694
@calls 0 30695
@calls 0 30696
@calls 0 30697
@calls 0 30698
@calls 0 30699
@calls 0 30700
@calls 0 30701
@calls 0 30702
@calls 0 30703
@calls 0 30704
@calls 0 30705
@calls 0 30706
@calls 0 30707
@calls 0 30708
@calls 0 30709
@calls 0 30710
@calls 0 30711
@calls 0 30712
@calls 0 30713
@calls 0 30714
@calls 0 30715
@calls 0 30716
@calls 0 30717
@calls 0 30718
@calls 0 30719
@calls 0 30720
@calls 0 30721
@calls 0 30722
@calls 0 30723
@calls 0 30724
@calls 0 30725
@calls 0 30726
@calls 0 30727
@calls 0 30728
@calls 0 30729
@calls 0 30730
@calls 0 30731
@calls 0 30732
@calls 0 30733
@calls 0 30734
@calls 0 30735
@calls 0 30736
@calls 0 30737
@calls 0 30738
@calls 0 30739
@calls 0 30740
@calls 0 30741
@calls 0 30742
@calls 0 30743
@calls 0 30744
@calls 0 30745
@calls 0 30746
@calls 0 30747
@calls 0 30748
@calls 0 30749
@calls 0 30750
@calls 0 30751
@calls 0 30752
@calls 0 30753
@calls 0 30754
@calls 0 30755
@calls 0 30756
@calls 0 30757
@calls 0 30758
@calls 0 30759
@calls 0 30760
@calls 0 30761
@calls 0 30762
@calls 0 30763
@calls 0 30764
@calls 0 30765
@calls 0 30766
@calls 0 30767
@calls 0 30768
@calls 0 30769
@calls 0 30770
@calls 0 30771
@calls 0 30772
@calls 0 30773
@calls 0 30774
@calls 0 30775
@calls 0 30776
@calls 0 30777
@calls 0 30778
@calls 0 30779
@calls 0 30780
@calls 0 30781
@calls 0 30782
@calls 0 30783
@calls 0 30784
@calls 0 30785
@calls 0 30786
@calls 0 30787
@calls 0 30788
@calls 0 30789
@calls 0 30790
@calls 0 30791
@calls 0 30792
@calls 0 30793
@calls 0 30794
@calls 0 30795
@calls 0 30796
@calls 0 30797
@calls 0 30798
@calls 0 30799
@calls 0 30800
@calls 0 30801
@calls 0 30802
@calls 0 30803
@calls 0 30804
@calls 0 30805
@calls 0 30806
@calls 0 30807
@calls 0 30808
@calls 0 30809
@calls 0 30810
@calls 0 30811
@calls 0 30812
@calls 0 30813
@calls 0 30814
@calls 0 30815
@calls 0 30816
@calls 0 30817
@calls 0 30818
@calls 0 30819
@calls 0 30820
@calls 0 30821
@calls 0 30822
@calls 0 30823
@calls 0 30824
@calls 0 30825
@calls 0 30826
@calls 0 30827
@calls 0 30828
@calls 0 30829
@calls 0 30830
@calls 0 30831
@calls 0 30832
@calls 0 30833
@calls 0 30834
@calls 0 30835
@calls 0 30836
@calls 0 30837
@calls 0 30838
@calls 0 30839
@calls 0 30840
@calls 0 30841
@calls 0 30842
@calls 0 30843
@calls 0 30844
@calls 0 30845
@calls 0 30846
@calls 0 30847
@calls 0 30848
@calls 0 30849
@calls 0 30850
@calls 0 30851
@calls 0 30852
@calls 0 30853
@calls 0 30854
@calls 0 30855
@calls 0 30856
@calls 0 30857
@calls 0 30858
@calls 0 30859
@calls 0 30860
@calls 0 30861
@calls 0 30862
@calls 0 30863
@calls 0 30864
@calls 0 30865
@calls 0 30866
@calls 0 30867
@calls 0 30868
@calls 0 30869
@calls 0 30870
@calls 0 30871
@calls 0 30872
@calls 0 30873
@calls 0 30874
@calls 0 30875
@calls 0 30876
@calls 0 30877
@calls 0 30878
@calls 0 30879
@calls 0 30880
@calls 0 30881
@calls 0 30882
@calls 0 30883
@calls 0 30884
@calls 0 30885
@calls 0 30886
@calls 0 30887
@calls 0 30888
@calls 0 30889
@calls 0 30890
@calls 0 30891
@calls 0 30892
@calls 0 30893
@calls 0 30894
@calls 0 30895
@calls 0 30896
@calls 0 30897
@calls 0 30898
@calls 0 30899
@calls 0 30900
@calls 0 30901
@calls 0 30902
@calls 0 30903
@calls 0 30904
@calls 0 30905
@calls 0 30906
@calls 0 30907
@calls 0 30908
@calls 0 30909
@calls 0 30910
@calls 0 30911
@calls 0 30912
@calls 0 30913
@calls 0 30914
@calls 0 30915
@calls 0 30916
@calls 0 30917
@calls 0 30918
@calls 0 30919
@calls 0 30920
@calls 0 30921
@calls 0 30922
@calls 0 30923
@calls 0 30924
@calls 0 30925
@calls 0 30926
@calls 0 30927
@calls 0 30928
@calls 0 30929
@calls 0 30930
@calls 0 30931
@calls 0 30932
@calls 0 30933
@calls 0 30934
@calls 0 30935
@calls 0 30936
@calls 0 30937
@calls 0 30938
@calls 0 30939
@calls 0 30940
@calls 0 30941
@calls 0 30942
@calls 0 30943
@calls 0 30944
@calls 0 30945
@calls 0 30946
@calls 0 30947
@calls 0 30948
@calls 0 30949
@calls 0 30950
@calls 0 30951
@calls 0 30952
@calls 0 30953
@calls 0 30954
@calls 0 30955
@calls 0 30956
@calls 0 30957
@calls 0 30958
@calls 0 30959
@calls 0 30960
@calls 0 30961
@calls 0 30962
@calls 0 30963
@calls 0 30964
@calls 0 30965
@calls 0 30966
@calls 0 30967
@calls 0 30968
@calls 0 30969
@calls 0 30970
@calls 0 30971
@calls 0 30972
@calls 0 30973
@calls 0 30974
@calls 0 30975
@calls 0 30976
@calls 0 30977
@calls 0 30978
@calls 0 30979
@calls 0 30980
@calls 0 30981
@calls 0 30982
@calls 0 30983
@calls 0 30984
@calls 0 30985
@calls 0 30986
@calls 0 30987
@calls 0 30988
@calls 0 30989
@calls 0 30990
@calls 0 30991
@calls 0 30992
@calls 0 30993
@calls 0 30994
@calls 0 30995
@calls 0 30996
@calls 0 30997
@calls 0 30998
@calls 0 30999
@calls 0 31000
@calls 0 31001
@calls 0 31002
@calls 0 31003
@calls 0 31004
@calls 0 31005
@calls 0 31006
@calls 0 31007
@calls 0 31008
@calls 0 31009
@calls 0 31010
@calls 0 31011
@calls 0 31012
@calls 0 31013
@calls 0 31014
@calls 0 31015
@calls 0 31016
@calls 0 31017
@calls 0 31018
@calls 0 31019
@calls 0 31020
@calls 0 31021
@calls 0 31022
@calls 0 31023
@calls 0 31024
@calls 0 31025
@calls 0 31026
@calls 0 31027
@calls 0 31028
@calls 0 31029
@calls 0 31030
@calls 0 31031
@calls 0 31032
@calls 0 31033
@calls 0 31034
@calls 0 31035
@calls 0 31036
@calls 0 31037
@calls 0 31038
@calls 0 31039
@calls 0 31040
@calls 0 31041
@calls 0 31042
@calls 0 31043
@calls 0 31044
@calls 0 31045
@calls 0 31046
@calls 0 31047
@calls 0 31048
@calls 0 31049
@calls 0 31050
@calls 0 31051
@calls 0 31052
@calls 0 31053
@calls 0 31054
@calls 0 31055
@calls 0 31056
@calls 0 31057
@calls 0 31058
@calls 0 31059
@calls 0 31060
@calls 0 31061
@calls 0 31062
@calls 0 31063
@calls 0 31064
@calls 0 31065
@calls 0 31066
@calls 0 31067
@calls 0 31068
@calls 0 31069
@calls 0 31070
@calls 0 31071
@calls 0 31072
@calls 0 31073
@calls 0 31074
@calls 0 31075
@calls 0 31076
@calls 0 31077
@calls 0 31078
@calls 0 31079
@calls 0 31080
@calls 0 31081
@calls 0 31082
@calls 0 31083
@calls 0 31084
@calls 0 31085
@calls 0 31086
@calls 0 31087
@calls 0 31088
@calls 0 31089
@calls 0 31090
@calls 0 31091
@calls 0 31092
@calls 0 31093
@calls 0 31094
@calls 0 31095
@calls 0 31096
@calls 0 31097
@calls 0 31098
@calls 0 31099
@calls 0 31100
@calls 0 31101
@calls 0 31102
@calls 0 31103
@calls 0 31104
@calls 0 31105
@calls 0 31106
@calls 0 31107
@calls 0 31108
@calls 0 31109
@calls 0 31110
@calls 0 31111
@calls 0 31112
@calls 0 31113
@calls 0 31114
@calls 0 31115
@calls 0 31116
@calls 0 31117
@calls 0 31118
@calls 0 31119
@calls 0 31120
@calls 0 31121
@calls 0 31122
@calls 0 31123
@calls 0 31124
@calls 0 31125
@calls 0 31126
@calls 0 31127
@calls 0 31128
@calls 0 31129
@calls 0 31130
@calls 0 31131
@calls 0 31132
@calls 0 31133
@calls 0 31134
@calls 0 31135
@calls 0 31136
@calls 0 31137
@calls 0 31138
@calls 0 31139
@calls 0 31140
@calls 0 31141
@calls 0 31142
@calls 0 31143
@calls 0 31144
@calls 0 31145
@calls 0 31146
@calls 0 31147
@calls 0 31148
@calls 0 31149
@calls 0 31150
@calls 0 31151
@calls 0 31152
@calls 0 31153
@calls 0 31154
@calls 0 31155
@calls 0 31156
@calls 0 31157
@calls 0 31158
@calls 0 31159
@calls 0 31160
@calls 0 31161
@calls 0 31162
@calls 0 31163
@calls 0 31164
@calls 0 31165
@calls 0 31166
@calls 0 31167
@calls 0 31168
@calls 0 31169
@calls 0 31170
@calls 0 31171
@calls 0 31172
@calls 0 31173
@calls 0 31174
@calls 0 31175
@calls 0 31176
@calls 0 31177
@calls 0 31178
@calls 0 31179
@calls 0 31180
@calls 0 31181
@calls 0 31182
@calls 0 31183
@calls 0 31184
@calls 0 31185
@calls 0 31186
@calls 0 31187
@calls 0 31188
@calls 0 31189
@calls 0 31190
@calls 0 31191
@calls 0 31192
@calls 0 31193
@calls 0 31194
@calls 0 31195
@calls 0 31196
@calls 0 31197
@calls 0 31198
@calls 0 31199
@calls 0 31200
@calls 0 31201
@calls 0 31202
@calls 0 31203
@calls 0 31204
@calls 0 31205
@calls 0 31206
@calls 0 31207
@calls 0 31208
@calls 0 31209
@calls 0 31210
@calls 0 31211
@calls 0 31212
@calls 0 31213
@calls 0 31214
@calls 0 31215
@calls 0 31216
@calls 0 31217
@calls 0 31218
@calls 0 31219
@calls 0 31220
@calls 0 31221
@calls 0 31222
@calls 0 31223
@calls 0 31224
@calls 0 31225
@calls 0 31226
@calls 0 31227
@calls 0 31228
@calls 0 31229
@calls 0 31230
@calls 0 31231
@calls 0 31232
@calls 0 31233
@calls 0 31234
@calls 0 31235
@calls 0 31236
@calls 0 31237
@calls 0 31238
@calls 0 31239
@calls 0 31240
@calls 0 31241
@calls 0 31242
@calls 0 31243
@calls 0 31244
@calls 0 31245
@calls 0 31246
@calls 0 31247
@calls 0 31248
@calls 0 31249
@calls 0 31250
@calls 0 31251
@calls 0 31252
@calls 0 31253
@calls 0 31254
@calls 0 31255
@calls 0 31256
@calls 0 31257
@calls 0 31258
@calls 0 31259
@calls 0 31260
@calls 0 31261
@calls 0 31262
@calls 0 31263
@calls 0 31264
@calls 0 31265
@calls 0 31266
@calls 0 31267
@calls 0 31268
@calls 0 31269
@calls 0 31270
@calls 0 31271
@calls 0 31272
@calls 0 31273
@calls 0 31274
@calls 0 31275
@calls 0 31276
@calls 0 31277
@calls 0 31278
@calls 0 31279
@calls 0 31280
@calls 0 31281
@calls 0 31282
@calls 0 31283
@calls 0 31284
@calls 0 31285
@calls 0 31286
@calls 0 31287
@calls 0 31288
@calls 0 31289
@calls 0 31290
@calls 0 31291
@calls 0 31292
@calls 0 31293
@calls 0 31294
@calls 0 31295
@calls 0 31296
@calls 0 31297
@calls 0 31298
@calls 0 31299
@calls 0 31300
@calls 0 31301
@calls 0 31302
@calls 0 31303
@calls 0 31304
@calls 0 31305
@calls 0 31306
@calls 0 31307
@calls 0 31308
@calls 0 31309
@calls 0 31310
@calls 0 31311
@calls 0 31312
@calls 0 31313
@calls 0 31314
@calls 0 31315
@calls 0 31316
@calls 0 31317
@calls 0 31318
@calls 0 31319
@calls 0 31320
@calls 0 31321
@calls 0 31322
@calls 0 31323
@calls 0 31324
@calls 0 31325
@calls 0 31326
@calls 0 31327
@calls 0 31328
@calls 0 31329
@calls 0 31330
@calls 0 31331
@calls 0 31332
@calls 0 31333
@calls 0 31334
@calls 0 31335
@calls 0 31336
@calls 0 31337
@calls 0 31338
@calls 0 31339
@calls 0 31340
@calls 0 31341
@calls 0 31342
@calls 0 31343
@calls 0 31344
@calls 0 31345
@calls 0 31346
@calls 0 31347
@calls 0 31348
@calls 0 31349
@calls 0 31350
@calls 0 31351
@calls 0 31352
@calls 0 31353
@calls 0 31354
@calls 0 31355
@calls 0 31356
@calls 0 31357
@calls 0 31358
@calls 0 31359
@calls 0 31360
@calls 0 31361
@calls 0 31362
@calls 0 31363
@calls 0 31364
@calls 0 31365
@calls 0 31366
@calls 0 31367
@calls 0 31368
@calls 0 31369
@calls 0 31370
@calls 0 31371
@calls 0 31372
@calls 0 31373
@calls 0 31374
@calls 0 31375
@calls 0 31376
@calls 0 31377
@calls 0 31378
@calls 0 31379
@calls 0 31380
@calls 0 31381
@calls 0 31382
@calls 0 31383
@calls 0 31384
@calls 0 31385
@calls 0 31386
@calls 0 31387
@calls 0 31388
@calls 0 31389
@calls 0 31390
@calls 0 31391
@calls 0 31392
@calls 0 31393
@calls 0 31394
@calls 0 31395
@calls 0 31396
@calls 0 31397
@calls 0 31398
@calls 0 31399
@calls 0 31400
@calls 0 31401
@calls 0 31402
@calls 0 31403
@calls 0 31404
@calls 0 31405
@calls 0 31406
@calls 0 31407
@calls 0 31408
@calls 0 31409
@calls 0 31410
@calls 0 31411
@calls 0 31412
@calls 0 31413
@calls 0 31414
@calls 0 31415
@calls 0 31416
@calls 0 31417
@calls 0 31418
@calls 0 31419
@calls 0 31420
@calls 0 31421
@calls 0 31422
@calls 0 31423
@calls 0 31424
@calls 0 31425
@calls 0 31426
@calls 0 31427
@calls 0 31428
@calls 0 31429
@calls 0 31430
@calls 0 31431
@calls 0 31432
@calls 0 31433
@calls 0 31434
@calls 0 31435
@calls 0 31436
@calls 0 31437
@calls 0 31438
@calls 0 31439
@calls 0 31440
@calls 0 31441
@calls 0 31442
@calls 0 31443
@calls 0 31444
@calls 0 31445
@calls 0 31446
@calls 0 31447
@calls 0 31448
@calls 0 31449
@calls 0 31450
@calls 0 31451
@calls 0 31452
@calls 0 31453
@calls 0 31454
@calls 0 31455
@calls 0 31456
@calls 0 31457
@calls 0 31458
@calls 0 31459
@calls 0 31460
@calls 0 31461
@calls 0 31462
@calls 0 31463
@calls 0 31464
@calls 0 31465
@calls 0 31466
@calls 0 31467
@calls 0 31468
@calls 0 31469
@calls 0 31470
@calls 0 31471
@calls 0 31472
@calls 0 31473
@calls 0 31474
@calls 0 31475
@calls 0 31476
@calls 0 31477
@calls 0 31478
@calls 0 31479
@calls 0 31480
@calls 0 31481
@calls 0 31482
@calls 0 31483
@calls 0 31484
@calls 0 31485
@calls 0 31486
@calls 0 31487
@calls 0 31488
@calls 0 31489
@calls 0 31490
@calls 0 31491
@calls 0 31492
@calls 0 31493
@calls 0 31494
@calls 0 31495
@calls 0 31496
@calls 0 31497
@calls 0 31498
@calls 0 31499
@calls 0 31500
@calls 0 31501
@calls 0 31502
@calls 0 31503
@calls 0 31504
@calls 0 31505
@calls 0 31506
@calls 0 31507
@calls 0 31508
@calls 0 31509
@calls 0 31510
@calls 0 31511
@calls 0 31512
@calls 0 31513
@calls 0 31514
@calls 0 31515
@calls 0 31516
@calls 0 31517
@calls 0 31518
@calls 0 31519
@calls 0 31520
@calls 0 31521
@calls 0 31522
@calls 0 31523
@calls 0 31524
@calls 0 31525
@calls 0 31526
@calls 0 31527
@calls 0 31528
@calls 0 31529
@calls 0 31530
@calls 0 31531
@calls 0 31532
@calls 0 31533
@calls 0 31534
@calls 0 31535
@calls 0 31536
@calls 0 31537
@calls 0 31538
@calls 0 31539
@calls 0 31540
@calls 0 31541
@calls 0 31542
@calls 0 31543
@calls 0 31544
@calls 0 31545
@calls 0 31546
@calls 0 31547
@calls 0 31548
@calls 0 31549
@calls 0 31550
@calls 0 31551
@calls 0 31552
@calls 0 31553
@calls 0 31554
@calls 0 31555
@calls 0 31556
@calls 0 31557
@calls 0 31558
@calls 0 31559
@calls 0 31560
@calls 0 31561
@calls 0 31562
@calls 0 31563
@calls 0 31564
@calls 0 31565
@calls 0 31566
@calls 0 31567
@calls 0 31568
@calls 0 31569
@calls 0 31570
@calls 0 31571
@calls 0 31572
@calls 0 31573
@calls 0 31574
@calls 0 31575
@calls 0 31576
@calls 0 31577
@calls 0 31578
@calls 0 31579
@calls 0 31580
@calls 0 31581
@calls 0 31582
@calls 0 31583
@calls 0 31584
@calls 0 31585
@calls 0 31586
@calls 0 31587
@calls 0 31588
@calls 0 31589
@calls 0 31590
@calls 0 31591
@calls 0 31592
@calls 0 31593
@calls 0 31594
@calls 0 31595
@calls 0 31596
@calls 0 31597
@calls 0 31598
@calls 0 31599
@calls 0 31600
@calls 0 31601
@calls 0 31602
@calls 0 31603
@calls 0 31604
@calls 0 31605
@calls 0 31606
@calls 0 31607
@calls 0 31608
@calls 0 31609
@calls 0 31610
@calls 0 31611
@calls 0 31612
@calls 0 31613
@calls 0 31614
@calls 0 31615
@calls 0 31616
@calls 0 31617
@calls 0 31618
@calls 0 31619
@calls 0 31620
@calls 0 31621
@calls 0 31622
@calls 0 31623
@calls 0 31624
@calls 0 31625
@calls 0 31626
@calls 0 31627
@calls 0 31628
@calls 0 31629
@calls 0 31630
@calls 0 31631
@calls 0 31632
@calls 0 31633
@calls 0 31634
@calls 0 31635
@calls 0 31636
@calls 0 31637
@calls 0 31638
@calls 0 31639
@calls 0 31640
@calls 0 31641
@calls 0 31642
@calls 0 31643
@calls 0 31644
@calls 0 31645
@calls 0 31646
@calls 0 31647
@calls 0 31648
@calls 0 31649
@calls 0 31650
@calls 0 31651
@calls 0 31652
@calls 0 31653
@calls 0 31654
@calls 0 31655
@calls 0 31656
@calls 0 31657
@calls 0 31658
@calls 0 31659
@calls 0 31660
@calls 0 31661
@calls 0 31662
@calls 0 31663
@calls 0 31664
@calls 0 31665
@calls 0 31666
@calls 0 31667
@calls 0 31668
@calls 0 31669
@calls 0 31670
@calls 0 31671
@calls 0 31672
@calls 0 31673
@calls 0 31674
@calls 0 31675
@calls 0 31676
@calls 0 31677
@calls 0 31678
@calls 0 31679
@calls 0 31680
@calls 0 31681
@calls 0 31682
@calls 0 31683
@calls 0 31684
@calls 0 31685
@calls 0 31686
@calls 0 31687
@calls 0 31688
@calls 0 31689
@calls 0 31690
@calls 0 31691
@calls 0 31692
@calls 0 31693
@calls 0 31694
@calls 0 31695
@calls 0 31696
@calls 0 31697
@calls 0 31698
@calls 0 31699
@calls 0 31700
@calls 0 31701
@calls 0 31702
@calls 0 31703
@calls 0 31704
@calls 0 31705
@calls 0 31706
@calls 0 31707
@calls 0 31708
@calls 0 31709
@calls 0 31710
@calls 0 31711
@calls 0 31712
@calls 0 31713
@calls 0 31714
@calls 0 31715
@calls 0 31716
@calls 0 31717
@calls 0 31718
@calls 0 31719
@calls 0 31720
@calls 0 31721
@calls 0 31722
@calls 0 31723
@calls 0 31724
@calls 0 31725
@calls 0 31726
@calls 0 31727
@calls 0 31728
@calls 0 31729
@calls 0 31730
@calls 0 31731
@calls 0 31732
@calls 0 31733
@calls 0 31734
@calls 0 31735
@calls 0 31736
@calls 0 31737
@calls 0 31738
@calls 0 31739
@calls 0 31740
@calls 0 31741
@calls 0 31742
@calls 0 31743
@calls 0 31744
@calls 0 31745
@calls 0 31746
@calls 0 31747
@calls 0 31748
@calls 0 31749
@calls 0 31750
@calls 0 31751
@calls 0 31752
@calls 0 31753
@calls 0 31754
@calls 0 31755
@calls 0 31756
@calls 0 31757
@calls 0 31758
@calls 0 31759
@calls 0 31760
@calls 0 31761
@calls 0 31762
@calls 0 31763
@calls 0 31764
@calls 0 31765
@calls 0 31766
@calls 0 31767
@calls 0 31768
@calls 0 31769
@calls 0 31770
@calls 0 31771
@calls 0 31772
@calls 0 31773
@calls 0 31774
@calls 0 31775
@calls 0 31776
@calls 0 31777
@calls 0 31778
@calls 0 31779
@calls 0 31780
@calls 0 31781
@calls 0 31782
@calls 0 31783
@calls 0 31784
@calls 0 31785
@calls 0 31786
@calls 0 31787
@calls 0 31788
@calls 0 31789
@calls 0 31790
@calls 0 31791
@calls 0 31792
@calls 0 31793
@calls 0 31794
@calls 0 31795
@calls 0 31796
@calls 0 31797
@calls 0 31798
@calls 0 31799
@calls 0 31800
@calls 0 31801
@calls 0 31802
@calls 0 31803
@calls 0 31804
@calls 0 31805
@calls 0 31806
@calls 0 31807
@calls 0 31808
@calls 0 31809
@calls 0 31810
@calls 0 31811
@calls 0 31812
@calls 0 31813
@calls 0 31814
@calls 0 31815
@calls 0 31816
@calls 0 31817
@calls 0 31818
@calls 0 31819
@calls 0 31820
@calls 0 31821
@calls 0 31822
@calls 0 31823
@calls 0 31824
@calls 0 31825
@calls 0 31826
@calls 0 31827
@calls 0 31828
@calls 0 31829
@calls 0 31830
@calls 0 31831
@calls 0 31832
@calls 0 31833
@calls 0 31834
@calls 0 31835
@calls 0 31836
@calls 0 31837
@calls 0 31838
@calls 0 31839
@calls 0 31840
@calls 0 31841
@calls 0 31842
@calls 0 31843
@calls 0 31844
@calls 0 31845
@calls 0 31846
@calls 0 31847
@calls 0 31848
@calls 0 31849
@calls 0 31850
@calls 0 31851
@calls 0 31852
@calls 0 31853
@calls 0 31854
@calls 0 31855
@calls 0 31856
@calls 0 31857
@calls 0 31858
@calls 0 31859
@calls 0 31860
@calls 0 31861
@calls 0 31862
@calls 0 31863
@calls 0 31864
@calls 0 31865
@calls 0 31866
@calls 0 31867
@calls 0 31868
@calls 0 31869
@calls 0 31870
@calls 0 31871
@calls 0 31872
@calls 0 31873
@calls 0 31874
@calls 0 31875
@calls 0 31876
@calls 0 31877
@calls 0 31878
@calls 0 31879
@calls 0 31880
@calls 0 31881
@calls 0 31882
@calls 0 31883
@calls 0 31884
@calls 0 31885
@calls 0 31886
@calls 0 31887
@calls 0 31888
@calls 0 31889
@calls 0 31890
@calls 0 31891
@calls 0 31892
@calls 0 31893
@calls 0 31894
@calls 0 31895
@calls 0 31896
@calls 0 31897
@calls 0 31898
@calls 0 31899
@calls 0 31900
@calls 0 31901
@calls 0 31902
@calls 0 31903
@calls 0 31904
@calls 0 31905
@calls 0 31906
@calls 0 31907
@calls 0 31908
@calls 0 31909
@calls 0 31910
@calls 0 31911
@calls 0 31912
@calls 0 31913
@calls 0 31914
@calls 0 31915
@calls 0 31916
@calls 0 31917
@calls 0 31918
@calls 0 31919
@calls 0 31920
@calls 0 31921
@calls 0 31922
@calls 0 31923
@calls 0 31924
@calls 0 31925
@calls 0 31926
@calls 0 31927
@calls 0 31928
@calls 0 31929
@calls 0 31930
@calls 0 31931
@calls 0 31932
@calls 0 31933
@calls 0 31934
@calls 0 31935
@calls 0 31936
@calls 0 31937
@calls 0 31938
@calls 0 31939
@calls 0 31940
@calls 0 31941
@calls 0 31942
@calls 0 31943
@calls 0 31944
@calls 0 31945
@calls 0 31946
@calls 0 31947
@calls 0 31948
@calls 0 31949
@calls 0 31950
@calls 0 31951
@calls 0 31952
@calls 0 31953
@calls 0 31954
@calls 0 31955
@calls 0 31956
@calls 0 31957
@calls 0 31958
@calls 0 31959
@calls 0 31960
@calls 0 31961
@calls 0 31962
@calls 0 31963
@calls 0 31964
@calls 0 31965
@calls 0 31966
@calls 0 31967
@calls 0 31968
@calls 0 31969
@calls 0 31970
@calls 0 31971
@calls 0 31972
@calls 0 31973
@calls 0 31974
@calls 0 31975
@calls 0 31976
@calls 0 31977
@calls 0 31978
@calls 0 31979
@calls 0 31980
@calls 0 31981
@calls 0 31982
@calls 0 31983
@calls 0 31984
@calls 0 31985
@calls 0 31986
@calls 0 31987
@calls 0 31988
@calls 0 31989
@calls 0 31990
@calls 0 31991
@calls 0 31992
@calls 0 31993
@calls 0 31994
@calls 0 31995
@calls 0 31996
@calls 0 31997
@calls 0 31998
@calls 0 31999
@calls 0 32000
@calls 0 32001
@calls 0 32002
@calls 0 32003
@calls 0 32004
@calls 0 32005
@calls 0 32006
@calls 0 32007
@calls 0 32008
@calls 0 32009
@calls 0 32010
@calls 0 32011
@calls 0 32012
@calls 0 32013
@calls 0 32014
@calls 0 32015
@calls 0 32016
@calls 0 32017
@calls 0 32018
@calls 0 32019
@calls 0 32020
@calls 0 32021
@calls 0 32022
@calls 0 32023
@calls 0 32024
@calls 0 32025
@calls 0 32026
@calls 0 32027
@calls 0 32028
@calls 0 32029
@calls 0 32030
@calls 0 32031
@calls 0 32032
@calls 0 32033
@calls 0 32034
@calls 0 32035
@calls 0 32036
@calls 0 32037
@calls 0 32038
@calls 0 32039
@calls 0 32040
@calls 0 32041
@calls 0 32042
@calls 0 32043
@calls 0 32044
@calls 0 32045
@calls 0 32046
@calls 0 32047
@calls 0 32048
@calls 0 32049
@calls 0 32050
@calls 0 32051
@calls 0 32052
@calls 0 32053
@calls 0 32054
@calls 0 32055
@calls 0 32056
@calls 0 32057
@calls 0 32058
@calls 0 32059
@calls 0 32060
@calls 0 32061
@calls 0 32062
@calls 0 32063
@calls 0 32064
@calls 0 32065
@calls 0 32066
@calls 0 32067
@calls 0 32068
@calls 0 32069
@calls 0 32070
@calls 0 32071
@calls 0 32072
@calls 0 32073
@calls 0 32074
@calls 0 32075
@calls 0 32076
@calls 0 32077
@calls 0 32078
@calls 0 32079
@calls 0 32080
@calls 0 32081
@calls 0 32082
@calls 0 32083
@calls 0 32084
@calls 0 32085
@calls 0 32086
@calls 0 32087
@calls 0 32088
@calls 0 32089
@calls 0 32090
@calls 0 32091
@calls 0 32092
@calls 0 32093
@calls 0 32094
@calls 0 32095
@calls 0 32096
@calls 0 32097
@calls 0 32098
@calls 0 32099
@calls 0 32100
@calls 0 32101
@calls 0 32102
@calls 0 32103
@calls 0 32104
@calls 0 32105
@calls 0 32106
@calls 0 32107
@calls 0 32108
@calls 0 32109
@calls 0 32110
@calls 0 32111
@calls 0 32112
@calls 0 32113
@calls 0 32114
@calls 0 32115
@calls 0 32116
@calls 0 32117
@calls 0 32118
@calls 0 32119
@calls 0 32120
@calls 0 32121
@calls 0 32122
@calls 0 32123
@calls 0 32124
@calls 0 32125
@calls 0 32126
@calls 0 32127
@calls 0 32128
@calls 0 32129
@calls 0 32130
@calls 0 32131
@calls 0 32132
@calls 0 32133
@calls 0 32134
@calls 0 32135
@calls 0 32136
@calls 0 32137
@calls 0 32138
@calls 0 32139
@calls 0 32140
@calls 0 32141
@calls 0 32142
@calls 0 32143
@calls 0 32144
@calls 0 32145
@calls 0 32146
@calls 0 32147
@calls 0 32148
@calls 0 32149
@calls 0 32150
@calls 0 32151
@calls 0 32152
@calls 0 32153
@calls 0 32154
@calls 0 32155
@calls 0 32156
@calls 0 32157
@calls 0 32158
@calls 0 32159
@calls 0 32160
@calls 0 32161
@calls 0 32162
@calls 0 32163
@calls 0 32164
@calls 0 32165
@calls 0 32166
@calls 0 32167
@calls 0 32168
@calls 0 32169
@calls 0 32170
@calls 0 32171
@calls 0 32172
@calls 0 32173
@calls 0 32174
@calls 0 32175
@calls 0 32176
@calls 0 32177
@calls 0 32178
@calls 0 32179
@calls 0 32180
@calls 0 32181
@calls 0 32182
@calls 0 32183
@calls 0 32184
@calls 0 32185
@calls 0 32186
@calls 0 32187
@calls 0 32188
@calls 0 32189
@calls 0 32190
@calls 0 32191
@calls 0 32192
@calls 0 32193
@calls 0 32194
@calls 0 32195
@calls 0 32196
@calls 0 32197
@calls 0 32198
@calls 0 32199
@calls 0 32200
@calls 0 32201
@calls 0 32202
@calls 0 32203
@calls 0 32204
@calls 0 32205
@calls 0 32206
@calls 0 32207
@calls 0 32208
@calls 0 32209
@calls 0 32210
@calls 0 32211
@calls 0 32212
@calls 0 32213
@calls 0 32214
@calls 0 32215
@calls 0 32216
@calls 0 32217
@calls 0 32218
@calls 0 32219
@calls 0 32220
@calls 0 32221
@calls 0 32222
@calls 0 32223
@calls 0 32224
@calls 0 32225
@calls 0 32226
@calls 0 32227
@calls 0 32228
@calls 0 32229
@calls 0 32230
@calls 0 32231
@calls 0 32232
@calls 0 32233
@calls 0 32234
@calls 0 32235
@calls 0 32236
@calls 0 32237
@calls 0 32238
@calls 0 32239
@calls 0 32240
@calls 0 32241
@calls 0 32242
@calls 0 32243
@calls 0 32244
@calls 0 32245
@calls 0 32246
@calls 0 32247
@calls 0 32248
@calls 0 32249
@calls 0 32250
@calls 0 32251
@calls 0 32252
@calls 0 32253
@calls 0 32254
@calls 0 32255
@calls 0 32256
@calls 0 32257
@calls 0 32258
@calls 0 32259
@calls 0 32260
@calls 0 32261
@calls 0 32262
@calls 0 32263
@calls 0 32264
@calls 0 32265
@calls 0 32266
@calls 0 32267
@calls 0 32268
@calls 0 32269
@calls 0 32270
@calls 0 32271
@calls 0 32272
@calls 0 32273
@calls 0 32274
@calls 0 32275
@calls 0 32276
@calls 0 32277
@calls 0 32278
@calls 0 32279
@calls 0 32280
@calls 0 32281
@calls 0 32282
@calls 0 32283
@calls 0 32284
@calls 0 32285
@calls 0 32286
@calls 0 32287
@calls 0 32288
@calls 0 32289
@calls 0 32290
@calls 0 32291
@calls 0 32292
@calls 0 32293
@calls 0 32294
@calls 0 32295
@calls 0 32296
@calls 0 32297
@calls 0 32298
@calls 0 32299
@calls 0 32300
@calls 0 32301
@calls 0 32302
@calls 0 32303
@calls 0 32304
@calls 0 32305
@calls 0 32306
@calls 0 32307
@calls 0 32308
@calls 0 32309
@calls 0 32310
@calls 0 32311
@calls 0 32312
@calls 0 32313
@calls 0 32314
@calls 0 32315
@calls 0 32316
@calls 0 32317
@calls 0 32318
@calls 0 32319
@calls 0 32320
@calls 0 32321
@calls 0 32322
@calls 0 32323
@calls 0 32324
@calls 0 32325
@calls 0 32326
@calls 0 32327
@calls 0 32328
@calls 0 32329
@calls 0 32330
@calls 0 32331
@calls 0 32332
@calls 0 32333
@calls 0 32334
@calls 0 32335
@calls 0 32336
@calls 0 32337
@calls 0 32338
@calls 0 32339
@calls 0 32340
@calls 0 32341
@calls 0 32342
@calls 0 32343
@calls 0 32344
@calls 0 32345
@calls 0 32346
@calls 0 32347
@calls 0 32348
@calls 0 32349
@calls 0 32350
@calls 0 32351
@calls 0 32352
@calls 0 32353
@calls 0 32354
@calls 0 32355
@calls 0 32356
@calls 0 32357
@calls 0 32358
@calls 0 32359
@calls 0 32360
@calls 0 32361
@calls 0 32362
@calls 0 32363
@calls 0 32364
@calls 0 32365
@calls 0 32366
@calls 0 32367
@calls 0 32368
@calls 0 32369
@calls 0 32370
@calls 0 32371
@calls 0 32372
@calls 0 32373
@calls 0 32374
@calls 0 32375
@calls 0 32376
@calls 0 32377
@calls 0 32378
@calls 0 32379
@calls 0 32380
@calls 0 32381
@calls 0 32382
@calls 0 32383
@calls 0 32384
@calls 0 32385
@calls 0 32386
@calls 0 32387
@calls 0 32388
@calls 0 32389
@calls 0 32390
@calls 0 32391
@calls 0 32392
@calls 0 32393
@calls 0 32394
@calls 0 32395
@calls 0 32396
@calls 0 32397
@calls 0 32398
@calls 0 32399
@calls 0 32400
@calls 0 32401
@calls 0 32402
@calls 0 32403
@calls 0 32404
@calls 0 32405
@calls 0 32406
@calls 0 32407
@calls 0 32408
@calls 0 32409
@calls 0 32410
@calls 0 32411
@calls 0 32412
@calls 0 32413
@calls 0 32414
@calls 0 32415
@calls 0 32416
@calls 0 32417
@calls 0 32418
@calls 0 32419
@calls 0 32420
@calls 0 32421
@calls 0 32422
@calls 0 32423
@calls 0 32424
@calls 0 32425
@calls 0 32426
@calls 0 32427
@calls 0 32428
@calls 0 32429
@calls 0 32430
@calls 0 32431
@calls 0 32432
@calls 0 32433
@calls 0 32434
@calls 0 32435
@calls 0 32436
@calls 0 32437
@calls 0 32438
@calls 0 32439
@calls 0 32440
@calls 0 32441
@calls 0 32442
@calls 0 32443
@calls 0 32444
@calls 0 32445
@calls 0 32446
@calls 0 32447
@calls 0 32448
@calls 0 32449
@calls 0 32450
@calls 0 32451
@calls 0 32452
@calls 0 32453
@calls 0 32454
@calls 0 32455
@calls 0 32456
@calls 0 32457
@calls 0 32458
@calls 0 32459
@calls 0 32460
@calls 0 32461
@calls 0 32462
@calls 0 32463
@calls 0 32464
@calls 0 32465
@calls 0 32466
@calls 0 32467
@calls 0 32468
@calls 0 32469
@calls 0 32470
@calls 0 32471
@calls 0 32472
@calls 0 32473
@calls 0 32474
@calls 0 32475
@calls 0 32476
@calls 0 32477
@calls 0 32478
@calls 0 32479
@calls 0 32480
@calls 0 32481
@calls 0 32482
@calls 0 32483
@calls 0 32484
@calls 0 32485
@calls 0 32486
@calls 0 32487
@calls 0 32488
@calls 0 32489
@calls 0 32490
@calls 0 32491
@calls 0 32492
@calls 0 32493
@calls 0 32494
@calls 0 32495
@calls 0 32496
@calls 0 32497
@calls 0 32498
@calls 0 32499
@calls 0 32500
@calls 0 32501
@calls 0 32502
@calls 0 32503
@calls 0 32504
@calls 0 32505
@calls 0 32506
@calls 0 32507
@calls 0 32508
@calls 0 32509
@calls 0 32510
@calls 0 32511
@calls 0 32512
@calls 0 32513
@calls 0 32514
@calls 0 32515
@calls 0 32516
@calls 0 32517
@calls 0 32518
@calls 0 32519
@calls 0 32520
@calls 0 32521
@calls 0 32522
@calls 0 32523
@calls 0 32524
@calls 0 32525
@calls 0 32526
@calls 0 32527
@calls 0 32528
@calls 0 32529
@calls 0 32530
@calls 0 32531
@calls 0 32532
@calls 0 32533
@calls 0 32534
@calls 0 32535
@calls 0 32536
@calls 0 32537
@calls 0 32538
@calls 0 32539
@calls 0 32540
@calls 0 32541
@calls 0 32542
@calls 0 32543
@calls 0 32544
@calls 0 32545
@calls 0 32546
@calls 0 32547
@calls 0 32548
@calls 0 32549
@calls 0 32550
@calls 0 32551
@calls 0 32552
@calls 0 32553
@calls 0 32554
@calls 0 32555
@calls 0 32556
@calls 0 32557
@calls 0 32558
@calls 0 32559
@calls 0 32560
@calls 0 32561
@calls 0 32562
@calls 0 32563
@calls 0 32564
@calls 0 32565
@calls 0 32566
@calls 0 32567
@calls 0 32568
@calls 0 32569
@calls 0 32570
@calls 0 32571
@calls 0 32572
@calls 0 32573
@calls 0 32574
@calls 0 32575
@calls 0 32576
@calls 0 32577
@calls 0 32578
@calls 0 32579
@calls 0 32580
@calls 0 32581
@calls 0 32582
@calls 0 32583
@calls 0 32584
@calls 0 32585
@calls 0 32586
@calls 0 32587
@calls 0 32588
@calls 0 32589
@calls 0 32590
@calls 0 32591
@calls 0 32592
@calls 0 32593
@calls 0 32594
@calls 0 32595
@calls 0 32596
@calls 0 32597
@calls 0 32598
@calls 0 32599
@calls 0 32600
@calls 0 32601
@calls 0 32602
@calls 0 32603
@calls 0 32604
@calls 0 32605
@calls 0 32606
@calls 0 32607
@calls 0 32608
@calls 0 32609
@calls 0 32610
@calls 0 32611
@calls 0 32612
@calls 0 32613
@calls 0 32614
@calls 0 32615
@calls 0 32616
@calls 0 32617
@calls 0 32618
@calls 0 32619
@calls 0 32620
@calls 0 32621
@calls 0 32622
@calls 0 32623
@calls 0 32624
@calls 0 32625
@calls 0 32626
@calls 0 32627
@calls 0 32628
@calls 0 32629
@calls 0 32630
@calls 0 32631
@calls 0 32632
@calls 0 32633
@calls 0 32634
@calls 0 32635
@calls 0 32636
@calls 0 32637
@calls 0 32638
@calls 0 32639
@calls 0 32640
@calls 0 32641
@calls 0 32642
@calls 0 32643
@calls 0 32644
@calls 0 32645
@calls 0 32646
@calls 0 32647
@calls 0 32648
@calls 0 32649
@calls 0 32650
@calls 0 32651
@calls 0 32652
@calls 0 32653
@calls 0 32654
@calls 0 32655
@calls 0 32656
@calls 0 32657
@calls 0 32658
@calls 0 32659
@calls 0 32660
@calls 0 32661
@calls 0 32662
@calls 0 32663
@calls 0 32664
@calls 0 32665
@calls 0 32666
@calls 0 32667
@calls 0 32668
@calls 0 32669
@calls 0 32670
@calls 0 32671
@calls 0 32672
@calls 0 32673
@calls 0 32674
@calls 0 32675
@calls 0 32676
@calls 0 32677
@calls 0 32678
@calls 0 32679
@calls 0 32680
@calls 0 32681
@calls 0 32682
@calls 0 32683
@calls 0 32684
@calls 0 32685
@calls 0 32686
@calls 0 32687
@calls 0 32688
@calls 0 32689
@calls 0 32690
@calls 0 32691
@calls 0 32692
@calls 0 32693
@calls 0 32694
@calls 0 32695
@calls 0 32696
@calls 0 32697
@calls 0 32698
@calls 0 32699
@calls 0 32700
@calls 0 32701
@calls 0 32702
@calls 0 32703
@calls 0 32704
@calls 0 32705
@calls 0 32706
@calls 0 32707
@calls 0 32708
@calls 0 32709
@calls 0 32710
@calls 0 32711
@calls 0 32712
@calls 0 32713
@calls 0 32714
@calls 0 32715
@calls 0 32716
@calls 0 32717
@calls 0 32718
@calls 0 32719
@calls 0 32720
@calls 0 32721
@calls 0 32722
@calls 0 32723
@calls 0 32724
@calls 0 32725
@calls 0 32726
@calls 0 32727
@calls 0 32728
@calls 0 32729
@calls 0 32730
@calls 0 32731
@calls 0 32732
@calls 0 32733
@calls 0 32734
@calls 0 32735
@calls 0 32736
@calls 0 32737
@calls 0 32738
@calls 0 32739
@calls 0 32740
@calls 0 32741
@calls 0 32742
@calls 0 32743
@calls 0 32744
@calls 0 32745
@calls 0 32746
@calls 0 32747
@calls 0 32748
@calls 0 32749
@calls 0 32750
@calls 0 32751
@calls 0 32752
@calls 0 32753
@calls 0 32754
@calls 0 32755
@calls 0 32756
@calls 0 32757
@calls 0 32758
@calls 0 32759
@calls 0 32760
@calls 0 32761
@calls 0 32762
@calls 0 32763
@calls 0 32764
@calls 0 32765
@calls 0 32766
@calls 0 32767
@calls 0 32768
@calls 0 32769
@calls 0 32770
@calls 0 32771
@calls 0 32772
@calls 0 32773
@calls 0 32774
@calls 0 32775
@calls 0 32776
@calls 0 32777
@calls 0 32778
@calls 0 32779
@calls 0 32780
@calls 0 32781
@calls 0 32782
@calls 0 32783
@calls 0 32784
@calls 0 32785
@calls 0 32786
@calls 0 32787
@calls 0 32788
@calls 0 32789
@calls 0 32790
@calls 0 32791
@calls 0 32792
@calls 0 32793
@calls 0 32794
@calls 0 32795
@calls 0 32796
@calls 0 32797
@calls 0 32798
@calls 0 32799
@calls 0 32800
@calls 0 32801
@calls 0 32802
@calls 0 32803
@calls 0 32804
@calls 0 32805
@calls 0 32806
@calls 0 32807
@calls 0 32808
@calls 0 32809
@calls 0 32810
@calls 0 32811
@calls 0 32812
@calls 0 32813
@calls 0 32814
@calls 0 32815
@calls 0 32816
@calls 0 32817
@calls 0 32818
@calls 0 32819
@calls 0 32820
@calls 0 32821
@calls 0 32822
@calls 0 32823
@calls 0 32824
@calls 0 32825
@calls 0 32826
@calls 0 32827
@calls 0 32828
@calls 0 32829
@calls 0 32830
@calls 0 32831
@calls 0 32832
@calls 0 32833
@calls 0 32834
@calls 0 32835
@calls 0 32836
@calls 0 32837
@calls 0 32838
@calls 0 32839
@calls 0 32840
@calls 0 32841
@calls 0 32842
@calls 0 32843
@calls 0 32844
@calls 0 32845
@calls 0 32846
@calls 0 32847
@calls 0 32848
@calls 0 32849
@calls 0 32850
@calls 0 32851
@calls 0 32852
@calls 0 32853
@calls 0 32854
@calls 0 32855
@calls 0 32856
@calls 0 32857
@calls 0 32858
@calls 0 32859
@calls 0 32860
@calls 0 32861
@calls 0 32862
@calls 0 32863
@calls 0 32864
@calls 0 32865
@calls 0 32866
@calls 0 32867
@calls 0 32868
@calls 0 32869
@calls 0 32870
@calls 0 32871
@calls 0 32872
@calls 0 32873
@calls 0 32874
@calls 0 32875
@calls 0 32876
@calls 0 32877
@calls 0 32878
@calls 0 32879
@calls 0 32880
@calls 0 32881
@calls 0 32882
@calls 0 32883
@calls 0 32884
@calls 0 32885
@calls 0 32886
@calls 0 32887
@calls 0 32888
@calls 0 32889
@calls 0 32890
@calls 0 32891
@calls 0 32892
@calls 0 32893
@calls 0 32894
@calls 0 32895
@calls 0 32896
@calls 0 32897
@calls 0 32898
@calls 0 32899
@calls 0 32900
@calls 0 32901
@calls 0 32902
@calls 0 32903
@calls 0 32904
@calls 0 32905
@calls 0 32906
@calls 0 32907
@calls 0 32908
@calls 0 32909
@calls 0 32910
@calls 0 32911
@calls 0 32912
@calls 0 32913
@calls 0 32914
@calls 0 32915
@calls 0 32916
@calls 0 32917
@calls 0 32918
@calls 0 32919
@calls 0 32920
@calls 0 32921
@calls 0 32922
@calls 0 32923
@calls 0 32924
@calls 0 32925
@calls 0 32926
@calls 0 32927
@calls 0 32928
@calls 0 32929
@calls 0 32930
@calls 0 32931
@calls 0 32932
@calls 0 32933
@calls 0 32934
@calls 0 32935
@calls 0 32936
@calls 0 32937
@calls 0 32938
@calls 0 32939
@calls 0 32940
@calls 0 32941
@calls 0 32942
@calls 0 32943
@calls 0 32944
@calls 0 32945
@calls 0 32946
@calls 0 32947
@calls 0 32948
@calls 0 32949
@calls 0 32950
@calls 0 32951
@calls 0 32952
@calls 0 32953
@calls 0 32954
@calls 0 32955
@calls 0 32956
@calls 0 32957
@calls 0 32958
@calls 0 32959
@calls 0 32960
@calls 0 32961
@calls 0 32962
@calls 0 32963
@calls 0 32964
@calls 0 32965
@calls 0 32966
@calls 0 32967
@calls 0 32968
@calls 0 32969
@calls 0 32970
@calls 0 32971
@calls 0 32972
@calls 0 32973
@calls 0 32974
@calls 0 32975
@calls 0 32976
@calls 0 32977
@calls 0 32978
@calls 0 32979
@calls 0 32980
@calls 0 32981
@calls 0 32982
@calls 0 32983
@calls 0 32984
@calls 0 32985
@calls 0 32986
@calls 0 32987
@calls 0 32988
@calls 0 32989
@calls 0 32990
@calls 0 32991
@calls 0 32992
@calls 0 32993
@calls 0 32994
@calls 0 32995
@calls 0 32996
@calls 0 32997
@calls 0 32998
@calls 0 32999
@calls 0 33000
@calls 0 33001
@calls 0 33002
@calls 0 33003
@calls 0 33004
@calls 0 33005
@calls 0 33006
@calls 0 33007
@calls 0 33008
@calls 0 33009
@calls 0 33010
@calls 0 33011
@calls 0 33012
@calls 0 33013
@calls 0 33014
@calls 0 33015
@calls 0 33016
@calls 0 33017
@calls 0 33018
@calls 0 33019
@calls 0 33020
@calls 0 33021
@calls 0 33022
@calls 0 33023
@calls 0 33024
@calls 0 33025
@calls 0 33026
@calls 0 33027
@calls 0 33028
@calls 0 33029
@calls 0 33030
@calls 0 33031
@calls 0 33032
@calls 0 33033
@calls 0 33034
@calls 0 33035
@calls 0 33036
@calls 0 33037
@calls 0 33038
@calls 0 33039
@calls 0 33040
@calls 0 33041
@calls 0 33042
@calls 0 33043
@calls 0 33044
@calls 0 33045
@calls 0 33046
@calls 0 33047
@calls 0 33048
@calls 0 33049
@calls 0 33050
@calls 0 33051
@calls 0 33052
@calls 0 33053
@calls 0 33054
@calls 0 33055
@calls 0 33056
@calls 0 33057
@calls 0 33058
@calls 0 33059
@calls 0 33060
@calls 0 33061
@calls 0 33062
@calls 0 33063
@calls 0 33064
@calls 0 33065
@calls 0 33066
@calls 0 33067
@calls 0 33068
@calls 0 33069
@calls 0 33070
@calls 0 33071
@calls 0 33072
@calls 0 33073
@calls 0 33074
@calls 0 33075
@calls 0 33076
@calls 0 33077
@calls 0 33078
@calls 0 33079
@calls 0 33080
@calls 0 33081
@calls 0 33082
@calls 0 33083
@calls 0 33084
@calls 0 33085
@calls 0 33086
@calls 0 33087
@calls 0 33088
@calls 0 33089
@calls 0 33090
@calls 0 33091
@calls 0 33092
@calls 0 33093
@calls 0 33094
@calls 0 33095
@calls 0 33096
@calls 0 33097
@calls 0 33098
@calls 0 33099
@calls 0 33100
@calls 0 33101
@calls 0 33102
@calls 0 33103
@calls 0 33104
@calls 0 33105
@calls 0 33106
@calls 0 33107
@calls 0 33108
@calls 0 33109
@calls 0 33110
@calls 0 33111
@calls 0 33112
@calls 0 33113
@calls 0 33114
@calls 0 33115
@calls 0 33116
@calls 0 33117
@calls 0 33118
@calls 0 33119
@calls 0 33120
@calls 0 33121
@calls 0 33122
@calls 0 33123
@calls 0 33124
@calls 0 33125
@calls 0 33126
@calls 0 33127
@calls 0 33128
@calls 0 33129
@calls 0 33130
@calls 0 33131
@calls 0 33132
@calls 0 33133
@calls 0 33134
@calls 0 33135
@calls 0 33136
@calls 0 33137
@calls 0 33138
@calls 0 33139
@calls 0 33140
@calls 0 33141
@calls 0 33142
@calls 0 33143
@calls 0 33144
@calls 0 33145
@calls 0 33146
@calls 0 33147
@calls 0 33148
@calls 0 33149
@calls 0 33150
@calls 0 33151
@calls 0 33152
@calls 0 33153
@calls 0 33154
@calls 0 33155
@calls 0 33156
@calls 0 33157
@calls 0 33158
@calls 0 33159
@calls 0 33160
@calls 0 33161
@calls 0 33162
@calls 0 33163
@calls 0 33164
@calls 0 33165
@calls 0 33166
@calls 0 33167
@calls 0 33168
@calls 0 33169
@calls 0 33170
@calls 0 33171
@calls 0 33172
@calls 0 33173
@calls 0 33174
@calls 0 33175
@calls 0 33176
@calls 0 33177
@calls 0 33178
@calls 0 33179
@calls 0 33180
@calls 0 33181
@calls 0 33182
@calls 0 33183
@calls 0 33184
@calls 0 33185
@calls 0 33186
@calls 0 33187
@calls 0 33188
@calls 0 33189
@calls 0 33190
@calls 0 33191
@calls 0 33192
@calls 0 33193
@calls 0 33194
@calls 0 33195
@calls 0 33196
@calls 0 33197
@calls 0 33198
@calls 0 33199
@calls 0 33200
@calls 0 33201
@calls 0 33202
@calls 0 33203
@calls 0 33204
@calls 0 33205
@calls 0 33206
@calls 0 33207
@calls 0 33208
@calls 0 33209
@calls 0 33210
@calls 0 33211
@calls 0 33212
@calls 0 33213
@calls 0 33214
@calls 0 33215
@calls 0 33216
@calls 0 33217
@calls 0 33218
@calls 0 33219
@calls 0 33220
@calls 0 33221
@calls 0 33222
@calls 0 33223
@calls 0 33224
@calls 0 33225
@calls 0 33226
@calls 0 33227
@calls 0 33228
@calls 0 33229
@calls 0 33230
@calls 0 33231
@calls 0 33232
@calls 0 33233
@calls 0 33234
@calls 0 33235
@calls 0 33236
@calls 0 33237
@calls 0 33238
@calls 0 33239
@calls 0 33240
@calls 0 33241
@calls 0 33242
@calls 0 33243
@calls 0 33244
@calls 0 33245
@calls 0 33246
@calls 0 33247
@calls 0 33248
@calls 0 33249
@calls 0 33250
@calls 0 33251
@calls 0 33252
@calls 0 33253
@calls 0 33254
@calls 0 33255
@calls 0 33256
@calls 0 33257
@calls 0 33258
@calls 0 33259
@calls 0 33260
@calls 0 33261
@calls 0 33262
@calls 0 33263
@calls 0 33264
@calls 0 33265
@calls 0 33266
@calls 0 33267
@calls 0 33268
@calls 0 33269
@calls 0 33270
@calls 0 33271
@calls 0 33272
@calls 0 33273
@calls 0 33274
@calls 0 33275
@calls 0 33276
@calls 0 33277
@calls 0 33278
@calls 0 33279
@calls 0 33280
@calls 0 33281
@calls 0 33282
@calls 0 33283
@calls 0 33284
@calls 0 33285
@calls 0 33286
@calls 0 33287
@calls 0 33288
@calls 0 33289
@calls 0 33290
@calls 0 33291
@calls 0 33292
@calls 0 33293
@calls 0 33294
@calls 0 33295
@calls 0 33296
@calls 0 33297
@calls 0 33298
@calls 0 33299
@calls 0 33300
@calls 0 33301
@calls 0 33302
@calls 0 33303
@calls 0 33304
@calls 0 33305
@calls 0 33306
@calls 0 33307
@calls 0 33308
@calls 0 33309
@calls 0 33310
@calls 0 33311
@calls 0 33312
@calls 0 33313
@calls 0 33314
@calls 0 33315
@calls 0 33316
@calls 0 33317
@calls 0 33318
@calls 0 33319
@calls 0 33320
@calls 0 33321
@calls 0 33322
@calls 0 33323
@calls 0 33324
@calls 0 33325
@calls 0 33326
@calls 0 33327
@calls 0 33328
@calls 0 33329
@calls 0 33330
@calls 0 33331
@calls 0 33332
@calls 0 33333
@calls 0 33334
@calls 0 33335
@calls 0 33336
@calls 0 33337
@calls 0 33338
@calls 0 33339
@calls 0 33340
@calls 0 33341
@calls 0 33342
@calls 0 33343
@calls 0 33344
@calls 0 33345
@calls 0 33346
@calls 0 33347
@calls 0 33348
@calls 0 33349
@calls 0 33350
@calls 0 33351
@calls 0 33352
@calls 0 33353
@calls 0 33354
@calls 0 33355
@calls 0 33356
@calls 0 33357
@calls 0 33358
@calls 0 33359
@calls 0 33360
@calls 0 33361
@calls 0 33362
@calls 0 33363
@calls 0 33364
@calls 0 33365
@calls 0 33366
@calls 0 33367
@calls 0 33368
@calls 0 33369
@calls 0 33370
@calls 0 33371
@calls 0 33372
@calls 0 33373
@calls 0 33374
@calls 0 33375
@calls 0 33376
@calls 0 33377
@calls 0 33378
@calls 0 33379
@calls 0 33380
@calls 0 33381
@calls 0 33382
@calls 0 33383
@calls 0 33384
@calls 0 33385
@calls 0 33386
@calls 0 33387
@calls 0 33388
@calls 0 33389
@calls 0 33390
@calls 0 33391
@calls 0 33392
@calls 0 33393
@calls 0 33394
@calls 0 33395
@calls 0 33396
@calls 0 33397
@calls 0 33398
@calls 0 33399
@calls 0 33400
@calls 0 33401
@calls 0 33402
@calls 0 33403
@calls 0 33404
@calls 0 33405
@calls 0 33406
@calls 0 33407
@calls 0 33408
@calls 0 33409
@calls 0 33410
@calls 0 33411
@calls 0 33412
@calls 0 33413
@calls 0 33414
@calls 0 33415
@calls 0 33416
@calls 0 33417
@calls 0 33418
@calls 0 33419
@calls 0 33420
@calls 0 33421
@calls 0 33422
@calls 0 33423
@calls 0 33424
@calls 0 33425
@calls 0 33426
@calls 0 33427
@calls 0 33428
@calls 0 33429
@calls 0 33430
@calls 0 33431
@calls 0 33432
@calls 0 33433
@calls 0 33434
@calls 0 33435
@calls 0 33436
@calls 0 33437
@calls 0 33438
@calls 0 33439
@calls 0 33440
@calls 0 33441
@calls 0 33442
@calls 0 33443
@calls 0 33444
@calls 0 33445
@calls 0 33446
@calls 0 33447
@calls 0 33448
@calls 0 33449
@calls 0 33450
@calls 0 33451
@calls 0 33452
@calls 0 33453
@calls 0 33454
@calls 0 33455
@calls 0 33456
@calls 0 33457
@calls 0 33458
@calls 0 33459
@calls 0 33460
@calls 0 33461
@calls 0 33462
@calls 0 33463
@calls 0 33464
@calls 0 33465
@calls 0 33466
@calls 0 33467
@calls 0 33468
@calls 0 33469
@calls 0 33470
@calls 0 33471
@calls 0 33472
@calls 0 33473
@calls 0 33474
@calls 0 33475
@calls 0 33476
@calls 0 33477
@calls 0 33478
@calls 0 33479
@calls 0 33480
@calls 0 33481
@calls 0 33482
@calls 0 33483
@calls 0 33484
@calls 0 33485
@calls 0 33486
@calls 0 33487
@calls 0 33488
@calls 0 33489
@calls 0 33490
@calls 0 33491
@calls 0 33492
@calls 0 33493
@calls 0 33494
@calls 0 33495
@calls 0 33496
@calls 0 33497
@calls 0 33498
@calls 0 33499
@calls 0 33500
@calls 0 33501
@calls 0 33502
@calls 0 33503
@calls 0 33504
@calls 0 33505
@calls 0 33506
@calls 0 33507
@calls 0 33508
@calls 0 33509
@calls 0 33510
@calls 0 33511
@calls 0 33512
@calls 0 33513
@calls 0 33514
@calls 0 33515
@calls 0 33516
@calls 0 33517
@calls 0 33518
@calls 0 33519
@calls 0 33520
@calls 0 33521
@calls 0 33522
@calls 0 33523
@calls 0 33524
@calls 0 33525
@calls 0 33526
@calls 0 33527
@calls 0 33528
@calls 0 33529
@calls 0 33530
@calls 0 33531
@calls 0 33532
@calls 0 33533
@calls 0 33534
@calls 0 33535
@calls 0 33536
@calls 0 33537
@calls 0 33538
@calls 0 33539
@calls 0 33540
@calls 0 33541
@calls 0 33542
@calls 0 33543
@calls 0 33544
@calls 0 33545
@calls 0 33546
@calls 0 33547
@calls 0 33548
@calls 0 33549
@calls 0 33550
@calls 0 33551
@calls 0 33552
@calls 0 33553
@calls 0 33554
@calls 0 33555
@calls 0 33556
@calls 0 33557
@calls 0 33558
@calls 0 33559
@calls 0 33560
@calls 0 33561
@calls 0 33562
@calls 0 33563
@calls 0 33564
@calls 0 33565
@calls 0 33566
@calls 0 33567
@calls 0 33568
@calls 0 33569
@calls 0 33570
@calls 0 33571
@calls 0 33572
@calls 0 33573
@calls 0 33574
@calls 0 33575
@calls 0 33576
@calls 0 33577
@calls 0 33578
@calls 0 33579
@calls 0 33580
@calls 0 33581
@calls 0 33582
@calls 0 33583
@calls 0 33584
@calls 0 33585
@calls 0 33586
@calls 0 33587
@calls 0 33588
@calls 0 33589
@calls 0 33590
@calls 0 33591
@calls 0 33592
@calls 0 33593
@calls 0 33594
@calls 0 33595
@calls 0 33596
@calls 0 33597
@calls 0 33598
@calls 0 33599
@calls 0 33600
@calls 0 33601
@calls 0 33602
@calls 0 33603
@calls 0 33604
@calls 0 33605
@calls 0 33606
@calls 0 33607
@calls 0 33608
@calls 0 33609
@calls 0 33610
@calls 0 33611
@calls 0 33612
@calls 0 33613
@calls 0 33614
@calls 0 33615
@calls 0 33616
@calls 0 33617
@calls 0 33618
@calls 0 33619
@calls 0 33620
@calls 0 33621
@calls 0 33622
@calls 0 33623
@calls 0 33624
@calls 0 33625
@calls 0 33626
@calls 0 33627
@calls 0 33628
@calls 0 33629
@calls 0 33630
@calls 0 33631
@calls 0 33632
@calls 0 33633
@calls 0 33634
@calls 0 33635
@calls 0 33636
@calls 0 33637
@calls 0 33638
@calls 0 33639
@calls 0 33640
@calls 0 33641
@calls 0 33642
@calls 0 33643
@calls 0 33644
@calls 0 33645
@calls 0 33646
@calls 0 33647
@calls 0 33648
@calls 0 33649
@calls 0 33650
@calls 0 33651
@calls 0 33652
@calls 0 33653
@calls 0 33654
@calls 0 33655
@calls 0 33656
@calls 0 33657
@calls 0 33658
@calls 0 33659
@calls 0 33660
@calls 0 33661
@calls 0 33662
@calls 0 33663
@calls 0 33664
@calls 0 33665
@calls 0 33666
@calls 0 33667
@calls 0 33668
@calls 0 33669
@calls 0 33670
@calls 0 33671
@calls 0 33672
@calls 0 33673
@calls 0 33674
@calls 0 33675
@calls 0 33676
@calls 0 33677
@calls 0 33678
@calls 0 33679
@calls 0 33680
@calls 0 33681
@calls 0 33682
@calls 0 33683
@calls 0 33684
@calls 0 33685
@calls 0 33686
@calls 0 33687
@calls 0 33688
@calls 0 33689
@calls 0 33690
@calls 0 33691
@calls 0 33692
@calls 0 33693
@calls 0 33694
@calls 0 33695
@calls 0 33696
@calls 0 33697
@calls 0 33698
@calls 0 33699
@calls 0 33700
@calls 0 33701
@calls 0 33702
@calls 0 33703
@calls 0 33704
@calls 0 33705
@calls 0 33706
@calls 0 33707
@calls 0 33708
@calls 0 33709
@calls 0 33710
@calls 0 33711
@calls 0 33712
@calls 0 33713
@calls 0 33714
@calls 0 33715
@calls 0 33716
@calls 0 33717
@calls 0 33718
@calls 0 33719
@calls 0 33720
@calls 0 33721
@calls 0 33722
@calls 0 33723
@calls 0 33724
@calls 0 33725
@calls 0 33726
@calls 0 33727
@calls 0 33728
@calls 0 33729
@calls 0 33730
@calls 0 33731
@calls 0 33732
@calls 0 33733
@calls 0 33734
@calls 0 33735
@calls 0 33736
@calls 0 33737
@calls 0 33738
@calls 0 33739
@calls 0 33740
@calls 0 33741
@calls 0 33742
@calls 0 33743
@calls 0 33744
@calls 0 33745
@calls 0 33746
@calls 0 33747
@calls 0 33748
@calls 0 33749
@calls 0 33750
@calls 0 33751
@calls 0 33752
@calls 0 33753
@calls 0 33754
@calls 0 33755
@calls 0 33756
@calls 0 33757
@calls 0 33758
@calls 0 33759
@calls 0 33760
@calls 0 33761
@calls 0 33762
@calls 0 33763
@calls 0 33764
@calls 0 33765
@calls 0 33766
@calls 0 33767
@calls 0 33768
@calls 0 33769
@calls 0 33770
@calls 0 33771
@calls 0 33772
@calls 0 33773
@calls 0 33774
@calls 0 33775
@calls 0 33776
@calls 0 33777
@calls 0 33778
@calls 0 33779
@calls 0 33780
@calls 0 33781
@calls 0 33782
@calls 0 33783
@calls 0 33784
@calls 0 33785
@calls 0 33786
@calls 0 33787
@calls 0 33788
@calls 0 33789
@calls 0 33790
@calls 0 33791
@calls 0 33792
@calls 0 33793
@calls 0 33794
@calls 0 33795
@calls 0 33796
@calls 0 33797
@calls 0 33798
@calls 0 33799
@calls 0 33800
@calls 0 33801
@calls 0 33802
@calls 0 33803
@calls 0 33804
@calls 0 33805
@calls 0 33806
@calls 0 33807
@calls 0 33808
@calls 0 33809
@calls 0 33810
@calls 0 33811
@calls 0 33812
@calls 0 33813
@calls 0 33814
@calls 0 33815
@calls 0 33816
@calls 0 33817
@calls 0 33818
@calls 0 33819
@calls 0 33820
@calls 0 33821
@calls 0 33822
@calls 0 33823
@calls 0 33824
@calls 0 33825
@calls 0 33826
@calls 0 33827
@calls 0 33828
@calls 0 33829
@calls 0 33830
@calls 0 33831
@calls 0 33832
@calls 0 33833
@calls 0 33834
@calls 0 33835
@calls 0 33836
@calls 0 33837
@calls 0 33838
@calls 0 33839
@calls 0 33840
@calls 0 33841
@calls 0 33842
@calls 0 33843
@calls 0 33844
@calls 0 33845
@calls 0 33846
@calls 0 33847
@calls 0 33848
@calls 0 33849
@calls 0 33850
@calls 0 33851
@calls 0 33852
@calls 0 33853
@calls 0 33854
@calls 0 33855
@calls 0 33856
@calls 0 33857
@calls 0 33858
@calls 0 33859
@calls 0 33860
@calls 0 33861
@calls 0 33862
@calls 0 33863
@calls 0 33864
@calls 0 33865
@calls 0 33866
@calls 0 33867
@calls 0 33868
@calls 0 33869
@calls 0 33870
@calls 0 33871
@calls 0 33872
@calls 0 33873
@calls 0 33874
@calls 0 33875
@calls 0 33876
@calls 0 33877
@calls 0 33878
@calls 0 33879
@calls 0 33880
@calls 0 33881
@calls 0 33882
@calls 0 33883
@calls 0 33884
@calls 0 33885
@calls 0 33886
@calls 0 33887
@calls 0 33888
@calls 0 33889
@calls 0 33890
@calls 0 33891
@calls 0 33892
@calls 0 33893
@calls 0 33894
@calls 0 33895
@calls 0 33896
@calls 0 33897
@calls 0 33898
@calls 0 33899
@calls 0 33900
@calls 0 33901
@calls 0 33902
@calls 0 33903
@calls 0 33904
@calls 0 33905
@calls 0 33906
@calls 0 33907
@calls 0 33908
@calls 0 33909
@calls 0 33910
@calls 0 33911
@calls 0 33912
@calls 0 33913
@calls 0 33914
@calls 0 33915
@calls 0 33916
@calls 0 33917
@calls 0 33918
@calls 0 33919
@calls 0 33920
@calls 0 33921
@calls 0 33922
@calls 0 33923
@calls 0 33924
@calls 0 33925
@calls 0 33926
@calls 0 33927
@calls 0 33928
@calls 0 33929
@calls 0 33930
@calls 0 33931
@calls 0 33932
@calls 0 33933
@calls 0 33934
@calls 0 33935
@calls 0 33936
@calls 0 33937
@calls 0 33938
@calls 0 33939
@calls 0 33940
@calls 0 33941
@calls 0 33942
@calls 0 33943
@calls 0 33944
@calls 0 33945
@calls 0 33946
@calls 0 33947
@calls 0 33948
@calls 0 33949
@calls 0 33950
@calls 0 33951
@calls 0 33952
@calls 0 33953
@calls 0 33954
@calls 0 33955
@calls 0 33956
@calls 0 33957
@calls 0 33958
@calls 0 33959
@calls 0 33960
@calls 0 33961
@calls 0 33962
@calls 0 33963
@calls 0 33964
@calls 0 33965
@calls 0 33966
@calls 0 33967
@calls 0 33968
@calls 0 33969
@calls 0 33970
@calls 0 33971
@calls 0 33972
@calls 0 33973
@calls 0 33974
@calls 0 33975
@calls 0 33976
@calls 0 33977
@calls 0 33978
@calls 0 33979
@calls 0 33980
@calls 0 33981
@calls 0 33982
@calls 0 33983
@calls 0 33984
@calls 0 33985
@calls 0 33986
@calls 0 33987
@calls 0 33988
@calls 0 33989
@calls 0 33990
@calls 0 33991
@calls 0 33992
@calls 0 33993
@calls 0 33994
@calls 0 33995
@calls 0 33996
@calls 0 33997
@calls 0 33998
@calls 0 33999
@calls 0 34000
@calls 0 34001
@calls 0 34002
@calls 0 34003
@calls 0 34004
@calls 0 34005
@calls 0 34006
@calls 0 34007
@calls 0 34008
@calls 0 34009
@calls 0 34010
@calls 0 34011
@calls 0 34012
@calls 0 34013
@calls 0 34014
@calls 0 34015
@calls 0 34016
@calls 0 34017
@calls 0 34018
@calls 0 34019
@calls 0 34020
@calls 0 34021
@calls 0 34022
@calls 0 34023
@calls 0 34024
@calls 0 34025
@calls 0 34026
@calls 0 34027
@calls 0 34028
@calls 0 34029
@calls 0 34030
@calls 0 34031
@calls 0 34032
@calls 0 34033
@calls 0 34034
@calls 0 34035
@calls 0 34036
@calls 0 34037
@calls 0 34038
@calls 0 34039
@calls 0 34040
@calls 0 34041
@calls 0 34042
@calls 0 34043
@calls 0 34044
@calls 0 34045
@calls 0 34046
@calls 0 34047
@calls 0 34048
@calls 0 34049
@calls 0 34050
@calls 0 34051
@calls 0 34052
@calls 0 34053
@calls 0 34054
@calls 0 34055
@calls 0 34056
@calls 0 34057
@calls 0 34058
@calls 0 34059
@calls 0 34060
@calls 0 34061
@calls 0 34062
@calls 0 34063
@calls 0 34064
@calls 0 34065
@calls 0 34066
@calls 0 34067
@calls 0 34068
@calls 0 34069
@calls 0 34070
@calls 0 34071
@calls 0 34072
@calls 0 34073
@calls 0 34074
@calls 0 34075
@calls 0 34076
@calls 0 34077
@calls 0 34078
@calls 0 34079
@calls 0 34080
@calls 0 34081
@calls 0 34082
@calls 0 34083
@calls 0 34084
@calls 0 34085
@calls 0 34086
@calls 0 34087
@calls 0 34088
@calls 0 34089
@calls 0 34090
@calls 0 34091
@calls 0 34092
@calls 0 34093
@calls 0 34094
@calls 0 34095
@calls 0 34096
@calls 0 34097
@calls 0 34098
@calls 0 34099
@calls 0 34100
@calls 0 34101
@calls 0 34102
@calls 0 34103
@calls 0 34104
@calls 0 34105
@calls 0 34106
@calls 0 34107
@calls 0 34108
@calls 0 34109
@calls 0 34110
@calls 0 34111
@calls 0 34112
@calls 0 34113
@calls 0 34114
@calls 0 34115
@calls 0 34116
@calls 0 34117
@calls 0 34118
@calls 0 34119
@calls 0 34120
@calls 0 34121
@calls 0 34122
@calls 0 34123
@calls 0 34124
@calls 0 34125
@calls 0 34126
@calls 0 34127
@calls 0 34128
@calls 0 34129
@calls 0 34130
@calls 0 34131
@calls 0 34132
@calls 0 34133
@calls 0 34134
@calls 0 34135
@calls 0 34136
@calls 0 34137
@calls 0 34138
@calls 0 34139
@calls 0 34140
@calls 0 34141
@calls 0 34142
@calls 0 34143
@calls 0 34144
@calls 0 34145
@calls 0 34146
@calls 0 34147
@calls 0 34148
@calls 0 34149
@calls 0 34150
@calls 0 34151
@calls 0 34152
@calls 0 34153
@calls 0 34154
@calls 0 34155
@calls 0 34156
@calls 0 34157
@calls 0 34158
@calls 0 34159
@calls 0 34160
@calls 0 34161
@calls 0 34162
@calls 0 34163
@calls 0 34164
@calls 0 34165
@calls 0 34166
@calls 0 34167
@calls 0 34168
@calls 0 34169
@calls 0 34170
@calls 0 34171
@calls 0 34172
@calls 0 34173
@calls 0 34174
@calls 0 34175
@calls 0 34176
@calls 0 34177
@calls 0 34178
@calls 0 34179
@calls 0 34180
@calls 0 34181
@calls 0 34182
@calls 0 34183
@calls 0 34184
@calls 0 34185
@calls 0 34186
@calls 0 34187
@calls 0 34188
@calls 0 34189
@calls 0 34190
@calls 0 34191
@calls 0 34192
@calls 0 34193
@calls 0 34194
@calls 0 34195
@calls 0 34196
@calls 0 34197
@calls 0 34198
@calls 0 34199
@calls 0 34200
@calls 0 34201
@calls 0 34202
@calls 0 34203
@calls 0 34204
@calls 0 34205
@calls 0 34206
@calls 0 34207
@calls 0 34208
@calls 0 34209
@calls 0 34210
@calls 0 34211
@calls 0 34212
@calls 0 34213
@calls 0 34214
@calls 0 34215
@calls 0 34216
@calls 0 34217
@calls 0 34218
@calls 0 34219
@calls 0 34220
@calls 0 34221
@calls 0 34222
@calls 0 34223
@calls 0 34224
@calls 0 34225
@calls 0 34226
@calls 0 34227
@calls 0 34228
@calls 0 34229
@calls 0 34230
@calls 0 34231
@calls 0 34232
@calls 0 34233
@calls 0 34234
@calls 0 34235
@calls 0 34236
@calls 0 34237
@calls 0 34238
@calls 0 34239
@calls 0 34240
@calls 0 34241
@calls 0 34242
@calls 0 34243
@calls 0 34244
@calls 0 34245
@calls 0 34246
@calls 0 34247
@calls 0 34248
@calls 0 34249
@calls 0 34250
@calls 0 34251
@calls 0 34252
@calls 0 34253
@calls 0 34254
@calls 0 34255
@calls 0 34256
@calls 0 34257
@calls 0 34258
@calls 0 34259
@calls 0 34260
@calls 0 34261
@calls 0 34262
@calls 0 34263
@calls 0 34264
@calls 0 34265
@calls 0 34266
@calls 0 34267
@calls 0 34268
@calls 0 34269
@calls 0 34270
@calls 0 34271
@calls 0 34272
@calls 0 34273
@calls 0 34274
@calls 0 34275
@calls 0 34276
@calls 0 34277
@calls 0 34278
@calls 0 34279
@calls 0 34280
@calls 0 34281
@calls 0 34282
@calls 0 34283
@calls 0 34284
@calls 0 34285
@calls 0 34286
@calls 0 34287
@calls 0 34288
@calls 0 34289
@calls 0 34290
@calls 0 34291
@calls 0 34292
@calls 0 34293
@calls 0 34294
@calls 0 34295
@calls 0 34296
@calls 0 34297
@calls 0 34298
@calls 0 34299
@calls 0 34300
@calls 0 34301
@calls 0 34302
@calls 0 34303
@calls 0 34304
@calls 0 34305
@calls 0 34306
@calls 0 34307
@calls 0 34308
@calls 0 34309
@calls 0 34310
@calls 0 34311
@calls 0 34312
@calls 0 34313
@calls 0 34314
@calls 0 34315
@calls 0 34316
@calls 0 34317
@calls 0 34318
@calls 0 34319
@calls 0 34320
@calls 0 34321
@calls 0 34322
@calls 0 34323
@calls 0 34324
@calls 0 34325
@calls 0 34326
@calls 0 34327
@calls 0 34328
@calls 0 34329
@calls 0 34330
@calls 0 34331
@calls 0 34332
@calls 0 34333
@calls 0 34334
@calls 0 34335
@calls 0 34336
@calls 0 34337
@calls 0 34338
@calls 0 34339
@calls 0 34340
@calls 0 34341
@calls 0 34342
@calls 0 34343
@calls 0 34344
@calls 0 34345
@calls 0 34346
@calls 0 34347
@calls 0 34348
@calls 0 34349
@calls 0 34350
@calls 0 34351
@calls 0 34352
@calls 0 34353
@calls 0 34354
@calls 0 34355
@calls 0 34356
@calls 0 34357
@calls 0 34358
@calls 0 34359
@calls 0 34360
@calls 0 34361
@calls 0 34362
@calls 0 34363
@calls 0 34364
@calls 0 34365
@calls 0 34366
@calls 0 34367
@calls 0 34368
@calls 0 34369
@calls 0 34370
@calls 0 34371
@calls 0 34372
@calls 0 34373
@calls 0 34374
@calls 0 34375
@calls 0 34376
@calls 0 34377
@calls 0 34378
@calls 0 34379
@calls 0 34380
@calls 0 34381
@calls 0 34382
@calls 0 34383
@calls 0 34384
@calls 0 34385
@calls 0 34386
@calls 0 34387
@calls 0 34388
@calls 0 34389
@calls 0 34390
@calls 0 34391
@calls 0 34392
@calls 0 34393
@calls 0 34394
@calls 0 34395
@calls 0 34396
@calls 0 34397
@calls 0 34398
@calls 0 34399
@calls 0 34400
@calls 0 34401
@calls 0 34402
@calls 0 34403
@calls 0 34404
@calls 0 34405
@calls 0 34406
@calls 0 34407
@calls 0 34408
@calls 0 34409
@calls 0 34410
@calls 0 34411
@calls 0 34412
@calls 0 34413
@calls 0 34414
@calls 0 34415
@calls 0 34416
@calls 0 34417
@calls 0 34418
@calls 0 34419
@calls 0 34420
@calls 0 34421
@calls 0 34422
@calls 0 34423
@calls 0 34424
@calls 0 34425
@calls 0 34426
@calls 0 34427
@calls 0 34428
@calls 0 34429
@calls 0 34430
@calls 0 34431
@calls 0 34432
@calls 0 34433
@calls 0 34434
@calls 0 34435
@calls 0 34436
@calls 0 34437
@calls 0 34438
@calls 0 34439
@calls 0 34440
@calls 0 34441
@calls 0 34442
@calls 0 34443
@calls 0 34444
@calls 0 34445
@calls 0 34446
@calls 0 34447
@calls 0 34448
@calls 0 34449
@calls 0 34450
@calls 0 34451
@calls 0 34452
@calls 0 34453
@calls 0 34454
@calls 0 34455
@calls 0 34456
@calls 0 34457
@calls 0 34458
@calls 0 34459
@calls 0 34460
@calls 0 34461
@calls 0 34462
@calls 0 34463
@calls 0 34464
@calls 0 34465
@calls 0 34466
@calls 0 34467
@calls 0 34468
@calls 0 34469
@calls 0 34470
@calls 0 34471
@calls 0 34472
@calls 0 34473
@calls 0 34474
@calls 0 34475
@calls 0 34476
@calls 0 34477
@calls 0 34478
@calls 0 34479
@calls 0 34480
@calls 0 34481
@calls 0 34482
@calls 0 34483
@calls 0 34484
@calls 0 34485
@calls 0 34486
@calls 0 34487
@calls 0 34488
@calls 0 34489
@calls 0 34490
@calls 0 34491
@calls 0 34492
@calls 0 34493
@calls 0 34494
@calls 0 34495
@calls 0 34496
@calls 0 34497
@calls 0 34498
@calls 0 34499
@calls 0 34500
@calls 0 34501
@calls 0 34502
@calls 0 34503
@calls 0 34504
@calls 0 34505
@calls 0 34506
@calls 0 34507
@calls 0 34508
@calls 0 34509
@calls 0 34510
@calls 0 34511
@calls 0 34512
@calls 0 34513
@calls 0 34514
@calls 0 34515
@calls 0 34516
@calls 0 34517
@calls 0 34518
@calls 0 34519
@calls 0 34520
@calls 0 34521
@calls 0 34522
@calls 0 34523
@calls 0 34524
@calls 0 34525
@calls 0 34526
@calls 0 34527
@calls 0 34528
@calls 0 34529
@calls 0 34530
@calls 0 34531
@calls 0 34532
@calls 0 34533
@calls 0 34534
@calls 0 34535
@calls 0 34536
@calls 0 34537
@calls 0 34538
@calls 0 34539
@calls 0 34540
@calls 0 34541
@calls 0 34542
@calls 0 34543
@calls 0 34544
@calls 0 34545
@calls 0 34546
@calls 0 34547
@calls 0 34548
@calls 0 34549
@calls 0 34550
@calls 0 34551
@calls 0 34552
@calls 0 34553
@calls 0 34554
@calls 0 34555
@calls 0 34556
@calls 0 34557
@calls 0 34558
@calls 0 34559
@calls 0 34560
@calls 0 34561
@calls 0 34562
@calls 0 34563
@calls 0 34564
@calls 0 34565
@calls 0 34566
@calls 0 34567
@calls 0 34568
@calls 0 34569
@calls 0 34570
@calls 0 34571
@calls 0 34572
@calls 0 34573
@calls 0 34574
@calls 0 34575
@calls 0 34576
@calls 0 34577
@calls 0 34578
@calls 0 34579
@calls 0 34580
@calls 0 34581
@calls 0 34582
@calls 0 34583
@calls 0 34584
@calls 0 34585
@calls 0 34586
@calls 0 34587
@calls 0 34588
@calls 0 34589
@calls 0 34590
@calls 0 34591
@calls 0 34592
@calls 0 34593
@calls 0 34594
@calls 0 34595
@calls 0 34596
@calls 0 34597
@calls 0 34598
@calls 0 34599
@calls 0 34600
@calls 0 34601
@calls 0 34602
@calls 0 34603
@calls 0 34604
@calls 0 34605
@calls 0 34606
@calls 0 34607
@calls 0 34608
@calls 0 34609
@calls 0 34610
@calls 0 34611
@calls 0 34612
@calls 0 34613
@calls 0 34614
@calls 0 34615
@calls 0 34616
@calls 0 34617
@calls 0 34618
@calls 0 34619
@calls 0 34620
@calls 0 34621
@calls 0 34622
@calls 0 34623
@calls 0 34624
@calls 0 34625
@calls 0 34626
@calls 0 34627
@calls 0 34628
@calls 0 34629
@calls 0 34630
@calls 0 34631
@calls 0 34632
@calls 0 34633
@calls 0 34634
@calls 0 34635
@calls 0 34636
@calls 0 34637
@calls 0 34638
@calls 0 34639
@calls 0 34640
@calls 0 34641
@calls 0 34642
@calls 0 34643
@calls 0 34644
@calls 0 34645
@calls 0 34646
@calls 0 34647
@calls 0 34648
@calls 0 34649
@calls 0 34650
@calls 0 34651
@calls 0 34652
@calls 0 34653
@calls 0 34654
@calls 0 34655
@calls 0 34656
@calls 0 34657
@calls 0 34658
@calls 0 34659
@calls 0 34660
@calls 0 34661
@calls 0 34662
@calls 0 34663
@calls 0 34664
@calls 0 34665
@calls 0 34666
@calls 0 34667
@calls 0 34668
@calls 0 34669
@calls 0 34670
@calls 0 34671
@calls 0 34672
@calls 0 34673
@calls 0 34674
@calls 0 34675
@calls 0 34676
@calls 0 34677
@calls 0 34678
@calls 0 34679
@calls 0 34680
@calls 0 34681
@calls 0 34682
@calls 0 34683
@calls 0 34684
@calls 0 34685
@calls 0 34686
@calls 0 34687
@calls 0 34688
@calls 0 34689
@calls 0 34690
@calls 0 34691
@calls 0 34692
@calls 0 34693
@calls 0 34694
@calls 0 34695
@calls 0 34696
@calls 0 34697
@calls 0 34698
@calls 0 34699
@calls 0 34700
@calls 0 34701
@calls 0 34702
@calls 0 34703
@calls 0 34704
@calls 0 34705
@calls 0 34706
@calls 0 34707
@calls 0 34708
@calls 0 34709
@calls 0 34710
@calls 0 34711
@calls 0 34712
@calls 0 34713
@calls 0 34714
@calls 0 34715
@calls 0 34716
@calls 0 34717
@calls 0 34718
@calls 0 34719
@calls 0 34720
@calls 0 34721
@calls 0 34722
@calls 0 34723
@calls 0 34724
@calls 0 34725
@calls 0 34726
@calls 0 34727
@calls 0 34728
@calls 0 34729
@calls 0 34730
@calls 0 34731
@calls 0 34732
@calls 0 34733
@calls 0 34734
@calls 0 34735
@calls 0 34736
@calls 0 34737
@calls 0 34738
@calls 0 34739
@calls 0 34740
@calls 0 34741
@calls 0 34742
@calls 0 34743
@calls 0 34744
@calls 0 34745
@calls 0 34746
@calls 0 34747
@calls 0 34748
@calls 0 34749
@calls 0 34750
@calls 0 34751
@calls 0 34752
@calls 0 34753
@calls 0 34754
@calls 0 34755
@calls 0 34756
@calls 0 34757
@calls 0 34758
@calls 0 34759
@calls 0 34760
@calls 0 34761
@calls 0 34762
@calls 0 34763
@calls 0 34764
@calls 0 34765
@calls 0 34766
@calls 0 34767
@calls 0 34768
@calls 0 34769
@calls 0 34770
@calls 0 34771
@calls 0 34772
@calls 0 34773
@calls 0 34774
@calls 0 34775
@calls 0 34776
@calls 0 34777
@calls 0 34778
@calls 0 34779
@calls 0 34780
@calls 0 34781
@calls 0 34782
@calls 0 34783
@calls 0 34784
@calls 0 34785
@calls 0 34786
@calls 0 34787
@calls 0 34788
@calls 0 34789
@calls 0 34790
@calls 0 34791
@calls 0 34792
@calls 0 34793
@calls 0 34794
@calls 0 34795
@calls 0 34796
@calls 0 34797
@calls 0 34798
@calls 0 34799
@calls 0 34800
@calls 0 34801
@calls 0 34802
@calls 0 34803
@calls 0 34804
@calls 0 34805
@calls 0 34806
@calls 0 34807
@calls 0 34808
@calls 0 34809
@calls 0 34810
@calls 0 34811
@calls 0 34812
@calls 0 34813
@calls 0 34814
@calls 0 34815
@calls 0 34816
@calls 0 34817
@calls 0 34818
@calls 0 34819
@calls 0 34820
@calls 0 34821
@calls 0 34822
@calls 0 34823
@calls 0 34824
@calls 0 34825
@calls 0 34826
@calls 0 34827
@calls 0 34828
@calls 0 34829
@calls 0 34830
@calls 0 34831
@calls 0 34832
@calls 0 34833
@calls 0 34834
@calls 0 34835
@calls 0 34836
@calls 0 34837
@calls 0 34838
@calls 0 34839
@calls 0 34840
@calls 0 34841
@calls 0 34842
@calls 0 34843
@calls 0 34844
@calls 0 34845
@calls 0 34846
@calls 0 34847
@calls 0 34848
@calls 0 34849
@calls 0 34850
@calls 0 34851
@calls 0 34852
@calls 0 34853
@calls 0 34854
@calls 0 34855
@calls 0 34856
@calls 0 34857
@calls 0 34858
@calls 0 34859
@calls 0 34860
@calls 0 34861
@calls 0 34862
@calls 0 34863
@calls 0 34864
@calls 0 34865
@calls 0 34866
@calls 0 34867
@calls 0 34868
@calls 0 34869
@calls 0 34870
@calls 0 34871
@calls 0 34872
@calls 0 34873
@calls 0 34874
@calls 0 34875
@calls 0 34876
@calls 0 34877
@calls 0 34878
@calls 0 34879
@calls 0 34880
@calls 0 34881
@calls 0 34882
@calls 0 34883
@calls 0 34884
@calls 0 34885
@calls 0 34886
@calls 0 34887
@calls 0 34888
@calls 0 34889
@calls 0 34890
@calls 0 34891
@calls 0 34892
@calls 0 34893
@calls 0 34894
@calls 0 34895
@calls 0 34896
@calls 0 34897
@calls 0 34898
@calls 0 34899
@calls 0 34900
@calls 0 34901
@calls 0 34902
@calls 0 34903
@calls 0 34904
@calls 0 34905
@calls 0 34906
@calls 0 34907
@calls 0 34908
@calls 0 34909
@calls 0 34910
@calls 0 34911
@calls 0 34912
@calls 0 34913
@calls 0 34914
@calls 0 34915
@calls 0 34916
@calls 0 34917
@calls 0 34918
@calls 0 34919
@calls 0 34920
@calls 0 34921
@calls 0 34922
@calls 0 34923
@calls 0 34924
@calls 0 34925
@calls 0 34926
@calls 0 34927
@calls 0 34928
@calls 0 34929
@calls 0 34930
@calls 0 34931
@calls 0 34932
@calls 0 34933
@calls 0 34934
@calls 0 34935
@calls 0 34936
@calls 0 34937
@calls 0 34938
@calls 0 34939
@calls 0 34940
@calls 0 34941
@calls 0 34942
@calls 0 34943
@calls 0 34944
@calls 0 34945
@calls 0 34946
@calls 0 34947
@calls 0 34948
@calls 0 34949
@calls 0 34950
@calls 0 34951
@calls 0 34952
@calls 0 34953
@calls 0 34954
@calls 0 34955
@calls 0 34956
@calls 0 34957
@calls 0 34958
@calls 0 34959
@calls 0 34960
@calls 0 34961
@calls 0 34962
@calls 0 34963
@calls 0 34964
@calls 0 34965
@calls 0 34966
@calls 0 34967
@calls 0 34968
@calls 0 34969
@calls 0 34970
@calls 0 34971
@calls 0 34972
@calls 0 34973
@calls 0 34974
@calls 0 34975
@calls 0 34976
@calls 0 34977
@calls 0 34978
@calls 0 34979
@calls 0 34980
@calls 0 34981
@calls 0 34982
@calls 0 34983
@calls 0 34984
@calls 0 34985
@calls 0 34986
@calls 0 34987
@calls 0 34988
@calls 0 34989
@calls 0 34990
@calls 0 34991
@calls 0 34992
@calls 0 34993
@calls 0 34994
@calls 0 34995
@calls 0 34996
@calls 0 34997
@calls 0 34998
@calls 0 34999
@calls 0 35000
@calls 0 35001
@calls 0 35002
@calls 0 35003
@calls 0 35004
@calls 0 35005
@calls 0 35006
@calls 0 35007
@calls 0 35008
@calls 0 35009
@calls 0 35010
@calls 0 35011
@calls 0 35012
@calls 0 35013
@calls 0 35014
@calls 0 35015
@calls 0 35016
@calls 0 35017
@calls 0 35018
@calls 0 35019
@calls 0 35020
@calls 0 35021
@calls 0 35022
@calls 0 35023
@calls 0 35024
@calls 0 35025
@calls 0 35026
@calls 0 35027
@calls 0 35028
@calls 0 35029
@calls 0 35030
@calls 0 35031
@calls 0 35032
@calls 0 35033
@calls 0 35034
@calls 0 35035
@calls 0 35036
@calls 0 35037
@calls 0 35038
@calls 0 35039
@calls 0 35040
@calls 0 35041
@calls 0 35042
@calls 0 35043
@calls 0 35044
@calls 0 35045
@calls 0 35046
@calls 0 35047
@calls 0 35048
@calls 0 35049
@calls 0 35050
@calls 0 35051
@calls 0 35052
@calls 0 35053
@calls 0 35054
@calls 0 35055
@calls 0 35056
@calls 0 35057
@calls 0 35058
@calls 0 35059
@calls 0 35060
@calls 0 35061
@calls 0 35062
@calls 0 35063
@calls 0 35064
@calls 0 35065
@calls 0 35066
@calls 0 35067
@calls 0 35068
@calls 0 35069
@calls 0 35070
@calls 0 35071
@calls 0 35072
@calls 0 35073
@calls 0 35074
@calls 0 35075
@calls 0 35076
@calls 0 35077
@calls 0 35078
@calls 0 35079
@calls 0 35080
@calls 0 35081
@calls 0 35082
@calls 0 35083
@calls 0 35084
@calls 0 35085
@calls 0 35086
@calls 0 35087
@calls 0 35088
@calls 0 35089
@calls 0 35090
@calls 0 35091
@calls 0 35092
@calls 0 35093
@calls 0 35094
@calls 0 35095
@calls 0 35096
@calls 0 35097
@calls 0 35098
@calls 0 35099
@calls 0 35100
@calls 0 35101
@calls 0 35102
@calls 0 35103
@calls 0 35104
@calls 0 35105
@calls 0 35106
@calls 0 35107
@calls 0 35108
@calls 0 35109
@calls 0 35110
@calls 0 35111
@calls 0 35112
@calls 0 35113
@calls 0 35114
@calls 0 35115
@calls 0 35116
@calls 0 35117
@calls 0 35118
@calls 0 35119
@calls 0 35120
@calls 0 35121
@calls 0 35122
@calls 0 35123
@calls 0 35124
@calls 0 35125
@calls 0 35126
@calls 0 35127
@calls 0 35128
@calls 0 35129
@calls 0 35130
@calls 0 35131
@calls 0 35132
@calls 0 35133
@calls 0 35134
@calls 0 35135
@calls 0 35136
@calls 0 35137
@calls 0 35138
@calls 0 35139
@calls 0 35140
@calls 0 35141
@calls 0 35142
@calls 0 35143
@calls 0 35144
@calls 0 35145
@calls 0 35146
@calls 0 35147
@calls 0 35148
@calls 0 35149
@calls 0 35150
@calls 0 35151
@calls 0 35152
@calls 0 35153
@calls 0 35154
@calls 0 35155
@calls 0 35156
@calls 0 35157
@calls 0 35158
@calls 0 35159
@calls 0 35160
@calls 0 35161
@calls 0 35162
@calls 0 35163
@calls 0 35164
@calls 0 35165
@calls 0 35166
@calls 0 35167
@calls 0 35168
@calls 0 35169
@calls 0 35170
@calls 0 35171
@calls 0 35172
@calls 0 35173
@calls 0 35174
@calls 0 35175
@calls 0 35176
@calls 0 35177
@calls 0 35178
@calls 0 35179
@calls 0 35180
@calls 0 35181
@calls 0 35182
@calls 0 35183
@calls 0 35184
@calls 0 35185
@calls 0 35186
@calls 0 35187
@calls 0 35188
@calls 0 35189
@calls 0 35190
@calls 0 35191
@calls 0 35192
@calls 0 35193
@calls 0 35194
@calls 0 35195
@calls 0 35196
@calls 0 35197
@calls 0 35198
@calls 0 35199
@calls 0 35200
@calls 0 35201
@calls 0 35202
@calls 0 35203
@calls 0 35204
@calls 0 35205
@calls 0 35206
@calls 0 35207
@calls 0 35208
@calls 0 35209
@calls 0 35210
@calls 0 35211
@calls 0 35212
@calls 0 35213
@calls 0 35214
@calls 0 35215
@calls 0 35216
@calls 0 35217
@calls 0 35218
@calls 0 35219
@calls 0 35220
@calls 0 35221
@calls 0 35222
@calls 0 35223
@calls 0 35224
@calls 0 35225
@calls 0 35226
@calls 0 35227
@calls 0 35228
@calls 0 35229
@calls 0 35230
@calls 0 35231
@calls 0 35232
@calls 0 35233
@calls 0 35234
@calls 0 35235
@calls 0 35236
@calls 0 35237
@calls 0 35238
@calls 0 35239
@calls 0 35240
@calls 0 35241
@calls 0 35242
@calls 0 35243
@calls 0 35244
@calls 0 35245
@calls 0 35246
@calls 0 35247
@calls 0 35248
@calls 0 35249
@calls 0 35250
@calls 0 35251
@calls 0 35252
@calls 0 35253
@calls 0 35254
@calls 0 35255
@calls 0 35256
@calls 0 35257
@calls 0 35258
@calls 0 35259
@calls 0 35260
@calls 0 35261
@calls 0 35262
@calls 0 35263
@calls 0 35264
@calls 0 35265
@calls 0 35266
@calls 0 35267
@calls 0 35268
@calls 0 35269
@calls 0 35270
@calls 0 35271
@calls 0 35272
@calls 0 35273
@calls 0 35274
@calls 0 35275
@calls 0 35276
@calls 0 35277
@calls 0 35278
@calls 0 35279
@calls 0 35280
@calls 0 35281
@calls 0 35282
@calls 0 35283
@calls 0 35284
@calls 0 35285
@calls 0 35286
@calls 0 35287
@calls 0 35288
@calls 0 35289
@calls 0 35290
@calls 0 35291
@calls 0 35292
@calls 0 35293
@calls 0 35294
@calls 0 35295
@calls 0 35296
@calls 0 35297
@calls 0 35298
@calls 0 35299
@calls 0 35300
@calls 0 35301
@calls 0 35302
@calls 0 35303
@calls 0 35304
@calls 0 35305
@calls 0 35306
@calls 0 35307
@calls 0 35308
@calls 0 35309
@calls 0 35310
@calls 0 35311
@calls 0 35312
@calls 0 35313
@calls 0 35314
@calls 0 35315
@calls 0 35316
@calls 0 35317
@calls 0 35318
@calls 0 35319
@calls 0 35320
@calls 0 35321
@calls 0 35322
@calls 0 35323
@calls 0 35324
@calls 0 35325
@calls 0 35326
@calls 0 35327
@calls 0 35328
@calls 0 35329
@calls 0 35330
@calls 0 35331
@calls 0 35332
@calls 0 35333
@calls 0 35334
@calls 0 35335
@calls 0 35336
@calls 0 35337
@calls 0 35338
@calls 0 35339
@calls 0 35340
@calls 0 35341
@calls 0 35342
@calls 0 35343
@calls 0 35344
@calls 0 35345
@calls 0 35346
@calls 0 35347
@calls 0 35348
@calls 0 35349
@calls 0 35350
@calls 0 35351
@calls 0 35352
@calls 0 35353
@calls 0 35354
@calls 0 35355
@calls 0 35356
@calls 0 35357
@calls 0 35358
@calls 0 35359
@calls 0 35360
@calls 0 35361
@calls 0 35362
@calls 0 35363
@calls 0 35364
@calls 0 35365
@calls 0 35366
@calls 0 35367
@calls 0 35368
@calls 0 35369
@calls 0 35370
@calls 0 35371
@calls 0 35372
@calls 0 35373
@calls 0 35374
@calls 0 35375
@calls 0 35376
@calls 0 35377
@calls 0 35378
@calls 0 35379
@calls 0 35380
@calls 0 35381
@calls 0 35382
@calls 0 35383
@calls 0 35384
@calls 0 35385
@calls 0 35386
@calls 0 35387
@calls 0 35388
@calls 0 35389
@calls 0 35390
@calls 0 35391
@calls 0 35392
@calls 0 35393
@calls 0 35394
@calls 0 35395
@calls 0 35396
@calls 0 35397
@calls 0 35398
@calls 0 35399
@calls 0 35400
@calls 0 35401
@calls 0 35402
@calls 0 35403
@calls 0 35404
@calls 0 35405
@calls 0 35406
@calls 0 35407
@calls 0 35408
@calls 0 35409
@calls 0 35410
@calls 0 35411
@calls 0 35412
@calls 0 35413
@calls 0 35414
@calls 0 35415
@calls 0 35416
@calls 0 35417
@calls 0 35418
@calls 0 35419
@calls 0 35420
@calls 0 35421
@calls 0 35422
@calls 0 35423
@calls 0 35424
@calls 0 35425
@calls 0 35426
@calls 0 35427
@calls 0 35428
@calls 0 35429
@calls 0 35430
@calls 0 35431
@calls 0 35432
@calls 0 35433
@calls 0 35434
@calls 0 35435
@calls 0 35436
@calls 0 35437
@calls 0 35438
@calls 0 35439
@calls 0 35440
@calls 0 35441
@calls 0 35442
@calls 0 35443
@calls 0 35444
@calls 0 35445
@calls 0 35446
@calls 0 35447
@calls 0 35448
@calls 0 35449
@calls 0 35450
@calls 0 35451
@calls 0 35452
@calls 0 35453
@calls 0 35454
@calls 0 35455
@calls 0 35456
@calls 0 35457
@calls 0 35458
@calls 0 35459
@calls 0 35460
@calls 0 35461
@calls 0 35462
@calls 0 35463
@calls 0 35464
@calls 0 35465
@calls 0 35466
@calls 0 35467
@calls 0 35468
@calls 0 35469
@calls 0 35470
@calls 0 35471
@calls 0 35472
@calls 0 35473
@calls 0 35474
@calls 0 35475
@calls 0 35476
@calls 0 35477
@calls 0 35478
@calls 0 35479
@calls 0 35480
@calls 0 35481
@calls 0 35482
@calls 0 35483
@calls 0 35484
@calls 0 35485
@calls 0 35486
@calls 0 35487
@calls 0 35488
@calls 0 35489
@calls 0 35490
@calls 0 35491
@calls 0 35492
@calls 0 35493
@calls 0 35494
@calls 0 35495
@calls 0 35496
@calls 0 35497
@calls 0 35498
@calls 0 35499
@calls 0 35500
@calls 0 35501
@calls 0 35502
@calls 0 35503
@calls 0 35504
@calls 0 35505
@calls 0 35506
@calls 0 35507
@calls 0 35508
@calls 0 35509
@calls 0 35510
@calls 0 35511
@calls 0 35512
@calls 0 35513
@calls 0 35514
@calls 0 35515
@calls 0 35516
@calls 0 35517
@calls 0 35518
@calls 0 35519
@calls 0 35520
@calls 0 35521
@calls 0 35522
@calls 0 35523
@calls 0 35524
@calls 0 35525
@calls 0 35526
@calls 0 35527
@calls 0 35528
@calls 0 35529
@calls 0 35530
@calls 0 35531
@calls 0 35532
@calls 0 35533
@calls 0 35534
@calls 0 35535
@calls 0 35536
@calls 0 35537
@calls 0 35538
@calls 0 35539
@calls 0 35540
@calls 0 35541
@calls 0 35542
@calls 0 35543
@calls 0 35544
@calls 0 35545
@calls 0 35546
@calls 0 35547
@calls 0 35548
@calls 0 35549
@calls 0 35550
@calls 0 35551
@calls 0 35552
@calls 0 35553
@calls 0 35554
@calls 0 35555
@calls 0 35556
@calls 0 35557
@calls 0 35558
@calls 0 35559
@calls 0 35560
@calls 0 35561
@calls 0 35562
@calls 0 35563
@calls 0 35564
@calls 0 35565
@calls 0 35566
@calls 0 35567
@calls 0 35568
@calls 0 35569
@calls 0 35570
@calls 0 35571
@calls 0 35572
@calls 0 35573
@calls 0 35574
@calls 0 35575
@calls 0 35576
@calls 0 35577
@calls 0 35578
@calls 0 35579
@calls 0 35580
@calls 0 35581
@calls 0 35582
@calls 0 35583
@calls 0 35584
@calls 0 35585
@calls 0 35586
@calls 0 35587
@calls 0 35588
@calls 0 35589
@calls 0 35590
@calls 0 35591
@calls 0 35592
@calls 0 35593
@calls 0 35594
@calls 0 35595
@calls 0 35596
@calls 0 35597
@calls 0 35598
@calls 0 35599
@calls 0 35600
@calls 0 35601
@calls 0 35602
@calls 0 35603
@calls 0 35604
@calls 0 35605
@calls 0 35606
@calls 0 35607
@calls 0 35608
@calls 0 35609
@calls 0 35610
@calls 0 35611
@calls 0 35612
@calls 0 35613
@calls 0 35614
@calls 0 35615
@calls 0 35616
@calls 0 35617
@calls 0 35618
@calls 0 35619
@calls 0 35620
@calls 0 35621
@calls 0 35622
@calls 0 35623
@calls 0 35624
@calls 0 35625
@calls 0 35626
@calls 0 35627
@calls 0 35628
@calls 0 35629
@calls 0 35630
@calls 0 35631
@calls 0 35632
@calls 0 35633
@calls 0 35634
@calls 0 35635
@calls 0 35636
@calls 0 35637
@calls 0 35638
@calls 0 35639
@calls 0 35640
@calls 0 35641
@calls 0 35642
@calls 0 35643
@calls 0 35644
@calls 0 35645
@calls 0 35646
@calls 0 35647
@calls 0 35648
@calls 0 35649
@calls 0 35650
@calls 0 35651
@calls 0 35652
@calls 0 35653
@calls 0 35654
@calls 0 35655
@calls 0 35656
@calls 0 35657
@calls 0 35658
@calls 0 35659
@calls 0 35660
@calls 0 35661
@calls 0 35662
@calls 0 35663
@calls 0 35664
@calls 0 35665
@calls 0 35666
@calls 0 35667
@calls 0 35668
@calls 0 35669
@calls 0 35670
@calls 0 35671
@calls 0 35672
@calls 0 35673
@calls 0 35674
@calls 0 35675
@calls 0 35676
@calls 0 35677
@calls 0 35678
@calls 0 35679
@calls 0 35680
@calls 0 35681
@calls 0 35682
@calls 0 35683
@calls 0 35684
@calls 0 35685
@calls 0 35686
@calls 0 35687
@calls 0 35688
@calls 0 35689
@calls 0 35690
@calls 0 35691
@calls 0 35692
@calls 0 35693
@calls 0 35694
@calls 0 35695
@calls 0 35696
@calls 0 35697
@calls 0 35698
@calls 0 35699
@calls 0 35700
@calls 0 35701
@calls 0 35702
@calls 0 35703
@calls 0 35704
@calls 0 35705
@calls 0 35706
@calls 0 35707
@calls 0 35708
@calls 0 35709
@calls 0 35710
@calls 0 35711
@calls 0 35712
@calls 0 35713
@calls 0 35714
@calls 0 35715
@calls 0 35716
@calls 0 35717
@calls 0 35718
@calls 0 35719
@calls 0 35720
@calls 0 35721
@calls 0 35722
@calls 0 35723
@calls 0 35724
@calls 0 35725
@calls 0 35726
@calls 0 35727
@calls 0 35728
@calls 0 35729
@calls 0 35730
@calls 0 35731
@calls 0 35732
@calls 0 35733
@calls 0 35734
@calls 0 35735
@calls 0 35736
@calls 0 35737
@calls 0 35738
@calls 0 35739
@calls 0 35740
@calls 0 35741
@calls 0 35742
@calls 0 35743
@calls 0 35744
@calls 0 35745
@calls 0 35746
@calls 0 35747
@calls 0 35748
@calls 0 35749
@calls 0 35750
@calls 0 35751
@calls 0 35752
@calls 0 35753
@calls 0 35754
@calls 0 35755
@calls 0 35756
@calls 0 35757
@calls 0 35758
@calls 0 35759
@calls 0 35760
@calls 0 35761
@calls 0 35762
@calls 0 35763
@calls 0 35764
@calls 0 35765
@calls 0 35766
@calls 0 35767
@calls 0 35768
@calls 0 35769
@calls 0 35770
@calls 0 35771
@calls 0 35772
@calls 0 35773
@calls 0 35774
@calls 0 35775
@calls 0 35776
@calls 0 35777
@calls 0 35778
@calls 0 35779
@calls 0 35780
@calls 0 35781
@calls 0 35782
@calls 0 35783
@calls 0 35784
@calls 0 35785
@calls 0 35786
@calls 0 35787
@calls 0 35788
@calls 0 35789
@calls 0 35790
@calls 0 35791
@calls 0 35792
@calls 0 35793
@calls 0 35794
@calls 0 35795
@calls 0 35796
@calls 0 35797
@calls 0 35798
@calls 0 35799
@calls 0 35800
@calls 0 35801
@calls 0 35802
@calls 0 35803
@calls 0 35804
@calls 0 35805
@calls 0 35806
@calls 0 35807
@calls 0 35808
@calls 0 35809
@calls 0 35810
@calls 0 35811
@calls 0 35812
@calls 0 35813
@calls 0 35814
@calls 0 35815
@calls 0 35816
@calls 0 35817
@calls 0 35818
@calls 0 35819
@calls 0 35820
@calls 0 35821
@calls 0 35822
@calls 0 35823
@calls 0 35824
@calls 0 35825
@calls 0 35826
@calls 0 35827
@calls 0 35828
@calls 0 35829
@calls 0 35830
@calls 0 35831
@calls 0 35832
@calls 0 35833
@calls 0 35834
@calls 0 35835
@calls 0 35836
@calls 0 35837
@calls 0 35838
@calls 0 35839
@calls 0 35840
@calls 0 35841
@calls 0 35842
@calls 0 35843
@calls 0 35844
@calls 0 35845
@calls 0 35846
@calls 0 35847
@calls 0 35848
@calls 0 35849
@calls 0 35850
@calls 0 35851
@calls 0 35852
@calls 0 35853
@calls 0 35854
@calls 0 35855
@calls 0 35856
@calls 0 35857
@calls 0 35858
@calls 0 35859
@calls 0 35860
@calls 0 35861
@calls 0 35862
@calls 0 35863
@calls 0 35864
@calls 0 35865
@calls 0 35866
@calls 0 35867
@calls 0 35868
@calls 0 35869
@calls 0 35870
@calls 0 35871
@calls 0 35872
@calls 0 35873
@calls 0 35874
@calls 0 35875
@calls 0 35876
@calls 0 35877
@calls 0 35878
@calls 0 35879
@calls 0 35880
@calls 0 35881
@calls 0 35882
@calls 0 35883
@calls 0 35884
@calls 0 35885
@calls 0 35886
@calls 0 35887
@calls 0 35888
@calls 0 35889
@calls 0 35890
@calls 0 35891
@calls 0 35892
@calls 0 35893
@calls 0 35894
@calls 0 35895
@calls 0 35896
@calls 0 35897
@calls 0 35898
@calls 0 35899
@calls 0 35900
@calls 0 35901
@calls 0 35902
@calls 0 35903
@calls 0 35904
@calls 0 35905
@calls 0 35906
@calls 0 35907
@calls 0 35908
@calls 0 35909
@calls 0 35910
@calls 0 35911
@calls 0 35912
@calls 0 35913
@calls 0 35914
@calls 0 35915
@calls 0 35916
@calls 0 35917
@calls 0 35918
@calls 0 35919
@calls 0 35920
@calls 0 35921
@calls 0 35922
@calls 0 35923
@calls 0 35924
@calls 0 35925
@calls 0 35926
@calls 0 35927
@calls 0 35928
@calls 0 35929
@calls 0 35930
@calls 0 35931
@calls 0 35932
@calls 0 35933
@calls 0 35934
@calls 0 35935
@calls 0 35936
@calls 0 35937
@calls 0 35938
@calls 0 35939
@calls 0 35940
@calls 0 35941
@calls 0 35942
@calls 0 35943
@calls 0 35944
@calls 0 35945
@calls 0 35946
@calls 0 35947
@calls 0 35948
@calls 0 35949
@calls 0 35950
@calls 0 35951
@calls 0 35952
@calls 0 35953
@calls 0 35954
@calls 0 35955
@calls 0 35956
@calls 0 35957
@calls 0 35958
@calls 0 35959
@calls 0 35960
@calls 0 35961
@calls 0 35962
@calls 0 35963
@calls 0 35964
@calls 0 35965
@calls 0 35966
@calls 0 35967
@calls 0 35968
@calls 0 35969
@calls 0 35970
@calls 0 35971
@calls 0 35972
@calls 0 35973
@calls 0 35974
@calls 0 35975
@calls 0 35976
@calls 0 35977
@calls 0 35978
@calls 0 35979
@calls 0 35980
@calls 0 35981
@calls 0 35982
@calls 0 35983
@calls 0 35984
@calls 0 35985
@calls 0 35986
@calls 0 35987
@calls 0 35988
@calls 0 35989
@calls 0 35990
@calls 0 35991
@calls 0 35992
@calls 0 35993
@calls 0 35994
@calls 0 35995
@calls 0 35996
@calls 0 35997
@calls 0 35998
@calls 0 35999
@calls 0 36000
@calls 0 36001
@calls 0 36002
@calls 0 36003
@calls 0 36004
@calls 0 36005
@calls 0 36006
@calls 0 36007
@calls 0 36008
@calls 0 36009
@calls 0 36010
@calls 0 36011
@calls 0 36012
@calls 0 36013
@calls 0 36014
@calls 0 36015
@calls 0 36016
@calls 0 36017
@calls 0 36018
@calls 0 36019
@calls 0 36020
@calls 0 36021
@calls 0 36022
@calls 0 36023
@calls 0 36024
@calls 0 36025
@calls 0 36026
@calls 0 36027
@calls 0 36028
@calls 0 36029
@calls 0 36030
@calls 0 36031
@calls 0 36032
@calls 0 36033
@calls 0 36034
@calls 0 36035
@calls 0 36036
@calls 0 36037
@calls 0 36038
@calls 0 36039
@calls 0 36040
@calls 0 36041
@calls 0 36042
@calls 0 36043
@calls 0 36044
@calls 0 36045
@calls 0 36046
@calls 0 36047
@calls 0 36048
@calls 0 36049
@calls 0 36050
@calls 0 36051
@calls 0 36052
@calls 0 36053
@calls 0 36054
@calls 0 36055
@calls 0 36056
@calls 0 36057
@calls 0 36058
@calls 0 36059
@calls 0 36060
@calls 0 36061
@calls 0 36062
@calls 0 36063
@calls 0 36064
@calls 0 36065
@calls 0 36066
@calls 0 36067
@calls 0 36068
@calls 0 36069
@calls 0 36070
@calls 0 36071
@calls 0 36072
@calls 0 36073
@calls 0 36074
@calls 0 36075
@calls 0 36076
@calls 0 36077
@calls 0 36078
@calls 0 36079
@calls 0 36080
@calls 0 36081
@calls 0 36082
@calls 0 36083
@calls 0 36084
@calls 0 36085
@calls 0 36086
@calls 0 36087
@calls 0 36088
@calls 0 36089
@calls 0 36090
@calls 0 36091
@calls 0 36092
@calls 0 36093
@calls 0 36094
@calls 0 36095
@calls 0 36096
@calls 0 36097
@calls 0 36098
@calls 0 36099
@calls 0 36100
@calls 0 36101
@calls 0 36102
@calls 0 36103
@calls 0 36104
@calls 0 36105
@calls 0 36106
@calls 0 36107
@calls 0 36108
@calls 0 36109
@calls 0 36110
@calls 0 36111
@calls 0 36112
@calls 0 36113
@calls 0 36114
@calls 0 36115
@calls 0 36116
@calls 0 36117
@calls 0 36118
@calls 0 36119
@calls 0 36120
@calls 0 36121
@calls 0 36122
@calls 0 36123
@calls 0 36124
@calls 0 36125
@calls 0 36126
@calls 0 36127
@calls 0 36128
@calls 0 36129
@calls 0 36130
@calls 0 36131
@calls 0 36132
@calls 0 36133
@calls 0 36134
@calls 0 36135
@calls 0 36136
@calls 0 36137
@calls 0 36138
@calls 0 36139
@calls 0 36140
@calls 0 36141
@calls 0 36142
@calls 0 36143
@calls 0 36144
@calls 0 36145
@calls 0 36146
@calls 0 36147
@calls 0 36148
@calls 0 36149
@calls 0 36150
@calls 0 36151
@calls 0 36152
@calls 0 36153
@calls 0 36154
@calls 0 36155
@calls 0 36156
@calls 0 36157
@calls 0 36158
@calls 0 36159
@calls 0 36160
@calls 0 36161
@calls 0 36162
@calls 0 36163
@calls 0 36164
@calls 0 36165
@calls 0 36166
@calls 0 36167
@calls 0 36168
@calls 0 36169
@calls 0 36170
@calls 0 36171
@calls 0 36172
@calls 0 36173
@calls 0 36174
@calls 0 36175
@calls 0 36176
@calls 0 36177
@calls 0 36178
@calls 0 36179
@calls 0 36180
@calls 0 36181
@calls 0 36182
@calls 0 36183
@calls 0 36184
@calls 0 36185
@calls 0 36186
@calls 0 36187
@calls 0 36188
@calls 0 36189
@calls 0 36190
@calls 0 36191
@calls 0 36192
@calls 0 36193
@calls 0 36194
@calls 0 36195
@calls 0 36196
@calls 0 36197
@calls 0 36198
@calls 0 36199
@calls 0 36200
@calls 0 36201
@calls 0 36202
@calls 0 36203
@calls 0 36204
@calls 0 36205
@calls 0 36206
@calls 0 36207
@calls 0 36208
@calls 0 36209
@calls 0 36210
@calls 0 36211
@calls 0 36212
@calls 0 36213
@calls 0 36214
@calls 0 36215
@calls 0 36216
@calls 0 36217
@calls 0 36218
@calls 0 36219
@calls 0 36220
@calls 0 36221
@calls 0 36222
@calls 0 36223
@calls 0 36224
@calls 0 36225
@calls 0 36226
@calls 0 36227
@calls 0 36228
@calls 0 36229
@calls 0 36230
@calls 0 36231
@calls 0 36232
@calls 0 36233
@calls 0 36234
@calls 0 36235
@calls 0 36236
@calls 0 36237
@calls 0 36238
@calls 0 36239
@calls 0 36240
@calls 0 36241
@calls 0 36242
@calls 0 36243
@calls 0 36244
@calls 0 36245
@calls 0 36246
@calls 0 36247
@calls 0 36248
@calls 0 36249
@calls 0 36250
@calls 0 36251
@calls 0 36252
@calls 0 36253
@calls 0 36254
@calls 0 36255
@calls 0 36256
@calls 0 36257
@calls 0 36258
@calls 0 36259
@calls 0 36260
@calls 0 36261
@calls 0 36262
@calls 0 36263
@calls 0 36264
@calls 0 36265
@calls 0 36266
@calls 0 36267
@calls 0 36268
@calls 0 36269
@calls 0 36270
@calls 0 36271
@calls 0 36272
@calls 0 36273
@calls 0 36274
@calls 0 36275
@calls 0 36276
@calls 0 36277
@calls 0 36278
@calls 0 36279
@calls 0 36280
@calls 0 36281
@calls 0 36282
@calls 0 36283
@calls 0 36284
@calls 0 36285
@calls 0 36286
@calls 0 36287
@calls 0 36288
@calls 0 36289
@calls 0 36290
@calls 0 36291
@calls 0 36292
@calls 0 36293
@calls 0 36294
@calls 0 36295
@calls 0 36296
@calls 0 36297
@calls 0 36298
@calls 0 36299
@calls 0 36300
@calls 0 36301
@calls 0 36302
@calls 0 36303
@calls 0 36304
@calls 0 36305
@calls 0 36306
@calls 0 36307
@calls 0 36308
@calls 0 36309
@calls 0 36310
@calls 0 36311
@calls 0 36312
@calls 0 36313
@calls 0 36314
@calls 0 36315
@calls 0 36316
@calls 0 36317
@calls 0 36318
@calls 0 36319
@calls 0 36320
@calls 0 36321
@calls 0 36322
@calls 0 36323
@calls 0 36324
@calls 0 36325
@calls 0 36326
@calls 0 36327
@calls 0 36328
@calls 0 36329
@calls 0 36330
@calls 0 36331
@calls 0 36332
@calls 0 36333
@calls 0 36334
@calls 0 36335
@calls 0 36336
@calls 0 36337
@calls 0 36338
@calls 0 36339
@calls 0 36340
@calls 0 36341
@calls 0 36342
@calls 0 36343
@calls 0 36344
@calls 0 36345
@calls 0 36346
@calls 0 36347
@calls 0 36348
@calls 0 36349
@calls 0 36350
@calls 0 36351
@calls 0 36352
@calls 0 36353
@calls 0 36354
@calls 0 36355
@calls 0 36356
@calls 0 36357
@calls 0 36358
@calls 0 36359
@calls 0 36360
@calls 0 36361
@calls 0 36362
@calls 0 36363
@calls 0 36364
@calls 0 36365
@calls 0 36366
@calls 0 36367
@calls 0 36368
@calls 0 36369
@calls 0 36370
@calls 0 36371
@calls 0 36372
@calls 0 36373
@calls 0 36374
@calls 0 36375
@calls 0 36376
@calls 0 36377
@calls 0 36378
@calls 0 36379
@calls 0 36380
@calls 0 36381
@calls 0 36382
@calls 0 36383
@calls 0 36384
@calls 0 36385
@calls 0 36386
@calls 0 36387
@calls 0 36388
@calls 0 36389
@calls 0 36390
@calls 0 36391
@calls 0 36392
@calls 0 36393
@calls 0 36394
@calls 0 36395
@calls 0 36396
@calls 0 36397
@calls 0 36398
@calls 0 36399
@calls 0 36400
@calls 0 36401
@calls 0 36402
@calls 0 36403
@calls 0 36404
@calls 0 36405
@calls 0 36406
@calls 0 36407
@calls 0 36408
@calls 0 36409
@calls 0 36410
@calls 0 36411
@calls 0 36412
@calls 0 36413
@calls 0 36414
@calls 0 36415
@calls 0 36416
@calls 0 36417
@calls 0 36418
@calls 0 36419
@calls 0 36420
@calls 0 36421
@calls 0 36422
@calls 0 36423
@calls 0 36424
@calls 0 36425
@calls 0 36426
@calls 0 36427
@calls 0 36428
@calls 0 36429
@calls 0 36430
@calls 0 36431
@calls 0 36432
@calls 0 36433
@calls 0 36434
@calls 0 36435
@calls 0 36436
@calls 0 36437
@calls 0 36438
@calls 0 36439
@calls 0 36440
@calls 0 36441
@calls 0 36442
@calls 0 36443
@calls 0 36444
@calls 0 36445
@calls 0 36446
@calls 0 36447
@calls 0 36448
@calls 0 36449
@calls 0 36450
@calls 0 36451
@calls 0 36452
@calls 0 36453
@calls 0 36454
@calls 0 36455
@calls 0 36456
@calls 0 36457
@calls 0 36458
@calls 0 36459
@calls 0 36460
@calls 0 36461
@calls 0 36462
@calls 0 36463
@calls 0 36464
@calls 0 36465
@calls 0 36466
@calls 0 36467
@calls 0 36468
@calls 0 36469
@calls 0 36470
@calls 0 36471
@calls 0 36472
@calls 0 36473
@calls 0 36474
@calls 0 36475
@calls 0 36476
@calls 0 36477
@calls 0 36478
@calls 0 36479
@calls 0 36480
@calls 0 36481
@calls 0 36482
@calls 0 36483
@calls 0 36484
@calls 0 36485
@calls 0 36486
@calls 0 36487
@calls 0 36488
@calls 0 36489
@calls 0 36490
@calls 0 36491
@calls 0 36492
@calls 0 36493
@calls 0 36494
@calls 0 36495
@calls 0 36496
@calls 0 36497
@calls 0 36498
@calls 0 36499
@calls 0 36500
@calls 0 36501
@calls 0 36502
@calls 0 36503
@calls 0 36504
@calls 0 36505
@calls 0 36506
@calls 0 36507
@calls 0 36508
@calls 0 36509
@calls 0 36510
@calls 0 36511
@calls 0 36512
@calls 0 36513
@calls 0 36514
@calls 0 36515
@calls 0 36516
@calls 0 36517
@calls 0 36518
@calls 0 36519
@calls 0 36520
@calls 0 36521
@calls 0 36522
@calls 0 36523
@calls 0 36524
@calls 0 36525
@calls 0 36526
@calls 0 36527
@calls 0 36528
@calls 0 36529
@calls 0 36530
@calls 0 36531
@calls 0 36532
@calls 0 36533
@calls 0 36534
@calls 0 36535
@calls 0 36536
@calls 0 36537
@calls 0 36538
@calls 0 36539
@calls 0 36540
@calls 0 36541
@calls 0 36542
@calls 0 36543
@calls 0 36544
@calls 0 36545
@calls 0 36546
@calls 0 36547
@calls 0 36548
@calls 0 36549
@calls 0 36550
@calls 0 36551
@calls 0 36552
@calls 0 36553
@calls 0 36554
@calls 0 36555
@calls 0 36556
@calls 0 36557
@calls 0 36558
@calls 0 36559
@calls 0 36560
@calls 0 36561
@calls 0 36562
@calls 0 36563
@calls 0 36564
@calls 0 36565
@calls 0 36566
@calls 0 36567
@calls 0 36568
@calls 0 36569
@calls 0 36570
@calls 0 36571
@calls 0 36572
@calls 0 36573
@calls 0 36574
@calls 0 36575
@calls 0 36576
@calls 0 36577
@calls 0 36578
@calls 0 36579
@calls 0 36580
@calls 0 36581
@calls 0 36582
@calls 0 36583
@calls 0 36584
@calls 0 36585
@calls 0 36586
@calls 0 36587
@calls 0 36588
@calls 0 36589
@calls 0 36590
@calls 0 36591
@calls 0 36592
@calls 0 36593
@calls 0 36594
@calls 0 36595
@calls 0 36596
@calls 0 36597
@calls 0 36598
@calls 0 36599
@calls 0 36600
@calls 0 36601
@calls 0 36602
@calls 0 36603
@calls 0 36604
@calls 0 36605
@calls 0 36606
@calls 0 36607
@calls 0 36608
@calls 0 36609
@calls 0 36610
@calls 0 36611
@calls 0 36612
@calls 0 36613
@calls 0 36614
@calls 0 36615
@calls 0 36616
@calls 0 36617
@calls 0 36618
@calls 0 36619
@calls 0 36620
@calls 0 36621
@calls 0 36622
@calls 0 36623
@calls 0 36624
@calls 0 36625
@calls 0 36626
@calls 0 36627
@calls 0 36628
@calls 0 36629
@calls 0 36630
@calls 0 36631
@calls 0 36632
@calls 0 36633
@calls 0 36634
@calls 0 36635
@calls 0 36636
@calls 0 36637
@calls 0 36638
@calls 0 36639
@calls 0 36640
@calls 0 36641
@calls 0 36642
@calls 0 36643
@calls 0 36644
@calls 0 36645
@calls 0 36646
@calls 0 36647
@calls 0 36648
@calls 0 36649
@calls 0 36650
@calls 0 36651
@calls 0 36652
@calls 0 36653
@calls 0 36654
@calls 0 36655
@calls 0 36656
@calls 0 36657
@calls 0 36658
@calls 0 36659
@calls 0 36660
@calls 0 36661
@calls 0 36662
@calls 0 36663
@calls 0 36664
@calls 0 36665
@calls 0 36666
@calls 0 36667
@calls 0 36668
@calls 0 36669
@calls 0 36670
@calls 0 36671
@calls 0 36672
@calls 0 36673
@calls 0 36674
@calls 0 36675
@calls 0 36676
@calls 0 36677
@calls 0 36678
@calls 0 36679
@calls 0 36680
@calls 0 36681
@calls 0 36682
@calls 0 36683
@calls 0 36684
@calls 0 36685
@calls 0 36686
@calls 0 36687
@calls 0 36688
@calls 0 36689
@calls 0 36690
@calls 0 36691
@calls 0 36692
@calls 0 36693
@calls 0 36694
@calls 0 36695
@calls 0 36696
@calls 0 36697
@calls 0 36698
@calls 0 36699
@calls 0 36700
@calls 0 36701
@calls 0 36702
@calls 0 36703
@calls 0 36704
@calls 0 36705
@calls 0 36706
@calls 0 36707
@calls 0 36708
@calls 0 36709
@calls 0 36710
@calls 0 36711
@calls 0 36712
@calls 0 36713
@calls 0 36714
@calls 0 36715
@calls 0 36716
@calls 0 36717
@calls 0 36718
@calls 0 36719
@calls 0 36720
@calls 0 36721
@calls 0 36722
@calls 0 36723
@calls 0 36724
@calls 0 36725
@calls 0 36726
@calls 0 36727
@calls 0 36728
@calls 0 36729
@calls 0 36730
@calls 0 36731
@calls 0 36732
@calls 0 36733
@calls 0 36734
@calls 0 36735
@calls 0 36736
@calls 0 36737
@calls 0 36738
@calls 0 36739
@calls 0 36740
@calls 0 36741
@calls 0 36742
@calls 0 36743
@calls 0 36744
@calls 0 36745
@calls 0 36746
@calls 0 36747
@calls 0 36748
@calls 0 36749
@calls 0 36750
@calls 0 36751
@calls 0 36752
@calls 0 36753
@calls 0 36754
@calls 0 36755
@calls 0 36756
@calls 0 36757
@calls 0 36758
@calls 0 36759
@calls 0 36760
@calls 0 36761
@calls 0 36762
@calls 0 36763
@calls 0 36764
@calls 0 36765
@calls 0 36766
@calls 0 36767
@calls 0 36768
@calls 0 36769
@calls 0 36770
@calls 0 36771
@calls 0 36772
@calls 0 36773
@calls 0 36774
@calls 0 36775
@calls 0 36776
@calls 0 36777
@calls 0 36778
@calls 0 36779
@calls 0 36780
@calls 0 36781
@calls 0 36782
@calls 0 36783
@calls 0 36784
@calls 0 36785
@calls 0 36786
@calls 0 36787
@calls 0 36788
@calls 0 36789
@calls 0 36790
@calls 0 36791
@calls 0 36792
@calls 0 36793
@calls 0 36794
@calls 0 36795
@calls 0 36796
@calls 0 36797
@calls 0 36798
@calls 0 36799
@calls 0 36800
@calls 0 36801
@calls 0 36802
@calls 0 36803
@calls 0 36804
@calls 0 36805
@calls 0 36806
@calls 0 36807
@calls 0 36808
@calls 0 36809
@calls 0 36810
@calls 0 36811
@calls 0 36812
@calls 0 36813
@calls 0 36814
@calls 0 36815
@calls 0 36816
@calls 0 36817
@calls 0 36818
@calls 0 36819
@calls 0 36820
@calls 0 36821
@calls 0 36822
@calls 0 36823
@calls 0 36824
@calls 0 36825
@calls 0 36826
@calls 0 36827
@calls 0 36828
@calls 0 36829
@calls 0 36830
@calls 0 36831
@calls 0 36832
@calls 0 36833
@calls 0 36834
@calls 0 36835
@calls 0 36836
@calls 0 36837
@calls 0 36838
@calls 0 36839
@calls 0 36840
@calls 0 36841
@calls 0 36842
@calls 0 36843
@calls 0 36844
@calls 0 36845
@calls 0 36846
@calls 0 36847
@calls 0 36848
@calls 0 36849
@calls 0 36850
@calls 0 36851
@calls 0 36852
@calls 0 36853
@calls 0 36854
@calls 0 36855
@calls 0 36856
@calls 0 36857
@calls 0 36858
@calls 0 36859
@calls 0 36860
@calls 0 36861
@calls 0 36862
@calls 0 36863
@calls 0 36864
@calls 0 36865
@calls 0 36866
@calls 0 36867
@calls 0 36868
@calls 0 36869
@calls 0 36870
@calls 0 36871
@calls 0 36872
@calls 0 36873
@calls 0 36874
@calls 0 36875
@calls 0 36876
@calls 0 36877
@calls 0 36878
@calls 0 36879
@calls 0 36880
@calls 0 36881
@calls 0 36882
@calls 0 36883
@calls 0 36884
@calls 0 36885
@calls 0 36886
@calls 0 36887
@calls 0 36888
@calls 0 36889
@calls 0 36890
@calls 0 36891
@calls 0 36892
@calls 0 36893
@calls 0 36894
@calls 0 36895
@calls 0 36896
@calls 0 36897
@calls 0 36898
@calls 0 36899
@calls 0 36900
@calls 0 36901
@calls 0 36902
@calls 0 36903
@calls 0 36904
@calls 0 36905
@calls 0 36906
@calls 0 36907
@calls 0 36908
@calls 0 36909
@calls 0 36910
@calls 0 36911
@calls 0 36912
@calls 0 36913
@calls 0 36914
@calls 0 36915
@calls 0 36916
@calls 0 36917
@calls 0 36918
@calls 0 36919
@calls 0 36920
@calls 0 36921
@calls 0 36922
@calls 0 36923
@calls 0 36924
@calls 0 36925
@calls 0 36926
@calls 0 36927
@calls 0 36928
@calls 0 36929
@calls 0 36930
@calls 0 36931
@calls 0 36932
@calls 0 36933
@calls 0 36934
@calls 0 36935
@calls 0 36936
@calls 0 36937
@calls 0 36938
@calls 0 36939
@calls 0 36940
@calls 0 36941
@calls 0 36942
@calls 0 36943
@calls 0 36944
@calls 0 36945
@calls 0 36946
@calls 0 36947
@calls 0 36948
@calls 0 36949
@calls 0 36950
@calls 0 36951
@calls 0 36952
@calls 0 36953
@calls 0 36954
@calls 0 36955
@calls 0 36956
@calls 0 36957
@calls 0 36958
@calls 0 36959
@calls 0 36960
@calls 0 36961
@calls 0 36962
@calls 0 36963
@calls 0 36964
@calls 0 36965
@calls 0 36966
@calls 0 36967
@calls 0 36968
@calls 0 36969
@calls 0 36970
@calls 0 36971
@calls 0 36972
@calls 0 36973
@calls 0 36974
@calls 0 36975
@calls 0 36976
@calls 0 36977
@calls 0 36978
@calls 0 36979
@calls 0 36980
@calls 0 36981
@calls 0 36982
@calls 0 36983
@calls 0 36984
@calls 0 36985
@calls 0 36986
@calls 0 36987
@calls 0 36988
@calls 0 36989
@calls 0 36990
@calls 0 36991
@calls 0 36992
@calls 0 36993
@calls 0 36994
@calls 0 36995
@calls 0 36996
@calls 0 36997
@calls 0 36998
@calls 0 36999
@calls 0 37000
@calls 0 37001
@calls 0 37002
@calls 0 37003
@calls 0 37004
@calls 0 37005
@calls 0 37006
@calls 0 37007
@calls 0 37008
@calls 0 37009
@calls 0 37010
@calls 0 37011
@calls 0 37012
@calls 0 37013
@calls 0 37014
@calls 0 37015
@calls 0 37016
@calls 0 37017
@calls 0 37018
@calls 0 37019
@calls 0 37020
@calls 0 37021
@calls 0 37022
@calls 0 37023
@calls 0 37024
@calls 0 37025
@calls 0 37026
@calls 0 37027
@calls 0 37028
@calls 0 37029
@calls 0 37030
@calls 0 37031
@calls 0 37032
@calls 0 37033
@calls 0 37034
@calls 0 37035
@calls 0 37036
@calls 0 37037
@calls 0 37038
@calls 0 37039
@calls 0 37040
@calls 0 37041
@calls 0 37042
@calls 0 37043
@calls 0 37044
@calls 0 37045
@calls 0 37046
@calls 0 37047
@calls 0 37048
@calls 0 37049
@calls 0 37050
@calls 0 37051
@calls 0 37052
@calls 0 37053
@calls 0 37054
@calls 0 37055
@calls 0 37056
@calls 0 37057
@calls 0 37058
@calls 0 37059
@calls 0 37060
@calls 0 37061
@calls 0 37062
@calls 0 37063
@calls 0 37064
@calls 0 37065
@calls 0 37066
@calls 0 37067
@calls 0 37068
@calls 0 37069
@calls 0 37070
@calls 0 37071
@calls 0 37072
@calls 0 37073
@calls 0 37074
@calls 0 37075
@calls 0 37076
@calls 0 37077
@calls 0 37078
@calls 0 37079
@calls 0 37080
@calls 0 37081
@calls 0 37082
@calls 0 37083
@calls 0 37084
@calls 0 37085
@calls 0 37086
@calls 0 37087
@calls 0 37088
@calls 0 37089
@calls 0 37090
@calls 0 37091
@calls 0 37092
@calls 0 37093
@calls 0 37094
@calls 0 37095
@calls 0 37096
@calls 0 37097
@calls 0 37098
@calls 0 37099
@calls 0 37100
@calls 0 37101
@calls 0 37102
@calls 0 37103
@calls 0 37104
@calls 0 37105
@calls 0 37106
@calls 0 37107
@calls 0 37108
@calls 0 37109
@calls 0 37110
@calls 0 37111
@calls 0 37112
@calls 0 37113
@calls 0 37114
@calls 0 37115
@calls 0 37116
@calls 0 37117
@calls 0 37118
@calls 0 37119
@calls 0 37120
@calls 0 37121
@calls 0 37122
@calls 0 37123
@calls 0 37124
@calls 0 37125
@calls 0 37126
@calls 0 37127
@calls 0 37128
@calls 0 37129
@calls 0 37130
@calls 0 37131
@calls 0 37132
@calls 0 37133
@calls 0 37134
@calls 0 37135
@calls 0 37136
@calls 0 37137
@calls 0 37138
@calls 0 37139
@calls 0 37140
@calls 0 37141
@calls 0 37142
@calls 0 37143
@calls 0 37144
@calls 0 37145
@calls 0 37146
@calls 0 37147
@calls 0 37148
@calls 0 37149
@calls 0 37150
@calls 0 37151
@calls 0 37152
@calls 0 37153
@calls 0 37154
@calls 0 37155
@calls 0 37156
@calls 0 37157
@calls 0 37158
@calls 0 37159
@calls 0 37160
@calls 0 37161
@calls 0 37162
@calls 0 37163
@calls 0 37164
@calls 0 37165
@calls 0 37166
@calls 0 37167
@calls 0 37168
@calls 0 37169
@calls 0 37170
@calls 0 37171
@calls 0 37172
@calls 0 37173
@calls 0 37174
@calls 0 37175
@calls 0 37176
@calls 0 37177
@calls 0 37178
@calls 0 37179
@calls 0 37180
@calls 0 37181
@calls 0 37182
@calls 0 37183
@calls 0 37184
@calls 0 37185
@calls 0 37186
@calls 0 37187
@calls 0 37188
@calls 0 37189
@calls 0 37190
@calls 0 37191
@calls 0 37192
@calls 0 37193
@calls 0 37194
@calls 0 37195
@calls 0 37196
@calls 0 37197
@calls 0 37198
@calls 0 37199
@calls 0 37200
@calls 0 37201
@calls 0 37202
@calls 0 37203
@calls 0 37204
@calls 0 37205
@calls 0 37206
@calls 0 37207
@calls 0 37208
@calls 0 37209
@calls 0 37210
@calls 0 37211
@calls 0 37212
@calls 0 37213
@calls 0 37214
@calls 0 37215
@calls 0 37216
@calls 0 37217
@calls 0 37218
@calls 0 37219
@calls 0 37220
@calls 0 37221
@calls 0 37222
@calls 0 37223
@calls 0 37224
@calls 0 37225
@calls 0 37226
@calls 0 37227
@calls 0 37228
@calls 0 37229
@calls 0 37230
@calls 0 37231
@calls 0 37232
@calls 0 37233
@calls 0 37234
@calls 0 37235
@calls 0 37236
@calls 0 37237
@calls 0 37238
@calls 0 37239
@calls 0 37240
@calls 0 37241
@calls 0 37242
@calls 0 37243
@calls 0 37244
@calls 0 37245
@calls 0 37246
@calls 0 37247
@calls 0 37248
@calls 0 37249
@calls 0 37250
@calls 0 37251
@calls 0 37252
@calls 0 37253
@calls 0 37254
@calls 0 37255
@calls 0 37256
@calls 0 37257
@calls 0 37258
@calls 0 37259
@calls 0 37260
@calls 0 37261
@calls 0 37262
@calls 0 37263
@calls 0 37264
@calls 0 37265
@calls 0 37266
@calls 0 37267
@calls 0 37268
@calls 0 37269
@calls 0 37270
@calls 0 37271
@calls 0 37272
@calls 0 37273
@calls 0 37274
@calls 0 37275
@calls 0 37276
@calls 0 37277
@calls 0 37278
@calls 0 37279
@calls 0 37280
@calls 0 37281
@calls 0 37282
@calls 0 37283
@calls 0 37284
@calls 0 37285
@calls 0 37286
@calls 0 37287
@calls 0 37288
@calls 0 37289
@calls 0 37290
@calls 0 37291
@calls 0 37292
@calls 0 37293
@calls 0 37294
@calls 0 37295
@calls 0 37296
@calls 0 37297
@calls 0 37298
@calls 0 37299
@calls 0 37300
@calls 0 37301
@calls 0 37302
@calls 0 37303
@calls 0 37304
@calls 0 37305
@calls 0 37306
@calls 0 37307
@calls 0 37308
@calls 0 37309
@calls 0 37310
@calls 0 37311
@calls 0 37312
@calls 0 37313
@calls 0 37314
@calls 0 37315
@calls 0 37316
@calls 0 37317
@calls 0 37318
@calls 0 37319
@calls 0 37320
@calls 0 37321
@calls 0 37322
@calls 0 37323
@calls 0 37324
@calls 0 37325
@calls 0 37326
@calls 0 37327
@calls 0 37328
@calls 0 37329
@calls 0 37330
@calls 0 37331
@calls 0 37332
@calls 0 37333
@calls 0 37334
@calls 0 37335
@calls 0 37336
@calls 0 37337
@calls 0 37338
@calls 0 37339
@calls 0 37340
@calls 0 37341
@calls 0 37342
@calls 0 37343
@calls 0 37344
@calls 0 37345
@calls 0 37346
@calls 0 37347
@calls 0 37348
@calls 0 37349
@calls 0 37350
@calls 0 37351
@calls 0 37352
@calls 0 37353
@calls 0 37354
@calls 0 37355
@calls 0 37356
@calls 0 37357
@calls 0 37358
@calls 0 37359
@calls 0 37360
@calls 0 37361
@calls 0 37362
@calls 0 37363
@calls 0 37364
@calls 0 37365
@calls 0 37366
@calls 0 37367
@calls 0 37368
@calls 0 37369
@calls 0 37370
@calls 0 37371
@calls 0 37372
@calls 0 37373
@calls 0 37374
@calls 0 37375
@calls 0 37376
@calls 0 37377
@calls 0 37378
@calls 0 37379
@calls 0 37380
@calls 0 37381
@calls 0 37382
@calls 0 37383
@calls 0 37384
@calls 0 37385
@calls 0 37386
@calls 0 37387
@calls 0 37388
@calls 0 37389
@calls 0 37390
@calls 0 37391
@calls 0 37392
@calls 0 37393
@calls 0 37394
@calls 0 37395
@calls 0 37396
@calls 0 37397
@calls 0 37398
@calls 0 37399
@calls 0 37400
@calls 0 37401
@calls 0 37402
@calls 0 37403
@calls 0 37404
@calls 0 37405
@calls 0 37406
@calls 0 37407
@calls 0 37408
@calls 0 37409
@calls 0 37410
@calls 0 37411
@calls 0 37412
@calls 0 37413
@calls 0 37414
@calls 0 37415
@calls 0 37416
@calls 0 37417
@calls 0 37418
@calls 0 37419
@calls 0 37420
@calls 0 37421
@calls 0 37422
@calls 0 37423
@calls 0 37424
@calls 0 37425
@calls 0 37426
@calls 0 37427
@calls 0 37428
@calls 0 37429
@calls 0 37430
@calls 0 37431
@calls 0 37432
@calls 0 37433
@calls 0 37434
@calls 0 37435
@calls 0 37436
@calls 0 37437
@calls 0 37438
@calls 0 37439
@calls 0 37440
@calls 0 37441
@calls 0 37442
@calls 0 37443
@calls 0 37444
@calls 0 37445
@calls 0 37446
@calls 0 37447
@calls 0 37448
@calls 0 37449
@calls 0 37450
@calls 0 37451
@calls 0 37452
@calls 0 37453
@calls 0 37454
@calls 0 37455
@calls 0 37456
@calls 0 37457
@calls 0 37458
@calls 0 37459
@calls 0 37460
@calls 0 37461
@calls 0 37462
@calls 0 37463
@calls 0 37464
@calls 0 37465
@calls 0 37466
@calls 0 37467
@calls 0 37468
@calls 0 37469
@calls 0 37470
@calls 0 37471
@calls 0 37472
@calls 0 37473
@calls 0 37474
@calls 0 37475
@calls 0 37476
@calls 0 37477
@calls 0 37478
@calls 0 37479
@calls 0 37480
@calls 0 37481
@calls 0 37482
@calls 0 37483
@calls 0 37484
@calls 0 37485
@calls 0 37486
@calls 0 37487
@calls 0 37488
@calls 0 37489
@calls 0 37490
@calls 0 37491
@calls 0 37492
@calls 0 37493
@calls 0 37494
@calls 0 37495
@calls 0 37496
@calls 0 37497
@calls 0 37498
@calls 0 37499
@calls 0 37500
@calls 0 37501
@calls 0 37502
@calls 0 37503
@calls 0 37504
@calls 0 37505
@calls 0 37506
@calls 0 37507
@calls 0 37508
@calls 0 37509
@calls 0 37510
@calls 0 37511
@calls 0 37512
@calls 0 37513
@calls 0 37514
@calls 0 37515
@calls 0 37516
@calls 0 37517
@calls 0 37518
@calls 0 37519
@calls 0 37520
@calls 0 37521
@calls 0 37522
@calls 0 37523
@calls 0 37524
@calls 0 37525
@calls 0 37526
@calls 0 37527
@calls 0 37528
@calls 0 37529
@calls 0 37530
@calls 0 37531
@calls 0 37532
@calls 0 37533
@calls 0 37534
@calls 0 37535
@calls 0 37536
@calls 0 37537
@calls 0 37538
@calls 0 37539
@calls 0 37540
@calls 0 37541
@calls 0 37542
@calls 0 37543
@calls 0 37544
@calls 0 37545
@calls 0 37546
@calls 0 37547
@calls 0 37548
@calls 0 37549
@calls 0 37550
@calls 0 37551
@calls 0 37552
@calls 0 37553
@calls 0 37554
@calls 0 37555
@calls 0 37556
@calls 0 37557
@calls 0 37558
@calls 0 37559
@calls 0 37560
@calls 0 37561
@calls 0 37562
@calls 0 37563
@calls 0 37564
@calls 0 37565
@calls 0 37566
@calls 0 37567
@calls 0 37568
@calls 0 37569
@calls 0 37570
@calls 0 37571
@calls 0 37572
@calls 0 37573
@calls 0 37574
@calls 0 37575
@calls 0 37576
@calls 0 37577
@calls 0 37578
@calls 0 37579
@calls 0 37580
@calls 0 37581
@calls 0 37582
@calls 0 37583
@calls 0 37584
@calls 0 37585
@calls 0 37586
@calls 0 37587
@calls 0 37588
@calls 0 37589
@calls 0 37590
@calls 0 37591
@calls 0 37592
@calls 0 37593
@calls 0 37594
@calls 0 37595
@calls 0 37596
@calls 0 37597
@calls 0 37598
@calls 0 37599
@calls 0 37600
@calls 0 37601
@calls 0 37602
@calls 0 37603
@calls 0 37604
@calls 0 37605
@calls 0 37606
@calls 0 37607
@calls 0 37608
@calls 0 37609
@calls 0 37610
@calls 0 37611
@calls 0 37612
@calls 0 37613
@calls 0 37614
@calls 0 37615
@calls 0 37616
@calls 0 37617
@calls 0 37618
@calls 0 37619
@calls 0 37620
@calls 0 37621
@calls 0 37622
@calls 0 37623
@calls 0 37624
@calls 0 37625
@calls 0 37626
@calls 0 37627
@calls 0 37628
@calls 0 37629
@calls 0 37630
@calls 0 37631
@calls 0 37632
@calls 0 37633
@calls 0 37634
@calls 0 37635
@calls 0 37636
@calls 0 37637
@calls 0 37638
@calls 0 37639
@calls 0 37640
@calls 0 37641
@calls 0 37642
@calls 0 37643
@calls 0 37644
@calls 0 37645
@calls 0 37646
@calls 0 37647
@calls 0 37648
@calls 0 37649
@calls 0 37650
@calls 0 37651
@calls 0 37652
@calls 0 37653
@calls 0 37654
@calls 0 37655
@calls 0 37656
@calls 0 37657
@calls 0 37658
@calls 0 37659
@calls 0 37660
@calls 0 37661
@calls 0 37662
@calls 0 37663
@calls 0 37664
@calls 0 37665
@calls 0 37666
@calls 0 37667
@calls 0 37668
@calls 0 37669
@calls 0 37670
@calls 0 37671
@calls 0 37672
@calls 0 37673
@calls 0 37674
@calls 0 37675
@calls 0 37676
@calls 0 37677
@calls 0 37678
@calls 0 37679
@calls 0 37680
@calls 0 37681
@calls 0 37682
@calls 0 37683
@calls 0 37684
@calls 0 37685
@calls 0 37686
@calls 0 37687
@calls 0 37688
@calls 0 37689
@calls 0 37690
@calls 0 37691
@calls 0 37692
@calls 0 37693
@calls 0 37694
@calls 0 37695
@calls 0 37696
@calls 0 37697
@calls 0 37698
@calls 0 37699
@calls 0 37700
@calls 0 37701
@calls 0 37702
@calls 0 37703
@calls 0 37704
@calls 0 37705
@calls 0 37706
@calls 0 37707
@calls 0 37708
@calls 0 37709
@calls 0 37710
@calls 0 37711
@calls 0 37712
@calls 0 37713
@calls 0 37714
@calls 0 37715
@calls 0 37716
@calls 0 37717
@calls 0 37718
@calls 0 37719
@calls 0 37720
@calls 0 37721
@calls 0 37722
@calls 0 37723
@calls 0 37724
@calls 0 37725
@calls 0 37726
@calls 0 37727
@calls 0 37728
@calls 0 37729
@calls 0 37730
@calls 0 37731
@calls 0 37732
@calls 0 37733
@calls 0 37734
@calls 0 37735
@calls 0 37736
@calls 0 37737
@calls 0 37738
@calls 0 37739
@calls 0 37740
@calls 0 37741
@calls 0 37742
@calls 0 37743
@calls 0 37744
@calls 0 37745
@calls 0 37746
@calls 0 37747
@calls 0 37748
@calls 0 37749
@calls 0 37750
@calls 0 37751
@calls 0 37752
@calls 0 37753
@calls 0 37754
@calls 0 37755
@calls 0 37756
@calls 0 37757
@calls 0 37758
@calls 0 37759
@calls 0 37760
@calls 0 37761
@calls 0 37762
@calls 0 37763
@calls 0 37764
@calls 0 37765
@calls 0 37766
@calls 0 37767
@calls 0 37768
@calls 0 37769
@calls 0 37770
@calls 0 37771
@calls 0 37772
@calls 0 37773
@calls 0 37774
@calls 0 37775
@calls 0 37776
@calls 0 37777
@calls 0 37778
@calls 0 37779
@calls 0 37780
@calls 0 37781
@calls 0 37782
@calls 0 37783
@calls 0 37784
@calls 0 37785
@calls 0 37786
@calls 0 37787
@calls 0 37788
@calls 0 37789
@calls 0 37790
@calls 0 37791
@calls 0 37792
@calls 0 37793
@calls 0 37794
@calls 0 37795
@calls 0 37796
@calls 0 37797
@calls 0 37798
@calls 0 37799
@calls 0 37800
@calls 0 37801
@calls 0 37802
@calls 0 37803
@calls 0 37804
@calls 0 37805
@calls 0 37806
@calls 0 37807
@calls 0 37808
@calls 0 37809
@calls 0 37810
@calls 0 37811
@calls 0 37812
@calls 0 37813
@calls 0 37814
@calls 0 37815
@calls 0 37816
@calls 0 37817
@calls 0 37818
@calls 0 37819
@calls 0 37820
@calls 0 37821
@calls 0 37822
@calls 0 37823
@calls 0 37824
@calls 0 37825
@calls 0 37826
@calls 0 37827
@calls 0 37828
@calls 0 37829
@calls 0 37830
@calls 0 37831
@calls 0 37832
@calls 0 37833
@calls 0 37834
@calls 0 37835
@calls 0 37836
@calls 0 37837
@calls 0 37838
@calls 0 37839
@calls 0 37840
@calls 0 37841
@calls 0 37842
@calls 0 37843
@calls 0 37844
@calls 0 37845
@calls 0 37846
@calls 0 37847
@calls 0 37848
@calls 0 37849
@calls 0 37850
@calls 0 37851
@calls 0 37852
@calls 0 37853
@calls 0 37854
@calls 0 37855
@calls 0 37856
@calls 0 37857
@calls 0 37858
@calls 0 37859
@calls 0 37860
@calls 0 37861
@calls 0 37862
@calls 0 37863
@calls 0 37864
@calls 0 37865
@calls 0 37866
@calls 0 37867
@calls 0 37868
@calls 0 37869
@calls 0 37870
@calls 0 37871
@calls 0 37872
@calls 0 37873
@calls 0 37874
@calls 0 37875
@calls 0 37876
@calls 0 37877
@calls 0 37878
@calls 0 37879
@calls 0 37880
@calls 0 37881
@calls 0 37882
@calls 0 37883
@calls 0 37884
@calls 0 37885
@calls 0 37886
@calls 0 37887
@calls 0 37888
@calls 0 37889
@calls 0 37890
@calls 0 37891
@calls 0 37892
@calls 0 37893
@calls 0 37894
@calls 0 37895
@calls 0 37896
@calls 0 37897
@calls 0 37898
@calls 0 37899
@calls 0 37900
@calls 0 37901
@calls 0 37902
@calls 0 37903
@calls 0 37904
@calls 0 37905
@calls 0 37906
@calls 0 37907
@calls 0 37908
@calls 0 37909
@calls 0 37910
@calls 0 37911
@calls 0 37912
@calls 0 37913
@calls 0 37914
@calls 0 37915
@calls 0 37916
@calls 0 37917
@calls 0 37918
@calls 0 37919
@calls 0 37920
@calls 0 37921
@calls 0 37922
@calls 0 37923
@calls 0 37924
@calls 0 37925
@calls 0 37926
@calls 0 37927
@calls 0 37928
@calls 0 37929
@calls 0 37930
@calls 0 37931
@calls 0 37932
@calls 0 37933
@calls 0 37934
@calls 0 37935
@calls 0 37936
@calls 0 37937
@calls 0 37938
@calls 0 37939
@calls 0 37940
@calls 0 37941
@calls 0 37942
@calls 0 37943
@calls 0 37944
@calls 0 37945
@calls 0 37946
@calls 0 37947
@calls 0 37948
@calls 0 37949
@calls 0 37950
@calls 0 37951
@calls 0 37952
@calls 0 37953
@calls 0 37954
@calls 0 37955
@calls 0 37956
@calls 0 37957
@calls 0 37958
@calls 0 37959
@calls 0 37960
@calls 0 37961
@calls 0 37962
@calls 0 37963
@calls 0 37964
@calls 0 37965
@calls 0 37966
@calls 0 37967
@calls 0 37968
@calls 0 37969
@calls 0 37970
@calls 0 37971
@calls 0 37972
@calls 0 37973
@calls 0 37974
@calls 0 37975
@calls 0 37976
@calls 0 37977
@calls 0 37978
@calls 0 37979
@calls 0 37980
@calls 0 37981
@calls 0 37982
@calls 0 37983
@calls 0 37984
@calls 0 37985
@calls 0 37986
@calls 0 37987
@calls 0 37988
@calls 0 37989
@calls 0 37990
@calls 0 37991
@calls 0 37992
@calls 0 37993
@calls 0 37994
@calls 0 37995
@calls 0 37996
@calls 0 37997
@calls 0 37998
@calls 0 37999
@calls 0 38000
@calls 0 38001
@calls 0 38002
@calls 0 38003
@calls 0 38004
@calls 0 38005
@calls 0 38006
@calls 0 38007
@calls 0 38008
@calls 0 38009
@calls 0 38010
@calls 0 38011
@calls 0 38012
@calls 0 38013
@calls 0 38014
@calls 0 38015
@calls 0 38016
@calls 0 38017
@calls 0 38018
@calls 0 38019
@calls 0 38020
@calls 0 38021
@calls 0 38022
@calls 0 38023
@calls 0 38024
@calls 0 38025
@calls 0 38026
@calls 0 38027
@calls 0 38028
@calls 0 38029
@calls 0 38030
@calls 0 38031
@calls 0 38032
@calls 0 38033
@calls 0 38034
@calls 0 38035
@calls 0 38036
@calls 0 38037
@calls 0 38038
@calls 0 38039
@calls 0 38040
@calls 0 38041
@calls 0 38042
@calls 0 38043
@calls 0 38044
@calls 0 38045
@calls 0 38046
@calls 0 38047
@calls 0 38048
@calls 0 38049
@calls 0 38050
@calls 0 38051
@calls 0 38052
@calls 0 38053
@calls 0 38054
@calls 0 38055
@calls 0 38056
@calls 0 38057
@calls 0 38058
@calls 0 38059
@calls 0 38060
@calls 0 38061
@calls 0 38062
@calls 0 38063
@calls 0 38064
@calls 0 38065
@calls 0 38066
@calls 0 38067
@calls 0 38068
@calls 0 38069
@calls 0 38070
@calls 0 38071
@calls 0 38072
@calls 0 38073
@calls 0 38074
@calls 0 38075
@calls 0 38076
@calls 0 38077
@calls 0 38078
@calls 0 38079
@calls 0 38080
@calls 0 38081
@calls 0 38082
@calls 0 38083
@calls 0 38084
@calls 0 38085
@calls 0 38086
@calls 0 38087
@calls 0 38088
@calls 0 38089
@calls 0 38090
@calls 0 38091
@calls 0 38092
@calls 0 38093
@calls 0 38094
@calls 0 38095
@calls 0 38096
@calls 0 38097
@calls 0 38098
@calls 0 38099
@calls 0 38100
@calls 0 38101
@calls 0 38102
@calls 0 38103
@calls 0 38104
@calls 0 38105
@calls 0 38106
@calls 0 38107
@calls 0 38108
@calls 0 38109
@calls 0 38110
@calls 0 38111
@calls 0 38112
@calls 0 38113
@calls 0 38114
@calls 0 38115
@calls 0 38116
@calls 0 38117
@calls 0 38118
@calls 0 38119
@calls 0 38120
@calls 0 38121
@calls 0 38122
@calls 0 38123
@calls 0 38124
@calls 0 38125
@calls 0 38126
@calls 0 38127
@calls 0 38128
@calls 0 38129
@calls 0 38130
@calls 0 38131
@calls 0 38132
@calls 0 38133
@calls 0 38134
@calls 0 38135
@calls 0 38136
@calls 0 38137
@calls 0 38138
@calls 0 38139
@calls 0 38140
@calls 0 38141
@calls 0 38142
@calls 0 38143
@calls 0 38144
@calls 0 38145
@calls 0 38146
@calls 0 38147
@calls 0 38148
@calls 0 38149
@calls 0 38150
@calls 0 38151
@calls 0 38152
@calls 0 38153
@calls 0 38154
@calls 0 38155
@calls 0 38156
@calls 0 38157
@calls 0 38158
@calls 0 38159
@calls 0 38160
@calls 0 38161
@calls 0 38162
@calls 0 38163
@calls 0 38164
@calls 0 38165
@calls 0 38166
@calls 0 38167
@calls 0 38168
@calls 0 38169
@calls 0 38170
@calls 0 38171
@calls 0 38172
@calls 0 38173
@calls 0 38174
@calls 0 38175
@calls 0 38176
@calls 0 38177
@calls 0 38178
@calls 0 38179
@calls 0 38180
@calls 0 38181
@calls 0 38182
@calls 0 38183
@calls 0 38184
@calls 0 38185
@calls 0 38186
@calls 0 38187
@calls 0 38188
@calls 0 38189
@calls 0 38190
@calls 0 38191
@calls 0 38192
@calls 0 38193
@calls 0 38194
@calls 0 38195
@calls 0 38196
@calls 0 38197
@calls 0 38198
@calls 0 38199
@calls 0 38200
@calls 0 38201
@calls 0 38202
@calls 0 38203
@calls 0 38204
@calls 0 38205
@calls 0 38206
@calls 0 38207
@calls 0 38208
@calls 0 38209
@calls 0 38210
@calls 0 38211
@calls 0 38212
@calls 0 38213
@calls 0 38214
@calls 0 38215
@calls 0 38216
@calls 0 38217
@calls 0 38218
@calls 0 38219
@calls 0 38220
@calls 0 38221
@calls 0 38222
@calls 0 38223
@calls 0 38224
@calls 0 38225
@calls 0 38226
@calls 0 38227
@calls 0 38228
@calls 0 38229
@calls 0 38230
@calls 0 38231
@calls 0 38232
@calls 0 38233
@calls 0 38234
@calls 0 38235
@calls 0 38236
@calls 0 38237
@calls 0 38238
@calls 0 38239
@calls 0 38240
@calls 0 38241
@calls 0 38242
@calls 0 38243
@calls 0 38244
@calls 0 38245
@calls 0 38246
@calls 0 38247
@calls 0 38248
@calls 0 38249
@calls 0 38250
@calls 0 38251
@calls 0 38252
@calls 0 38253
@calls 0 38254
@calls 0 38255
@calls 0 38256
@calls 0 38257
@calls 0 38258
@calls 0 38259
@calls 0 38260
@calls 0 38261
@calls 0 38262
@calls 0 38263
@calls 0 38264
@calls 0 38265
@calls 0 38266
@calls 0 38267
@calls 0 38268
@calls 0 38269
@calls 0 38270
@calls 0 38271
@calls 0 38272
@calls 0 38273
@calls 0 38274
@calls 0 38275
@calls 0 38276
@calls 0 38277
@calls 0 38278
@calls 0 38279
@calls 0 38280
@calls 0 38281
@calls 0 38282
@calls 0 38283
@calls 0 38284
@calls 0 38285
@calls 0 38286
@calls 0 38287
@calls 0 38288
@calls 0 38289
@calls 0 38290
@calls 0 38291
@calls 0 38292
@calls 0 38293
@calls 0 38294
@calls 0 38295
@calls 0 38296
@calls 0 38297
@calls 0 38298
@calls 0 38299
@calls 0 38300
@calls 0 38301
@calls 0 38302
@calls 0 38303
@calls 0 38304
@calls 0 38305
@calls 0 38306
@calls 0 38307
@calls 0 38308
@calls 0 38309
@calls 0 38310
@calls 0 38311
@calls 0 38312
@calls 0 38313
@calls 0 38314
@calls 0 38315
@calls 0 38316
@calls 0 38317
@calls 0 38318
@calls 0 38319
@calls 0 38320
@calls 0 38321
@calls 0 38322
@calls 0 38323
@calls 0 38324
@calls 0 38325
@calls 0 38326
@calls 0 38327
@calls 0 38328
@calls 0 38329
@calls 0 38330
@calls 0 38331
@calls 0 38332
@calls 0 38333
@calls 0 38334
@calls 0 38335
@calls 0 38336
@calls 0 38337
@calls 0 38338
@calls 0 38339
@calls 0 38340
@calls 0 38341
@calls 0 38342
@calls 0 38343
@calls 0 38344
@calls 0 38345
@calls 0 38346
@calls 0 38347
@calls 0 38348
@calls 0 38349
@calls 0 38350
@calls 0 38351
@calls 0 38352
@calls 0 38353
@calls 0 38354
@calls 0 38355
@calls 0 38356
@calls 0 38357
@calls 0 38358
@calls 0 38359
@calls 0 38360
@calls 0 38361
@calls 0 38362
@calls 0 38363
@calls 0 38364
@calls 0 38365
@calls 0 38366
@calls 0 38367
@calls 0 38368
@calls 0 38369
@calls 0 38370
@calls 0 38371
@calls 0 38372
@calls 0 38373
@calls 0 38374
@calls 0 38375
@calls 0 38376
@calls 0 38377
@calls 0 38378
@calls 0 38379
@calls 0 38380
@calls 0 38381
@calls 0 38382
@calls 0 38383
@calls 0 38384
@calls 0 38385
@calls 0 38386
@calls 0 38387
@calls 0 38388
@calls 0 38389
@calls 0 38390
@calls 0 38391
@calls 0 38392
@calls 0 38393
@calls 0 38394
@calls 0 38395
@calls 0 38396
@calls 0 38397
@calls 0 38398
@calls 0 38399
@calls 0 38400
@calls 0 38401
@calls 0 38402
@calls 0 38403
@calls 0 38404
@calls 0 38405
@calls 0 38406
@calls 0 38407
@calls 0 38408
@calls 0 38409
@calls 0 38410
@calls 0 38411
@calls 0 38412
@calls 0 38413
@calls 0 38414
@calls 0 38415
@calls 0 38416
@calls 0 38417
@calls 0 38418
@calls 0 38419
@calls 0 38420
@calls 0 38421
@calls 0 38422
@calls 0 38423
@calls 0 38424
@calls 0 38425
@calls 0 38426
@calls 0 38427
@calls 0 38428
@calls 0 38429
@calls 0 38430
@calls 0 38431
@calls 0 38432
@calls 0 38433
@calls 0 38434
@calls 0 38435
@calls 0 38436
@calls 0 38437
@calls 0 38438
@calls 0 38439
@calls 0 38440
@calls 0 38441
@calls 0 38442
@calls 0 38443
@calls 0 38444
@calls 0 38445
@calls 0 38446
@calls 0 38447
@calls 0 38448
@calls 0 38449
@calls 0 38450
@calls 0 38451
@calls 0 38452
@calls 0 38453
@calls 0 38454
@calls 0 38455
@calls 0 38456
@calls 0 38457
@calls 0 38458
@calls 0 38459
@calls 0 38460
@calls 0 38461
@calls 0 38462
@calls 0 38463
@calls 0 38464
@calls 0 38465
@calls 0 38466
@calls 0 38467
@calls 0 38468
@calls 0 38469
@calls 0 38470
@calls 0 38471
@calls 0 38472
@calls 0 38473
@calls 0 38474
@calls 0 38475
@calls 0 38476
@calls 0 38477
@calls 0 38478
@calls 0 38479
@calls 0 38480
@calls 0 38481
@calls 0 38482
@calls 0 38483
@calls 0 38484
@calls 0 38485
@calls 0 38486
@calls 0 38487
@calls 0 38488
@calls 0 38489
@calls 0 38490
@calls 0 38491
@calls 0 38492
@calls 0 38493
@calls 0 38494
@calls 0 38495
@calls 0 38496
@calls 0 38497
@calls 0 38498
@calls 0 38499
@calls 0 38500
@calls 0 38501
@calls 0 38502
@calls 0 38503
@calls 0 38504
@calls 0 38505
@calls 0 38506
@calls 0 38507
@calls 0 38508
@calls 0 38509
@calls 0 38510
@calls 0 38511
@calls 0 38512
@calls 0 38513
@calls 0 38514
@calls 0 38515
@calls 0 38516
@calls 0 38517
@calls 0 38518
@calls 0 38519
@calls 0 38520
@calls 0 38521
@calls 0 38522
@calls 0 38523
@calls 0 38524
@calls 0 38525
@calls 0 38526
@calls 0 38527
@calls 0 38528
@calls 0 38529
@calls 0 38530
@calls 0 38531
@calls 0 38532
@calls 0 38533
@calls 0 38534
@calls 0 38535
@calls 0 38536
@calls 0 38537
@calls 0 38538
@calls 0 38539
@calls 0 38540
@calls 0 38541
@calls 0 38542
@calls 0 38543
@calls 0 38544
@calls 0 38545
@calls 0 38546
@calls 0 38547
@calls 0 38548
@calls 0 38549
@calls 0 38550
@calls 0 38551
@calls 0 38552
@calls 0 38553
@calls 0 38554
@calls 0 38555
@calls 0 38556
@calls 0 38557
@calls 0 38558
@calls 0 38559
@calls 0 38560
@calls 0 38561
@calls 0 38562
@calls 0 38563
@calls 0 38564
@calls 0 38565
@calls 0 38566
@calls 0 38567
@calls 0 38568
@calls 0 38569
@calls 0 38570
@calls 0 38571
@calls 0 38572
@calls 0 38573
@calls 0 38574
@calls 0 38575
@calls 0 38576
@calls 0 38577
@calls 0 38578
@calls 0 38579
@calls 0 38580
@calls 0 38581
@calls 0 38582
@calls 0 38583
@calls 0 38584
@calls 0 38585
@calls 0 38586
@calls 0 38587
@calls 0 38588
@calls 0 38589
@calls 0 38590
@calls 0 38591
@calls 0 38592
@calls 0 38593
@calls 0 38594
@calls 0 38595
@calls 0 38596
@calls 0 38597
@calls 0 38598
@calls 0 38599
@calls 0 38600
@calls 0 38601
@calls 0 38602
@calls 0 38603
@calls 0 38604
@calls 0 38605
@calls 0 38606
@calls 0 38607
@calls 0 38608
@calls 0 38609
@calls 0 38610
@calls 0 38611
@calls 0 38612
@calls 0 38613
@calls 0 38614
@calls 0 38615
@calls 0 38616
@calls 0 38617
@calls 0 38618
@calls 0 38619
@calls 0 38620
@calls 0 38621
@calls 0 38622
@calls 0 38623
@calls 0 38624
@calls 0 38625
@calls 0 38626
@calls 0 38627
@calls 0 38628
@calls 0 38629
@calls 0 38630
@calls 0 38631
@calls 0 38632
@calls 0 38633
@calls 0 38634
@calls 0 38635
@calls 0 38636
@calls 0 38637
@calls 0 38638
@calls 0 38639
@calls 0 38640
@calls 0 38641
@calls 0 38642
@calls 0 38643
@calls 0 38644
@calls 0 38645
@calls 0 38646
@calls 0 38647
@calls 0 38648
@calls 0 38649
@calls 0 38650
@calls 0 38651
@calls 0 38652
@calls 0 38653
@calls 0 38654
@calls 0 38655
@calls 0 38656
@calls 0 38657
@calls 0 38658
@calls 0 38659
@calls 0 38660
@calls 0 38661
@calls 0 38662
@calls 0 38663
@calls 0 38664
@calls 0 38665
@calls 0 38666
@calls 0 38667
@calls 0 38668
@calls 0 38669
@calls 0 38670
@calls 0 38671
@calls 0 38672
@calls 0 38673
@calls 0 38674
@calls 0 38675
@calls 0 38676
@calls 0 38677
@calls 0 38678
@calls 0 38679
@calls 0 38680
@calls 0 38681
@calls 0 38682
@calls 0 38683
@calls 0 38684
@calls 0 38685
@calls 0 38686
@calls 0 38687
@calls 0 38688
@calls 0 38689
@calls 0 38690
@calls 0 38691
@calls 0 38692
@calls 0 38693
@calls 0 38694
@calls 0 38695
@calls 0 38696
@calls 0 38697
@calls 0 38698
@calls 0 38699
@calls 0 38700
@calls 0 38701
@calls 0 38702
@calls 0 38703
@calls 0 38704
@calls 0 38705
@calls 0 38706
@calls 0 38707
@calls 0 38708
@calls 0 38709
@calls 0 38710
@calls 0 38711
@calls 0 38712
@calls 0 38713
@calls 0 38714
@calls 0 38715
@calls 0 38716
@calls 0 38717
@calls 0 38718
@calls 0 38719
@calls 0 38720
@calls 0 38721
@calls 0 38722
@calls 0 38723
@calls 0 38724
@calls 0 38725
@calls 0 38726
@calls 0 38727
@calls 0 38728
@calls 0 38729
@calls 0 38730
@calls 0 38731
@calls 0 38732
@calls 0 38733
@calls 0 38734
@calls 0 38735
@calls 0 38736
@calls 0 38737
@calls 0 38738
@calls 0 38739
@calls 0 38740
@calls 0 38741
@calls 0 38742
@calls 0 38743
@calls 0 38744
@calls 0 38745
@calls 0 38746
@calls 0 38747
@calls 0 38748
@calls 0 38749
@calls 0 38750
@calls 0 38751
@calls 0 38752
@calls 0 38753
@calls 0 38754
@calls 0 38755
@calls 0 38756
@calls 0 38757
@calls 0 38758
@calls 0 38759
@calls 0 38760
@calls 0 38761
@calls 0 38762
@calls 0 38763
@calls 0 38764
@calls 0 38765
@calls 0 38766
@calls 0 38767
@calls 0 38768
@calls 0 38769
@calls 0 38770
@calls 0 38771
@calls 0 38772
@calls 0 38773
@calls 0 38774
@calls 0 38775
@calls 0 38776
@calls 0 38777
@calls 0 38778
@calls 0 38779
@calls 0 38780
@calls 0 38781
@calls 0 38782
@calls 0 38783
@calls 0 38784
@calls 0 38785
@calls 0 38786
@calls 0 38787
@calls 0 38788
@calls 0 38789
@calls 0 38790
@calls 0 38791
@calls 0 38792
@calls 0 38793
@calls 0 38794
@calls 0 38795
@calls 0 38796
@calls 0 38797
@calls 0 38798
@calls 0 38799
@calls 0 38800
@calls 0 38801
@calls 0 38802
@calls 0 38803
@calls 0 38804
@calls 0 38805
@calls 0 38806
@calls 0 38807
@calls 0 38808
@calls 0 38809
@calls 0 38810
@calls 0 38811
@calls 0 38812
@calls 0 38813
@calls 0 38814
@calls 0 38815
@calls 0 38816
@calls 0 38817
@calls 0 38818
@calls 0 38819
@calls 0 38820
@calls 0 38821
@calls 0 38822
@calls 0 38823
@calls 0 38824
@calls 0 38825
@calls 0 38826
@calls 0 38827
@calls 0 38828
@calls 0 38829
@calls 0 38830
@calls 0 38831
@calls 0 38832
@calls 0 38833
@calls 0 38834
@calls 0 38835
@calls 0 38836
@calls 0 38837
@calls 0 38838
@calls 0 38839
@calls 0 38840
@calls 0 38841
@calls 0 38842
@calls 0 38843
@calls 0 38844
@calls 0 38845
@calls 0 38846
@calls 0 38847
@calls 0 38848
@calls 0 38849
@calls 0 38850
@calls 0 38851
@calls 0 38852
@calls 0 38853
@calls 0 38854
@calls 0 38855
@calls 0 38856
@calls 0 38857
@calls 0 38858
@calls 0 38859
@calls 0 38860
@calls 0 38861
@calls 0 38862
@calls 0 38863
@calls 0 38864
@calls 0 38865
@calls 0 38866
@calls 0 38867
@calls 0 38868
@calls 0 38869
@calls 0 38870
@calls 0 38871
@calls 0 38872
@calls 0 38873
@calls 0 38874
@calls 0 38875
@calls 0 38876
@calls 0 38877
@calls 0 38878
@calls 0 38879
@calls 0 38880
@calls 0 38881
@calls 0 38882
@calls 0 38883
@calls 0 38884
@calls 0 38885
@calls 0 38886
@calls 0 38887
@calls 0 38888
@calls 0 38889
@calls 0 38890
@calls 0 38891
@calls 0 38892
@calls 0 38893
@calls 0 38894
@calls 0 38895
@calls 0 38896
@calls 0 38897
@calls 0 38898
@calls 0 38899
@calls 0 38900
@calls 0 38901
@calls 0 38902
@calls 0 38903
@calls 0 38904
@calls 0 38905
@calls 0 38906
@calls 0 38907
@calls 0 38908
@calls 0 38909
@calls 0 38910
@calls 0 38911
@calls 0 38912
@calls 0 38913
@calls 0 38914
@calls 0 38915
@calls 0 38916
@calls 0 38917
@calls 0 38918
@calls 0 38919
@calls 0 38920
@calls 0 38921
@calls 0 38922
@calls 0 38923
@calls 0 38924
@calls 0 38925
@calls 0 38926
@calls 0 38927
@calls 0 38928
@calls 0 38929
@calls 0 38930
@calls 0 38931
@calls 0 38932
@calls 0 38933
@calls 0 38934
@calls 0 38935
@calls 0 38936
@calls 0 38937
@calls 0 38938
@calls 0 38939
@calls 0 38940
@calls 0 38941
@calls 0 38942
@calls 0 38943
@calls 0 38944
@calls 0 38945
@calls 0 38946
@calls 0 38947
@calls 0 38948
@calls 0 38949
@calls 0 38950
@calls 0 38951
@calls 0 38952
@calls 0 38953
@calls 0 38954
@calls 0 38955
@calls 0 38956
@calls 0 38957
@calls 0 38958
@calls 0 38959
@calls 0 38960
@calls 0 38961
@calls 0 38962
@calls 0 38963
@calls 0 38964
@calls 0 38965
@calls 0 38966
@calls 0 38967
@calls 0 38968
@calls 0 38969
@calls 0 38970
@calls 0 38971
@calls 0 38972
@calls 0 38973
@calls 0 38974
@calls 0 38975
@calls 0 38976
@calls 0 38977
@calls 0 38978
@calls 0 38979
@calls 0 38980
@calls 0 38981
@calls 0 38982
@calls 0 38983
@calls 0 38984
@calls 0 38985
@calls 0 38986
@calls 0 38987
@calls 0 38988
@calls 0 38989
@calls 0 38990
@calls 0 38991
@calls 0 38992
@calls 0 38993
@calls 0 38994
@calls 0 38995
@calls 0 38996
@calls 0 38997
@calls 0 38998
@calls 0 38999
@calls 0 39000
@calls 0 39001
@calls 0 39002
@calls 0 39003
@calls 0 39004
@calls 0 39005
@calls 0 39006
@calls 0 39007
@calls 0 39008
@calls 0 39009
@calls 0 39010
@calls 0 39011
@calls 0 39012
@calls 0 39013
@calls 0 39014
@calls 0 39015
@calls 0 39016
@calls 0 39017
@calls 0 39018
@calls 0 39019
@calls 0 39020
@calls 0 39021
@calls 0 39022
@calls 0 39023
@calls 0 39024
@calls 0 39025
@calls 0 39026
@calls 0 39027
@calls 0 39028
@calls 0 39029
@calls 0 39030
@calls 0 39031
@calls 0 39032
@calls 0 39033
@calls 0 39034
@calls 0 39035
@calls 0 39036
@calls 0 39037
@calls 0 39038
@calls 0 39039
@calls 0 39040
@calls 0 39041
@calls 0 39042
@calls 0 39043
@calls 0 39044
@calls 0 39045
@calls 0 39046
@calls 0 39047
@calls 0 39048
@calls 0 39049
@calls 0 39050
@calls 0 39051
@calls 0 39052
@calls 0 39053
@calls 0 39054
@calls 0 39055
@calls 0 39056
@calls 0 39057
@calls 0 39058
@calls 0 39059
@calls 0 39060
@calls 0 39061
@calls 0 39062
@calls 0 39063
@calls 0 39064
@calls 0 39065
@calls 0 39066
@calls 0 39067
@calls 0 39068
@calls 0 39069
@calls 0 39070
@calls 0 39071
@calls 0 39072
@calls 0 39073
@calls 0 39074
@calls 0 39075
@calls 0 39076
@calls 0 39077
@calls 0 39078
@calls 0 39079
@calls 0 39080
@calls 0 39081
@calls 0 39082
@calls 0 39083
@calls 0 39084
@calls 0 39085
@calls 0 39086
@calls 0 39087
@calls 0 39088
@calls 0 39089
@calls 0 39090
@calls 0 39091
@calls 0 39092
@calls 0 39093
@calls 0 39094
@calls 0 39095
@calls 0 39096
@calls 0 39097
@calls 0 39098
@calls 0 39099
@calls 0 39100
@calls 0 39101
@calls 0 39102
@calls 0 39103
@calls 0 39104
@calls 0 39105
@calls 0 39106
@calls 0 39107
@calls 0 39108
@calls 0 39109
@calls 0 39110
@calls 0 39111
@calls 0 39112
@calls 0 39113
@calls 0 39114
@calls 0 39115
@calls 0 39116
@calls 0 39117
@calls 0 39118
@calls 0 39119
@calls 0 39120
@calls 0 39121
@calls 0 39122
@calls 0 39123
@calls 0 39124
@calls 0 39125
@calls 0 39126
@calls 0 39127
@calls 0 39128
@calls 0 39129
@calls 0 39130
@calls 0 39131
@calls 0 39132
@calls 0 39133
@calls 0 39134
@calls 0 39135
@calls 0 39136
@calls 0 39137
@calls 0 39138
@calls 0 39139
@calls 0 39140
@calls 0 39141
@calls 0 39142
@calls 0 39143
@calls 0 39144
@calls 0 39145
@calls 0 39146
@calls 0 39147
@calls 0 39148
@calls 0 39149
@calls 0 39150
@calls 0 39151
@calls 0 39152
@calls 0 39153
@calls 0 39154
@calls 0 39155
@calls 0 39156
@calls 0 39157
@calls 0 39158
@calls 0 39159
@calls 0 39160
@calls 0 39161
@calls 0 39162
@calls 0 39163
@calls 0 39164
@calls 0 39165
@calls 0 39166
@calls 0 39167
@calls 0 39168
@calls 0 39169
@calls 0 39170
@calls 0 39171
@calls 0 39172
@calls 0 39173
@calls 0 39174
@calls 0 39175
@calls 0 39176
@calls 0 39177
@calls 0 39178
@calls 0 39179
@calls 0 39180
@calls 0 39181
@calls 0 39182
@calls 0 39183
@calls 0 39184
@calls 0 39185
@calls 0 39186
@calls 0 39187
@calls 0 39188
@calls 0 39189
@calls 0 39190
@calls 0 39191
@calls 0 39192
@calls 0 39193
@calls 0 39194
@calls 0 39195
@calls 0 39196
@calls 0 39197
@calls 0 39198
@calls 0 39199
@calls 0 39200
@calls 0 39201
@calls 0 39202
@calls 0 39203
@calls 0 39204
@calls 0 39205
@calls 0 39206
@calls 0 39207
@calls 0 39208
@calls 0 39209
@calls 0 39210
@calls 0 39211
@calls 0 39212
@calls 0 39213
@calls 0 39214
@calls 0 39215
@calls 0 39216
@calls 0 39217
@calls 0 39218
@calls 0 39219
@calls 0 39220
@calls 0 39221
@calls 0 39222
@calls 0 39223
@calls 0 39224
@calls 0 39225
@calls 0 39226
@calls 0 39227
@calls 0 39228
@calls 0 39229
@calls 0 39230
@calls 0 39231
@calls 0 39232
@calls 0 39233
@calls 0 39234
@calls 0 39235
@calls 0 39236
@calls 0 39237
@calls 0 39238
@calls 0 39239
@calls 0 39240
@calls 0 39241
@calls 0 39242
@calls 0 39243
@calls 0 39244
@calls 0 39245
@calls 0 39246
@calls 0 39247
@calls 0 39248
@calls 0 39249
@calls 0 39250
@calls 0 39251
@calls 0 39252
@calls 0 39253
@calls 0 39254
@calls 0 39255
@calls 0 39256
@calls 0 39257
@calls 0 39258
@calls 0 39259
@calls 0 39260
@calls 0 39261
@calls 0 39262
@calls 0 39263
@calls 0 39264
@calls 0 39265
@calls 0 39266
@calls 0 39267
@calls 0 39268
@calls 0 39269
@calls 0 39270
@calls 0 39271
@calls 0 39272
@calls 0 39273
@calls 0 39274
@calls 0 39275
@calls 0 39276
@calls 0 39277
@calls 0 39278
@calls 0 39279
@calls 0 39280
@calls 0 39281
@calls 0 39282
@calls 0 39283
@calls 0 39284
@calls 0 39285
@calls 0 39286
@calls 0 39287
@calls 0 39288
@calls 0 39289
@calls 0 39290
@calls 0 39291
@calls 0 39292
@calls 0 39293
@calls 0 39294
@calls 0 39295
@calls 0 39296
@calls 0 39297
@calls 0 39298
@calls 0 39299
@calls 0 39300
@calls 0 39301
@calls 0 39302
@calls 0 39303
@calls 0 39304
@calls 0 39305
@calls 0 39306
@calls 0 39307
@calls 0 39308
@calls 0 39309
@calls 0 39310
@calls 0 39311
@calls 0 39312
@calls 0 39313
@calls 0 39314
@calls 0 39315
@calls 0 39316
@calls 0 39317
@calls 0 39318
@calls 0 39319
@calls 0 39320
@calls 0 39321
@calls 0 39322
@calls 0 39323
@calls 0 39324
@calls 0 39325
@calls 0 39326
@calls 0 39327
@calls 0 39328
@calls 0 39329
@calls 0 39330
@calls 0 39331
@calls 0 39332
@calls 0 39333
@calls 0 39334
@calls 0 39335
@calls 0 39336
@calls 0 39337
@calls 0 39338
@calls 0 39339
@calls 0 39340
@calls 0 39341
@calls 0 39342
@calls 0 39343
@calls 0 39344
@calls 0 39345
@calls 0 39346
@calls 0 39347
@calls 0 39348
@calls 0 39349
@calls 0 39350
@calls 0 39351
@calls 0 39352
@calls 0 39353
@calls 0 39354
@calls 0 39355
@calls 0 39356
@calls 0 39357
@calls 0 39358
@calls 0 39359
@calls 0 39360
@calls 0 39361
@calls 0 39362
@calls 0 39363
@calls 0 39364
@calls 0 39365
@calls 0 39366
@calls 0 39367
@calls 0 39368
@calls 0 39369
@calls 0 39370
@calls 0 39371
@calls 0 39372
@calls 0 39373
@calls 0 39374
@calls 0 39375
@calls 0 39376
@calls 0 39377
@calls 0 39378
@calls 0 39379
@calls 0 39380
@calls 0 39381
@calls 0 39382
@calls 0 39383
@calls 0 39384
@calls 0 39385
@calls 0 39386
@calls 0 39387
@calls 0 39388
@calls 0 39389
@calls 0 39390
@calls 0 39391
@calls 0 39392
@calls 0 39393
@calls 0 39394
@calls 0 39395
@calls 0 39396
@calls 0 39397
@calls 0 39398
@calls 0 39399
@calls 0 39400
@calls 0 39401
@calls 0 39402
@calls 0 39403
@calls 0 39404
@calls 0 39405
@calls 0 39406
@calls 0 39407
@calls 0 39408
@calls 0 39409
@calls 0 39410
@calls 0 39411
@calls 0 39412
@calls 0 39413
@calls 0 39414
@calls 0 39415
@calls 0 39416
@calls 0 39417
@calls 0 39418
@calls 0 39419
@calls 0 39420
@calls 0 39421
@calls 0 39422
@calls 0 39423
@calls 0 39424
@calls 0 39425
@calls 0 39426
@calls 0 39427
@calls 0 39428
@calls 0 39429
@calls 0 39430
@calls 0 39431
@calls 0 39432
@calls 0 39433
@calls 0 39434
@calls 0 39435
@calls 0 39436
@calls 0 39437
@calls 0 39438
@calls 0 39439
@calls 0 39440
@calls 0 39441
@calls 0 39442
@calls 0 39443
@calls 0 39444
@calls 0 39445
@calls 0 39446
@calls 0 39447
@calls 0 39448
@calls 0 39449
@calls 0 39450
@calls 0 39451
@calls 0 39452
@calls 0 39453
@calls 0 39454
@calls 0 39455
@calls 0 39456
@calls 0 39457
@calls 0 39458
@calls 0 39459
@calls 0 39460
@calls 0 39461
@calls 0 39462
@calls 0 39463
@calls 0 39464
@calls 0 39465
@calls 0 39466
@calls 0 39467
@calls 0 39468
@calls 0 39469
@calls 0 39470
@calls 0 39471
@calls 0 39472
@calls 0 39473
@calls 0 39474
@calls 0 39475
@calls 0 39476
@calls 0 39477
@calls 0 39478
@calls 0 39479
@calls 0 39480
@calls 0 39481
@calls 0 39482
@calls 0 39483
@calls 0 39484
@calls 0 39485
@calls 0 39486
@calls 0 39487
@calls 0 39488
@calls 0 39489
@calls 0 39490
@calls 0 39491
@calls 0 39492
@calls 0 39493
@calls 0 39494
@calls 0 39495
@calls 0 39496
@calls 0 39497
@calls 0 39498
@calls 0 39499
@calls 0 39500
@calls 0 39501
@calls 0 39502
@calls 0 39503
@calls 0 39504
@calls 0 39505
@calls 0 39506
@calls 0 39507
@calls 0 39508
@calls 0 39509
@calls 0 39510
@calls 0 39511
@calls 0 39512
@calls 0 39513
@calls 0 39514
@calls 0 39515
@calls 0 39516
@calls 0 39517
@calls 0 39518
@calls 0 39519
@calls 0 39520
@calls 0 39521
@calls 0 39522
@calls 0 39523
@calls 0 39524
@calls 0 39525
@calls 0 39526
@calls 0 39527
@calls 0 39528
@calls 0 39529
@calls 0 39530
@calls 0 39531
@calls 0 39532
@calls 0 39533
@calls 0 39534
@calls 0 39535
@calls 0 39536
@calls 0 39537
@calls 0 39538
@calls 0 39539
@calls 0 39540
@calls 0 39541
@calls 0 39542
@calls 0 39543
@calls 0 39544
@calls 0 39545
@calls 0 39546
@calls 0 39547
@calls 0 39548
@calls 0 39549
@calls 0 39550
@calls 0 39551
@calls 0 39552
@calls 0 39553
@calls 0 39554
@calls 0 39555
@calls 0 39556
@calls 0 39557
@calls 0 39558
@calls 0 39559
@calls 0 39560
@calls 0 39561
@calls 0 39562
@calls 0 39563
@calls 0 39564
@calls 0 39565
@calls 0 39566
@calls 0 39567
@calls 0 39568
@calls 0 39569
@calls 0 39570
@calls 0 39571
@calls 0 39572
@calls 0 39573
@calls 0 39574
@calls 0 39575
@calls 0 39576
@calls 0 39577
@calls 0 39578
@calls 0 39579
@calls 0 39580
@calls 0 39581
@calls 0 39582
@calls 0 39583
@calls 0 39584
@calls 0 39585
@calls 0 39586
@calls 0 39587
@calls 0 39588
@calls 0 39589
@calls 0 39590
@calls 0 39591
@calls 0 39592
@calls 0 39593
@calls 0 39594
@calls 0 39595
@calls 0 39596
@calls 0 39597
@calls 0 39598
@calls 0 39599
@calls 0 39600
@calls 0 39601
@calls 0 39602
@calls 0 39603
@calls 0 39604
@calls 0 39605
@calls 0 39606
@calls 0 39607
@calls 0 39608
@calls 0 39609
@calls 0 39610
@calls 0 39611
@calls 0 39612
@calls 0 39613
@calls 0 39614
@calls 0 39615
@calls 0 39616
@calls 0 39617
@calls 0 39618
@calls 0 39619
@calls 0 39620
@calls 0 39621
@calls 0 39622
@calls 0 39623
@calls 0 39624
@calls 0 39625
@calls 0 39626
@calls 0 39627
@calls 0 39628
@calls 0 39629
@calls 0 39630
@calls 0 39631
@calls 0 39632
@calls 0 39633
@calls 0 39634
@calls 0 39635
@calls 0 39636
@calls 0 39637
@calls 0 39638
@calls 0 39639
@calls 0 39640
@calls 0 39641
@calls 0 39642
@calls 0 39643
@calls 0 39644
@calls 0 39645
@calls 0 39646
@calls 0 39647
@calls 0 39648
@calls 0 39649
@calls 0 39650
@calls 0 39651
@calls 0 39652
@calls 0 39653
@calls 0 39654
@calls 0 39655
@calls 0 39656
@calls 0 39657
@calls 0 39658
@calls 0 39659
@calls 0 39660
@calls 0 39661
@calls 0 39662
@calls 0 39663
@calls 0 39664
@calls 0 39665
@calls 0 39666
@calls 0 39667
@calls 0 39668
@calls 0 39669
@calls 0 39670
@calls 0 39671
@calls 0 39672
@calls 0 39673
@calls 0 39674
@calls 0 39675
@calls 0 39676
@calls 0 39677
@calls 0 39678
@calls 0 39679
@calls 0 39680
@calls 0 39681
@calls 0 39682
@calls 0 39683
@calls 0 39684
@calls 0 39685
@calls 0 39686
@calls 0 39687
@calls 0 39688
@calls 0 39689
@calls 0 39690
@calls 0 39691
@calls 0 39692
@calls 0 39693
@calls 0 39694
@calls 0 39695
@calls 0 39696
@calls 0 39697
@calls 0 39698
@calls 0 39699
@calls 0 39700
@calls 0 39701
@calls 0 39702
@calls 0 39703
@calls 0 39704
@calls 0 39705
@calls 0 39706
@calls 0 39707
@calls 0 39708
@calls 0 39709
@calls 0 39710
@calls 0 39711
@calls 0 39712
@calls 0 39713
@calls 0 39714
@calls 0 39715
@calls 0 39716
@calls 0 39717
@calls 0 39718
@calls 0 39719
@calls 0 39720
@calls 0 39721
@calls 0 39722
@calls 0 39723
@calls 0 39724
@calls 0 39725
@calls 0 39726
@calls 0 39727
@calls 0 39728
@calls 0 39729
@calls 0 39730
@calls 0 39731
@calls 0 39732
@calls 0 39733
@calls 0 39734
@calls 0 39735
@calls 0 39736
@calls 0 39737
@calls 0 39738
@calls 0 39739
@calls 0 39740
@calls 0 39741
@calls 0 39742
@calls 0 39743
@calls 0 39744
@calls 0 39745
@calls 0 39746
@calls 0 39747
@calls 0 39748
@calls 0 39749
@calls 0 39750
@calls 0 39751
@calls 0 39752
@calls 0 39753
@calls 0 39754
@calls 0 39755
@calls 0 39756
@calls 0 39757
@calls 0 39758
@calls 0 39759
@calls 0 39760
@calls 0 39761
@calls 0 39762
@calls 0 39763
@calls 0 39764
@calls 0 39765
@calls 0 39766
@calls 0 39767
@calls 0 39768
@calls 0 39769
@calls 0 39770
@calls 0 39771
@calls 0 39772
@calls 0 39773
@calls 0 39774
@calls 0 39775
@calls 0 39776
@calls 0 39777
@calls 0 39778
@calls 0 39779
@calls 0 39780
@calls 0 39781
@calls 0 39782
@calls 0 39783
@calls 0 39784
@calls 0 39785
@calls 0 39786
@calls 0 39787
@calls 0 39788
@calls 0 39789
@calls 0 39790
@calls 0 39791
@calls 0 39792
@calls 0 39793
@calls 0 39794
@calls 0 39795
@calls 0 39796
@calls 0 39797
@calls 0 39798
@calls 0 39799
@calls 0 39800
@calls 0 39801
@calls 0 39802
@calls 0 39803
@calls 0 39804
@calls 0 39805
@calls 0 39806
@calls 0 39807
@calls 0 39808
@calls 0 39809
@calls 0 39810
@calls 0 39811
@calls 0 39812
@calls 0 39813
@calls 0 39814
@calls 0 39815
@calls 0 39816
@calls 0 39817
@calls 0 39818
@calls 0 39819
@calls 0 39820
@calls 0 39821
@calls 0 39822
@calls 0 39823
@calls 0 39824
@calls 0 39825
@calls 0 39826
@calls 0 39827
@calls 0 39828
@calls 0 39829
@calls 0 39830
@calls 0 39831
@calls 0 39832
@calls 0 39833
@calls 0 39834
@calls 0 39835
@calls 0 39836
@calls 0 39837
@calls 0 39838
@calls 0 39839
@calls 0 39840
@calls 0 39841
@calls 0 39842
@calls 0 39843
@calls 0 39844
@calls 0 39845
@calls 0 39846
@calls 0 39847
@calls 0 39848
@calls 0 39849
@calls 0 39850
@calls 0 39851
@calls 0 39852
@calls 0 39853
@calls 0 39854
@calls 0 39855
@calls 0 39856
@calls 0 39857
@calls 0 39858
@calls 0 39859
@calls 0 39860
@calls 0 39861
@calls 0 39862
@calls 0 39863
@calls 0 39864
@calls 0 39865
@calls 0 39866
@calls 0 39867
@calls 0 39868
@calls 0 39869
@calls 0 39870
@calls 0 39871
@calls 0 39872
@calls 0 39873
@calls 0 39874
@calls 0 39875
@calls 0 39876
@calls 0 39877
@calls 0 39878
@calls 0 39879
@calls 0 39880
@calls 0 39881
@calls 0 39882
@calls 0 39883
@calls 0 39884
@calls 0 39885
@calls 0 39886
@calls 0 39887
@calls 0 39888
@calls 0 39889
@calls 0 39890
@calls 0 39891
@calls 0 39892
@calls 0 39893
@calls 0 39894
@calls 0 39895
@calls 0 39896
@calls 0 39897
@calls 0 39898
@calls 0 39899
@calls 0 39900
@calls 0 39901
@calls 0 39902
@calls 0 39903
@calls 0 39904
@calls 0 39905
@calls 0 39906
@calls 0 39907
@calls 0 39908
@calls 0 39909
@calls 0 39910
@calls 0 39911
@calls 0 39912
@calls 0 39913
@calls 0 39914
@calls 0 39915
@calls 0 39916
@calls 0 39917
@calls 0 39918
@calls 0 39919
@calls 0 39920
@calls 0 39921
@calls 0 39922
@calls 0 39923
@calls 0 39924
@calls 0 39925
@calls 0 39926
@calls 0 39927
@calls 0 39928
@calls 0 39929
@calls 0 39930
@calls 0 39931
@calls 0 39932
@calls 0 39933
@calls 0 39934
@calls 0 39935
@calls 0 39936
@calls 0 39937
@calls 0 39938
@calls 0 39939
@calls 0 39940
@calls 0 39941
@calls 0 39942
@calls 0 39943
@calls 0 39944
@calls 0 39945
@calls 0 39946
@calls 0 39947
@calls 0 39948
@calls 0 39949
@calls 0 39950
@calls 0 39951
@calls 0 39952
@calls 0 39953
@calls 0 39954
@calls 0 39955
@calls 0 39956
@calls 0 39957
@calls 0 39958
@calls 0 39959
@calls 0 39960
@calls 0 39961
@calls 0 39962
@calls 0 39963
@calls 0 39964
@calls 0 39965
@calls 0 39966
@calls 0 39967
@calls 0 39968
@calls 0 39969
@calls 0 39970
@calls 0 39971
@calls 0 39972
@calls 0 39973
@calls 0 39974
@calls 0 39975
@calls 0 39976
@calls 0 39977
@calls 0 39978
@calls 0 39979
@calls 0 39980
@calls 0 39981
@calls 0 39982
@calls 0 39983
@calls 0 39984
@calls 0 39985
@calls 0 39986
@calls 0 39987
@calls 0 39988
@calls 0 39989
@calls 0 39990
@calls 0 39991
@calls 0 39992
@calls 0 39993
@calls 0 39994
@calls 0 39995
@calls 0 39996
@calls 0 39997
@calls 0 39998
@calls 0 39999
@calls 0 40000
@calls 0 40001
@calls 0 40002
@calls 0 40003
@calls 0 40004
@calls 0 40005
@calls 0 40006
@calls 0 40007
@calls 0 40008
@calls 0 40009
@calls 0 40010
@calls 0 40011
@calls 0 40012
@calls 0 40013
@calls 0 40014
@calls 0 40015
@calls 0 40016
@calls 0 40017
@calls 0 40018
@calls 0 40019
@calls 0 40020
@calls 0 40021
@calls 0 40022
@calls 0 40023
@calls 0 40024
@calls 0 40025
@calls 0 40026
@calls 0 40027
@calls 0 40028
@calls 0 40029
@calls 0 40030
@calls 0 40031
@calls 0 40032
@calls 0 40033
@calls 0 40034
@calls 0 40035
@calls 0 40036
@calls 0 40037
@calls 0 40038
@calls 0 40039
@calls 0 40040
@calls 0 40041
@calls 0 40042
@calls 0 40043
@calls 0 40044
@calls 0 40045
@calls 0 40046
@calls 0 40047
@calls 0 40048
@calls 0 40049
@calls 0 40050
@calls 0 40051
@calls 0 40052
@calls 0 40053
@calls 0 40054
@calls 0 40055
@calls 0 40056
@calls 0 40057
@calls 0 40058
@calls 0 40059
@calls 0 40060
@calls 0 40061
@calls 0 40062
@calls 0 40063
@calls 0 40064
@calls 0 40065
@calls 0 40066
@calls 0 40067
@calls 0 40068
@calls 0 40069
@calls 0 40070
@calls 0 40071
@calls 0 40072
@calls 0 40073
@calls 0 40074
@calls 0 40075
@calls 0 40076
@calls 0 40077
@calls 0 40078
@calls 0 40079
@calls 0 40080
@calls 0 40081
@calls 0 40082
@calls 0 40083
@calls 0 40084
@calls 0 40085
@calls 0 40086
@calls 0 40087
@calls 0 40088
@calls 0 40089
@calls 0 40090
@calls 0 40091
@calls 0 40092
@calls 0 40093
@calls 0 40094
@calls 0 40095
@calls 0 40096
@calls 0 40097
@calls 0 40098
@calls 0 40099
@calls 0 40100
@calls 0 40101
@calls 0 40102
@calls 0 40103
@calls 0 40104
@calls 0 40105
@calls 0 40106
@calls 0 40107
@calls 0 40108
@calls 0 40109
@calls 0 40110
@calls 0 40111
@calls 0 40112
@calls 0 40113
@calls 0 40114
@calls 0 40115
@calls 0 40116
@calls 0 40117
@calls 0 40118
@calls 0 40119
@calls 0 40120
@calls 0 40121
@calls 0 40122
@calls 0 40123
@calls 0 40124
@calls 0 40125
@calls 0 40126
@calls 0 40127
@calls 0 40128
@calls 0 40129
@calls 0 40130
@calls 0 40131
@calls 0 40132
@calls 0 40133
@calls 0 40134
@calls 0 40135
@calls 0 40136
@calls 0 40137
@calls 0 40138
@calls 0 40139
@calls 0 40140
@calls 0 40141
@calls 0 40142
@calls 0 40143
@calls 0 40144
@calls 0 40145
@calls 0 40146
@calls 0 40147
@calls 0 40148
@calls 0 40149
@calls 0 40150
@calls 0 40151
@calls 0 40152
@calls 0 40153
@calls 0 40154
@calls 0 40155
@calls 0 40156
@calls 0 40157
@calls 0 40158
@calls 0 40159
@calls 0 40160
@calls 0 40161
@calls 0 40162
@calls 0 40163
@calls 0 40164
@calls 0 40165
@calls 0 40166
@calls 0 40167
@calls 0 40168
@calls 0 40169
@calls 0 40170
@calls 0 40171
@calls 0 40172
@calls 0 40173
@calls 0 40174
@calls 0 40175
@calls 0 40176
@calls 0 40177
@calls 0 40178
@calls 0 40179
@calls 0 40180
@calls 0 40181
@calls 0 40182
@calls 0 40183
@calls 0 40184
@calls 0 40185
@calls 0 40186
@calls 0 40187
@calls 0 40188
@calls 0 40189
@calls 0 40190
@calls 0 40191
@calls 0 40192
@calls 0 40193
@calls 0 40194
@calls 0 40195
@calls 0 40196
@calls 0 40197
@calls 0 40198
@calls 0 40199
@calls 0 40200
@calls 0 40201
@calls 0 40202
@calls 0 40203
@calls 0 40204
@calls 0 40205
@calls 0 40206
@calls 0 40207
@calls 0 40208
@calls 0 40209
@calls 0 40210
@calls 0 40211
@calls 0 40212
@calls 0 40213
@calls 0 40214
@calls 0 40215
@calls 0 40216
@calls 0 40217
@calls 0 40218
@calls 0 40219
@calls 0 40220
@calls 0 40221
@calls 0 40222
@calls 0 40223
@calls 0 40224
@calls 0 40225
@calls 0 40226
@calls 0 40227
@calls 0 40228
@calls 0 40229
@calls 0 40230
@calls 0 40231
@calls 0 40232
@calls 0 40233
@calls 0 40234
@calls 0 40235
@calls 0 40236
@calls 0 40237
@calls 0 40238
@calls 0 40239
@calls 0 40240
@calls 0 40241
@calls 0 40242
@calls 0 40243
@calls 0 40244
@calls 0 40245
@calls 0 40246
@calls 0 40247
@calls 0 40248
@calls 0 40249
@calls 0 40250
@calls 0 40251
@calls 0 40252
@calls 0 40253
@calls 0 40254
@calls 0 40255
@calls 0 40256
@calls 0 40257
@calls 0 40258
@calls 0 40259
@calls 0 40260
@calls 0 40261
@calls 0 40262
@calls 0 40263
@calls 0 40264
@calls 0 40265
@calls 0 40266
@calls 0 40267
@calls 0 40268
@calls 0 40269
@calls 0 40270
@calls 0 40271
@calls 0 40272
@calls 0 40273
@calls 0 40274
@calls 0 40275
@calls 0 40276
@calls 0 40277
@calls 0 40278
@calls 0 40279
@calls 0 40280
@calls 0 40281
@calls 0 40282
@calls 0 40283
@calls 0 40284
@calls 0 40285
@calls 0 40286
@calls 0 40287
@calls 0 40288
@calls 0 40289
@calls 0 40290
@calls 0 40291
@calls 0 40292
@calls 0 40293
@calls 0 40294
@calls 0 40295
@calls 0 40296
@calls 0 40297
@calls 0 40298
@calls 0 40299
@calls 0 40300
@calls 0 40301
@calls 0 40302
@calls 0 40303
@calls 0 40304
@calls 0 40305
@calls 0 40306
@calls 0 40307
@calls 0 40308
@calls 0 40309
@calls 0 40310
@calls 0 40311
@calls 0 40312
@calls 0 40313
@calls 0 40314
@calls 0 40315
@calls 0 40316
@calls 0 40317
@calls 0 40318
@calls 0 40319
@calls 0 40320
@calls 0 40321
@calls 0 40322
@calls 0 40323
@calls 0 40324
@calls 0 40325
@calls 0 40326
@calls 0 40327
@calls 0 40328
@calls 0 40329
@calls 0 40330
@calls 0 40331
@calls 0 40332
@calls 0 40333
@calls 0 40334
@calls 0 40335
@calls 0 40336
@calls 0 40337
@calls 0 40338
@calls 0 40339
@calls 0 40340
@calls 0 40341
@calls 0 40342
@calls 0 40343
@calls 0 40344
@calls 0 40345
@calls 0 40346
@calls 0 40347
@calls 0 40348
@calls 0 40349
@calls 0 40350
@calls 0 40351
@calls 0 40352
@calls 0 40353
@calls 0 40354
@calls 0 40355
@calls 0 40356
@calls 0 40357
@calls 0 40358
@calls 0 40359
@calls 0 40360
@calls 0 40361
@calls 0 40362
@calls 0 40363
@calls 0 40364
@calls 0 40365
@calls 0 40366
@calls 0 40367
@calls 0 40368
@calls 0 40369
@calls 0 40370
@calls 0 40371
@calls 0 40372
@calls 0 40373
@calls 0 40374
@calls 0 40375
@calls 0 40376
@calls 0 40377
@calls 0 40378
@calls 0 40379
@calls 0 40380
@calls 0 40381
@calls 0 40382
@calls 0 40383
@calls 0 40384
@calls 0 40385
@calls 0 40386
@calls 0 40387
@calls 0 40388
@calls 0 40389
@calls 0 40390
@calls 0 40391
@calls 0 40392
@calls 0 40393
@calls 0 40394
@calls 0 40395
@calls 0 40396
@calls 0 40397
@calls 0 40398
@calls 0 40399
@calls 0 40400
@calls 0 40401
@calls 0 40402
@calls 0 40403
@calls 0 40404
@calls 0 40405
@calls 0 40406
@calls 0 40407
@calls 0 40408
@calls 0 40409
@calls 0 40410
@calls 0 40411
@calls 0 40412
@calls 0 40413
@calls 0 40414
@calls 0 40415
@calls 0 40416
@calls 0 40417
@calls 0 40418
@calls 0 40419
@calls 0 40420
@calls 0 40421
@calls 0 40422
@calls 0 40423
@calls 0 40424
@calls 0 40425
@calls 0 40426
@calls 0 40427
@calls 0 40428
@calls 0 40429
@calls 0 40430
@calls 0 40431
@calls 0 40432
@calls 0 40433
@calls 0 40434
@calls 0 40435
@calls 0 40436
@calls 0 40437
@calls 0 40438
@calls 0 40439
@calls 0 40440
@calls 0 40441
@calls 0 40442
@calls 0 40443
@calls 0 40444
@calls 0 40445
@calls 0 40446
@calls 0 40447
@calls 0 40448
@calls 0 40449
@calls 0 40450
@calls 0 40451
@calls 0 40452
@calls 0 40453
@calls 0 40454
@calls 0 40455
@calls 0 40456
@calls 0 40457
@calls 0 40458
@calls 0 40459
@calls 0 40460
@calls 0 40461
@calls 0 40462
@calls 0 40463
@calls 0 40464
@calls 0 40465
@calls 0 40466
@calls 0 40467
@calls 0 40468
@calls 0 40469
@calls 0 40470
@calls 0 40471
@calls 0 40472
@calls 0 40473
@calls 0 40474
@calls 0 40475
@calls 0 40476
@calls 0 40477
@calls 0 40478
@calls 0 40479
@calls 0 40480
@calls 0 40481
@calls 0 40482
@calls 0 40483
@calls 0 40484
@calls 0 40485
@calls 0 40486
@calls 0 40487
@calls 0 40488
@calls 0 40489
@calls 0 40490
@calls 0 40491
@calls 0 40492
@calls 0 40493
@calls 0 40494
@calls 0 40495
@calls 0 40496
@calls 0 40497
@calls 0 40498
@calls 0 40499
@calls 0 40500
@calls 0 40501
@calls 0 40502
@calls 0 40503
@calls 0 40504
@calls 0 40505
@calls 0 40506
@calls 0 40507
@calls 0 40508
@calls 0 40509
@calls 0 40510
@calls 0 40511
@calls 0 40512
@calls 0 40513
@calls 0 40514
@calls 0 40515
@calls 0 40516
@calls 0 40517
@calls 0 40518
@calls 0 40519
@calls 0 40520
@calls 0 40521
@calls 0 40522
@calls 0 40523
@calls 0 40524
@calls 0 40525
@calls 0 40526
@calls 0 40527
@calls 0 40528
@calls 0 40529
@calls 0 40530
@calls 0 40531
@calls 0 40532
@calls 0 40533
@calls 0 40534
@calls 0 40535
@calls 0 40536
@calls 0 40537
@calls 0 40538
@calls 0 40539
@calls 0 40540
@calls 0 40541
@calls 0 40542
@calls 0 40543
@calls 0 40544
@calls 0 40545
@calls 0 40546
@calls 0 40547
@calls 0 40548
@calls 0 40549
@calls 0 40550
@calls 0 40551
@calls 0 40552
@calls 0 40553
@calls 0 40554
@calls 0 40555
@calls 0 40556
@calls 0 40557
@calls 0 40558
@calls 0 40559
@calls 0 40560
@calls 0 40561
@calls 0 40562
@calls 0 40563
@calls 0 40564
@calls 0 40565
@calls 0 40566
@calls 0 40567
@calls 0 40568
@calls 0 40569
@calls 0 40570
@calls 0 40571
@calls 0 40572
@calls 0 40573
@calls 0 40574
@calls 0 40575
@calls 0 40576
@calls 0 40577
@calls 0 40578
@calls 0 40579
@calls 0 40580
@calls 0 40581
@calls 0 40582
@calls 0 40583
@calls 0 40584
@calls 0 40585
@calls 0 40586
@calls 0 40587
@calls 0 40588
@calls 0 40589
@calls 0 40590
@calls 0 40591
@calls 0 40592
@calls 0 40593
@calls 0 40594
@calls 0 40595
@calls 0 40596
@calls 0 40597
@calls 0 40598
@calls 0 40599
@calls 0 40600
@calls 0 40601
@calls 0 40602
@calls 0 40603
@calls 0 40604
@calls 0 40605
@calls 0 40606
@calls 0 40607
@calls 0 40608
@calls 0 40609
@calls 0 40610
@calls 0 40611
@calls 0 40612
@calls 0 40613
@calls 0 40614
@calls 0 40615
@calls 0 40616
@calls 0 40617
@calls 0 40618
@calls 0 40619
@calls 0 40620
@calls 0 40621
@calls 0 40622
@calls 0 40623
@calls 0 40624
@calls 0 40625
@calls 0 40626
@calls 0 40627
@calls 0 40628
@calls 0 40629
@calls 0 40630
@calls 0 40631
@calls 0 40632
@calls 0 40633
@calls 0 40634
@calls 0 40635
@calls 0 40636
@calls 0 40637
@calls 0 40638
@calls 0 40639
@calls 0 40640
@calls 0 40641
@calls 0 40642
@calls 0 40643
@calls 0 40644
@calls 0 40645
@calls 0 40646
@calls 0 40647
@calls 0 40648
@calls 0 40649
@calls 0 40650
@calls 0 40651
@calls 0 40652
@calls 0 40653
@calls 0 40654
@calls 0 40655
@calls 0 40656
@calls 0 40657
@calls 0 40658
@calls 0 40659
@calls 0 40660
@calls 0 40661
@calls 0 40662
@calls 0 40663
@calls 0 40664
@calls 0 40665
@calls 0 40666
@calls 0 40667
@calls 0 40668
@calls 0 40669
@calls 0 40670
@calls 0 40671
@calls 0 40672
@calls 0 40673
@calls 0 40674
@calls 0 40675
@calls 0 40676
@calls 0 40677
@calls 0 40678
@calls 0 40679
@calls 0 40680
@calls 0 40681
@calls 0 40682
@calls 0 40683
@calls 0 40684
@calls 0 40685
@calls 0 40686
@calls 0 40687
@calls 0 40688
@calls 0 40689
@calls 0 40690
@calls 0 40691
@calls 0 40692
@calls 0 40693
@calls 0 40694
@calls 0 40695
@calls 0 40696
@calls 0 40697
@calls 0 40698
@calls 0 40699
@calls 0 40700
@calls 0 40701
@calls 0 40702
@calls 0 40703
@calls 0 40704
@calls 0 40705
@calls 0 40706
@calls 0 40707
@calls 0 40708
@calls 0 40709
@calls 0 40710
@calls 0 40711
@calls 0 40712
@calls 0 40713
@calls 0 40714
@calls 0 40715
@calls 0 40716
@calls 0 40717
@calls 0 40718
@calls 0 40719
@calls 0 40720
@calls 0 40721
@calls 0 40722
@calls 0 40723
@calls 0 40724
@calls 0 40725
@calls 0 40726
@calls 0 40727
@calls 0 40728
@calls 0 40729
@calls 0 40730
@calls 0 40731
@calls 0 40732
@calls 0 40733
@calls 0 40734
@calls 0 40735
@calls 0 40736
@calls 0 40737
@calls 0 40738
@calls 0 40739
@calls 0 40740
@calls 0 40741
@calls 0 40742
@calls 0 40743
@calls 0 40744
@calls 0 40745
@calls 0 40746
@calls 0 40747
@calls 0 40748
@calls 0 40749
@calls 0 40750
@calls 0 40751
@calls 0 40752
@calls 0 40753
@calls 0 40754
@calls 0 40755
@calls 0 40756
@calls 0 40757
@calls 0 40758
@calls 0 40759
@calls 0 40760
@calls 0 40761
@calls 0 40762
@calls 0 40763
@calls 0 40764
@calls 0 40765
@calls 0 40766
@calls 0 40767
@calls 0 40768
@calls 0 40769
@calls 0 40770
@calls 0 40771
@calls 0 40772
@calls 0 40773
@calls 0 40774
@calls 0 40775
@calls 0 40776
@calls 0 40777
@calls 0 40778
@calls 0 40779
@calls 0 40780
@calls 0 40781
@calls 0 40782
@calls 0 40783
@calls 0 40784
@calls 0 40785
@calls 0 40786
@calls 0 40787
@calls 0 40788
@calls 0 40789
@calls 0 40790
@calls 0 40791
@calls 0 40792
@calls 0 40793
@calls 0 40794
@calls 0 40795
@calls 0 40796
@calls 0 40797
@calls 0 40798
@calls 0 40799
@calls 0 40800
@calls 0 40801
@calls 0 40802
@calls 0 40803
@calls 0 40804
@calls 0 40805
@calls 0 40806
@calls 0 40807
@calls 0 40808
@calls 0 40809
@calls 0 40810
@calls 0 40811
@calls 0 40812
@calls 0 40813
@calls 0 40814
@calls 0 40815
@calls 0 40816
@calls 0 40817
@calls 0 40818
@calls 0 40819
@calls 0 40820
@calls 0 40821
@calls 0 40822
@calls 0 40823
@calls 0 40824
@calls 0 40825
@calls 0 40826
@calls 0 40827
@calls 0 40828
@calls 0 40829
@calls 0 40830
@calls 0 40831
@calls 0 40832
@calls 0 40833
@calls 0 40834
@calls 0 40835
@calls 0 40836
@calls 0 40837
@calls 0 40838
@calls 0 40839
@calls 0 40840
@calls 0 40841
@calls 0 40842
@calls 0 40843
@calls 0 40844
@calls 0 40845
@calls 0 40846
@calls 0 40847
@calls 0 40848
@calls 0 40849
@calls 0 40850
@calls 0 40851
@calls 0 40852
@calls 0 40853
@calls 0 40854
@calls 0 40855
@calls 0 40856
@calls 0 40857
@calls 0 40858
@calls 0 40859
@calls 0 40860
@calls 0 40861
@calls 0 40862
@calls 0 40863
@calls 0 40864
@calls 0 40865
@calls 0 40866
@calls 0 40867
@calls 0 40868
@calls 0 40869
@calls 0 40870
@calls 0 40871
@calls 0 40872
@calls 0 40873
@calls 0 40874
@calls 0 40875
@calls 0 40876
@calls 0 40877
@calls 0 40878
@calls 0 40879
@calls 0 40880
@calls 0 40881
@calls 0 40882
@calls 0 40883
@calls 0 40884
@calls 0 40885
@calls 0 40886
@calls 0 40887
@calls 0 40888
@calls 0 40889
@calls 0 40890
@calls 0 40891
@calls 0 40892
@calls 0 40893
@calls 0 40894
@calls 0 40895
@calls 0 40896
@calls 0 40897
@calls 0 40898
@calls 0 40899
@calls 0 40900
@calls 0 40901
@calls 0 40902
@calls 0 40903
@calls 0 40904
@calls 0 40905
@calls 0 40906
@calls 0 40907
@calls 0 40908
@calls 0 40909
@calls 0 40910
@calls 0 40911
@calls 0 40912
@calls 0 40913
@calls 0 40914
@calls 0 40915
@calls 0 40916
@calls 0 40917
@calls 0 40918
@calls 0 40919
@calls 0 40920
@calls 0 40921
@calls 0 40922
@calls 0 40923
@calls 0 40924
@calls 0 40925
@calls 0 40926
@calls 0 40927
@calls 0 40928
@calls 0 40929
@calls 0 40930
@calls 0 40931
@calls 0 40932
@calls 0 40933
@calls 0 40934
@calls 0 40935
@calls 0 40936
@calls 0 40937
@calls 0 40938
@calls 0 40939
@calls 0 40940
@calls 0 40941
@calls 0 40942
@calls 0 40943
@calls 0 40944
@calls 0 40945
@calls 0 40946
@calls 0 40947
@calls 0 40948
@calls 0 40949
@calls 0 40950
@calls 0 40951
@calls 0 40952
@calls 0 40953
@calls 0 40954
@calls 0 40955
@calls 0 40956
@calls 0 40957
@calls 0 40958
@calls 0 40959
@calls 0 40960
@calls 0 40961
@calls 0 40962
@calls 0 40963
@calls 0 40964
@calls 0 40965
@calls 0 40966
@calls 0 40967
@calls 0 40968
@calls 0 40969
@calls 0 40970
@calls 0 40971
@calls 0 40972
@calls 0 40973
@calls 0 40974
@calls 0 40975
@calls 0 40976
@calls 0 40977
@calls 0 40978
@calls 0 40979
@calls 0 40980
@calls 0 40981
@calls 0 40982
@calls 0 40983
@calls 0 40984
@calls 0 40985
@calls 0 40986
@calls 0 40987
@calls 0 40988
@calls 0 40989
@calls 0 40990
@calls 0 40991
@calls 0 40992
@calls 0 40993
@calls 0 40994
@calls 0 40995
@calls 0 40996
@calls 0 40997
@calls 0 40998
@calls 0 40999
@calls 0 41000
@calls 0 41001
@calls 0 41002
@calls 0 41003
@calls 0 41004
@calls 0 41005
@calls 0 41006
@calls 0 41007
@calls 0 41008
@calls 0 41009
@calls 0 41010
@calls 0 41011
@calls 0 41012
@calls 0 41013
@calls 0 41014
@calls 0 41015
@calls 0 41016
@calls 0 41017
@calls 0 41018
@calls 0 41019
@calls 0 41020
@calls 0 41021
@calls 0 41022
@calls 0 41023
@calls 0 41024
@calls 0 41025
@calls 0 41026
@calls 0 41027
@calls 0 41028
@calls 0 41029
@calls 0 41030
@calls 0 41031
@calls 0 41032
@calls 0 41033
@calls 0 41034
@calls 0 41035
@calls 0 41036
@calls 0 41037
@calls 0 41038
@calls 0 41039
@calls 0 41040
@calls 0 41041
@calls 0 41042
@calls 0 41043
@calls 0 41044
@calls 0 41045
@calls 0 41046
@calls 0 41047
@calls 0 41048
@calls 0 41049
@calls 0 41050
@calls 0 41051
@calls 0 41052
@calls 0 41053
@calls 0 41054
@calls 0 41055
@calls 0 41056
@calls 0 41057
@calls 0 41058
@calls 0 41059
@calls 0 41060
@calls 0 41061
@calls 0 41062
@calls 0 41063
@calls 0 41064
@calls 0 41065
@calls 0 41066
@calls 0 41067
@calls 0 41068
@calls 0 41069
@calls 0 41070
@calls 0 41071
@calls 0 41072
@calls 0 41073
@calls 0 41074
@calls 0 41075
@calls 0 41076
@calls 0 41077
@calls 0 41078
@calls 0 41079
@calls 0 41080
@calls 0 41081
@calls 0 41082
@calls 0 41083
@calls 0 41084
@calls 0 41085
@calls 0 41086
@calls 0 41087
@calls 0 41088
@calls 0 41089
@calls 0 41090
@calls 0 41091
@calls 0 41092
@calls 0 41093
@calls 0 41094
@calls 0 41095
@calls 0 41096
@calls 0 41097
@calls 0 41098
@calls 0 41099
@calls 0 41100
@calls 0 41101
@calls 0 41102
@calls 0 41103
@calls 0 41104
@calls 0 41105
@calls 0 41106
@calls 0 41107
@calls 0 41108
@calls 0 41109
@calls 0 41110
@calls 0 41111
@calls 0 41112
@calls 0 41113
@calls 0 41114
@calls 0 41115
@calls 0 41116
@calls 0 41117
@calls 0 41118
@calls 0 41119
@calls 0 41120
@calls 0 41121
@calls 0 41122
@calls 0 41123
@calls 0 41124
@calls 0 41125
@calls 0 41126
@calls 0 41127
@calls 0 41128
@calls 0 41129
@calls 0 41130
@calls 0 41131
@calls 0 41132
@calls 0 41133
@calls 0 41134
@calls 0 41135
@calls 0 41136
@calls 0 41137
@calls 0 41138
@calls 0 41139
@calls 0 41140
@calls 0 41141
@calls 0 41142
@calls 0 41143
@calls 0 41144
@calls 0 41145
@calls 0 41146
@calls 0 41147
@calls 0 41148
@calls 0 41149
@calls 0 41150
@calls 0 41151
@calls 0 41152
@calls 0 41153
@calls 0 41154
@calls 0 41155
@calls 0 41156
@calls 0 41157
@calls 0 41158
@calls 0 41159
@calls 0 41160
@calls 0 41161
@calls 0 41162
@calls 0 41163
@calls 0 41164
@calls 0 41165
@calls 0 41166
@calls 0 41167
@calls 0 41168
@calls 0 41169
@calls 0 41170
@calls 0 41171
@calls 0 41172
@calls 0 41173
@calls 0 41174
@calls 0 41175
@calls 0 41176
@calls 0 41177
@calls 0 41178
@calls 0 41179
@calls 0 41180
@calls 0 41181
@calls 0 41182
@calls 0 41183
@calls 0 41184
@calls 0 41185
@calls 0 41186
@calls 0 41187
@calls 0 41188
@calls 0 41189
@calls 0 41190
@calls 0 41191
@calls 0 41192
@calls 0 41193
@calls 0 41194
@calls 0 41195
@calls 0 41196
@calls 0 41197
@calls 0 41198
@calls 0 41199
@calls 0 41200
@calls 0 41201
@calls 0 41202
@calls 0 41203
@calls 0 41204
@calls 0 41205
@calls 0 41206
@calls 0 41207
@calls 0 41208
@calls 0 41209
@calls 0 41210
@calls 0 41211
@calls 0 41212
@calls 0 41213
@calls 0 41214
@calls 0 41215
@calls 0 41216
@calls 0 41217
@calls 0 41218
@calls 0 41219
@calls 0 41220
@calls 0 41221
@calls 0 41222
@calls 0 41223
@calls 0 41224
@calls 0 41225
@calls 0 41226
@calls 0 41227
@calls 0 41228
@calls 0 41229
@calls 0 41230
@calls 0 41231
@calls 0 41232
@calls 0 41233
@calls 0 41234
@calls 0 41235
@calls 0 41236
@calls 0 41237
@calls 0 41238
@calls 0 41239
@calls 0 41240
@calls 0 41241
@calls 0 41242
@calls 0 41243
@calls 0 41244
@calls 0 41245
@calls 0 41246
@calls 0 41247
@calls 0 41248
@calls 0 41249
@calls 0 41250
@calls 0 41251
@calls 0 41252
@calls 0 41253
@calls 0 41254
@calls 0 41255
@calls 0 41256
@calls 0 41257
@calls 0 41258
@calls 0 41259
@calls 0 41260
@calls 0 41261
@calls 0 41262
@calls 0 41263
@calls 0 41264
@calls 0 41265
@calls 0 41266
@calls 0 41267
@calls 0 41268
@calls 0 41269
@calls 0 41270
@calls 0 41271
@calls 0 41272
@calls 0 41273
@calls 0 41274
@calls 0 41275
@calls 0 41276
@calls 0 41277
@calls 0 41278
@calls 0 41279
@calls 0 41280
@calls 0 41281
@calls 0 41282
@calls 0 41283
@calls 0 41284
@calls 0 41285
@calls 0 41286
@calls 0 41287
@calls 0 41288
@calls 0 41289
@calls 0 41290
@calls 0 41291
@calls 0 41292
@calls 0 41293
@calls 0 41294
@calls 0 41295
@calls 0 41296
@calls 0 41297
@calls 0 41298
@calls 0 41299
@calls 0 41300
@calls 0 41301
@calls 0 41302
@calls 0 41303
@calls 0 41304
@calls 0 41305
@calls 0 41306
@calls 0 41307
@calls 0 41308
@calls 0 41309
@calls 0 41310
@calls 0 41311
@calls 0 41312
@calls 0 41313
@calls 0 41314
@calls 0 41315
@calls 0 41316
@calls 0 41317
@calls 0 41318
@calls 0 41319
@calls 0 41320
@calls 0 41321
@calls 0 41322
@calls 0 41323
@calls 0 41324
@calls 0 41325
@calls 0 41326
@calls 0 41327
@calls 0 41328
@calls 0 41329
@calls 0 41330
@calls 0 41331
@calls 0 41332
@calls 0 41333
@calls 0 41334
@calls 0 41335
@calls 0 41336
@calls 0 41337
@calls 0 41338
@calls 0 41339
@calls 0 41340
@calls 0 41341
@calls 0 41342
@calls 0 41343
@calls 0 41344
@calls 0 41345
@calls 0 41346
@calls 0 41347
@calls 0 41348
@calls 0 41349
@calls 0 41350
@calls 0 41351
@calls 0 41352
@calls 0 41353
@calls 0 41354
@calls 0 41355
@calls 0 41356
@calls 0 41357
@calls 0 41358
@calls 0 41359
@calls 0 41360
@calls 0 41361
@calls 0 41362
@calls 0 41363
@calls 0 41364
@calls 0 41365
@calls 0 41366
@calls 0 41367
@calls 0 41368
@calls 0 41369
@calls 0 41370
@calls 0 41371
@calls 0 41372
@calls 0 41373
@calls 0 41374
@calls 0 41375
@calls 0 41376
@calls 0 41377
@calls 0 41378
@calls 0 41379
@calls 0 41380
@calls 0 41381
@calls 0 41382
@calls 0 41383
@calls 0 41384
@calls 0 41385
@calls 0 41386
@calls 0 41387
@calls 0 41388
@calls 0 41389
@calls 0 41390
@calls 0 41391
@calls 0 41392
@calls 0 41393
@calls 0 41394
@calls 0 41395
@calls 0 41396
@calls 0 41397
@calls 0 41398
@calls 0 41399
@calls 0 41400
@calls 0 41401
@calls 0 41402
@calls 0 41403
@calls 0 41404
@calls 0 41405
@calls 0 41406
@calls 0 41407
@calls 0 41408
@calls 0 41409
@calls 0 41410
@calls 0 41411
@calls 0 41412
@calls 0 41413
@calls 0 41414
@calls 0 41415
@calls 0 41416
@calls 0 41417
@calls 0 41418
@calls 0 41419
@calls 0 41420
@calls 0 41421
@calls 0 41422
@calls 0 41423
@calls 0 41424
@calls 0 41425
@calls 0 41426
@calls 0 41427
@calls 0 41428
@calls 0 41429
@calls 0 41430
@calls 0 41431
@calls 0 41432
@calls 0 41433
@calls 0 41434
@calls 0 41435
@calls 0 41436
@calls 0 41437
@calls 0 41438
@calls 0 41439
@calls 0 41440
@calls 0 41441
@calls 0 41442
@calls 0 41443
@calls 0 41444
@calls 0 41445
@calls 0 41446
@calls 0 41447
@calls 0 41448
@calls 0 41449
@calls 0 41450
@calls 0 41451
@calls 0 41452
@calls 0 41453
@calls 0 41454
@calls 0 41455
@calls 0 41456
@calls 0 41457
@calls 0 41458
@calls 0 41459
@calls 0 41460
@calls 0 41461
@calls 0 41462
@calls 0 41463
@calls 0 41464
@calls 0 41465
@calls 0 41466
@calls 0 41467
@calls 0 41468
@calls 0 41469
@calls 0 41470
@calls 0 41471
@calls 0 41472
@calls 0 41473
@calls 0 41474
@calls 0 41475
@calls 0 41476
@calls 0 41477
@calls 0 41478
@calls 0 41479
@calls 0 41480
@calls 0 41481
@calls 0 41482
@calls 0 41483
@calls 0 41484
@calls 0 41485
@calls 0 41486
@calls 0 41487
@calls 0 41488
@calls 0 41489
@calls 0 41490
@calls 0 41491
@calls 0 41492
@calls 0 41493
@calls 0 41494
@calls 0 41495
@calls 0 41496
@calls 0 41497
@calls 0 41498
@calls 0 41499
@calls 0 41500
@calls 0 41501
@calls 0 41502
@calls 0 41503
@calls 0 41504
@calls 0 41505
@calls 0 41506
@calls 0 41507
@calls 0 41508
@calls 0 41509
@calls 0 41510
@calls 0 41511
@calls 0 41512
@calls 0 41513
@calls 0 41514
@calls 0 41515
@calls 0 41516
@calls 0 41517
@calls 0 41518
@calls 0 41519
@calls 0 41520
@calls 0 41521
@calls 0 41522
@calls 0 41523
@calls 0 41524
@calls 0 41525
@calls 0 41526
@calls 0 41527
@calls 0 41528
@calls 0 41529
@calls 0 41530
@calls 0 41531
@calls 0 41532
@calls 0 41533
@calls 0 41534
@calls 0 41535
@calls 0 41536
@calls 0 41537
@calls 0 41538
@calls 0 41539
@calls 0 41540
@calls 0 41541
@calls 0 41542
@calls 0 41543
@calls 0 41544
@calls 0 41545
@calls 0 41546
@calls 0 41547
@calls 0 41548
@calls 0 41549
@calls 0 41550
@calls 0 41551
@calls 0 41552
@calls 0 41553
@calls 0 41554
@calls 0 41555
@calls 0 41556
@calls 0 41557
@calls 0 41558
@calls 0 41559
@calls 0 41560
@calls 0 41561
@calls 0 41562
@calls 0 41563
@calls 0 41564
@calls 0 41565
@calls 0 41566
@calls 0 41567
@calls 0 41568
@calls 0 41569
@calls 0 41570
@calls 0 41571
@calls 0 41572
@calls 0 41573
@calls 0 41574
@calls 0 41575
@calls 0 41576
@calls 0 41577
@calls 0 41578
@calls 0 41579
@calls 0 41580
@calls 0 41581
@calls 0 41582
@calls 0 41583
@calls 0 41584
@calls 0 41585
@calls 0 41586
@calls 0 41587
@calls 0 41588
@calls 0 41589
@calls 0 41590
@calls 0 41591
@calls 0 41592
@calls 0 41593
@calls 0 41594
@calls 0 41595
@calls 0 41596
@calls 0 41597
@calls 0 41598
@calls 0 41599
@calls 0 41600
@calls 0 41601
@calls 0 41602
@calls 0 41603
@calls 0 41604
@calls 0 41605
@calls 0 41606
@calls 0 41607
@calls 0 41608
@calls 0 41609
@calls 0 41610
@calls 0 41611
@calls 0 41612
@calls 0 41613
@calls 0 41614
@calls 0 41615
@calls 0 41616
@calls 0 41617
@calls 0 41618
@calls 0 41619
@calls 0 41620
@calls 0 41621
@calls 0 41622
@calls 0 41623
@calls 0 41624
@calls 0 41625
@calls 0 41626
@calls 0 41627
@calls 0 41628
@calls 0 41629
@calls 0 41630
@calls 0 41631
@calls 0 41632
@calls 0 41633
@calls 0 41634
@calls 0 41635
@calls 0 41636
@calls 0 41637
@calls 0 41638
@calls 0 41639
@calls 0 41640
@calls 0 41641
@calls 0 41642
@calls 0 41643
@calls 0 41644
@calls 0 41645
@calls 0 41646
@calls 0 41647
@calls 0 41648
@calls 0 41649
@calls 0 41650
@calls 0 41651
@calls 0 41652
@calls 0 41653
@calls 0 41654
@calls 0 41655
@calls 0 41656
@calls 0 41657
@calls 0 41658
@calls 0 41659
@calls 0 41660
@calls 0 41661
@calls 0 41662
@calls 0 41663
@calls 0 41664
@calls 0 41665
@calls 0 41666
@calls 0 41667
@calls 0 41668
@calls 0 41669
@calls 0 41670
@calls 0 41671
@calls 0 41672
@calls 0 41673
@calls 0 41674
@calls 0 41675
@calls 0 41676
@calls 0 41677
@calls 0 41678
@calls 0 41679
@calls 0 41680
@calls 0 41681
@calls 0 41682
@calls 0 41683
@calls 0 41684
@calls 0 41685
@calls 0 41686
@calls 0 41687
@calls 0 41688
@calls 0 41689
@calls 0 41690
@calls 0 41691
@calls 0 41692
@calls 0 41693
@calls 0 41694
@calls 0 41695
@calls 0 41696
@calls 0 41697
@calls 0 41698
@calls 0 41699
@calls 0 41700
@calls 0 41701
@calls 0 41702
@calls 0 41703
@calls 0 41704
@calls 0 41705
@calls 0 41706
@calls 0 41707
@calls 0 41708
@calls 0 41709
@calls 0 41710
@calls 0 41711
@calls 0 41712
@calls 0 41713
@calls 0 41714
@calls 0 41715
@calls 0 41716
@calls 0 41717
@calls 0 41718
@calls 0 41719
@calls 0 41720
@calls 0 41721
@calls 0 41722
@calls 0 41723
@calls 0 41724
@calls 0 41725
@calls 0 41726
@calls 0 41727
@calls 0 41728
@calls 0 41729
@calls 0 41730
@calls 0 41731
@calls 0 41732
@calls 0 41733
@calls 0 41734
@calls 0 41735
@calls 0 41736
@calls 0 41737
@calls 0 41738
@calls 0 41739
@calls 0 41740
@calls 0 41741
@calls 0 41742
@calls 0 41743
@calls 0 41744
@calls 0 41745
@calls 0 41746
@calls 0 41747
@calls 0 41748
@calls 0 41749
@calls 0 41750
@calls 0 41751
@calls 0 41752
@calls 0 41753
@calls 0 41754
@calls 0 41755
@calls 0 41756
@calls 0 41757
@calls 0 41758
@calls 0 41759
@calls 0 41760
@calls 0 41761
@calls 0 41762
@calls 0 41763
@calls 0 41764
@calls 0 41765
@calls 0 41766
@calls 0 41767
@calls 0 41768
@calls 0 41769
@calls 0 41770
@calls 0 41771
@calls 0 41772
@calls 0 41773
@calls 0 41774
@calls 0 41775
@calls 0 41776
@calls 0 41777
@calls 0 41778
@calls 0 41779
@calls 0 41780
@calls 0 41781
@calls 0 41782
@calls 0 41783
@calls 0 41784
@calls 0 41785
@calls 0 41786
@calls 0 41787
@calls 0 41788
@calls 0 41789
@calls 0 41790
@calls 0 41791
@calls 0 41792
@calls 0 41793
@calls 0 41794
@calls 0 41795
@calls 0 41796
@calls 0 41797
@calls 0 41798
@calls 0 41799
@calls 0 41800
@calls 0 41801
@calls 0 41802
@calls 0 41803
@calls 0 41804
@calls 0 41805
@calls 0 41806
@calls 0 41807
@calls 0 41808
@calls 0 41809
@calls 0 41810
@calls 0 41811
@calls 0 41812
@calls 0 41813
@calls 0 41814
@calls 0 41815
@calls 0 41816
@calls 0 41817
@calls 0 41818
@calls 0 41819
@calls 0 41820
@calls 0 41821
@calls 0 41822
@calls 0 41823
@calls 0 41824
@calls 0 41825
@calls 0 41826
@calls 0 41827
@calls 0 41828
@calls 0 41829
@calls 0 41830
@calls 0 41831
@calls 0 41832
@calls 0 41833
@calls 0 41834
@calls 0 41835
@calls 0 41836
@calls 0 41837
@calls 0 41838
@calls 0 41839
@calls 0 41840
@calls 0 41841
@calls 0 41842
@calls 0 41843
@calls 0 41844
@calls 0 41845
@calls 0 41846
@calls 0 41847
@calls 0 41848
@calls 0 41849
@calls 0 41850
@calls 0 41851
@calls 0 41852
@calls 0 41853
@calls 0 41854
@calls 0 41855
@calls 0 41856
@calls 0 41857
@calls 0 41858
@calls 0 41859
@calls 0 41860
@calls 0 41861
@calls 0 41862
@calls 0 41863
@calls 0 41864
@calls 0 41865
@calls 0 41866
@calls 0 41867
@calls 0 41868
@calls 0 41869
@calls 0 41870
@calls 0 41871
@calls 0 41872
@calls 0 41873
@calls 0 41874
@calls 0 41875
@calls 0 41876
@calls 0 41877
@calls 0 41878
@calls 0 41879
@calls 0 41880
@calls 0 41881
@calls 0 41882
@calls 0 41883
@calls 0 41884
@calls 0 41885
@calls 0 41886
@calls 0 41887
@calls 0 41888
@calls 0 41889
@calls 0 41890
@calls 0 41891
@calls 0 41892
@calls 0 41893
@calls 0 41894
@calls 0 41895
@calls 0 41896
@calls 0 41897
@calls 0 41898
@calls 0 41899
@calls 0 41900
@calls 0 41901
@calls 0 41902
@calls 0 41903
@calls 0 41904
@calls 0 41905
@calls 0 41906
@calls 0 41907
@calls 0 41908
@calls 0 41909
@calls 0 41910
@calls 0 41911
@calls 0 41912
@calls 0 41913
@calls 0 41914
@calls 0 41915
@calls 0 41916
@calls 0 41917
@calls 0 41918
@calls 0 41919
@calls 0 41920
@calls 0 41921
@calls 0 41922
@calls 0 41923
@calls 0 41924
@calls 0 41925
@calls 0 41926
@calls 0 41927
@calls 0 41928
@calls 0 41929
@calls 0 41930
@calls 0 41931
@calls 0 41932
@calls 0 41933
@calls 0 41934
@calls 0 41935
@calls 0 41936
@calls 0 41937
@calls 0 41938
@calls 0 41939
@calls 0 41940
@calls 0 41941
@calls 0 41942
@calls 0 41943
@calls 0 41944
@calls 0 41945
@calls 0 41946
@calls 0 41947
@calls 0 41948
@calls 0 41949
@calls 0 41950
@calls 0 41951
@calls 0 41952
@calls 0 41953
@calls 0 41954
@calls 0 41955
@calls 0 41956
@calls 0 41957
@calls 0 41958
@calls 0 41959
@calls 0 41960
@calls 0 41961
@calls 0 41962
@calls 0 41963
@calls 0 41964
@calls 0 41965
@calls 0 41966
@calls 0 41967
@calls 0 41968
@calls 0 41969
@calls 0 41970
@calls 0 41971
@calls 0 41972
@calls 0 41973
@calls 0 41974
@calls 0 41975
@calls 0 41976
@calls 0 41977
@calls 0 41978
@calls 0 41979
@calls 0 41980
@calls 0 41981
@calls 0 41982
@calls 0 41983
@calls 0 41984
@calls 0 41985
@calls 0 41986
@calls 0 41987
@calls 0 41988
@calls 0 41989
@calls 0 41990
@calls 0 41991
@calls 0 41992
@calls 0 41993
@calls 0 41994
@calls 0 41995
@calls 0 41996
@calls 0 41997
@calls 0 41998
@calls 0 41999
@calls 0 42000
@calls 0 42001
@calls 0 42002
@calls 0 42003
@calls 0 42004
@calls 0 42005
@calls 0 42006
@calls 0 42007
@calls 0 42008
@calls 0 42009
@calls 0 42010
@calls 0 42011
@calls 0 42012
@calls 0 42013
@calls 0 42014
@calls 0 42015
@calls 0 42016
@calls 0 42017
@calls 0 42018
@calls 0 42019
@calls 0 42020
@calls 0 42021
@calls 0 42022
@calls 0 42023
@calls 0 42024
@calls 0 42025
@calls 0 42026
@calls 0 42027
@calls 0 42028
@calls 0 42029
@calls 0 42030
@calls 0 42031
@calls 0 42032
@calls 0 42033
@calls 0 42034
@calls 0 42035
@calls 0 42036
@calls 0 42037
@calls 0 42038
@calls 0 42039
@calls 0 42040
@calls 0 42041
@calls 0 42042
@calls 0 42043
@calls 0 42044
@calls 0 42045
@calls 0 42046
@calls 0 42047
@calls 0 42048
@calls 0 42049
@calls 0 42050
@calls 0 42051
@calls 0 42052
@calls 0 42053
@calls 0 42054
@calls 0 42055
@calls 0 42056
@calls 0 42057
@calls 0 42058
@calls 0 42059
@calls 0 42060
@calls 0 42061
@calls 0 42062
@calls 0 42063
@calls 0 42064
@calls 0 42065
@calls 0 42066
@calls 0 42067
@calls 0 42068
@calls 0 42069
@calls 0 42070
@calls 0 42071
@calls 0 42072
@calls 0 42073
@calls 0 42074
@calls 0 42075
@calls 0 42076
@calls 0 42077
@calls 0 42078
@calls 0 42079
@calls 0 42080
@calls 0 42081
@calls 0 42082
@calls 0 42083
@calls 0 42084
@calls 0 42085
@calls 0 42086
@calls 0 42087
@calls 0 42088
@calls 0 42089
@calls 0 42090
@calls 0 42091
@calls 0 42092
@calls 0 42093
@calls 0 42094
@calls 0 42095
@calls 0 42096
@calls 0 42097
@calls 0 42098
@calls 0 42099
@calls 0 42100
@calls 0 42101
@calls 0 42102
@calls 0 42103
@calls 0 42104
@calls 0 42105
@calls 0 42106
@calls 0 42107
@calls 0 42108
@calls 0 42109
@calls 0 42110
@calls 0 42111
@calls 0 42112
@calls 0 42113
@calls 0 42114
@calls 0 42115
@calls 0 42116
@calls 0 42117
@calls 0 42118
@calls 0 42119
@calls 0 42120
@calls 0 42121
@calls 0 42122
@calls 0 42123
@calls 0 42124
@calls 0 42125
@calls 0 42126
@calls 0 42127
@calls 0 42128
@calls 0 42129
@calls 0 42130
@calls 0 42131
@calls 0 42132
@calls 0 42133
@calls 0 42134
@calls 0 42135
@calls 0 42136
@calls 0 42137
@calls 0 42138
@calls 0 42139
@calls 0 42140
@calls 0 42141
@calls 0 42142
@calls 0 42143
@calls 0 42144
@calls 0 42145
@calls 0 42146
@calls 0 42147
@calls 0 42148
@calls 0 42149
@calls 0 42150
@calls 0 42151
@calls 0 42152
@calls 0 42153
@calls 0 42154
@calls 0 42155
@calls 0 42156
@calls 0 42157
@calls 0 42158
@calls 0 42159
@calls 0 42160
@calls 0 42161
@calls 0 42162
@calls 0 42163
@calls 0 42164
@calls 0 42165
@calls 0 42166
@calls 0 42167
@calls 0 42168
@calls 0 42169
@calls 0 42170
@calls 0 42171
@calls 0 42172
@calls 0 42173
@calls 0 42174
@calls 0 42175
@calls 0 42176
@calls 0 42177
@calls 0 42178
@calls 0 42179
@calls 0 42180
@calls 0 42181
@calls 0 42182
@calls 0 42183
@calls 0 42184
@calls 0 42185
@calls 0 42186
@calls 0 42187
@calls 0 42188
@calls 0 42189
@calls 0 42190
@calls 0 42191
@calls 0 42192
@calls 0 42193
@calls 0 42194
@calls 0 42195
@calls 0 42196
@calls 0 42197
@calls 0 42198
@calls 0 42199
@calls 0 42200
@calls 0 42201
@calls 0 42202
@calls 0 42203
@calls 0 42204
@calls 0 42205
@calls 0 42206
@calls 0 42207
@calls 0 42208
@calls 0 42209
@calls 0 42210
@calls 0 42211
@calls 0 42212
@calls 0 42213
@calls 0 42214
@calls 0 42215
@calls 0 42216
@calls 0 42217
@calls 0 42218
@calls 0 42219
@calls 0 42220
@calls 0 42221
@calls 0 42222
@calls 0 42223
@calls 0 42224
@calls 0 42225
@calls 0 42226
@calls 0 42227
@calls 0 42228
@calls 0 42229
@calls 0 42230
@calls 0 42231
@calls 0 42232
@calls 0 42233
@calls 0 42234
@calls 0 42235
@calls 0 42236
@calls 0 42237
@calls 0 42238
@calls 0 42239
@calls 0 42240
@calls 0 42241
@calls 0 42242
@calls 0 42243
@calls 0 42244
@calls 0 42245
@calls 0 42246
@calls 0 42247
@calls 0 42248
@calls 0 42249
@calls 0 42250
@calls 0 42251
@calls 0 42252
@calls 0 42253
@calls 0 42254
@calls 0 42255
@calls 0 42256
@calls 0 42257
@calls 0 42258
@calls 0 42259
@calls 0 42260
@calls 0 42261
@calls 0 42262
@calls 0 42263
@calls 0 42264
@calls 0 42265
@calls 0 42266
@calls 0 42267
@calls 0 42268
@calls 0 42269
@calls 0 42270
@calls 0 42271
@calls 0 42272
@calls 0 42273
@calls 0 42274
@calls 0 42275
@calls 0 42276
@calls 0 42277
@calls 0 42278
@calls 0 42279
@calls 0 42280
@calls 0 42281
@calls 0 42282
@calls 0 42283
@calls 0 42284
@calls 0 42285
@calls 0 42286
@calls 0 42287
@calls 0 42288
@calls 0 42289
@calls 0 42290
@calls 0 42291
@calls 0 42292
@calls 0 42293
@calls 0 42294
@calls 0 42295
@calls 0 42296
@calls 0 42297
@calls 0 42298
@calls 0 42299
@calls 0 42300
@calls 0 42301
@calls 0 42302
@calls 0 42303
@calls 0 42304
@calls 0 42305
@calls 0 42306
@calls 0 42307
@calls 0 42308
@calls 0 42309
@calls 0 42310
@calls 0 42311
@calls 0 42312
@calls 0 42313
@calls 0 42314
@calls 0 42315
@calls 0 42316
@calls 0 42317
@calls 0 42318
@calls 0 42319
@calls 0 42320
@calls 0 42321
@calls 0 42322
@calls 0 42323
@calls 0 42324
@calls 0 42325
@calls 0 42326
@calls 0 42327
@calls 0 42328
@calls 0 42329
@calls 0 42330
@calls 0 42331
@calls 0 42332
@calls 0 42333
@calls 0 42334
@calls 0 42335
@calls 0 42336
@calls 0 42337
@calls 0 42338
@calls 0 42339
@calls 0 42340
@calls 0 42341
@calls 0 42342
@calls 0 42343
@calls 0 42344
@calls 0 42345
@calls 0 42346
@calls 0 42347
@calls 0 42348
@calls 0 42349
@calls 0 42350
@calls 0 42351
@calls 0 42352
@calls 0 42353
@calls 0 42354
@calls 0 42355
@calls 0 42356
@calls 0 42357
@calls 0 42358
@calls 0 42359
@calls 0 42360
@calls 0 42361
@calls 0 42362
@calls 0 42363
@calls 0 42364
@calls 0 42365
@calls 0 42366
@calls 0 42367
@calls 0 42368
@calls 0 42369
@calls 0 42370
@calls 0 42371
@calls 0 42372
@calls 0 42373
@calls 0 42374
@calls 0 42375
@calls 0 42376
@calls 0 42377
@calls 0 42378
@calls 0 42379
@calls 0 42380
@calls 0 42381
@calls 0 42382
@calls 0 42383
@calls 0 42384
@calls 0 42385
@calls 0 42386
@calls 0 42387
@calls 0 42388
@calls 0 42389
@calls 0 42390
@calls 0 42391
@calls 0 42392
@calls 0 42393
@calls 0 42394
@calls 0 42395
@calls 0 42396
@calls 0 42397
@calls 0 42398
@calls 0 42399
@calls 0 42400
@calls 0 42401
@calls 0 42402
@calls 0 42403
@calls 0 42404
@calls 0 42405
@calls 0 42406
@calls 0 42407
@calls 0 42408
@calls 0 42409
@calls 0 42410
@calls 0 42411
@calls 0 42412
@calls 0 42413
@calls 0 42414
@calls 0 42415
@calls 0 42416
@calls 0 42417
@calls 0 42418
@calls 0 42419
@calls 0 42420
@calls 0 42421
@calls 0 42422
@calls 0 42423
@calls 0 42424
@calls 0 42425
@calls 0 42426
@calls 0 42427
@calls 0 42428
@calls 0 42429
@calls 0 42430
@calls 0 42431
@calls 0 42432
@calls 0 42433
@calls 0 42434
@calls 0 42435
@calls 0 42436
@calls 0 42437
@calls 0 42438
@calls 0 42439
@calls 0 42440
@calls 0 42441
@calls 0 42442
@calls 0 42443
@calls 0 42444
@calls 0 42445
@calls 0 42446
@calls 0 42447
@calls 0 42448
@calls 0 42449
@calls 0 42450
@calls 0 42451
@calls 0 42452
@calls 0 42453
@calls 0 42454
@calls 0 42455
@calls 0 42456
@calls 0 42457
@calls 0 42458
@calls 0 42459
@calls 0 42460
@calls 0 42461
@calls 0 42462
@calls 0 42463
@calls 0 42464
@calls 0 42465
@calls 0 42466
@calls 0 42467
@calls 0 42468
@calls 0 42469
@calls 0 42470
@calls 0 42471
@calls 0 42472
@calls 0 42473
@calls 0 42474
@calls 0 42475
@calls 0 42476
@calls 0 42477
@calls 0 42478
@calls 0 42479
@calls 0 42480
@calls 0 42481
@calls 0 42482
@calls 0 42483
@calls 0 42484
@calls 0 42485
@calls 0 42486
@calls 0 42487
@calls 0 42488
@calls 0 42489
@calls 0 42490
@calls 0 42491
@calls 0 42492
@calls 0 42493
@calls 0 42494
@calls 0 42495
@calls 0 42496
@calls 0 42497
@calls 0 42498
@calls 0 42499
@calls 0 42500
@calls 0 42501
@calls 0 42502
@calls 0 42503
@calls 0 42504
@calls 0 42505
@calls 0 42506
@calls 0 42507
@calls 0 42508
@calls 0 42509
@calls 0 42510
@calls 0 42511
@calls 0 42512
@calls 0 42513
@calls 0 42514
@calls 0 42515
@calls 0 42516
@calls 0 42517
@calls 0 42518
@calls 0 42519
@calls 0 42520
@calls 0 42521
@calls 0 42522
@calls 0 42523
@calls 0 42524
@calls 0 42525
@calls 0 42526
@calls 0 42527
@calls 0 42528
@calls 0 42529
@calls 0 42530
@calls 0 42531
@calls 0 42532
@calls 0 42533
@calls 0 42534
@calls 0 42535
@calls 0 42536
@calls 0 42537
@calls 0 42538
@calls 0 42539
@calls 0 42540
@calls 0 42541
@calls 0 42542
@calls 0 42543
@calls 0 42544
@calls 0 42545
@calls 0 42546
@calls 0 42547
@calls 0 42548
@calls 0 42549
@calls 0 42550
@calls 0 42551
@calls 0 42552
@calls 0 42553
@calls 0 42554
@calls 0 42555
@calls 0 42556
@calls 0 42557
@calls 0 42558
@calls 0 42559
@calls 0 42560
@calls 0 42561
@calls 0 42562
@calls 0 42563
@calls 0 42564
@calls 0 42565
@calls 0 42566
@calls 0 42567
@calls 0 42568
@calls 0 42569
@calls 0 42570
@calls 0 42571
@calls 0 42572
@calls 0 42573
@calls 0 42574
@calls 0 42575
@calls 0 42576
@calls 0 42577
@calls 0 42578
@calls 0 42579
@calls 0 42580
@calls 0 42581
@calls 0 42582
@calls 0 42583
@calls 0 42584
@calls 0 42585
@calls 0 42586
@calls 0 42587
@calls 0 42588
@calls 0 42589
@calls 0 42590
@calls 0 42591
@calls 0 42592
@calls 0 42593
@calls 0 42594
@calls 0 42595
@calls 0 42596
@calls 0 42597
@calls 0 42598
@calls 0 42599
@calls 0 42600
@calls 0 42601
@calls 0 42602
@calls 0 42603
@calls 0 42604
@calls 0 42605
@calls 0 42606
@calls 0 42607
@calls 0 42608
@calls 0 42609
@calls 0 42610
@calls 0 42611
@calls 0 42612
@calls 0 42613
@calls 0 42614
@calls 0 42615
@calls 0 42616
@calls 0 42617
@calls 0 42618
@calls 0 42619
@calls 0 42620
@calls 0 42621
@calls 0 42622
@calls 0 42623
@calls 0 42624
@calls 0 42625
@calls 0 42626
@calls 0 42627
@calls 0 42628
@calls 0 42629
@calls 0 42630
@calls 0 42631
@calls 0 42632
@calls 0 42633
@calls 0 42634
@calls 0 42635
@calls 0 42636
@calls 0 42637
@calls 0 42638
@calls 0 42639
@calls 0 42640
@calls 0 42641
@calls 0 42642
@calls 0 42643
@calls 0 42644
@calls 0 42645
@calls 0 42646
@calls 0 42647
@calls 0 42648
@calls 0 42649
@calls 0 42650
@calls 0 42651
@calls 0 42652
@calls 0 42653
@calls 0 42654
@calls 0 42655
@calls 0 42656
@calls 0 42657
@calls 0 42658
@calls 0 42659
@calls 0 42660
@calls 0 42661
@calls 0 42662
@calls 0 42663
@calls 0 42664
@calls 0 42665
@calls 0 42666
@calls 0 42667
@calls 0 42668
@calls 0 42669
@calls 0 42670
@calls 0 42671
@calls 0 42672
@calls 0 42673
@calls 0 42674
@calls 0 42675
@calls 0 42676
@calls 0 42677
@calls 0 42678
@calls 0 42679
@calls 0 42680
@calls 0 42681
@calls 0 42682
@calls 0 42683
@calls 0 42684
@calls 0 42685
@calls 0 42686
@calls 0 42687
@calls 0 42688
@calls 0 42689
@calls 0 42690
@calls 0 42691
@calls 0 42692
@calls 0 42693
@calls 0 42694
@calls 0 42695
@calls 0 42696
@calls 0 42697
@calls 0 42698
@calls 0 42699
@calls 0 42700
@calls 0 42701
@calls 0 42702
@calls 0 42703
@calls 0 42704
@calls 0 42705
@calls 0 42706
@calls 0 42707
@calls 0 42708
@calls 0 42709
@calls 0 42710
@calls 0 42711
@calls 0 42712
@calls 0 42713
@calls 0 42714
@calls 0 42715
@calls 0 42716
@calls 0 42717
@calls 0 42718
@calls 0 42719
@calls 0 42720
@calls 0 42721
@calls 0 42722
@calls 0 42723
@calls 0 42724
@calls 0 42725
@calls 0 42726
@calls 0 42727
@calls 0 42728
@calls 0 42729
@calls 0 42730
@calls 0 42731
@calls 0 42732
@calls 0 42733
@calls 0 42734
@calls 0 42735
@calls 0 42736
@calls 0 42737
@calls 0 42738
@calls 0 42739
@calls 0 42740
@calls 0 42741
@calls 0 42742
@calls 0 42743
@calls 0 42744
@calls 0 42745
@calls 0 42746
@calls 0 42747
@calls 0 42748
@calls 0 42749
@calls 0 42750
@calls 0 42751
@calls 0 42752
@calls 0 42753
@calls 0 42754
@calls 0 42755
@calls 0 42756
@calls 0 42757
@calls 0 42758
@calls 0 42759
@calls 0 42760
@calls 0 42761
@calls 0 42762
@calls 0 42763
@calls 0 42764
@calls 0 42765
@calls 0 42766
@calls 0 42767
@calls 0 42768
@calls 0 42769
@calls 0 42770
@calls 0 42771
@calls 0 42772
@calls 0 42773
@calls 0 42774
@calls 0 42775
@calls 0 42776
@calls 0 42777
@calls 0 42778
@calls 0 42779
@calls 0 42780
@calls 0 42781
@calls 0 42782
@calls 0 42783
@calls 0 42784
@calls 0 42785
@calls 0 42786
@calls 0 42787
@calls 0 42788
@calls 0 42789
@calls 0 42790
@calls 0 42791
@calls 0 42792
@calls 0 42793
@calls 0 42794
@calls 0 42795
@calls 0 42796
@calls 0 42797
@calls 0 42798
@calls 0 42799
@calls 0 42800
@calls 0 42801
@calls 0 42802
@calls 0 42803
@calls 0 42804
@calls 0 42805
@calls 0 42806
@calls 0 42807
@calls 0 42808
@calls 0 42809
@calls 0 42810
@calls 0 42811
@calls 0 42812
@calls 0 42813
@calls 0 42814
@calls 0 42815
@calls 0 42816
@calls 0 42817
@calls 0 42818
@calls 0 42819
@calls 0 42820
@calls 0 42821
@calls 0 42822
@calls 0 42823
@calls 0 42824
@calls 0 42825
@calls 0 42826
@calls 0 42827
@calls 0 42828
@calls 0 42829
@calls 0 42830
@calls 0 42831
@calls 0 42832
@calls 0 42833
@calls 0 42834
@calls 0 42835
@calls 0 42836
@calls 0 42837
@calls 0 42838
@calls 0 42839
@calls 0 42840
@calls 0 42841
@calls 0 42842
@calls 0 42843
@calls 0 42844
@calls 0 42845
@calls 0 42846
@calls 0 42847
@calls 0 42848
@calls 0 42849
@calls 0 42850
@calls 0 42851
@calls 0 42852
@calls 0 42853
@calls 0 42854
@calls 0 42855
@calls 0 42856
@calls 0 42857
@calls 0 42858
@calls 0 42859
@calls 0 42860
@calls 0 42861
@calls 0 42862
@calls 0 42863
@calls 0 42864
@calls 0 42865
@calls 0 42866
@calls 0 42867
@calls 0 42868
@calls 0 42869
@calls 0 42870
@calls 0 42871
@calls 0 42872
@calls 0 42873
@calls 0 42874
@calls 0 42875
@calls 0 42876
@calls 0 42877
@calls 0 42878
@calls 0 42879
@calls 0 42880
@calls 0 42881
@calls 0 42882
@calls 0 42883
@calls 0 42884
@calls 0 42885
@calls 0 42886
@calls 0 42887
@calls 0 42888
@calls 0 42889
@calls 0 42890
@calls 0 42891
@calls 0 42892
@calls 0 42893
@calls 0 42894
@calls 0 42895
@calls 0 42896
@calls 0 42897
@calls 0 42898
@calls 0 42899
@calls 0 42900
@calls 0 42901
@calls 0 42902
@calls 0 42903
@calls 0 42904
@calls 0 42905
@calls 0 42906
@calls 0 42907
@calls 0 42908
@calls 0 42909
@calls 0 42910
@calls 0 42911
@calls 0 42912
@calls 0 42913
@calls 0 42914
@calls 0 42915
@calls 0 42916
@calls 0 42917
@calls 0 42918
@calls 0 42919
@calls 0 42920
@calls 0 42921
@calls 0 42922
@calls 0 42923
@calls 0 42924
@calls 0 42925
@calls 0 42926
@calls 0 42927
@calls 0 42928
@calls 0 42929
@calls 0 42930
@calls 0 42931
@calls 0 42932
@calls 0 42933
@calls 0 42934
@calls 0 42935
@calls 0 42936
@calls 0 42937
@calls 0 42938
@calls 0 42939
@calls 0 42940
@calls 0 42941
@calls 0 42942
@calls 0 42943
@calls 0 42944
@calls 0 42945
@calls 0 42946
@calls 0 42947
@calls 0 42948
@calls 0 42949
@calls 0 42950
@calls 0 42951
@calls 0 42952
@calls 0 42953
@calls 0 42954
@calls 0 42955
@calls 0 42956
@calls 0 42957
@calls 0 42958
@calls 0 42959
@calls 0 42960
@calls 0 42961
@calls 0 42962
@calls 0 42963
@calls 0 42964
@calls 0 42965
@calls 0 42966
@calls 0 42967
@calls 0 42968
@calls 0 42969
@calls 0 42970
@calls 0 42971
@calls 0 42972
@calls 0 42973
@calls 0 42974
@calls 0 42975
@calls 0 42976
@calls 0 42977
@calls 0 42978
@calls 0 42979
@calls 0 42980
@calls 0 42981
@calls 0 42982
@calls 0 42983
@calls 0 42984
@calls 0 42985
@calls 0 42986
@calls 0 42987
@calls 0 42988
@calls 0 42989
@calls 0 42990
@calls 0 42991
@calls 0 42992
@calls 0 42993
@calls 0 42994
@calls 0 42995
@calls 0 42996
@calls 0 42997
@calls 0 42998
@calls 0 42999
@calls 0 43000
@calls 0 43001
@calls 0 43002
@calls 0 43003
@calls 0 43004
@calls 0 43005
@calls 0 43006
@calls 0 43007
@calls 0 43008
@calls 0 43009
@calls 0 43010
@calls 0 43011
@calls 0 43012
@calls 0 43013
@calls 0 43014
@calls 0 43015
@calls 0 43016
@calls 0 43017
@calls 0 43018
@calls 0 43019
@calls 0 43020
@calls 0 43021
@calls 0 43022
@calls 0 43023
@calls 0 43024
@calls 0 43025
@calls 0 43026
@calls 0 43027
@calls 0 43028
@calls 0 43029
@calls 0 43030
@calls 0 43031
@calls 0 43032
@calls 0 43033
@calls 0 43034
@calls 0 43035
@calls 0 43036
@calls 0 43037
@calls 0 43038
@calls 0 43039
@calls 0 43040
@calls 0 43041
@calls 0 43042
@calls 0 43043
@calls 0 43044
@calls 0 43045
@calls 0 43046
@calls 0 43047
@calls 0 43048
@calls 0 43049
@calls 0 43050
@calls 0 43051
@calls 0 43052
@calls 0 43053
@calls 0 43054
@calls 0 43055
@calls 0 43056
@calls 0 43057
@calls 0 43058
@calls 0 43059
@calls 0 43060
@calls 0 43061
@calls 0 43062
@calls 0 43063
@calls 0 43064
@calls 0 43065
@calls 0 43066
@calls 0 43067
@calls 0 43068
@calls 0 43069
@calls 0 43070
@calls 0 43071
@calls 0 43072
@calls 0 43073
@calls 0 43074
@calls 0 43075
@calls 0 43076
@calls 0 43077
@calls 0 43078
@calls 0 43079
@calls 0 43080
@calls 0 43081
@calls 0 43082
@calls 0 43083
@calls 0 43084
@calls 0 43085
@calls 0 43086
@calls 0 43087
@calls 0 43088
@calls 0 43089
@calls 0 43090
@calls 0 43091
@calls 0 43092
@calls 0 43093
@calls 0 43094
@calls 0 43095
@calls 0 43096
@calls 0 43097
@calls 0 43098
@calls 0 43099
@calls 0 43100
@calls 0 43101
@calls 0 43102
@calls 0 43103
@calls 0 43104
@calls 0 43105
@calls 0 43106
@calls 0 43107
@calls 0 43108
@calls 0 43109
@calls 0 43110
@calls 0 43111
@calls 0 43112
@calls 0 43113
@calls 0 43114
@calls 0 43115
@calls 0 43116
@calls 0 43117
@calls 0 43118
@calls 0 43119
@calls 0 43120
@calls 0 43121
@calls 0 43122
@calls 0 43123
@calls 0 43124
@calls 0 43125
@calls 0 43126
@calls 0 43127
@calls 0 43128
@calls 0 43129
@calls 0 43130
@calls 0 43131
@calls 0 43132
@calls 0 43133
@calls 0 43134
@calls 0 43135
@calls 0 43136
@calls 0 43137
@calls 0 43138
@calls 0 43139
@calls 0 43140
@calls 0 43141
@calls 0 43142
@calls 0 43143
@calls 0 43144
@calls 0 43145
@calls 0 43146
@calls 0 43147
@calls 0 43148
@calls 0 43149
@calls 0 43150
@calls 0 43151
@calls 0 43152
@calls 0 43153
@calls 0 43154
@calls 0 43155
@calls 0 43156
@calls 0 43157
@calls 0 43158
@calls 0 43159
@calls 0 43160
@calls 0 43161
@calls 0 43162
@calls 0 43163
@calls 0 43164
@calls 0 43165
@calls 0 43166
@calls 0 43167
@calls 0 43168
@calls 0 43169
@calls 0 43170
@calls 0 43171
@calls 0 43172
@calls 0 43173
@calls 0 43174
@calls 0 43175
@calls 0 43176
@calls 0 43177
@calls 0 43178
@calls 0 43179
@calls 0 43180
@calls 0 43181
@calls 0 43182
@calls 0 43183
@calls 0 43184
@calls 0 43185
@calls 0 43186
@calls 0 43187
@calls 0 43188
@calls 0 43189
@calls 0 43190
@calls 0 43191
@calls 0 43192
@calls 0 43193
@calls 0 43194
@calls 0 43195
@calls 0 43196
@calls 0 43197
@calls 0 43198
@calls 0 43199
@calls 0 43200
@calls 0 43201
@calls 0 43202
@calls 0 43203
@calls 0 43204
@calls 0 43205
@calls 0 43206
@calls 0 43207
@calls 0 43208
@calls 0 43209
@calls 0 43210
@calls 0 43211
@calls 0 43212
@calls 0 43213
@calls 0 43214
@calls 0 43215
@calls 0 43216
@calls 0 43217
@calls 0 43218
@calls 0 43219
@calls 0 43220
@calls 0 43221
@calls 0 43222
@calls 0 43223
@calls 0 43224
@calls 0 43225
@calls 0 43226
@calls 0 43227
@calls 0 43228
@calls 0 43229
@calls 0 43230
@calls 0 43231
@calls 0 43232
@calls 0 43233
@calls 0 43234
@calls 0 43235
@calls 0 43236
@calls 0 43237
@calls 0 43238
@calls 0 43239
@calls 0 43240
@calls 0 43241
@calls 0 43242
@calls 0 43243
@calls 0 43244
@calls 0 43245
@calls 0 43246
@calls 0 43247
@calls 0 43248
@calls 0 43249
@calls 0 43250
@calls 0 43251
@calls 0 43252
@calls 0 43253
@calls 0 43254
@calls 0 43255
@calls 0 43256
@calls 0 43257
@calls 0 43258
@calls 0 43259
@calls 0 43260
@calls 0 43261
@calls 0 43262
@calls 0 43263
@calls 0 43264
@calls 0 43265
@calls 0 43266
@calls 0 43267
@calls 0 43268
@calls 0 43269
@calls 0 43270
@calls 0 43271
@calls 0 43272
@calls 0 43273
@calls 0 43274
@calls 0 43275
@calls 0 43276
@calls 0 43277
@calls 0 43278
@calls 0 43279
@calls 0 43280
@calls 0 43281
@calls 0 43282
@calls 0 43283
@calls 0 43284
@calls 0 43285
@calls 0 43286
@calls 0 43287
@calls 0 43288
@calls 0 43289
@calls 0 43290
@calls 0 43291
@calls 0 43292
@calls 0 43293
@calls 0 43294
@calls 0 43295
@calls 0 43296
@calls 0 43297
@calls 0 43298
@calls 0 43299
@calls 0 43300
@calls 0 43301
@calls 0 43302
@calls 0 43303
@calls 0 43304
@calls 0 43305
@calls 0 43306
@calls 0 43307
@calls 0 43308
@calls 0 43309
@calls 0 43310
@calls 0 43311
@calls 0 43312
@calls 0 43313
@calls 0 43314
@calls 0 43315
@calls 0 43316
@calls 0 43317
@calls 0 43318
@calls 0 43319
@calls 0 43320
@calls 0 43321
@calls 0 43322
@calls 0 43323
@calls 0 43324
@calls 0 43325
@calls 0 43326
@calls 0 43327
@calls 0 43328
@calls 0 43329
@calls 0 43330
@calls 0 43331
@calls 0 43332
@calls 0 43333
@calls 0 43334
@calls 0 43335
@calls 0 43336
@calls 0 43337
@calls 0 43338
@calls 0 43339
@calls 0 43340
@calls 0 43341
@calls 0 43342
@calls 0 43343
@calls 0 43344
@calls 0 43345
@calls 0 43346
@calls 0 43347
@calls 0 43348
@calls 0 43349
@calls 0 43350
@calls 0 43351
@calls 0 43352
@calls 0 43353
@calls 0 43354
@calls 0 43355
@calls 0 43356
@calls 0 43357
@calls 0 43358
@calls 0 43359
@calls 0 43360
@calls 0 43361
@calls 0 43362
@calls 0 43363
@calls 0 43364
@calls 0 43365
@calls 0 43366
@calls 0 43367
@calls 0 43368
@calls 0 43369
@calls 0 43370
@calls 0 43371
@calls 0 43372
@calls 0 43373
@calls 0 43374
@calls 0 43375
@calls 0 43376
@calls 0 43377
@calls 0 43378
@calls 0 43379
@calls 0 43380
@calls 0 43381
@calls 0 43382
@calls 0 43383
@calls 0 43384
@calls 0 43385
@calls 0 43386
@calls 0 43387
@calls 0 43388
@calls 0 43389
@calls 0 43390
@calls 0 43391
@calls 0 43392
@calls 0 43393
@calls 0 43394
@calls 0 43395
@calls 0 43396
@calls 0 43397
@calls 0 43398
@calls 0 43399
@calls 0 43400
@calls 0 43401
@calls 0 43402
@calls 0 43403
@calls 0 43404
@calls 0 43405
@calls 0 43406
@calls 0 43407
@calls 0 43408
@calls 0 43409
@calls 0 43410
@calls 0 43411
@calls 0 43412
@calls 0 43413
@calls 0 43414
@calls 0 43415
@calls 0 43416
@calls 0 43417
@calls 0 43418
@calls 0 43419
@calls 0 43420
@calls 0 43421
@calls 0 43422
@calls 0 43423
@calls 0 43424
@calls 0 43425
@calls 0 43426
@calls 0 43427
@calls 0 43428
@calls 0 43429
@calls 0 43430
@calls 0 43431
@calls 0 43432
@calls 0 43433
@calls 0 43434
@calls 0 43435
@calls 0 43436
@calls 0 43437
@calls 0 43438
@calls 0 43439
@calls 0 43440
@calls 0 43441
@calls 0 43442
@calls 0 43443
@calls 0 43444
@calls 0 43445
@calls 0 43446
@calls 0 43447
@calls 0 43448
@calls 0 43449
@calls 0 43450
@calls 0 43451
@calls 0 43452
@calls 0 43453
@calls 0 43454
@calls 0 43455
@calls 0 43456
@calls 0 43457
@calls 0 43458
@calls 0 43459
@calls 0 43460
@calls 0 43461
@calls 0 43462
@calls 0 43463
@calls 0 43464
@calls 0 43465
@calls 0 43466
@calls 0 43467
@calls 0 43468
@calls 0 43469
@calls 0 43470
@calls 0 43471
@calls 0 43472
@calls 0 43473
@calls 0 43474
@calls 0 43475
@calls 0 43476
@calls 0 43477
@calls 0 43478
@calls 0 43479
@calls 0 43480
@calls 0 43481
@calls 0 43482
@calls 0 43483
@calls 0 43484
@calls 0 43485
@calls 0 43486
@calls 0 43487
@calls 0 43488
@calls 0 43489
@calls 0 43490
@calls 0 43491
@calls 0 43492
@calls 0 43493
@calls 0 43494
@calls 0 43495
@calls 0 43496
@calls 0 43497
@calls 0 43498
@calls 0 43499
@calls 0 43500
@calls 0 43501
@calls 0 43502
@calls 0 43503
@calls 0 43504
@calls 0 43505
@calls 0 43506
@calls 0 43507
@calls 0 43508
@calls 0 43509
@calls 0 43510
@calls 0 43511
@calls 0 43512
@calls 0 43513
@calls 0 43514
@calls 0 43515
@calls 0 43516
@calls 0 43517
@calls 0 43518
@calls 0 43519
@calls 0 43520
@calls 0 43521
@calls 0 43522
@calls 0 43523
@calls 0 43524
@calls 0 43525
@calls 0 43526
@calls 0 43527
@calls 0 43528
@calls 0 43529
@calls 0 43530
@calls 0 43531
@calls 0 43532
@calls 0 43533
@calls 0 43534
@calls 0 43535
@calls 0 43536
@calls 0 43537
@calls 0 43538
@calls 0 43539
@calls 0 43540
@calls 0 43541
@calls 0 43542
@calls 0 43543
@calls 0 43544
@calls 0 43545
@calls 0 43546
@calls 0 43547
@calls 0 43548
@calls 0 43549
@calls 0 43550
@calls 0 43551
@calls 0 43552
@calls 0 43553
@calls 0 43554
@calls 0 43555
@calls 0 43556
@calls 0 43557
@calls 0 43558
@calls 0 43559
@calls 0 43560
@calls 0 43561
@calls 0 43562
@calls 0 43563
@calls 0 43564
@calls 0 43565
@calls 0 43566
@calls 0 43567
@calls 0 43568
@calls 0 43569
@calls 0 43570
@calls 0 43571
@calls 0 43572
@calls 0 43573
@calls 0 43574
@calls 0 43575
@calls 0 43576
@calls 0 43577
@calls 0 43578
@calls 0 43579
@calls 0 43580
@calls 0 43581
@calls 0 43582
@calls 0 43583
@calls 0 43584
@calls 0 43585
@calls 0 43586
@calls 0 43587
@calls 0 43588
@calls 0 43589
@calls 0 43590
@calls 0 43591
@calls 0 43592
@calls 0 43593
@calls 0 43594
@calls 0 43595
@calls 0 43596
@calls 0 43597
@calls 0 43598
@calls 0 43599
@calls 0 43600
@calls 0 43601
@calls 0 43602
@calls 0 43603
@calls 0 43604
@calls 0 43605
@calls 0 43606
@calls 0 43607
@calls 0 43608
@calls 0 43609
@calls 0 43610
@calls 0 43611
@calls 0 43612
@calls 0 43613
@calls 0 43614
@calls 0 43615
@calls 0 43616
@calls 0 43617
@calls 0 43618
@calls 0 43619
@calls 0 43620
@calls 0 43621
@calls 0 43622
@calls 0 43623
@calls 0 43624
@calls 0 43625
@calls 0 43626
@calls 0 43627
@calls 0 43628
@calls 0 43629
@calls 0 43630
@calls 0 43631
@calls 0 43632
@calls 0 43633
@calls 0 43634
@calls 0 43635
@calls 0 43636
@calls 0 43637
@calls 0 43638
@calls 0 43639
@calls 0 43640
@calls 0 43641
@calls 0 43642
@calls 0 43643
@calls 0 43644
@calls 0 43645
@calls 0 43646
@calls 0 43647
@calls 0 43648
@calls 0 43649
@calls 0 43650
@calls 0 43651
@calls 0 43652
@calls 0 43653
@calls 0 43654
@calls 0 43655
@calls 0 43656
@calls 0 43657
@calls 0 43658
@calls 0 43659
@calls 0 43660
@calls 0 43661
@calls 0 43662
@calls 0 43663
@calls 0 43664
@calls 0 43665
@calls 0 43666
@calls 0 43667
@calls 0 43668
@calls 0 43669
@calls 0 43670
@calls 0 43671
@calls 0 43672
@calls 0 43673
@calls 0 43674
@calls 0 43675
@calls 0 43676
@calls 0 43677
@calls 0 43678
@calls 0 43679
@calls 0 43680
@calls 0 43681
@calls 0 43682
@calls 0 43683
@calls 0 43684
@calls 0 43685
@calls 0 43686
@calls 0 43687
@calls 0 43688
@calls 0 43689
@calls 0 43690
@calls 0 43691
@calls 0 43692
@calls 0 43693
@calls 0 43694
@calls 0 43695
@calls 0 43696
@calls 0 43697
@calls 0 43698
@calls 0 43699
@calls 0 43700
@calls 0 43701
@calls 0 43702
@calls 0 43703
@calls 0 43704
@calls 0 43705
@calls 0 43706
@calls 0 43707
@calls 0 43708
@calls 0 43709
@calls 0 43710
@calls 0 43711
@calls 0 43712
@calls 0 43713
@calls 0 43714
@calls 0 43715
@calls 0 43716
@calls 0 43717
@calls 0 43718
@calls 0 43719
@calls 0 43720
@calls 0 43721
@calls 0 43722
@calls 0 43723
@calls 0 43724
@calls 0 43725
@calls 0 43726
@calls 0 43727
@calls 0 43728
@calls 0 43729
@calls 0 43730
@calls 0 43731
@calls 0 43732
@calls 0 43733
@calls 0 43734
@calls 0 43735
@calls 0 43736
@calls 0 43737
@calls 0 43738
@calls 0 43739
@calls 0 43740
@calls 0 43741
@calls 0 43742
@calls 0 43743
@calls 0 43744
@calls 0 43745
@calls 0 43746
@calls 0 43747
@calls 0 43748
@calls 0 43749
@calls 0 43750
@calls 0 43751
@calls 0 43752
@calls 0 43753
@calls 0 43754
@calls 0 43755
@calls 0 43756
@calls 0 43757
@calls 0 43758
@calls 0 43759
@calls 0 43760
@calls 0 43761
@calls 0 43762
@calls 0 43763
@calls 0 43764
@calls 0 43765
@calls 0 43766
@calls 0 43767
@calls 0 43768
@calls 0 43769
@calls 0 43770
@calls 0 43771
@calls 0 43772
@calls 0 43773
@calls 0 43774
@calls 0 43775
@calls 0 43776
@calls 0 43777
@calls 0 43778
@calls 0 43779
@calls 0 43780
@calls 0 43781
@calls 0 43782
@calls 0 43783
@calls 0 43784
@calls 0 43785
@calls 0 43786
@calls 0 43787
@calls 0 43788
@calls 0 43789
@calls 0 43790
@calls 0 43791
@calls 0 43792
@calls 0 43793
@calls 0 43794
@calls 0 43795
@calls 0 43796
@calls 0 43797
@calls 0 43798
@calls 0 43799
@calls 0 43800
@calls 0 43801
@calls 0 43802
@calls 0 43803
@calls 0 43804
@calls 0 43805
@calls 0 43806
@calls 0 43807
@calls 0 43808
@calls 0 43809
@calls 0 43810
@calls 0 43811
@calls 0 43812
@calls 0 43813
@calls 0 43814
@calls 0 43815
@calls 0 43816
@calls 0 43817
@calls 0 43818
@calls 0 43819
@calls 0 43820
@calls 0 43821
@calls 0 43822
@calls 0 43823
@calls 0 43824
@calls 0 43825
@calls 0 43826
@calls 0 43827
@calls 0 43828
@calls 0 43829
@calls 0 43830
@calls 0 43831
@calls 0 43832
@calls 0 43833
@calls 0 43834
@calls 0 43835
@calls 0 43836
@calls 0 43837
@calls 0 43838
@calls 0 43839
@calls 0 43840
@calls 0 43841
@calls 0 43842
@calls 0 43843
@calls 0 43844
@calls 0 43845
@calls 0 43846
@calls 0 43847
@calls 0 43848
@calls 0 43849
@calls 0 43850
@calls 0 43851
@calls 0 43852
@calls 0 43853
@calls 0 43854
@calls 0 43855
@calls 0 43856
@calls 0 43857
@calls 0 43858
@calls 0 43859
@calls 0 43860
@calls 0 43861
@calls 0 43862
@calls 0 43863
@calls 0 43864
@calls 0 43865
@calls 0 43866
@calls 0 43867
@calls 0 43868
@calls 0 43869
@calls 0 43870
@calls 0 43871
@calls 0 43872
@calls 0 43873
@calls 0 43874
@calls 0 43875
@calls 0 43876
@calls 0 43877
@calls 0 43878
@calls 0 43879
@calls 0 43880
@calls 0 43881
@calls 0 43882
@calls 0 43883
@calls 0 43884
@calls 0 43885
@calls 0 43886
@calls 0 43887
@calls 0 43888
@calls 0 43889
@calls 0 43890
@calls 0 43891
@calls 0 43892
@calls 0 43893
@calls 0 43894
@calls 0 43895
@calls 0 43896
@calls 0 43897
@calls 0 43898
@calls 0 43899
@calls 0 43900
@calls 0 43901
@calls 0 43902
@calls 0 43903
@calls 0 43904
@calls 0 43905
@calls 0 43906
@calls 0 43907
@calls 0 43908
@calls 0 43909
@calls 0 43910
@calls 0 43911
@calls 0 43912
@calls 0 43913
@calls 0 43914
@calls 0 43915
@calls 0 43916
@calls 0 43917
@calls 0 43918
@calls 0 43919
@calls 0 43920
@calls 0 43921
@calls 0 43922
@calls 0 43923
@calls 0 43924
@calls 0 43925
@calls 0 43926
@calls 0 43927
@calls 0 43928
@calls 0 43929
@calls 0 43930
@calls 0 43931
@calls 0 43932
@calls 0 43933
@calls 0 43934
@calls 0 43935
@calls 0 43936
@calls 0 43937
@calls 0 43938
@calls 0 43939
@calls 0 43940
@calls 0 43941
@calls 0 43942
@calls 0 43943
@calls 0 43944
@calls 0 43945
@calls 0 43946
@calls 0 43947
@calls 0 43948
@calls 0 43949
@calls 0 43950
@calls 0 43951
@calls 0 43952
@calls 0 43953
@calls 0 43954
@calls 0 43955
@calls 0 43956
@calls 0 43957
@calls 0 43958
@calls 0 43959
@calls 0 43960
@calls 0 43961
@calls 0 43962
@calls 0 43963
@calls 0 43964
@calls 0 43965
@calls 0 43966
@calls 0 43967
@calls 0 43968
@calls 0 43969
@calls 0 43970
@calls 0 43971
@calls 0 43972
@calls 0 43973
@calls 0 43974
@calls 0 43975
@calls 0 43976
@calls 0 43977
@calls 0 43978
@calls 0 43979
@calls 0 43980
@calls 0 43981
@calls 0 43982
@calls 0 43983
@calls 0 43984
@calls 0 43985
@calls 0 43986
@calls 0 43987
@calls 0 43988
@calls 0 43989
@calls 0 43990
@calls 0 43991
@calls 0 43992
@calls 0 43993
@calls 0 43994
@calls 0 43995
@calls 0 43996
@calls 0 43997
@calls 0 43998
@calls 0 43999
@calls 0 44000
@calls 0 44001
@calls 0 44002
@calls 0 44003
@calls 0 44004
@calls 0 44005
@calls 0 44006
@calls 0 44007
@calls 0 44008
@calls 0 44009
@calls 0 44010
@calls 0 44011
@calls 0 44012
@calls 0 44013
@calls 0 44014
@calls 0 44015
@calls 0 44016
@calls 0 44017
@calls 0 44018
@calls 0 44019
@calls 0 44020
@calls 0 44021
@calls 0 44022
@calls 0 44023
@calls 0 44024
@calls 0 44025
@calls 0 44026
@calls 0 44027
@calls 0 44028
@calls 0 44029
@calls 0 44030
@calls 0 44031
@calls 0 44032
@calls 0 44033
@calls 0 44034
@calls 0 44035
@calls 0 44036
@calls 0 44037
@calls 0 44038
@calls 0 44039
@calls 0 44040
@calls 0 44041
@calls 0 44042
@calls 0 44043
@calls 0 44044
@calls 0 44045
@calls 0 44046
@calls 0 44047
@calls 0 44048
@calls 0 44049
@calls 0 44050
@calls 0 44051
@calls 0 44052
@calls 0 44053
@calls 0 44054
@calls 0 44055
@calls 0 44056
@calls 0 44057
@calls 0 44058
@calls 0 44059
@calls 0 44060
@calls 0 44061
@calls 0 44062
@calls 0 44063
@calls 0 44064
@calls 0 44065
@calls 0 44066
@calls 0 44067
@calls 0 44068
@calls 0 44069
@calls 0 44070
@calls 0 44071
@calls 0 44072
@calls 0 44073
@calls 0 44074
@calls 0 44075
@calls 0 44076
@calls 0 44077
@calls 0 44078
@calls 0 44079
@calls 0 44080
@calls 0 44081
@calls 0 44082
@calls 0 44083
@calls 0 44084
@calls 0 44085
@calls 0 44086
@calls 0 44087
@calls 0 44088
@calls 0 44089
@calls 0 44090
@calls 0 44091
@calls 0 44092
@calls 0 44093
@calls 0 44094
@calls 0 44095
@calls 0 44096
@calls 0 44097
@calls 0 44098
@calls 0 44099
@calls 0 44100
@calls 0 44101
@calls 0 44102
@calls 0 44103
@calls 0 44104
@calls 0 44105
@calls 0 44106
@calls 0 44107
@calls 0 44108
@calls 0 44109
@calls 0 44110
@calls 0 44111
@calls 0 44112
@calls 0 44113
@calls 0 44114
@calls 0 44115
@calls 0 44116
@calls 0 44117
@calls 0 44118
@calls 0 44119
@calls 0 44120
@calls 0 44121
@calls 0 44122
@calls 0 44123
@calls 0 44124
@calls 0 44125
@calls 0 44126
@calls 0 44127
@calls 0 44128
@calls 0 44129
@calls 0 44130
@calls 0 44131
@calls 0 44132
@calls 0 44133
@calls 0 44134
@calls 0 44135
@calls 0 44136
@calls 0 44137
@calls 0 44138
@calls 0 44139
@calls 0 44140
@calls 0 44141
@calls 0 44142
@calls 0 44143
@calls 0 44144
@calls 0 44145
@calls 0 44146
@calls 0 44147
@calls 0 44148
@calls 0 44149
@calls 0 44150
@calls 0 44151
@calls 0 44152
@calls 0 44153
@calls 0 44154
@calls 0 44155
@calls 0 44156
@calls 0 44157
@calls 0 44158
@calls 0 44159
@calls 0 44160
@calls 0 44161
@calls 0 44162
@calls 0 44163
@calls 0 44164
@calls 0 44165
@calls 0 44166
@calls 0 44167
@calls 0 44168
@calls 0 44169
@calls 0 44170
@calls 0 44171
@calls 0 44172
@calls 0 44173
@calls 0 44174
@calls 0 44175
@calls 0 44176
@calls 0 44177
@calls 0 44178
@calls 0 44179
@calls 0 44180
@calls 0 44181
@calls 0 44182
@calls 0 44183
@calls 0 44184
@calls 0 44185
@calls 0 44186
@calls 0 44187
@calls 0 44188
@calls 0 44189
@calls 0 44190
@calls 0 44191
@calls 0 44192
@calls 0 44193
@calls 0 44194
@calls 0 44195
@calls 0 44196
@calls 0 44197
@calls 0 44198
@calls 0 44199
@calls 0 44200
@calls 0 44201
@calls 0 44202
@calls 0 44203
@calls 0 44204
@calls 0 44205
@calls 0 44206
@calls 0 44207
@calls 0 44208
@calls 0 44209
@calls 0 44210
@calls 0 44211
@calls 0 44212
@calls 0 44213
@calls 0 44214
@calls 0 44215
@calls 0 44216
@calls 0 44217
@calls 0 44218
@calls 0 44219
@calls 0 44220
@calls 0 44221
@calls 0 44222
@calls 0 44223
@calls 0 44224
@calls 0 44225
@calls 0 44226
@calls 0 44227
@calls 0 44228
@calls 0 44229
@calls 0 44230
@calls 0 44231
@calls 0 44232
@calls 0 44233
@calls 0 44234
@calls 0 44235
@calls 0 44236
@calls 0 44237
@calls 0 44238
@calls 0 44239
@calls 0 44240
@calls 0 44241
@calls 0 44242
@calls 0 44243
@calls 0 44244
@calls 0 44245
@calls 0 44246
@calls 0 44247
@calls 0 44248
@calls 0 44249
@calls 0 44250
@calls 0 44251
@calls 0 44252
@calls 0 44253
@calls 0 44254
@calls 0 44255
@calls 0 44256
@calls 0 44257
@calls 0 44258
@calls 0 44259
@calls 0 44260
@calls 0 44261
@calls 0 44262
@calls 0 44263
@calls 0 44264
@calls 0 44265
@calls 0 44266
@calls 0 44267
@calls 0 44268
@calls 0 44269
@calls 0 44270
@calls 0 44271
@calls 0 44272
@calls 0 44273
@calls 0 44274
@calls 0 44275
@calls 0 44276
@calls 0 44277
@calls 0 44278
@calls 0 44279
@calls 0 44280
@calls 0 44281
@calls 0 44282
@calls 0 44283
@calls 0 44284
@calls 0 44285
@calls 0 44286
@calls 0 44287
@calls 0 44288
@calls 0 44289
@calls 0 44290
@calls 0 44291
@calls 0 44292
@calls 0 44293
@calls 0 44294
@calls 0 44295
@calls 0 44296
@calls 0 44297
@calls 0 44298
@calls 0 44299
@calls 0 44300
@calls 0 44301
@calls 0 44302
@calls 0 44303
@calls 0 44304
@calls 0 44305
@calls 0 44306
@calls 0 44307
@calls 0 44308
@calls 0 44309
@calls 0 44310
@calls 0 44311
@calls 0 44312
@calls 0 44313
@calls 0 44314
@calls 0 44315
@calls 0 44316
@calls 0 44317
@calls 0 44318
@calls 0 44319
@calls 0 44320
@calls 0 44321
@calls 0 44322
@calls 0 44323
@calls 0 44324
@calls 0 44325
@calls 0 44326
@calls 0 44327
@calls 0 44328
@calls 0 44329
@calls 0 44330
@calls 0 44331
@calls 0 44332
@calls 0 44333
@calls 0 44334
@calls 0 44335
@calls 0 44336
@calls 0 44337
@calls 0 44338
@calls 0 44339
@calls 0 44340
@calls 0 44341
@calls 0 44342
@calls 0 44343
@calls 0 44344
@calls 0 44345
@calls 0 44346
@calls 0 44347
@calls 0 44348
@calls 0 44349
@calls 0 44350
@calls 0 44351
@calls 0 44352
@calls 0 44353
@calls 0 44354
@calls 0 44355
@calls 0 44356
@calls 0 44357
@calls 0 44358
@calls 0 44359
@calls 0 44360
@calls 0 44361
@calls 0 44362
@calls 0 44363
@calls 0 44364
@calls 0 44365
@calls 0 44366
@calls 0 44367
@calls 0 44368
@calls 0 44369
@calls 0 44370
@calls 0 44371
@calls 0 44372
@calls 0 44373
@calls 0 44374
@calls 0 44375
@calls 0 44376
@calls 0 44377
@calls 0 44378
@calls 0 44379
@calls 0 44380
@calls 0 44381
@calls 0 44382
@calls 0 44383
@calls 0 44384
@calls 0 44385
@calls 0 44386
@calls 0 44387
@calls 0 44388
@calls 0 44389
@calls 0 44390
@calls 0 44391
@calls 0 44392
@calls 0 44393
@calls 0 44394
@calls 0 44395
@calls 0 44396
@calls 0 44397
@calls 0 44398
@calls 0 44399
@calls 0 44400
@calls 0 44401
@calls 0 44402
@calls 0 44403
@calls 0 44404
@calls 0 44405
@calls 0 44406
@calls 0 44407
@calls 0 44408
@calls 0 44409
@calls 0 44410
@calls 0 44411
@calls 0 44412
@calls 0 44413
@calls 0 44414
@calls 0 44415
@calls 0 44416
@calls 0 44417
@calls 0 44418
@calls 0 44419
@calls 0 44420
@calls 0 44421
@calls 0 44422
@calls 0 44423
@calls 0 44424
@calls 0 44425
@calls 0 44426
@calls 0 44427
@calls 0 44428
@calls 0 44429
@calls 0 44430
@calls 0 44431
@calls 0 44432
@calls 0 44433
@calls 0 44434
@calls 0 44435
@calls 0 44436
@calls 0 44437
@calls 0 44438
@calls 0 44439
@calls 0 44440
@calls 0 44441
@calls 0 44442
@calls 0 44443
@calls 0 44444
@calls 0 44445
@calls 0 44446
@calls 0 44447
@calls 0 44448
@calls 0 44449
@calls 0 44450
@calls 0 44451
@calls 0 44452
@calls 0 44453
@calls 0 44454
@calls 0 44455
@calls 0 44456
@calls 0 44457
@calls 0 44458
@calls 0 44459
@calls 0 44460
@calls 0 44461
@calls 0 44462
@calls 0 44463
@calls 0 44464
@calls 0 44465
@calls 0 44466
@calls 0 44467
@calls 0 44468
@calls 0 44469
@calls 0 44470
@calls 0 44471
@calls 0 44472
@calls 0 44473
@calls 0 44474
@calls 0 44475
@calls 0 44476
@calls 0 44477
@calls 0 44478
@calls 0 44479
@calls 0 44480
@calls 0 44481
@calls 0 44482
@calls 0 44483
@calls 0 44484
@calls 0 44485
@calls 0 44486
@calls 0 44487
@calls 0 44488
@calls 0 44489
@calls 0 44490
@calls 0 44491
@calls 0 44492
@calls 0 44493
@calls 0 44494
@calls 0 44495
@calls 0 44496
@calls 0 44497
@calls 0 44498
@calls 0 44499
@calls 0 44500
@calls 0 44501
@calls 0 44502
@calls 0 44503
@calls 0 44504
@calls 0 44505
@calls 0 44506
@calls 0 44507
@calls 0 44508
@calls 0 44509
@calls 0 44510
@calls 0 44511
@calls 0 44512
@calls 0 44513
@calls 0 44514
@calls 0 44515
@calls 0 44516
@calls 0 44517
@calls 0 44518
@calls 0 44519
@calls 0 44520
@calls 0 44521
@calls 0 44522
@calls 0 44523
@calls 0 44524
@calls 0 44525
@calls 0 44526
@calls 0 44527
@calls 0 44528
@calls 0 44529
@calls 0 44530
@calls 0 44531
@calls 0 44532
@calls 0 44533
@calls 0 44534
@calls 0 44535
@calls 0 44536
@calls 0 44537
@calls 0 44538
@calls 0 44539
@calls 0 44540
@calls 0 44541
@calls 0 44542
@calls 0 44543
@calls 0 44544
@calls 0 44545
@calls 0 44546
@calls 0 44547
@calls 0 44548
@calls 0 44549
@calls 0 44550
@calls 0 44551
@calls 0 44552
@calls 0 44553
@calls 0 44554
@calls 0 44555
@calls 0 44556
@calls 0 44557
@calls 0 44558
@calls 0 44559
@calls 0 44560
@calls 0 44561
@calls 0 44562
@calls 0 44563
@calls 0 44564
@calls 0 44565
@calls 0 44566
@calls 0 44567
@calls 0 44568
@calls 0 44569
@calls 0 44570
@calls 0 44571
@calls 0 44572
@calls 0 44573
@calls 0 44574
@calls 0 44575
@calls 0 44576
@calls 0 44577
@calls 0 44578
@calls 0 44579
@calls 0 44580
@calls 0 44581
@calls 0 44582
@calls 0 44583
@calls 0 44584
@calls 0 44585
@calls 0 44586
@calls 0 44587
@calls 0 44588
@calls 0 44589
@calls 0 44590
@calls 0 44591
@calls 0 44592
@calls 0 44593
@calls 0 44594
@calls 0 44595
@calls 0 44596
@calls 0 44597
@calls 0 44598
@calls 0 44599
@calls 0 44600
@calls 0 44601
@calls 0 44602
@calls 0 44603
@calls 0 44604
@calls 0 44605
@calls 0 44606
@calls 0 44607
@calls 0 44608
@calls 0 44609
@calls 0 44610
@calls 0 44611
@calls 0 44612
@calls 0 44613
@calls 0 44614
@calls 0 44615
@calls 0 44616
@calls 0 44617
@calls 0 44618
@calls 0 44619
@calls 0 44620
@calls 0 44621
@calls 0 44622
@calls 0 44623
@calls 0 44624
@calls 0 44625
@calls 0 44626
@calls 0 44627
@calls 0 44628
@calls 0 44629
@calls 0 44630
@calls 0 44631
@calls 0 44632
@calls 0 44633
@calls 0 44634
@calls 0 44635
@calls 0 44636
@calls 0 44637
@calls 0 44638
@calls 0 44639
@calls 0 44640
@calls 0 44641
@calls 0 44642
@calls 0 44643
@calls 0 44644
@calls 0 44645
@calls 0 44646
@calls 0 44647
@calls 0 44648
@calls 0 44649
@calls 0 44650
@calls 0 44651
@calls 0 44652
@calls 0 44653
@calls 0 44654
@calls 0 44655
@calls 0 44656
@calls 0 44657
@calls 0 44658
@calls 0 44659
@calls 0 44660
@calls 0 44661
@calls 0 44662
@calls 0 44663
@calls 0 44664
@calls 0 44665
@calls 0 44666
@calls 0 44667
@calls 0 44668
@calls 0 44669
@calls 0 44670
@calls 0 44671
@calls 0 44672
@calls 0 44673
@calls 0 44674
@calls 0 44675
@calls 0 44676
@calls 0 44677
@calls 0 44678
@calls 0 44679
@calls 0 44680
@calls 0 44681
@calls 0 44682
@calls 0 44683
@calls 0 44684
@calls 0 44685
@calls 0 44686
@calls 0 44687
@calls 0 44688
@calls 0 44689
@calls 0 44690
@calls 0 44691
@calls 0 44692
@calls 0 44693
@calls 0 44694
@calls 0 44695
@calls 0 44696
@calls 0 44697
@calls 0 44698
@calls 0 44699
@calls 0 44700
@calls 0 44701
@calls 0 44702
@calls 0 44703
@calls 0 44704
@calls 0 44705
@calls 0 44706
@calls 0 44707
@calls 0 44708
@calls 0 44709
@calls 0 44710
@calls 0 44711
@calls 0 44712
@calls 0 44713
@calls 0 44714
@calls 0 44715
@calls 0 44716
@calls 0 44717
@calls 0 44718
@calls 0 44719
@calls 0 44720
@calls 0 44721
@calls 0 44722
@calls 0 44723
@calls 0 44724
@calls 0 44725
@calls 0 44726
@calls 0 44727
@calls 0 44728
@calls 0 44729
@calls 0 44730
@calls 0 44731
@calls 0 44732
@calls 0 44733
@calls 0 44734
@calls 0 44735
@calls 0 44736
@calls 0 44737
@calls 0 44738
@calls 0 44739
@calls 0 44740
@calls 0 44741
@calls 0 44742
@calls 0 44743
@calls 0 44744
@calls 0 44745
@calls 0 44746
@calls 0 44747
@calls 0 44748
@calls 0 44749
@calls 0 44750
@calls 0 44751
@calls 0 44752
@calls 0 44753
@calls 0 44754
@calls 0 44755
@calls 0 44756
@calls 0 44757
@calls 0 44758
@calls 0 44759
@calls 0 44760
@calls 0 44761
@calls 0 44762
@calls 0 44763
@calls 0 44764
@calls 0 44765
@calls 0 44766
@calls 0 44767
@calls 0 44768
@calls 0 44769
@calls 0 44770
@calls 0 44771
@calls 0 44772
@calls 0 44773
@calls 0 44774
@calls 0 44775
@calls 0 44776
@calls 0 44777
@calls 0 44778
@calls 0 44779
@calls 0 44780
@calls 0 44781
@calls 0 44782
@calls 0 44783
@calls 0 44784
@calls 0 44785
@calls 0 44786
@calls 0 44787
@calls 0 44788
@calls 0 44789
@calls 0 44790
@calls 0 44791
@calls 0 44792
@calls 0 44793
@calls 0 44794
@calls 0 44795
@calls 0 44796
@calls 0 44797
@calls 0 44798
@calls 0 44799
@calls 0 44800
@calls 0 44801
@calls 0 44802
@calls 0 44803
@calls 0 44804
@calls 0 44805
@calls 0 44806
@calls 0 44807
@calls 0 44808
@calls 0 44809
@calls 0 44810
@calls 0 44811
@calls 0 44812
@calls 0 44813
@calls 0 44814
@calls 0 44815
@calls 0 44816
@calls 0 44817
@calls 0 44818
@calls 0 44819
@calls 0 44820
@calls 0 44821
@calls 0 44822
@calls 0 44823
@calls 0 44824
@calls 0 44825
@calls 0 44826
@calls 0 44827
@calls 0 44828
@calls 0 44829
@calls 0 44830
@calls 0 44831
@calls 0 44832
@calls 0 44833
@calls 0 44834
@calls 0 44835
@calls 0 44836
@calls 0 44837
@calls 0 44838
@calls 0 44839
@calls 0 44840
@calls 0 44841
@calls 0 44842
@calls 0 44843
@calls 0 44844
@calls 0 44845
@calls 0 44846
@calls 0 44847
@calls 0 44848
@calls 0 44849
@calls 0 44850
@calls 0 44851
@calls 0 44852
@calls 0 44853
@calls 0 44854
@calls 0 44855
@calls 0 44856
@calls 0 44857
@calls 0 44858
@calls 0 44859
@calls 0 44860
@calls 0 44861
@calls 0 44862
@calls 0 44863
@calls 0 44864
@calls 0 44865
@calls 0 44866
@calls 0 44867
@calls 0 44868
@calls 0 44869
@calls 0 44870
@calls 0 44871
@calls 0 44872
@calls 0 44873
@calls 0 44874
@calls 0 44875
@calls 0 44876
@calls 0 44877
@calls 0 44878
@calls 0 44879
@calls 0 44880
@calls 0 44881
@calls 0 44882
@calls 0 44883
@calls 0 44884
@calls 0 44885
@calls 0 44886
@calls 0 44887
@calls 0 44888
@calls 0 44889
@calls 0 44890
@calls 0 44891
@calls 0 44892
@calls 0 44893
@calls 0 44894
@calls 0 44895
@calls 0 44896
@calls 0 44897
@calls 0 44898
@calls 0 44899
@calls 0 44900
@calls 0 44901
@calls 0 44902
@calls 0 44903
@calls 0 44904
@calls 0 44905
@calls 0 44906
@calls 0 44907
@calls 0 44908
@calls 0 44909
@calls 0 44910
@calls 0 44911
@calls 0 44912
@calls 0 44913
@calls 0 44914
@calls 0 44915
@calls 0 44916
@calls 0 44917
@calls 0 44918
@calls 0 44919
@calls 0 44920
@calls 0 44921
@calls 0 44922
@calls 0 44923
@calls 0 44924
@calls 0 44925
@calls 0 44926
@calls 0 44927
@calls 0 44928
@calls 0 44929
@calls 0 44930
@calls 0 44931
@calls 0 44932
@calls 0 44933
@calls 0 44934
@calls 0 44935
@calls 0 44936
@calls 0 44937
@calls 0 44938
@calls 0 44939
@calls 0 44940
@calls 0 44941
@calls 0 44942
@calls 0 44943
@calls 0 44944
@calls 0 44945
@calls 0 44946
@calls 0 44947
@calls 0 44948
@calls 0 44949
@calls 0 44950
@calls 0 44951
@calls 0 44952
@calls 0 44953
@calls 0 44954
@calls 0 44955
@calls 0 44956
@calls 0 44957
@calls 0 44958
@calls 0 44959
@calls 0 44960
@calls 0 44961
@calls 0 44962
@calls 0 44963
@calls 0 44964
@calls 0 44965
@calls 0 44966
@calls 0 44967
@calls 0 44968
@calls 0 44969
@calls 0 44970
@calls 0 44971
@calls 0 44972
@calls 0 44973
@calls 0 44974
@calls 0 44975
@calls 0 44976
@calls 0 44977
@calls 0 44978
@calls 0 44979
@calls 0 44980
@calls 0 44981
@calls 0 44982
@calls 0 44983
@calls 0 44984
@calls 0 44985
@calls 0 44986
@calls 0 44987
@calls 0 44988
@calls 0 44989
@calls 0 44990
@calls 0 44991
@calls 0 44992
@calls 0 44993
@calls 0 44994
@calls 0 44995
@calls 0 44996
@calls 0 44997
@calls 0 44998
@calls 0 44999
@calls 0 45000
@calls 0 45001
@calls 0 45002
@calls 0 45003
@calls 0 45004
@calls 0 45005
@calls 0 45006
@calls 0 45007
@calls 0 45008
@calls 0 45009
@calls 0 45010
@calls 0 45011
@calls 0 45012
@calls 0 45013
@calls 0 45014
@calls 0 45015
@calls 0 45016
@calls 0 45017
@calls 0 45018
@calls 0 45019
@calls 0 45020
@calls 0 45021
@calls 0 45022
@calls 0 45023
@calls 0 45024
@calls 0 45025
@calls 0 45026
@calls 0 45027
@calls 0 45028
@calls 0 45029
@calls 0 45030
@calls 0 45031
@calls 0 45032
@calls 0 45033
@calls 0 45034
@calls 0 45035
@calls 0 45036
@calls 0 45037
@calls 0 45038
@calls 0 45039
@calls 0 45040
@calls 0 45041
@calls 0 45042
@calls 0 45043
@calls 0 45044
@calls 0 45045
@calls 0 45046
@calls 0 45047
@calls 0 45048
@calls 0 45049
@calls 0 45050
@calls 0 45051
@calls 0 45052
@calls 0 45053
@calls 0 45054
@calls 0 45055
@calls 0 45056
@calls 0 45057
@calls 0 45058
@calls 0 45059
@calls 0 45060
@calls 0 45061
@calls 0 45062
@calls 0 45063
@calls 0 45064
@calls 0 45065
@calls 0 45066
@calls 0 45067
@calls 0 45068
@calls 0 45069
@calls 0 45070
@calls 0 45071
@calls 0 45072
@calls 0 45073
@calls 0 45074
@calls 0 45075
@calls 0 45076
@calls 0 45077
@calls 0 45078
@calls 0 45079
@calls 0 45080
@calls 0 45081
@calls 0 45082
@calls 0 45083
@calls 0 45084
@calls 0 45085
@calls 0 45086
@calls 0 45087
@calls 0 45088
@calls 0 45089
@calls 0 45090
@calls 0 45091
@calls 0 45092
@calls 0 45093
@calls 0 45094
@calls 0 45095
@calls 0 45096
@calls 0 45097
@calls 0 45098
@calls 0 45099
@calls 0 45100
@calls 0 45101
@calls 0 45102
@calls 0 45103
@calls 0 45104
@calls 0 45105
@calls 0 45106
@calls 0 45107
@calls 0 45108
@calls 0 45109
@calls 0 45110
@calls 0 45111
@calls 0 45112
@calls 0 45113
@calls 0 45114
@calls 0 45115
@calls 0 45116
@calls 0 45117
@calls 0 45118
@calls 0 45119
@calls 0 45120
@calls 0 45121
@calls 0 45122
@calls 0 45123
@calls 0 45124
@calls 0 45125
@calls 0 45126
@calls 0 45127
@calls 0 45128
@calls 0 45129
@calls 0 45130
@calls 0 45131
@calls 0 45132
@calls 0 45133
@calls 0 45134
@calls 0 45135
@calls 0 45136
@calls 0 45137
@calls 0 45138
@calls 0 45139
@calls 0 45140
@calls 0 45141
@calls 0 45142
@calls 0 45143
@calls 0 45144
@calls 0 45145
@calls 0 45146
@calls 0 45147
@calls 0 45148
@calls 0 45149
@calls 0 45150
@calls 0 45151
@calls 0 45152
@calls 0 45153
@calls 0 45154
@calls 0 45155
@calls 0 45156
@calls 0 45157
@calls 0 45158
@calls 0 45159
@calls 0 45160
@calls 0 45161
@calls 0 45162
@calls 0 45163
@calls 0 45164
@calls 0 45165
@calls 0 45166
@calls 0 45167
@calls 0 45168
@calls 0 45169
@calls 0 45170
@calls 0 45171
@calls 0 45172
@calls 0 45173
@calls 0 45174
@calls 0 45175
@calls 0 45176
@calls 0 45177
@calls 0 45178
@calls 0 45179
@calls 0 45180
@calls 0 45181
@calls 0 45182
@calls 0 45183
@calls 0 45184
@calls 0 45185
@calls 0 45186
@calls 0 45187
@calls 0 45188
@calls 0 45189
@calls 0 45190
@calls 0 45191
@calls 0 45192
@calls 0 45193
@calls 0 45194
@calls 0 45195
@calls 0 45196
@calls 0 45197
@calls 0 45198
@calls 0 45199
@calls 0 45200
@calls 0 45201
@calls 0 45202
@calls 0 45203
@calls 0 45204
@calls 0 45205
@calls 0 45206
@calls 0 45207
@calls 0 45208
@calls 0 45209
@calls 0 45210
@calls 0 45211
@calls 0 45212
@calls 0 45213
@calls 0 45214
@calls 0 45215
@calls 0 45216
@calls 0 45217
@calls 0 45218
@calls 0 45219
@calls 0 45220
@calls 0 45221
@calls 0 45222
@calls 0 45223
@calls 0 45224
@calls 0 45225
@calls 0 45226
@calls 0 45227
@calls 0 45228
@calls 0 45229
@calls 0 45230
@calls 0 45231
@calls 0 45232
@calls 0 45233
@calls 0 45234
@calls 0 45235
@calls 0 45236
@calls 0 45237
@calls 0 45238
@calls 0 45239
@calls 0 45240
@calls 0 45241
@calls 0 45242
@calls 0 45243
@calls 0 45244
@calls 0 45245
@calls 0 45246
@calls 0 45247
@calls 0 45248
@calls 0 45249
@calls 0 45250
@calls 0 45251
@calls 0 45252
@calls 0 45253
@calls 0 45254
@calls 0 45255
@calls 0 45256
@calls 0 45257
@calls 0 45258
@calls 0 45259
@calls 0 45260
@calls 0 45261
@calls 0 45262
@calls 0 45263
@calls 0 45264
@calls 0 45265
@calls 0 45266
@calls 0 45267
@calls 0 45268
@calls 0 45269
@calls 0 45270
@calls 0 45271
@calls 0 45272
@calls 0 45273
@calls 0 45274
@calls 0 45275
@calls 0 45276
@calls 0 45277
@calls 0 45278
@calls 0 45279
@calls 0 45280
@calls 0 45281
@calls 0 45282
@calls 0 45283
@calls 0 45284
@calls 0 45285
@calls 0 45286
@calls 0 45287
@calls 0 45288
@calls 0 45289
@calls 0 45290
@calls 0 45291
@calls 0 45292
@calls 0 45293
@calls 0 45294
@calls 0 45295
@calls 0 45296
@calls 0 45297
@calls 0 45298
@calls 0 45299
@calls 0 45300
@calls 0 45301
@calls 0 45302
@calls 0 45303
@calls 0 45304
@calls 0 45305
@calls 0 45306
@calls 0 45307
@calls 0 45308
@calls 0 45309
@calls 0 45310
@calls 0 45311
@calls 0 45312
@calls 0 45313
@calls 0 45314
@calls 0 45315
@calls 0 45316
@calls 0 45317
@calls 0 45318
@calls 0 45319
@calls 0 45320
@calls 0 45321
@calls 0 45322
@calls 0 45323
@calls 0 45324
@calls 0 45325
@calls 0 45326
@calls 0 45327
@calls 0 45328
@calls 0 45329
@calls 0 45330
@calls 0 45331
@calls 0 45332
@calls 0 45333
@calls 0 45334
@calls 0 45335
@calls 0 45336
@calls 0 45337
@calls 0 45338
@calls 0 45339
@calls 0 45340
@calls 0 45341
@calls 0 45342
@calls 0 45343
@calls 0 45344
@calls 0 45345
@calls 0 45346
@calls 0 45347
@calls 0 45348
@calls 0 45349
@calls 0 45350
@calls 0 45351
@calls 0 45352
@calls 0 45353
@calls 0 45354
@calls 0 45355
@calls 0 45356
@calls 0 45357
@calls 0 45358
@calls 0 45359
@calls 0 45360
@calls 0 45361
@calls 0 45362
@calls 0 45363
@calls 0 45364
@calls 0 45365
@calls 0 45366
@calls 0 45367
@calls 0 45368
@calls 0 45369
@calls 0 45370
@calls 0 45371
@calls 0 45372
@calls 0 45373
@calls 0 45374
@calls 0 45375
@calls 0 45376
@calls 0 45377
@calls 0 45378
@calls 0 45379
@calls 0 45380
@calls 0 45381
@calls 0 45382
@calls 0 45383
@calls 0 45384
@calls 0 45385
@calls 0 45386
@calls 0 45387
@calls 0 45388
@calls 0 45389
@calls 0 45390
@calls 0 45391
@calls 0 45392
@calls 0 45393
@calls 0 45394
@calls 0 45395
@calls 0 45396
@calls 0 45397
@calls 0 45398
@calls 0 45399
@calls 0 45400
@calls 0 45401
@calls 0 45402
@calls 0 45403
@calls 0 45404
@calls 0 45405
@calls 0 45406
@calls 0 45407
@calls 0 45408
@calls 0 45409
@calls 0 45410
@calls 0 45411
@calls 0 45412
@calls 0 45413
@calls 0 45414
@calls 0 45415
@calls 0 45416
@calls 0 45417
@calls 0 45418
@calls 0 45419
@calls 0 45420
@calls 0 45421
@calls 0 45422
@calls 0 45423
@calls 0 45424
@calls 0 45425
@calls 0 45426
@calls 0 45427
@calls 0 45428
@calls 0 45429
@calls 0 45430
@calls 0 45431
@calls 0 45432
@calls 0 45433
@calls 0 45434
@calls 0 45435
@calls 0 45436
@calls 0 45437
@calls 0 45438
@calls 0 45439
@calls 0 45440
@calls 0 45441
@calls 0 45442
@calls 0 45443
@calls 0 45444
@calls 0 45445
@calls 0 45446
@calls 0 45447
@calls 0 45448
@calls 0 45449
@calls 0 45450
@calls 0 45451
@calls 0 45452
@calls 0 45453
@calls 0 45454
@calls 0 45455
@calls 0 45456
@calls 0 45457
@calls 0 45458
@calls 0 45459
@calls 0 45460
@calls 0 45461
@calls 0 45462
@calls 0 45463
@calls 0 45464
@calls 0 45465
@calls 0 45466
@calls 0 45467
@calls 0 45468
@calls 0 45469
@calls 0 45470
@calls 0 45471
@calls 0 45472
@calls 0 45473
@calls 0 45474
@calls 0 45475
@calls 0 45476
@calls 0 45477
@calls 0 45478
@calls 0 45479
@calls 0 45480
@calls 0 45481
@calls 0 45482
@calls 0 45483
@calls 0 45484
@calls 0 45485
@calls 0 45486
@calls 0 45487
@calls 0 45488
@calls 0 45489
@calls 0 45490
@calls 0 45491
@calls 0 45492
@calls 0 45493
@calls 0 45494
@calls 0 45495
@calls 0 45496
@calls 0 45497
@calls 0 45498
@calls 0 45499
@calls 0 45500
@calls 0 45501
@calls 0 45502
@calls 0 45503
@calls 0 45504
@calls 0 45505
@calls 0 45506
@calls 0 45507
@calls 0 45508
@calls 0 45509
@calls 0 45510
@calls 0 45511
@calls 0 45512
@calls 0 45513
@calls 0 45514
@calls 0 45515
@calls 0 45516
@calls 0 45517
@calls 0 45518
@calls 0 45519
@calls 0 45520
@calls 0 45521
@calls 0 45522
@calls 0 45523
@calls 0 45524
@calls 0 45525
@calls 0 45526
@calls 0 45527
@calls 0 45528
@calls 0 45529
@calls 0 45530
@calls 0 45531
@calls 0 45532
@calls 0 45533
@calls 0 45534
@calls 0 45535
@calls 0 45536
@calls 0 45537
@calls 0 45538
@calls 0 45539
@calls 0 45540
@calls 0 45541
@calls 0 45542
@calls 0 45543
@calls 0 45544
@calls 0 45545
@calls 0 45546
@calls 0 45547
@calls 0 45548
@calls 0 45549
@calls 0 45550
@calls 0 45551
@calls 0 45552
@calls 0 45553
@calls 0 45554
@calls 0 45555
@calls 0 45556
@calls 0 45557
@calls 0 45558
@calls 0 45559
@calls 0 45560
@calls 0 45561
@calls 0 45562
@calls 0 45563
@calls 0 45564
@calls 0 45565
@calls 0 45566
@calls 0 45567
@calls 0 45568
@calls 0 45569
@calls 0 45570
@calls 0 45571
@calls 0 45572
@calls 0 45573
@calls 0 45574
@calls 0 45575
@calls 0 45576
@calls 0 45577
@calls 0 45578
@calls 0 45579
@calls 0 45580
@calls 0 45581
@calls 0 45582
@calls 0 45583
@calls 0 45584
@calls 0 45585
@calls 0 45586
@calls 0 45587
@calls 0 45588
@calls 0 45589
@calls 0 45590
@calls 0 45591
@calls 0 45592
@calls 0 45593
@calls 0 45594
@calls 0 45595
@calls 0 45596
@calls 0 45597
@calls 0 45598
@calls 0 45599
@calls 0 45600
@calls 0 45601
@calls 0 45602
@calls 0 45603
@calls 0 45604
@calls 0 45605
@calls 0 45606
@calls 0 45607
@calls 0 45608
@calls 0 45609
@calls 0 45610
@calls 0 45611
@calls 0 45612
@calls 0 45613
@calls 0 45614
@calls 0 45615
@calls 0 45616
@calls 0 45617
@calls 0 45618
@calls 0 45619
@calls 0 45620
@calls 0 45621
@calls 0 45622
@calls 0 45623
@calls 0 45624
@calls 0 45625
@calls 0 45626
@calls 0 45627
@calls 0 45628
@calls 0 45629
@calls 0 45630
@calls 0 45631
@calls 0 45632
@calls 0 45633
@calls 0 45634
@calls 0 45635
@calls 0 45636
@calls 0 45637
@calls 0 45638
@calls 0 45639
@calls 0 45640
@calls 0 45641
@calls 0 45642
@calls 0 45643
@calls 0 45644
@calls 0 45645
@calls 0 45646
@calls 0 45647
@calls 0 45648
@calls 0 45649
@calls 0 45650
@calls 0 45651
@calls 0 45652
@calls 0 45653
@calls 0 45654
@calls 0 45655
@calls 0 45656
@calls 0 45657
@calls 0 45658
@calls 0 45659
@calls 0 45660
@calls 0 45661
@calls 0 45662
@calls 0 45663
@calls 0 45664
@calls 0 45665
@calls 0 45666
@calls 0 45667
@calls 0 45668
@calls 0 45669
@calls 0 45670
@calls 0 45671
@calls 0 45672
@calls 0 45673
@calls 0 45674
@calls 0 45675
@calls 0 45676
@calls 0 45677
@calls 0 45678
@calls 0 45679
@calls 0 45680
@calls 0 45681
@calls 0 45682
@calls 0 45683
@calls 0 45684
@calls 0 45685
@calls 0 45686
@calls 0 45687
@calls 0 45688
@calls 0 45689
@calls 0 45690
@calls 0 45691
@calls 0 45692
@calls 0 45693
@calls 0 45694
@calls 0 45695
@calls 0 45696
@calls 0 45697
@calls 0 45698
@calls 0 45699
@calls 0 45700
@calls 0 45701
@calls 0 45702
@calls 0 45703
@calls 0 45704
@calls 0 45705
@calls 0 45706
@calls 0 45707
@calls 0 45708
@calls 0 45709
@calls 0 45710
@calls 0 45711
@calls 0 45712
@calls 0 45713
@calls 0 45714
@calls 0 45715
@calls 0 45716
@calls 0 45717
@calls 0 45718
@calls 0 45719
@calls 0 45720
@calls 0 45721
@calls 0 45722
@calls 0 45723
@calls 0 45724
@calls 0 45725
@calls 0 45726
@calls 0 45727
@calls 0 45728
@calls 0 45729
@calls 0 45730
@calls 0 45731
@calls 0 45732
@calls 0 45733
@calls 0 45734
@calls 0 45735
@calls 0 45736
@calls 0 45737
@calls 0 45738
@calls 0 45739
@calls 0 45740
@calls 0 45741
@calls 0 45742
@calls 0 45743
@calls 0 45744
@calls 0 45745
@calls 0 45746
@calls 0 45747
@calls 0 45748
@calls 0 45749
@calls 0 45750
@calls 0 45751
@calls 0 45752
@calls 0 45753
@calls 0 45754
@calls 0 45755
@calls 0 45756
@calls 0 45757
@calls 0 45758
@calls 0 45759
@calls 0 45760
@calls 0 45761
@calls 0 45762
@calls 0 45763
@calls 0 45764
@calls 0 45765
@calls 0 45766
@calls 0 45767
@calls 0 45768
@calls 0 45769
@calls 0 45770
@calls 0 45771
@calls 0 45772
@calls 0 45773
@calls 0 45774
@calls 0 45775
@calls 0 45776
@calls 0 45777
@calls 0 45778
@calls 0 45779
@calls 0 45780
@calls 0 45781
@calls 0 45782
@calls 0 45783
@calls 0 45784
@calls 0 45785
@calls 0 45786
@calls 0 45787
@calls 0 45788
@calls 0 45789
@calls 0 45790
@calls 0 45791
@calls 0 45792
@calls 0 45793
@calls 0 45794
@calls 0 45795
@calls 0 45796
@calls 0 45797
@calls 0 45798
@calls 0 45799
@calls 0 45800
@calls 0 45801
@calls 0 45802
@calls 0 45803
@calls 0 45804
@calls 0 45805
@calls 0 45806
@calls 0 45807
@calls 0 45808
@calls 0 45809
@calls 0 45810
@calls 0 45811
@calls 0 45812
@calls 0 45813
@calls 0 45814
@calls 0 45815
@calls 0 45816
@calls 0 45817
@calls 0 45818
@calls 0 45819
@calls 0 45820
@calls 0 45821
@calls 0 45822
@calls 0 45823
@calls 0 45824
@calls 0 45825
@calls 0 45826
@calls 0 45827
@calls 0 45828
@calls 0 45829
@calls 0 45830
@calls 0 45831
@calls 0 45832
@calls 0 45833
@calls 0 45834
@calls 0 45835
@calls 0 45836
@calls 0 45837
@calls 0 45838
@calls 0 45839
@calls 0 45840
@calls 0 45841
@calls 0 45842
@calls 0 45843
@calls 0 45844
@calls 0 45845
@calls 0 45846
@calls 0 45847
@calls 0 45848
@calls 0 45849
@calls 0 45850
@calls 0 45851
@calls 0 45852
@calls 0 45853
@calls 0 45854
@calls 0 45855
@calls 0 45856
@calls 0 45857
@calls 0 45858
@calls 0 45859
@calls 0 45860
@calls 0 45861
@calls 0 45862
@calls 0 45863
@calls 0 45864
@calls 0 45865
@calls 0 45866
@calls 0 45867
@calls 0 45868
@calls 0 45869
@calls 0 45870
@calls 0 45871
@calls 0 45872
@calls 0 45873
@calls 0 45874
@calls 0 45875
@calls 0 45876
@calls 0 45877
@calls 0 45878
@calls 0 45879
@calls 0 45880
@calls 0 45881
@calls 0 45882
@calls 0 45883
@calls 0 45884
@calls 0 45885
@calls 0 45886
@calls 0 45887
@calls 0 45888
@calls 0 45889
@calls 0 45890
@calls 0 45891
@calls 0 45892
@calls 0 45893
@calls 0 45894
@calls 0 45895
@calls 0 45896
@calls 0 45897
@calls 0 45898
@calls 0 45899
@calls 0 45900
@calls 0 45901
@calls 0 45902
@calls 0 45903
@calls 0 45904
@calls 0 45905
@calls 0 45906
@calls 0 45907
@calls 0 45908
@calls 0 45909
@calls 0 45910
@calls 0 45911
@calls 0 45912
@calls 0 45913
@calls 0 45914
@calls 0 45915
@calls 0 45916
@calls 0 45917
@calls 0 45918
@calls 0 45919
@calls 0 45920
@calls 0 45921
@calls 0 45922
@calls 0 45923
@calls 0 45924
@calls 0 45925
@calls 0 45926
@calls 0 45927
@calls 0 45928
@calls 0 45929
@calls 0 45930
@calls 0 45931
@calls 0 45932
@calls 0 45933
@calls 0 45934
@calls 0 45935
@calls 0 45936
@calls 0 45937
@calls 0 45938
@calls 0 45939
@calls 0 45940
@calls 0 45941
@calls 0 45942
@calls 0 45943
@calls 0 45944
@calls 0 45945
@calls 0 45946
@calls 0 45947
@calls 0 45948
@calls 0 45949
@calls 0 45950
@calls 0 45951
@calls 0 45952
@calls 0 45953
@calls 0 45954
@calls 0 45955
@calls 0 45956
@calls 0 45957
@calls 0 45958
@calls 0 45959
@calls 0 45960
@calls 0 45961
@calls 0 45962
@calls 0 45963
@calls 0 45964
@calls 0 45965
@calls 0 45966
@calls 0 45967
@calls 0 45968
@calls 0 45969
@calls 0 45970
@calls 0 45971
@calls 0 45972
@calls 0 45973
@calls 0 45974
@calls 0 45975
@calls 0 45976
@calls 0 45977
@calls 0 45978
@calls 0 45979
@calls 0 45980
@calls 0 45981
@calls 0 45982
@calls 0 45983
@calls 0 45984
@calls 0 45985
@calls 0 45986
@calls 0 45987
@calls 0 45988
@calls 0 45989
@calls 0 45990
@calls 0 45991
@calls 0 45992
@calls 0 45993
@calls 0 45994
@calls 0 45995
@calls 0 45996
@calls 0 45997
@calls 0 45998
@calls 0 45999
@calls 0 46000
@calls 0 46001
@calls 0 46002
@calls 0 46003
@calls 0 46004
@calls 0 46005
@calls 0 46006
@calls 0 46007
@calls 0 46008
@calls 0 46009
@calls 0 46010
@calls 0 46011
@calls 0 46012
@calls 0 46013
@calls 0 46014
@calls 0 46015
@calls 0 46016
@calls 0 46017
@calls 0 46018
@calls 0 46019
@calls 0 46020
@calls 0 46021
@calls 0 46022
@calls 0 46023
@calls 0 46024
@calls 0 46025
@calls 0 46026
@calls 0 46027
@calls 0 46028
@calls 0 46029
@calls 0 46030
@calls 0 46031
@calls 0 46032
@calls 0 46033
@calls 0 46034
@calls 0 46035
@calls 0 46036
@calls 0 46037
@calls 0 46038
@calls 0 46039
@calls 0 46040
@calls 0 46041
@calls 0 46042
@calls 0 46043
@calls 0 46044
@calls 0 46045
@calls 0 46046
@calls 0 46047
@calls 0 46048
@calls 0 46049
@calls 0 46050
@calls 0 46051
@calls 0 46052
@calls 0 46053
@calls 0 46054
@calls 0 46055
@calls 0 46056
@calls 0 46057
@calls 0 46058
@calls 0 46059
@calls 0 46060
@calls 0 46061
@calls 0 46062
@calls 0 46063
@calls 0 46064
@calls 0 46065
@calls 0 46066
@calls 0 46067
@calls 0 46068
@calls 0 46069
@calls 0 46070
@calls 0 46071
@calls 0 46072
@calls 0 46073
@calls 0 46074
@calls 0 46075
@calls 0 46076
@calls 0 46077
@calls 0 46078
@calls 0 46079
@calls 0 46080
@calls 0 46081
@calls 0 46082
@calls 0 46083
@calls 0 46084
@calls 0 46085
@calls 0 46086
@calls 0 46087
@calls 0 46088
@calls 0 46089
@calls 0 46090
@calls 0 46091
@calls 0 46092
@calls 0 46093
@calls 0 46094
@calls 0 46095
@calls 0 46096
@calls 0 46097
@calls 0 46098
@calls 0 46099
@calls 0 46100
@calls 0 46101
@calls 0 46102
@calls 0 46103
@calls 0 46104
@calls 0 46105
@calls 0 46106
@calls 0 46107
@calls 0 46108
@calls 0 46109
@calls 0 46110
@calls 0 46111
@calls 0 46112
@calls 0 46113
@calls 0 46114
@calls 0 46115
@calls 0 46116
@calls 0 46117
@calls 0 46118
@calls 0 46119
@calls 0 46120
@calls 0 46121
@calls 0 46122
@calls 0 46123
@calls 0 46124
@calls 0 46125
@calls 0 46126
@calls 0 46127
@calls 0 46128
@calls 0 46129
@calls 0 46130
@calls 0 46131
@calls 0 46132
@calls 0 46133
@calls 0 46134
@calls 0 46135
@calls 0 46136
@calls 0 46137
@calls 0 46138
@calls 0 46139
@calls 0 46140
@calls 0 46141
@calls 0 46142
@calls 0 46143
@calls 0 46144
@calls 0 46145
@calls 0 46146
@calls 0 46147
@calls 0 46148
@calls 0 46149
@calls 0 46150
@calls 0 46151
@calls 0 46152
@calls 0 46153
@calls 0 46154
@calls 0 46155
@calls 0 46156
@calls 0 46157
@calls 0 46158
@calls 0 46159
@calls 0 46160
@calls 0 46161
@calls 0 46162
@calls 0 46163
@calls 0 46164
@calls 0 46165
@calls 0 46166
@calls 0 46167
@calls 0 46168
@calls 0 46169
@calls 0 46170
@calls 0 46171
@calls 0 46172
@calls 0 46173
@calls 0 46174
@calls 0 46175
@calls 0 46176
@calls 0 46177
@calls 0 46178
@calls 0 46179
@calls 0 46180
@calls 0 46181
@calls 0 46182
@calls 0 46183
@calls 0 46184
@calls 0 46185
@calls 0 46186
@calls 0 46187
@calls 0 46188
@calls 0 46189
@calls 0 46190
@calls 0 46191
@calls 0 46192
@calls 0 46193
@calls 0 46194
@calls 0 46195
@calls 0 46196
@calls 0 46197
@calls 0 46198
@calls 0 46199
@calls 0 46200
@calls 0 46201
@calls 0 46202
@calls 0 46203
@calls 0 46204
@calls 0 46205
@calls 0 46206
@calls 0 46207
@calls 0 46208
@calls 0 46209
@calls 0 46210
@calls 0 46211
@calls 0 46212
@calls 0 46213
@calls 0 46214
@calls 0 46215
@calls 0 46216
@calls 0 46217
@calls 0 46218
@calls 0 46219
@calls 0 46220
@calls 0 46221
@calls 0 46222
@calls 0 46223
@calls 0 46224
@calls 0 46225
@calls 0 46226
@calls 0 46227
@calls 0 46228
@calls 0 46229
@calls 0 46230
@calls 0 46231
@calls 0 46232
@calls 0 46233
@calls 0 46234
@calls 0 46235
@calls 0 46236
@calls 0 46237
@calls 0 46238
@calls 0 46239
@calls 0 46240
@calls 0 46241
@calls 0 46242
@calls 0 46243
@calls 0 46244
@calls 0 46245
@calls 0 46246
@calls 0 46247
@calls 0 46248
@calls 0 46249
@calls 0 46250
@calls 0 46251
@calls 0 46252
@calls 0 46253
@calls 0 46254
@calls 0 46255
@calls 0 46256
@calls 0 46257
@calls 0 46258
@calls 0 46259
@calls 0 46260
@calls 0 46261
@calls 0 46262
@calls 0 46263
@calls 0 46264
@calls 0 46265
@calls 0 46266
@calls 0 46267
@calls 0 46268
@calls 0 46269
@calls 0 46270
@calls 0 46271
@calls 0 46272
@calls 0 46273
@calls 0 46274
@calls 0 46275
@calls 0 46276
@calls 0 46277
@calls 0 46278
@calls 0 46279
@calls 0 46280
@calls 0 46281
@calls 0 46282
@calls 0 46283
@calls 0 46284
@calls 0 46285
@calls 0 46286
@calls 0 46287
@calls 0 46288
@calls 0 46289
@calls 0 46290
@calls 0 46291
@calls 0 46292
@calls 0 46293
@calls 0 46294
@calls 0 46295
@calls 0 46296
@calls 0 46297
@calls 0 46298
@calls 0 46299
@calls 0 46300
@calls 0 46301
@calls 0 46302
@calls 0 46303
@calls 0 46304
@calls 0 46305
@calls 0 46306
@calls 0 46307
@calls 0 46308
@calls 0 46309
@calls 0 46310
@calls 0 46311
@calls 0 46312
@calls 0 46313
@calls 0 46314
@calls 0 46315
@calls 0 46316
@calls 0 46317
@calls 0 46318
@calls 0 46319
@calls 0 46320
@calls 0 46321
@calls 0 46322
@calls 0 46323
@calls 0 46324
@calls 0 46325
@calls 0 46326
@calls 0 46327
@calls 0 46328
@calls 0 46329
@calls 0 46330
@calls 0 46331
@calls 0 46332
@calls 0 46333
@calls 0 46334
@calls 0 46335
@calls 0 46336
@calls 0 46337
@calls 0 46338
@calls 0 46339
@calls 0 46340
@calls 0 46341
@calls 0 46342
@calls 0 46343
@calls 0 46344
@calls 0 46345
@calls 0 46346
@calls 0 46347
@calls 0 46348
@calls 0 46349
@calls 0 46350
@calls 0 46351
@calls 0 46352
@calls 0 46353
@calls 0 46354
@calls 0 46355
@calls 0 46356
@calls 0 46357
@calls 0 46358
@calls 0 46359
@calls 0 46360
@calls 0 46361
@calls 0 46362
@calls 0 46363
@calls 0 46364
@calls 0 46365
@calls 0 46366
@calls 0 46367
@calls 0 46368
@calls 0 46369
@calls 0 46370
@calls 0 46371
@calls 0 46372
@calls 0 46373
@calls 0 46374
@calls 0 46375
@calls 0 46376
@calls 0 46377
@calls 0 46378
@calls 0 46379
@calls 0 46380
@calls 0 46381
@calls 0 46382
@calls 0 46383
@calls 0 46384
@calls 0 46385
@calls 0 46386
@calls 0 46387
@calls 0 46388
@calls 0 46389
@calls 0 46390
@calls 0 46391
@calls 0 46392
@calls 0 46393
@calls 0 46394
@calls 0 46395
@calls 0 46396
@calls 0 46397
@calls 0 46398
@calls 0 46399
@calls 0 46400
@calls 0 46401
@calls 0 46402
@calls 0 46403
@calls 0 46404
@calls 0 46405
@calls 0 46406
@calls 0 46407
@calls 0 46408
@calls 0 46409
@calls 0 46410
@calls 0 46411
@calls 0 46412
@calls 0 46413
@calls 0 46414
@calls 0 46415
@calls 0 46416
@calls 0 46417
@calls 0 46418
@calls 0 46419
@calls 0 46420
@calls 0 46421
@calls 0 46422
@calls 0 46423
@calls 0 46424
@calls 0 46425
@calls 0 46426
@calls 0 46427
@calls 0 46428
@calls 0 46429
@calls 0 46430
@calls 0 46431
@calls 0 46432
@calls 0 46433
@calls 0 46434
@calls 0 46435
@calls 0 46436
@calls 0 46437
@calls 0 46438
@calls 0 46439
@calls 0 46440
@calls 0 46441
@calls 0 46442
@calls 0 46443
@calls 0 46444
@calls 0 46445
@calls 0 46446
@calls 0 46447
@calls 0 46448
@calls 0 46449
@calls 0 46450
@calls 0 46451
@calls 0 46452
@calls 0 46453
@calls 0 46454
@calls 0 46455
@calls 0 46456
@calls 0 46457
@calls 0 46458
@calls 0 46459
@calls 0 46460
@calls 0 46461
@calls 0 46462
@calls 0 46463
@calls 0 46464
@calls 0 46465
@calls 0 46466
@calls 0 46467
@calls 0 46468
@calls 0 46469
@calls 0 46470
@calls 0 46471
@calls 0 46472
@calls 0 46473
@calls 0 46474
@calls 0 46475
@calls 0 46476
@calls 0 46477
@calls 0 46478
@calls 0 46479
@calls 0 46480
@calls 0 46481
@calls 0 46482
@calls 0 46483
@calls 0 46484
@calls 0 46485
@calls 0 46486
@calls 0 46487
@calls 0 46488
@calls 0 46489
@calls 0 46490
@calls 0 46491
@calls 0 46492
@calls 0 46493
@calls 0 46494
@calls 0 46495
@calls 0 46496
@calls 0 46497
@calls 0 46498
@calls 0 46499
@calls 0 46500
@calls 0 46501
@calls 0 46502
@calls 0 46503
@calls 0 46504
@calls 0 46505
@calls 0 46506
@calls 0 46507
@calls 0 46508
@calls 0 46509
@calls 0 46510
@calls 0 46511
@calls 0 46512
@calls 0 46513
@calls 0 46514
@calls 0 46515
@calls 0 46516
@calls 0 46517
@calls 0 46518
@calls 0 46519
@calls 0 46520
@calls 0 46521
@calls 0 46522
@calls 0 46523
@calls 0 46524
@calls 0 46525
@calls 0 46526
@calls 0 46527
@calls 0 46528
@calls 0 46529
@calls 0 46530
@calls 0 46531
@calls 0 46532
@calls 0 46533
@calls 0 46534
@calls 0 46535
@calls 0 46536
@calls 0 46537
@calls 0 46538
@calls 0 46539
@calls 0 46540
@calls 0 46541
@calls 0 46542
@calls 0 46543
@calls 0 46544
@calls 0 46545
@calls 0 46546
@calls 0 46547
@calls 0 46548
@calls 0 46549
@calls 0 46550
@calls 0 46551
@calls 0 46552
@calls 0 46553
@calls 0 46554
@calls 0 46555
@calls 0 46556
@calls 0 46557
@calls 0 46558
@calls 0 46559
@calls 0 46560
@calls 0 46561
@calls 0 46562
@calls 0 46563
@calls 0 46564
@calls 0 46565
@calls 0 46566
@calls 0 46567
@calls 0 46568
@calls 0 46569
@calls 0 46570
@calls 0 46571
@calls 0 46572
@calls 0 46573
@calls 0 46574
@calls 0 46575
@calls 0 46576
@calls 0 46577
@calls 0 46578
@calls 0 46579
@calls 0 46580
@calls 0 46581
@calls 0 46582
@calls 0 46583
@calls 0 46584
@calls 0 46585
@calls 0 46586
@calls 0 46587
@calls 0 46588
@calls 0 46589
@calls 0 46590
@calls 0 46591
@calls 0 46592
@calls 0 46593
@calls 0 46594
@calls 0 46595
@calls 0 46596
@calls 0 46597
@calls 0 46598
@calls 0 46599
@calls 0 46600
@calls 0 46601
@calls 0 46602
@calls 0 46603
@calls 0 46604
@calls 0 46605
@calls 0 46606
@calls 0 46607
@calls 0 46608
@calls 0 46609
@calls 0 46610
@calls 0 46611
@calls 0 46612
@calls 0 46613
@calls 0 46614
@calls 0 46615
@calls 0 46616
@calls 0 46617
@calls 0 46618
@calls 0 46619
@calls 0 46620
@calls 0 46621
@calls 0 46622
@calls 0 46623
@calls 0 46624
@calls 0 46625
@calls 0 46626
@calls 0 46627
@calls 0 46628
@calls 0 46629
@calls 0 46630
@calls 0 46631
@calls 0 46632
@calls 0 46633
@calls 0 46634
@calls 0 46635
@calls 0 46636
@calls 0 46637
@calls 0 46638
@calls 0 46639
@calls 0 46640
@calls 0 46641
@calls 0 46642
@calls 0 46643
@calls 0 46644
@calls 0 46645
@calls 0 46646
@calls 0 46647
@calls 0 46648
@calls 0 46649
@calls 0 46650
@calls 0 46651
@calls 0 46652
@calls 0 46653
@calls 0 46654
@calls 0 46655
@calls 0 46656
@calls 0 46657
@calls 0 46658
@calls 0 46659
@calls 0 46660
@calls 0 46661
@calls 0 46662
@calls 0 46663
@calls 0 46664
@calls 0 46665
@calls 0 46666
@calls 0 46667
@calls 0 46668
@calls 0 46669
@calls 0 46670
@calls 0 46671
@calls 0 46672
@calls 0 46673
@calls 0 46674
@calls 0 46675
@calls 0 46676
@calls 0 46677
@calls 0 46678
@calls 0 46679
@calls 0 46680
@calls 0 46681
@calls 0 46682
@calls 0 46683
@calls 0 46684
@calls 0 46685
@calls 0 46686
@calls 0 46687
@calls 0 46688
@calls 0 46689
@calls 0 46690
@calls 0 46691
@calls 0 46692
@calls 0 46693
@calls 0 46694
@calls 0 46695
@calls 0 46696
@calls 0 46697
@calls 0 46698
@calls 0 46699
@calls 0 46700
@calls 0 46701
@calls 0 46702
@calls 0 46703
@calls 0 46704
@calls 0 46705
@calls 0 46706
@calls 0 46707
@calls 0 46708
@calls 0 46709
@calls 0 46710
@calls 0 46711
@calls 0 46712
@calls 0 46713
@calls 0 46714
@calls 0 46715
@calls 0 46716
@calls 0 46717
@calls 0 46718
@calls 0 46719
@calls 0 46720
@calls 0 46721
@calls 0 46722
@calls 0 46723
@calls 0 46724
@calls 0 46725
@calls 0 46726
@calls 0 46727
@calls 0 46728
@calls 0 46729
@calls 0 46730
@calls 0 46731
@calls 0 46732
@calls 0 46733
@calls 0 46734
@calls 0 46735
@calls 0 46736
@calls 0 46737
@calls 0 46738
@calls 0 46739
@calls 0 46740
@calls 0 46741
@calls 0 46742
@calls 0 46743
@calls 0 46744
@calls 0 46745
@calls 0 46746
@calls 0 46747
@calls 0 46748
@calls 0 46749
@calls 0 46750
@calls 0 46751
@calls 0 46752
@calls 0 46753
@calls 0 46754
@calls 0 46755
@calls 0 46756
@calls 0 46757
@calls 0 46758
@calls 0 46759
@calls 0 46760
@calls 0 46761
@calls 0 46762
@calls 0 46763
@calls 0 46764
@calls 0 46765
@calls 0 46766
@calls 0 46767
@calls 0 46768
@calls 0 46769
@calls 0 46770
@calls 0 46771
@calls 0 46772
@calls 0 46773
@calls 0 46774
@calls 0 46775
@calls 0 46776
@calls 0 46777
@calls 0 46778
@calls 0 46779
@calls 0 46780
@calls 0 46781
@calls 0 46782
@calls 0 46783
@calls 0 46784
@calls 0 46785
@calls 0 46786
@calls 0 46787
@calls 0 46788
@calls 0 46789
@calls 0 46790
@calls 0 46791
@calls 0 46792
@calls 0 46793
@calls 0 46794
@calls 0 46795
@calls 0 46796
@calls 0 46797
@calls 0 46798
@calls 0 46799
@calls 0 46800
@calls 0 46801
@calls 0 46802
@calls 0 46803
@calls 0 46804
@calls 0 46805
@calls 0 46806
@calls 0 46807
@calls 0 46808
@calls 0 46809
@calls 0 46810
@calls 0 46811
@calls 0 46812
@calls 0 46813
@calls 0 46814
@calls 0 46815
@calls 0 46816
@calls 0 46817
@calls 0 46818
@calls 0 46819
@calls 0 46820
@calls 0 46821
@calls 0 46822
@calls 0 46823
@calls 0 46824
@calls 0 46825
@calls 0 46826
@calls 0 46827
@calls 0 46828
@calls 0 46829
@calls 0 46830
@calls 0 46831
@calls 0 46832
@calls 0 46833
@calls 0 46834
@calls 0 46835
@calls 0 46836
@calls 0 46837
@calls 0 46838
@calls 0 46839
@calls 0 46840
@calls 0 46841
@calls 0 46842
@calls 0 46843
@calls 0 46844
@calls 0 46845
@calls 0 46846
@calls 0 46847
@calls 0 46848
@calls 0 46849
@calls 0 46850
@calls 0 46851
@calls 0 46852
@calls 0 46853
@calls 0 46854
@calls 0 46855
@calls 0 46856
@calls 0 46857
@calls 0 46858
@calls 0 46859
@calls 0 46860
@calls 0 46861
@calls 0 46862
@calls 0 46863
@calls 0 46864
@calls 0 46865
@calls 0 46866
@calls 0 46867
@calls 0 46868
@calls 0 46869
@calls 0 46870
@calls 0 46871
@calls 0 46872
@calls 0 46873
@calls 0 46874
@calls 0 46875
@calls 0 46876
@calls 0 46877
@calls 0 46878
@calls 0 46879
@calls 0 46880
@calls 0 46881
@calls 0 46882
@calls 0 46883
@calls 0 46884
@calls 0 46885
@calls 0 46886
@calls 0 46887
@calls 0 46888
@calls 0 46889
@calls 0 46890
@calls 0 46891
@calls 0 46892
@calls 0 46893
@calls 0 46894
@calls 0 46895
@calls 0 46896
@calls 0 46897
@calls 0 46898
@calls 0 46899
@calls 0 46900
@calls 0 46901
@calls 0 46902
@calls 0 46903
@calls 0 46904
@calls 0 46905
@calls 0 46906
@calls 0 46907
@calls 0 46908
@calls 0 46909
@calls 0 46910
@calls 0 46911
@calls 0 46912
@calls 0 46913
@calls 0 46914
@calls 0 46915
@calls 0 46916
@calls 0 46917
@calls 0 46918
@calls 0 46919
@calls 0 46920
@calls 0 46921
@calls 0 46922
@calls 0 46923
@calls 0 46924
@calls 0 46925
@calls 0 46926
@calls 0 46927
@calls 0 46928
@calls 0 46929
@calls 0 46930
@calls 0 46931
@calls 0 46932
@calls 0 46933
@calls 0 46934
@calls 0 46935
@calls 0 46936
@calls 0 46937
@calls 0 46938
@calls 0 46939
@calls 0 46940
@calls 0 46941
@calls 0 46942
@calls 0 46943
@calls 0 46944
@calls 0 46945
@calls 0 46946
@calls 0 46947
@calls 0 46948
@calls 0 46949
@calls 0 46950
@calls 0 46951
@calls 0 46952
@calls 0 46953
@calls 0 46954
@calls 0 46955
@calls 0 46956
@calls 0 46957
@calls 0 46958
@calls 0 46959
@calls 0 46960
@calls 0 46961
@calls 0 46962
@calls 0 46963
@calls 0 46964
@calls 0 46965
@calls 0 46966
@calls 0 46967
@calls 0 46968
@calls 0 46969
@calls 0 46970
@calls 0 46971
@calls 0 46972
@calls 0 46973
@calls 0 46974
@calls 0 46975
@calls 0 46976
@calls 0 46977
@calls 0 46978
@calls 0 46979
@calls 0 46980
@calls 0 46981
@calls 0 46982
@calls 0 46983
@calls 0 46984
@calls 0 46985
@calls 0 46986
@calls 0 46987
@calls 0 46988
@calls 0 46989
@calls 0 46990
@calls 0 46991
@calls 0 46992
@calls 0 46993
@calls 0 46994
@calls 0 46995
@calls 0 46996
@calls 0 46997
@calls 0 46998
@calls 0 46999
@calls 0 47000
@calls 0 47001
@calls 0 47002
@calls 0 47003
@calls 0 47004
@calls 0 47005
@calls 0 47006
@calls 0 47007
@calls 0 47008
@calls 0 47009
@calls 0 47010
@calls 0 47011
@calls 0 47012
@calls 0 47013
@calls 0 47014
@calls 0 47015
@calls 0 47016
@calls 0 47017
@calls 0 47018
@calls 0 47019
@calls 0 47020
@calls 0 47021
@calls 0 47022
@calls 0 47023
@calls 0 47024
@calls 0 47025
@calls 0 47026
@calls 0 47027
@calls 0 47028
@calls 0 47029
@calls 0 47030
@calls 0 47031
@calls 0 47032
@calls 0 47033
@calls 0 47034
@calls 0 47035
@calls 0 47036
@calls 0 47037
@calls 0 47038
@calls 0 47039
@calls 0 47040
@calls 0 47041
@calls 0 47042
@calls 0 47043
@calls 0 47044
@calls 0 47045
@calls 0 47046
@calls 0 47047
@calls 0 47048
@calls 0 47049
@calls 0 47050
@calls 0 47051
@calls 0 47052
@calls 0 47053
@calls 0 47054
@calls 0 47055
@calls 0 47056
@calls 0 47057
@calls 0 47058
@calls 0 47059
@calls 0 47060
@calls 0 47061
@calls 0 47062
@calls 0 47063
@calls 0 47064
@calls 0 47065
@calls 0 47066
@calls 0 47067
@calls 0 47068
@calls 0 47069
@calls 0 47070
@calls 0 47071
@calls 0 47072
@calls 0 47073
@calls 0 47074
@calls 0 47075
@calls 0 47076
@calls 0 47077
@calls 0 47078
@calls 0 47079
@calls 0 47080
@calls 0 47081
@calls 0 47082
@calls 0 47083
@calls 0 47084
@calls 0 47085
@calls 0 47086
@calls 0 47087
@calls 0 47088
@calls 0 47089
@calls 0 47090
@calls 0 47091
@calls 0 47092
@calls 0 47093
@calls 0 47094
@calls 0 47095
@calls 0 47096
@calls 0 47097
@calls 0 47098
@calls 0 47099
@calls 0 47100
@calls 0 47101
@calls 0 47102
@calls 0 47103
@calls 0 47104
@calls 0 47105
@calls 0 47106
@calls 0 47107
@calls 0 47108
@calls 0 47109
@calls 0 47110
@calls 0 47111
@calls 0 47112
@calls 0 47113
@calls 0 47114
@calls 0 47115
@calls 0 47116
@calls 0 47117
@calls 0 47118
@calls 0 47119
@calls 0 47120
@calls 0 47121
@calls 0 47122
@calls 0 47123
@calls 0 47124
@calls 0 47125
@calls 0 47126
@calls 0 47127
@calls 0 47128
@calls 0 47129
@calls 0 47130
@calls 0 47131
@calls 0 47132
@calls 0 47133
@calls 0 47134
@calls 0 47135
@calls 0 47136
@calls 0 47137
@calls 0 47138
@calls 0 47139
@calls 0 47140
@calls 0 47141
@calls 0 47142
@calls 0 47143
@calls 0 47144
@calls 0 47145
@calls 0 47146
@calls 0 47147
@calls 0 47148
@calls 0 47149
@calls 0 47150
@calls 0 47151
@calls 0 47152
@calls 0 47153
@calls 0 47154
@calls 0 47155
@calls 0 47156
@calls 0 47157
@calls 0 47158
@calls 0 47159
@calls 0 47160
@calls 0 47161
@calls 0 47162
@calls 0 47163
@calls 0 47164
@calls 0 47165
@calls 0 47166
@calls 0 47167
@calls 0 47168
@calls 0 47169
@calls 0 47170
@calls 0 47171
@calls 0 47172
@calls 0 47173
@calls 0 47174
@calls 0 47175
@calls 0 47176
@calls 0 47177
@calls 0 47178
@calls 0 47179
@calls 0 47180
@calls 0 47181
@calls 0 47182
@calls 0 47183
@calls 0 47184
@calls 0 47185
@calls 0 47186
@calls 0 47187
@calls 0 47188
@calls 0 47189
@calls 0 47190
@calls 0 47191
@calls 0 47192
@calls 0 47193
@calls 0 47194
@calls 0 47195
@calls 0 47196
@calls 0 47197
@calls 0 47198
@calls 0 47199
@calls 0 47200
@calls 0 47201
@calls 0 47202
@calls 0 47203
@calls 0 47204
@calls 0 47205
@calls 0 47206
@calls 0 47207
@calls 0 47208
@calls 0 47209
@calls 0 47210
@calls 0 47211
@calls 0 47212
@calls 0 47213
@calls 0 47214
@calls 0 47215
@calls 0 47216
@calls 0 47217
@calls 0 47218
@calls 0 47219
@calls 0 47220
@calls 0 47221
@calls 0 47222
@calls 0 47223
@calls 0 47224
@calls 0 47225
@calls 0 47226
@calls 0 47227
@calls 0 47228
@calls 0 47229
@calls 0 47230
@calls 0 47231
@calls 0 47232
@calls 0 47233
@calls 0 47234
@calls 0 47235
@calls 0 47236
@calls 0 47237
@calls 0 47238
@calls 0 47239
@calls 0 47240
@calls 0 47241
@calls 0 47242
@calls 0 47243
@calls 0 47244
@calls 0 47245
@calls 0 47246
@calls 0 47247
@calls 0 47248
@calls 0 47249
@calls 0 47250
@calls 0 47251
@calls 0 47252
@calls 0 47253
@calls 0 47254
@calls 0 47255
@calls 0 47256
@calls 0 47257
@calls 0 47258
@calls 0 47259
@calls 0 47260
@calls 0 47261
@calls 0 47262
@calls 0 47263
@calls 0 47264
@calls 0 47265
@calls 0 47266
@calls 0 47267
@calls 0 47268
@calls 0 47269
@calls 0 47270
@calls 0 47271
@calls 0 47272
@calls 0 47273
@calls 0 47274
@calls 0 47275
@calls 0 47276
@calls 0 47277
@calls 0 47278
@calls 0 47279
@calls 0 47280
@calls 0 47281
@calls 0 47282
@calls 0 47283
@calls 0 47284
@calls 0 47285
@calls 0 47286
@calls 0 47287
@calls 0 47288
@calls 0 47289
@calls 0 47290
@calls 0 47291
@calls 0 47292
@calls 0 47293
@calls 0 47294
@calls 0 47295
@calls 0 47296
@calls 0 47297
@calls 0 47298
@calls 0 47299
@calls 0 47300
@calls 0 47301
@calls 0 47302
@calls 0 47303
@calls 0 47304
@calls 0 47305
@calls 0 47306
@calls 0 47307
@calls 0 47308
@calls 0 47309
@calls 0 47310
@calls 0 47311
@calls 0 47312
@calls 0 47313
@calls 0 47314
@calls 0 47315
@calls 0 47316
@calls 0 47317
@calls 0 47318
@calls 0 47319
@calls 0 47320
@calls 0 47321
@calls 0 47322
@calls 0 47323
@calls 0 47324
@calls 0 47325
@calls 0 47326
@calls 0 47327
@calls 0 47328
@calls 0 47329
@calls 0 47330
@calls 0 47331
@calls 0 47332
@calls 0 47333
@calls 0 47334
@calls 0 47335
@calls 0 47336
@calls 0 47337
@calls 0 47338
@calls 0 47339
@calls 0 47340
@calls 0 47341
@calls 0 47342
@calls 0 47343
@calls 0 47344
@calls 0 47345
@calls 0 47346
@calls 0 47347
@calls 0 47348
@calls 0 47349
@calls 0 47350
@calls 0 47351
@calls 0 47352
@calls 0 47353
@calls 0 47354
@calls 0 47355
@calls 0 47356
@calls 0 47357
@calls 0 47358
@calls 0 47359
@calls 0 47360
@calls 0 47361
@calls 0 47362
@calls 0 47363
@calls 0 47364
@calls 0 47365
@calls 0 47366
@calls 0 47367
@calls 0 47368
@calls 0 47369
@calls 0 47370
@calls 0 47371
@calls 0 47372
@calls 0 47373
@calls 0 47374
@calls 0 47375
@calls 0 47376
@calls 0 47377
@calls 0 47378
@calls 0 47379
@calls 0 47380
@calls 0 47381
@calls 0 47382
@calls 0 47383
@calls 0 47384
@calls 0 47385
@calls 0 47386
@calls 0 47387
@calls 0 47388
@calls 0 47389
@calls 0 47390
@calls 0 47391
@calls 0 47392
@calls 0 47393
@calls 0 47394
@calls 0 47395
@calls 0 47396
@calls 0 47397
@calls 0 47398
@calls 0 47399
@calls 0 47400
@calls 0 47401
@calls 0 47402
@calls 0 47403
@calls 0 47404
@calls 0 47405
@calls 0 47406
@calls 0 47407
@calls 0 47408
@calls 0 47409
@calls 0 47410
@calls 0 47411
@calls 0 47412
@calls 0 47413
@calls 0 47414
@calls 0 47415
@calls 0 47416
@calls 0 47417
@calls 0 47418
@calls 0 47419
@calls 0 47420
@calls 0 47421
@calls 0 47422
@calls 0 47423
@calls 0 47424
@calls 0 47425
@calls 0 47426
@calls 0 47427
@calls 0 47428
@calls 0 47429
@calls 0 47430
@calls 0 47431
@calls 0 47432
@calls 0 47433
@calls 0 47434
@calls 0 47435
@calls 0 47436
@calls 0 47437
@calls 0 47438
@calls 0 47439
@calls 0 47440
@calls 0 47441
@calls 0 47442
@calls 0 47443
@calls 0 47444
@calls 0 47445
@calls 0 47446
@calls 0 47447
@calls 0 47448
@calls 0 47449
@calls 0 47450
@calls 0 47451
@calls 0 47452
@calls 0 47453
@calls 0 47454
@calls 0 47455
@calls 0 47456
@calls 0 47457
@calls 0 47458
@calls 0 47459
@calls 0 47460
@calls 0 47461
@calls 0 47462
@calls 0 47463
@calls 0 47464
@calls 0 47465
@calls 0 47466
@calls 0 47467
@calls 0 47468
@calls 0 47469
@calls 0 47470
@calls 0 47471
@calls 0 47472
@calls 0 47473
@calls 0 47474
@calls 0 47475
@calls 0 47476
@calls 0 47477
@calls 0 47478
@calls 0 47479
@calls 0 47480
@calls 0 47481
@calls 0 47482
@calls 0 47483
@calls 0 47484
@calls 0 47485
@calls 0 47486
@calls 0 47487
@calls 0 47488
@calls 0 47489
@calls 0 47490
@calls 0 47491
@calls 0 47492
@calls 0 47493
@calls 0 47494
@calls 0 47495
@calls 0 47496
@calls 0 47497
@calls 0 47498
@calls 0 47499
@calls 0 47500
@calls 0 47501
@calls 0 47502
@calls 0 47503
@calls 0 47504
@calls 0 47505
@calls 0 47506
@calls 0 47507
@calls 0 47508
@calls 0 47509
@calls 0 47510
@calls 0 47511
@calls 0 47512
@calls 0 47513
@calls 0 47514
@calls 0 47515
@calls 0 47516
@calls 0 47517
@calls 0 47518
@calls 0 47519
@calls 0 47520
@calls 0 47521
@calls 0 47522
@calls 0 47523
@calls 0 47524
@calls 0 47525
@calls 0 47526
@calls 0 47527
@calls 0 47528
@calls 0 47529
@calls 0 47530
@calls 0 47531
@calls 0 47532
@calls 0 47533
@calls 0 47534
@calls 0 47535
@calls 0 47536
@calls 0 47537
@calls 0 47538
@calls 0 47539
@calls 0 47540
@calls 0 47541
@calls 0 47542
@calls 0 47543
@calls 0 47544
@calls 0 47545
@calls 0 47546
@calls 0 47547
@calls 0 47548
@calls 0 47549
@calls 0 47550
@calls 0 47551
@calls 0 47552
@calls 0 47553
@calls 0 47554
@calls 0 47555
@calls 0 47556
@calls 0 47557
@calls 0 47558
@calls 0 47559
@calls 0 47560
@calls 0 47561
@calls 0 47562
@calls 0 47563
@calls 0 47564
@calls 0 47565
@calls 0 47566
@calls 0 47567
@calls 0 47568
@calls 0 47569
@calls 0 47570
@calls 0 47571
@calls 0 47572
@calls 0 47573
@calls 0 47574
@calls 0 47575
@calls 0 47576
@calls 0 47577
@calls 0 47578
@calls 0 47579
@calls 0 47580
@calls 0 47581
@calls 0 47582
@calls 0 47583
@calls 0 47584
@calls 0 47585
@calls 0 47586
@calls 0 47587
@calls 0 47588
@calls 0 47589
@calls 0 47590
@calls 0 47591
@calls 0 47592
@calls 0 47593
@calls 0 47594
@calls 0 47595
@calls 0 47596
@calls 0 47597
@calls 0 47598
@calls 0 47599
@calls 0 47600
@calls 0 47601
@calls 0 47602
@calls 0 47603
@calls 0 47604
@calls 0 47605
@calls 0 47606
@calls 0 47607
@calls 0 47608
@calls 0 47609
@calls 0 47610
@calls 0 47611
@calls 0 47612
@calls 0 47613
@calls 0 47614
@calls 0 47615
@calls 0 47616
@calls 0 47617
@calls 0 47618
@calls 0 47619
@calls 0 47620
@calls 0 47621
@calls 0 47622
@calls 0 47623
@calls 0 47624
@calls 0 47625
@calls 0 47626
@calls 0 47627
@calls 0 47628
@calls 0 47629
@calls 0 47630
@calls 0 47631
@calls 0 47632
@calls 0 47633
@calls 0 47634
@calls 0 47635
@calls 0 47636
@calls 0 47637
@calls 0 47638
@calls 0 47639
@calls 0 47640
@calls 0 47641
@calls 0 47642
@calls 0 47643
@calls 0 47644
@calls 0 47645
@calls 0 47646
@calls 0 47647
@calls 0 47648
@calls 0 47649
@calls 0 47650
@calls 0 47651
@calls 0 47652
@calls 0 47653
@calls 0 47654
@calls 0 47655
@calls 0 47656
@calls 0 47657
@calls 0 47658
@calls 0 47659
@calls 0 47660
@calls 0 47661
@calls 0 47662
@calls 0 47663
@calls 0 47664
@calls 0 47665
@calls 0 47666
@calls 0 47667
@calls 0 47668
@calls 0 47669
@calls 0 47670
@calls 0 47671
@calls 0 47672
@calls 0 47673
@calls 0 47674
@calls 0 47675
@calls 0 47676
@calls 0 47677
@calls 0 47678
@calls 0 47679
@calls 0 47680
@calls 0 47681
@calls 0 47682
@calls 0 47683
@calls 0 47684
@calls 0 47685
@calls 0 47686
@calls 0 47687
@calls 0 47688
@calls 0 47689
@calls 0 47690
@calls 0 47691
@calls 0 47692
@calls 0 47693
@calls 0 47694
@calls 0 47695
@calls 0 47696
@calls 0 47697
@calls 0 47698
@calls 0 47699
@calls 0 47700
@calls 0 47701
@calls 0 47702
@calls 0 47703
@calls 0 47704
@calls 0 47705
@calls 0 47706
@calls 0 47707
@calls 0 47708
@calls 0 47709
@calls 0 47710
@calls 0 47711
@calls 0 47712
@calls 0 47713
@calls 0 47714
@calls 0 47715
@calls 0 47716
@calls 0 47717
@calls 0 47718
@calls 0 47719
@calls 0 47720
@calls 0 47721
@calls 0 47722
@calls 0 47723
@calls 0 47724
@calls 0 47725
@calls 0 47726
@calls 0 47727
@calls 0 47728
@calls 0 47729
@calls 0 47730
@calls 0 47731
@calls 0 47732
@calls 0 47733
@calls 0 47734
@calls 0 47735
@calls 0 47736
@calls 0 47737
@calls 0 47738
@calls 0 47739
@calls 0 47740
@calls 0 47741
@calls 0 47742
@calls 0 47743
@calls 0 47744
@calls 0 47745
@calls 0 47746
@calls 0 47747
@calls 0 47748
@calls 0 47749
@calls 0 47750
@calls 0 47751
@calls 0 47752
@calls 0 47753
@calls 0 47754
@calls 0 47755
@calls 0 47756
@calls 0 47757
@calls 0 47758
@calls 0 47759
@calls 0 47760
@calls 0 47761
@calls 0 47762
@calls 0 47763
@calls 0 47764
@calls 0 47765
@calls 0 47766
@calls 0 47767
@calls 0 47768
@calls 0 47769
@calls 0 47770
@calls 0 47771
@calls 0 47772
@calls 0 47773
@calls 0 47774
@calls 0 47775
@calls 0 47776
@calls 0 47777
@calls 0 47778
@calls 0 47779
@calls 0 47780
@calls 0 47781
@calls 0 47782
@calls 0 47783
@calls 0 47784
@calls 0 47785
@calls 0 47786
@calls 0 47787
@calls 0 47788
@calls 0 47789
@calls 0 47790
@calls 0 47791
@calls 0 47792
@calls 0 47793
@calls 0 47794
@calls 0 47795
@calls 0 47796
@calls 0 47797
@calls 0 47798
@calls 0 47799
@calls 0 47800
@calls 0 47801
@calls 0 47802
@calls 0 47803
@calls 0 47804
@calls 0 47805
@calls 0 47806
@calls 0 47807
@calls 0 47808
@calls 0 47809
@calls 0 47810
@calls 0 47811
@calls 0 47812
@calls 0 47813
@calls 0 47814
@calls 0 47815
@calls 0 47816
@calls 0 47817
@calls 0 47818
@calls 0 47819
@calls 0 47820
@calls 0 47821
@calls 0 47822
@calls 0 47823
@calls 0 47824
@calls 0 47825
@calls 0 47826
@calls 0 47827
@calls 0 47828
@calls 0 47829
@calls 0 47830
@calls 0 47831
@calls 0 47832
@calls 0 47833
@calls 0 47834
@calls 0 47835
@calls 0 47836
@calls 0 47837
@calls 0 47838
@calls 0 47839
@calls 0 47840
@calls 0 47841
@calls 0 47842
@calls 0 47843
@calls 0 47844
@calls 0 47845
@calls 0 47846
@calls 0 47847
@calls 0 47848
@calls 0 47849
@calls 0 47850
@calls 0 47851
@calls 0 47852
@calls 0 47853
@calls 0 47854
@calls 0 47855
@calls 0 47856
@calls 0 47857
@calls 0 47858
@calls 0 47859
@calls 0 47860
@calls 0 47861
@calls 0 47862
@calls 0 47863
@calls 0 47864
@calls 0 47865
@calls 0 47866
@calls 0 47867
@calls 0 47868
@calls 0 47869
@calls 0 47870
@calls 0 47871
@calls 0 47872
@calls 0 47873
@calls 0 47874
@calls 0 47875
@calls 0 47876
@calls 0 47877
@calls 0 47878
@calls 0 47879
@calls 0 47880
@calls 0 47881
@calls 0 47882
@calls 0 47883
@calls 0 47884
@calls 0 47885
@calls 0 47886
@calls 0 47887
@calls 0 47888
@calls 0 47889
@calls 0 47890
@calls 0 47891
@calls 0 47892
@calls 0 47893
@calls 0 47894
@calls 0 47895
@calls 0 47896
@calls 0 47897
@calls 0 47898
@calls 0 47899
@calls 0 47900
@calls 0 47901
@calls 0 47902
@calls 0 47903
@calls 0 47904
@calls 0 47905
@calls 0 47906
@calls 0 47907
@calls 0 47908
@calls 0 47909
@calls 0 47910
@calls 0 47911
@calls 0 47912
@calls 0 47913
@calls 0 47914
@calls 0 47915
@calls 0 47916
@calls 0 47917
@calls 0 47918
@calls 0 47919
@calls 0 47920
@calls 0 47921
@calls 0 47922
@calls 0 47923
@calls 0 47924
@calls 0 47925
@calls 0 47926
@calls 0 47927
@calls 0 47928
@calls 0 47929
@calls 0 47930
@calls 0 47931
@calls 0 47932
@calls 0 47933
@calls 0 47934
@calls 0 47935
@calls 0 47936
@calls 0 47937
@calls 0 47938
@calls 0 47939
@calls 0 47940
@calls 0 47941
@calls 0 47942
@calls 0 47943
@calls 0 47944
@calls 0 47945
@calls 0 47946
@calls 0 47947
@calls 0 47948
@calls 0 47949
@calls 0 47950
@calls 0 47951
@calls 0 47952
@calls 0 47953
@calls 0 47954
@calls 0 47955
@calls 0 47956
@calls 0 47957
@calls 0 47958
@calls 0 47959
@calls 0 47960
@calls 0 47961
@calls 0 47962
@calls 0 47963
@calls 0 47964
@calls 0 47965
@calls 0 47966
@calls 0 47967
@calls 0 47968
@calls 0 47969
@calls 0 47970
@calls 0 47971
@calls 0 47972
@calls 0 47973
@calls 0 47974
@calls 0 47975
@calls 0 47976
@calls 0 47977
@calls 0 47978
@calls 0 47979
@calls 0 47980
@calls 0 47981
@calls 0 47982
@calls 0 47983
@calls 0 47984
@calls 0 47985
@calls 0 47986
@calls 0 47987
@calls 0 47988
@calls 0 47989
@calls 0 47990
@calls 0 47991
@calls 0 47992
@calls 0 47993
@calls 0 47994
@calls 0 47995
@calls 0 47996
@calls 0 47997
@calls 0 47998
@calls 0 47999
@calls 0 48000
@calls 0 48001
@calls 0 48002
@calls 0 48003
@calls 0 48004
@calls 0 48005
@calls 0 48006
@calls 0 48007
@calls 0 48008
@calls 0 48009
@calls 0 48010
@calls 0 48011
@calls 0 48012
@calls 0 48013
@calls 0 48014
@calls 0 48015
@calls 0 48016
@calls 0 48017
@calls 0 48018
@calls 0 48019
@calls 0 48020
@calls 0 48021
@calls 0 48022
@calls 0 48023
@calls 0 48024
@calls 0 48025
@calls 0 48026
@calls 0 48027
@calls 0 48028
@calls 0 48029
@calls 0 48030
@calls 0 48031
@calls 0 48032
@calls 0 48033
@calls 0 48034
@calls 0 48035
@calls 0 48036
@calls 0 48037
@calls 0 48038
@calls 0 48039
@calls 0 48040
@calls 0 48041
@calls 0 48042
@calls 0 48043
@calls 0 48044
@calls 0 48045
@calls 0 48046
@calls 0 48047
@calls 0 48048
@calls 0 48049
@calls 0 48050
@calls 0 48051
@calls 0 48052
@calls 0 48053
@calls 0 48054
@calls 0 48055
@calls 0 48056
@calls 0 48057
@calls 0 48058
@calls 0 48059
@calls 0 48060
@calls 0 48061
@calls 0 48062
@calls 0 48063
@calls 0 48064
@calls 0 48065
@calls 0 48066
@calls 0 48067
@calls 0 48068
@calls 0 48069
@calls 0 48070
@calls 0 48071
@calls 0 48072
@calls 0 48073
@calls 0 48074
@calls 0 48075
@calls 0 48076
@calls 0 48077
@calls 0 48078
@calls 0 48079
@calls 0 48080
@calls 0 48081
@calls 0 48082
@calls 0 48083
@calls 0 48084
@calls 0 48085
@calls 0 48086
@calls 0 48087
@calls 0 48088
@calls 0 48089
@calls 0 48090
@calls 0 48091
@calls 0 48092
@calls 0 48093
@calls 0 48094
@calls 0 48095
@calls 0 48096
@calls 0 48097
@calls 0 48098
@calls 0 48099
@calls 0 48100
@calls 0 48101
@calls 0 48102
@calls 0 48103
@calls 0 48104
@calls 0 48105
@calls 0 48106
@calls 0 48107
@calls 0 48108
@calls 0 48109
@calls 0 48110
@calls 0 48111
@calls 0 48112
@calls 0 48113
@calls 0 48114
@calls 0 48115
@calls 0 48116
@calls 0 48117
@calls 0 48118
@calls 0 48119
@calls 0 48120
@calls 0 48121
@calls 0 48122
@calls 0 48123
@calls 0 48124
@calls 0 48125
@calls 0 48126
@calls 0 48127
@calls 0 48128
@calls 0 48129
@calls 0 48130
@calls 0 48131
@calls 0 48132
@calls 0 48133
@calls 0 48134
@calls 0 48135
@calls 0 48136
@calls 0 48137
@calls 0 48138
@calls 0 48139
@calls 0 48140
@calls 0 48141
@calls 0 48142
@calls 0 48143
@calls 0 48144
@calls 0 48145
@calls 0 48146
@calls 0 48147
@calls 0 48148
@calls 0 48149
@calls 0 48150
@calls 0 48151
@calls 0 48152
@calls 0 48153
@calls 0 48154
@calls 0 48155
@calls 0 48156
@calls 0 48157
@calls 0 48158
@calls 0 48159
@calls 0 48160
@calls 0 48161
@calls 0 48162
@calls 0 48163
@calls 0 48164
@calls 0 48165
@calls 0 48166
@calls 0 48167
@calls 0 48168
@calls 0 48169
@calls 0 48170
@calls 0 48171
@calls 0 48172
@calls 0 48173
@calls 0 48174
@calls 0 48175
@calls 0 48176
@calls 0 48177
@calls 0 48178
@calls 0 48179
@calls 0 48180
@calls 0 48181
@calls 0 48182
@calls 0 48183
@calls 0 48184
@calls 0 48185
@calls 0 48186
@calls 0 48187
@calls 0 48188
@calls 0 48189
@calls 0 48190
@calls 0 48191
@calls 0 48192
@calls 0 48193
@calls 0 48194
@calls 0 48195
@calls 0 48196
@calls 0 48197
@calls 0 48198
@calls 0 48199
@calls 0 48200
@calls 0 48201
@calls 0 48202
@calls 0 48203
@calls 0 48204
@calls 0 48205
@calls 0 48206
@calls 0 48207
@calls 0 48208
@calls 0 48209
@calls 0 48210
@calls 0 48211
@calls 0 48212
@calls 0 48213
@calls 0 48214
@calls 0 48215
@calls 0 48216
@calls 0 48217
@calls 0 48218
@calls 0 48219
@calls 0 48220
@calls 0 48221
@calls 0 48222
@calls 0 48223
@calls 0 48224
@calls 0 48225
@calls 0 48226
@calls 0 48227
@calls 0 48228
@calls 0 48229
@calls 0 48230
@calls 0 48231
@calls 0 48232
@calls 0 48233
@calls 0 48234
@calls 0 48235
@calls 0 48236
@calls 0 48237
@calls 0 48238
@calls 0 48239
@calls 0 48240
@calls 0 48241
@calls 0 48242
@calls 0 48243
@calls 0 48244
@calls 0 48245
@calls 0 48246
@calls 0 48247
@calls 0 48248
@calls 0 48249
@calls 0 48250
@calls 0 48251
@calls 0 48252
@calls 0 48253
@calls 0 48254
@calls 0 48255
@calls 0 48256
@calls 0 48257
@calls 0 48258
@calls 0 48259
@calls 0 48260
@calls 0 48261
@calls 0 48262
@calls 0 48263
@calls 0 48264
@calls 0 48265
@calls 0 48266
@calls 0 48267
@calls 0 48268
@calls 0 48269
@calls 0 48270
@calls 0 48271
@calls 0 48272
@calls 0 48273
@calls 0 48274
@calls 0 48275
@calls 0 48276
@calls 0 48277
@calls 0 48278
@calls 0 48279
@calls 0 48280
@calls 0 48281
@calls 0 48282
@calls 0 48283
@calls 0 48284
@calls 0 48285
@calls 0 48286
@calls 0 48287
@calls 0 48288
@calls 0 48289
@calls 0 48290
@calls 0 48291
@calls 0 48292
@calls 0 48293
@calls 0 48294
@calls 0 48295
@calls 0 48296
@calls 0 48297
@calls 0 48298
@calls 0 48299
@calls 0 48300
@calls 0 48301
@calls 0 48302
@calls 0 48303
@calls 0 48304
@calls 0 48305
@calls 0 48306
@calls 0 48307
@calls 0 48308
@calls 0 48309
@calls 0 48310
@calls 0 48311
@calls 0 48312
@calls 0 48313
@calls 0 48314
@calls 0 48315
@calls 0 48316
@calls 0 48317
@calls 0 48318
@calls 0 48319
@calls 0 48320
@calls 0 48321
@calls 0 48322
@calls 0 48323
@calls 0 48324
@calls 0 48325
@calls 0 48326
@calls 0 48327
@calls 0 48328
@calls 0 48329
@calls 0 48330
@calls 0 48331
@calls 0 48332
@calls 0 48333
@calls 0 48334
@calls 0 48335
@calls 0 48336
@calls 0 48337
@calls 0 48338
@calls 0 48339
@calls 0 48340
@calls 0 48341
@calls 0 48342
@calls 0 48343
@calls 0 48344
@calls 0 48345
@calls 0 48346
@calls 0 48347
@calls 0 48348
@calls 0 48349
@calls 0 48350
@calls 0 48351
@calls 0 48352
@calls 0 48353
@calls 0 48354
@calls 0 48355
@calls 0 48356
@calls 0 48357
@calls 0 48358
@calls 0 48359
@calls 0 48360
@calls 0 48361
@calls 0 48362
@calls 0 48363
@calls 0 48364
@calls 0 48365
@calls 0 48366
@calls 0 48367
@calls 0 48368
@calls 0 48369
@calls 0 48370
@calls 0 48371
@calls 0 48372
@calls 0 48373
@calls 0 48374
@calls 0 48375
@calls 0 48376
@calls 0 48377
@calls 0 48378
@calls 0 48379
@calls 0 48380
@calls 0 48381
@calls 0 48382
@calls 0 48383
@calls 0 48384
@calls 0 48385
@calls 0 48386
@calls 0 48387
@calls 0 48388
@calls 0 48389
@calls 0 48390
@calls 0 48391
@calls 0 48392
@calls 0 48393
@calls 0 48394
@calls 0 48395
@calls 0 48396
@calls 0 48397
@calls 0 48398
@calls 0 48399
@calls 0 48400
@calls 0 48401
@calls 0 48402
@calls 0 48403
@calls 0 48404
@calls 0 48405
@calls 0 48406
@calls 0 48407
@calls 0 48408
@calls 0 48409
@calls 0 48410
@calls 0 48411
@calls 0 48412
@calls 0 48413
@calls 0 48414
@calls 0 48415
@calls 0 48416
@calls 0 48417
@calls 0 48418
@calls 0 48419
@calls 0 48420
@calls 0 48421
@calls 0 48422
@calls 0 48423
@calls 0 48424
@calls 0 48425
@calls 0 48426
@calls 0 48427
@calls 0 48428
@calls 0 48429
@calls 0 48430
@calls 0 48431
@calls 0 48432
@calls 0 48433
@calls 0 48434
@calls 0 48435
@calls 0 48436
@calls 0 48437
@calls 0 48438
@calls 0 48439
@calls 0 48440
@calls 0 48441
@calls 0 48442
@calls 0 48443
@calls 0 48444
@calls 0 48445
@calls 0 48446
@calls 0 48447
@calls 0 48448
@calls 0 48449
@calls 0 48450
@calls 0 48451
@calls 0 48452
@calls 0 48453
@calls 0 48454
@calls 0 48455
@calls 0 48456
@calls 0 48457
@calls 0 48458
@calls 0 48459
@calls 0 48460
@calls 0 48461
@calls 0 48462
@calls 0 48463
@calls 0 48464
@calls 0 48465
@calls 0 48466
@calls 0 48467
@calls 0 48468
@calls 0 48469
@calls 0 48470
@calls 0 48471
@calls 0 48472
@calls 0 48473
@calls 0 48474
@calls 0 48475
@calls 0 48476
@calls 0 48477
@calls 0 48478
@calls 0 48479
@calls 0 48480
@calls 0 48481
@calls 0 48482
@calls 0 48483
@calls 0 48484
@calls 0 48485
@calls 0 48486
@calls 0 48487
@calls 0 48488
@calls 0 48489
@calls 0 48490
@calls 0 48491
@calls 0 48492
@calls 0 48493
@calls 0 48494
@calls 0 48495
@calls 0 48496
@calls 0 48497
@calls 0 48498
@calls 0 48499
@calls 0 48500
@calls 0 48501
@calls 0 48502
@calls 0 48503
@calls 0 48504
@calls 0 48505
@calls 0 48506
@calls 0 48507
@calls 0 48508
@calls 0 48509
@calls 0 48510
@calls 0 48511
@calls 0 48512
@calls 0 48513
@calls 0 48514
@calls 0 48515
@calls 0 48516
@calls 0 48517
@calls 0 48518
@calls 0 48519
@calls 0 48520
@calls 0 48521
@calls 0 48522
@calls 0 48523
@calls 0 48524
@calls 0 48525
@calls 0 48526
@calls 0 48527
@calls 0 48528
@calls 0 48529
@calls 0 48530
@calls 0 48531
@calls 0 48532
@calls 0 48533
@calls 0 48534
@calls 0 48535
@calls 0 48536
@calls 0 48537
@calls 0 48538
@calls 0 48539
@calls 0 48540
@calls 0 48541
@calls 0 48542
@calls 0 48543
@calls 0 48544
@calls 0 48545
@calls 0 48546
@calls 0 48547
@calls 0 48548
@calls 0 48549
@calls 0 48550
@calls 0 48551
@calls 0 48552
@calls 0 48553
@calls 0 48554
@calls 0 48555
@calls 0 48556
@calls 0 48557
@calls 0 48558
@calls 0 48559
@calls 0 48560
@calls 0 48561
@calls 0 48562
@calls 0 48563
@calls 0 48564
@calls 0 48565
@calls 0 48566
@calls 0 48567
@calls 0 48568
@calls 0 48569
@calls 0 48570
@calls 0 48571
@calls 0 48572
@calls 0 48573
@calls 0 48574
@calls 0 48575
@calls 0 48576
@calls 0 48577
@calls 0 48578
@calls 0 48579
@calls 0 48580
@calls 0 48581
@calls 0 48582
@calls 0 48583
@calls 0 48584
@calls 0 48585
@calls 0 48586
@calls 0 48587
@calls 0 48588
@calls 0 48589
@calls 0 48590
@calls 0 48591
@calls 0 48592
@calls 0 48593
@calls 0 48594
@calls 0 48595
@calls 0 48596
@calls 0 48597
@calls 0 48598
@calls 0 48599
@calls 0 48600
@calls 0 48601
@calls 0 48602
@calls 0 48603
@calls 0 48604
@calls 0 48605
@calls 0 48606
@calls 0 48607
@calls 0 48608
@calls 0 48609
@calls 0 48610
@calls 0 48611
@calls 0 48612
@calls 0 48613
@calls 0 48614
@calls 0 48615
@calls 0 48616
@calls 0 48617
@calls 0 48618
@calls 0 48619
@calls 0 48620
@calls 0 48621
@calls 0 48622
@calls 0 48623
@calls 0 48624
@calls 0 48625
@calls 0 48626
@calls 0 48627
@calls 0 48628
@calls 0 48629
@calls 0 48630
@calls 0 48631
@calls 0 48632
@calls 0 48633
@calls 0 48634
@calls 0 48635
@calls 0 48636
@calls 0 48637
@calls 0 48638
@calls 0 48639
@calls 0 48640
@calls 0 48641
@calls 0 48642
@calls 0 48643
@calls 0 48644
@calls 0 48645
@calls 0 48646
@calls 0 48647
@calls 0 48648
@calls 0 48649
@calls 0 48650
@calls 0 48651
@calls 0 48652
@calls 0 48653
@calls 0 48654
@calls 0 48655
@calls 0 48656
@calls 0 48657
@calls 0 48658
@calls 0 48659
@calls 0 48660
@calls 0 48661
@calls 0 48662
@calls 0 48663
@calls 0 48664
@calls 0 48665
@calls 0 48666
@calls 0 48667
@calls 0 48668
@calls 0 48669
@calls 0 48670
@calls 0 48671
@calls 0 48672
@calls 0 48673
@calls 0 48674
@calls 0 48675
@calls 0 48676
@calls 0 48677
@calls 0 48678
@calls 0 48679
@calls 0 48680
@calls 0 48681
@calls 0 48682
@calls 0 48683
@calls 0 48684
@calls 0 48685
@calls 0 48686
@calls 0 48687
@calls 0 48688
@calls 0 48689
@calls 0 48690
@calls 0 48691
@calls 0 48692
@calls 0 48693
@calls 0 48694
@calls 0 48695
@calls 0 48696
@calls 0 48697
@calls 0 48698
@calls 0 48699
@calls 0 48700
@calls 0 48701
@calls 0 48702
@calls 0 48703
@calls 0 48704
@calls 0 48705
@calls 0 48706
@calls 0 48707
@calls 0 48708
@calls 0 48709
@calls 0 48710
@calls 0 48711
@calls 0 48712
@calls 0 48713
@calls 0 48714
@calls 0 48715
@calls 0 48716
@calls 0 48717
@calls 0 48718
@calls 0 48719
@calls 0 48720
@calls 0 48721
@calls 0 48722
@calls 0 48723
@calls 0 48724
@calls 0 48725
@calls 0 48726
@calls 0 48727
@calls 0 48728
@calls 0 48729
@calls 0 48730
@calls 0 48731
@calls 0 48732
@calls 0 48733
@calls 0 48734
@calls 0 48735
@calls 0 48736
@calls 0 48737
@calls 0 48738
@calls 0 48739
@calls 0 48740
@calls 0 48741
@calls 0 48742
@calls 0 48743
@calls 0 48744
@calls 0 48745
@calls 0 48746
@calls 0 48747
@calls 0 48748
@calls 0 48749
@calls 0 48750
@calls 0 48751
@calls 0 48752
@calls 0 48753
@calls 0 48754
@calls 0 48755
@calls 0 48756
@calls 0 48757
@calls 0 48758
@calls 0 48759
@calls 0 48760
@calls 0 48761
@calls 0 48762
@calls 0 48763
@calls 0 48764
@calls 0 48765
@calls 0 48766
@calls 0 48767
@calls 0 48768
@calls 0 48769
@calls 0 48770
@calls 0 48771
@calls 0 48772
@calls 0 48773
@calls 0 48774
@calls 0 48775
@calls 0 48776
@calls 0 48777
@calls 0 48778
@calls 0 48779
@calls 0 48780
@calls 0 48781
@calls 0 48782
@calls 0 48783
@calls 0 48784
@calls 0 48785
@calls 0 48786
@calls 0 48787
@calls 0 48788
@calls 0 48789
@calls 0 48790
@calls 0 48791
@calls 0 48792
@calls 0 48793
@calls 0 48794
@calls 0 48795
@calls 0 48796
@calls 0 48797
@calls 0 48798
@calls 0 48799
@calls 0 48800
@calls 0 48801
@calls 0 48802
@calls 0 48803
@calls 0 48804
@calls 0 48805
@calls 0 48806
@calls 0 48807
@calls 0 48808
@calls 0 48809
@calls 0 48810
@calls 0 48811
@calls 0 48812
@calls 0 48813
@calls 0 48814
@calls 0 48815
@calls 0 48816
@calls 0 48817
@calls 0 48818
@calls 0 48819
@calls 0 48820
@calls 0 48821
@calls 0 48822
@calls 0 48823
@calls 0 48824
@calls 0 48825
@calls 0 48826
@calls 0 48827
@calls 0 48828
@calls 0 48829
@calls 0 48830
@calls 0 48831
@calls 0 48832
@calls 0 48833
@calls 0 48834
@calls 0 48835
@calls 0 48836
@calls 0 48837
@calls 0 48838
@calls 0 48839
@calls 0 48840
@calls 0 48841
@calls 0 48842
@calls 0 48843
@calls 0 48844
@calls 0 48845
@calls 0 48846
@calls 0 48847
@calls 0 48848
@calls 0 48849
@calls 0 48850
@calls 0 48851
@calls 0 48852
@calls 0 48853
@calls 0 48854
@calls 0 48855
@calls 0 48856
@calls 0 48857
@calls 0 48858
@calls 0 48859
@calls 0 48860
@calls 0 48861
@calls 0 48862
@calls 0 48863
@calls 0 48864
@calls 0 48865
@calls 0 48866
@calls 0 48867
@calls 0 48868
@calls 0 48869
@calls 0 48870
@calls 0 48871
@calls 0 48872
@calls 0 48873
@calls 0 48874
@calls 0 48875
@calls 0 48876
@calls 0 48877
@calls 0 48878
@calls 0 48879
@calls 0 48880
@calls 0 48881
@calls 0 48882
@calls 0 48883
@calls 0 48884
@calls 0 48885
@calls 0 48886
@calls 0 48887
@calls 0 48888
@calls 0 48889
@calls 0 48890
@calls 0 48891
@calls 0 48892
@calls 0 48893
@calls 0 48894
@calls 0 48895
@calls 0 48896
@calls 0 48897
@calls 0 48898
@calls 0 48899
@calls 0 48900
@calls 0 48901
@calls 0 48902
@calls 0 48903
@calls 0 48904
@calls 0 48905
@calls 0 48906
@calls 0 48907
@calls 0 48908
@calls 0 48909
@calls 0 48910
@calls 0 48911
@calls 0 48912
@calls 0 48913
@calls 0 48914
@calls 0 48915
@calls 0 48916
@calls 0 48917
@calls 0 48918
@calls 0 48919
@calls 0 48920
@calls 0 48921
@calls 0 48922
@calls 0 48923
@calls 0 48924
@calls 0 48925
@calls 0 48926
@calls 0 48927
@calls 0 48928
@calls 0 48929
@calls 0 48930
@calls 0 48931
@calls 0 48932
@calls 0 48933
@calls 0 48934
@calls 0 48935
@calls 0 48936
@calls 0 48937
@calls 0 48938
@calls 0 48939
@calls 0 48940
@calls 0 48941
@calls 0 48942
@calls 0 48943
@calls 0 48944
@calls 0 48945
@calls 0 48946
@calls 0 48947
@calls 0 48948
@calls 0 48949
@calls 0 48950
@calls 0 48951
@calls 0 48952
@calls 0 48953
@calls 0 48954
@calls 0 48955
@calls 0 48956
@calls 0 48957
@calls 0 48958
@calls 0 48959
@calls 0 48960
@calls 0 48961
@calls 0 48962
@calls 0 48963
@calls 0 48964
@calls 0 48965
@calls 0 48966
@calls 0 48967
@calls 0 48968
@calls 0 48969
@calls 0 48970
@calls 0 48971
@calls 0 48972
@calls 0 48973
@calls 0 48974
@calls 0 48975
@calls 0 48976
@calls 0 48977
@calls 0 48978
@calls 0 48979
@calls 0 48980
@calls 0 48981
@calls 0 48982
@calls 0 48983
@calls 0 48984
@calls 0 48985
@calls 0 48986
@calls 0 48987
@calls 0 48988
@calls 0 48989
@calls 0 48990
@calls 0 48991
@calls 0 48992
@calls 0 48993
@calls 0 48994
@calls 0 48995
@calls 0 48996
@calls 0 48997
@calls 0 48998
@calls 0 48999
@calls 0 49000
@calls 0 49001
@calls 0 49002
@calls 0 49003
@calls 0 49004
@calls 0 49005
@calls 0 49006
@calls 0 49007
@calls 0 49008
@calls 0 49009
@calls 0 49010
@calls 0 49011
@calls 0 49012
@calls 0 49013
@calls 0 49014
@calls 0 49015
@calls 0 49016
@calls 0 49017
@calls 0 49018
@calls 0 49019
@calls 0 49020
@calls 0 49021
@calls 0 49022
@calls 0 49023
@calls 0 49024
@calls 0 49025
@calls 0 49026
@calls 0 49027
@calls 0 49028
@calls 0 49029
@calls 0 49030
@calls 0 49031
@calls 0 49032
@calls 0 49033
@calls 0 49034
@calls 0 49035
@calls 0 49036
@calls 0 49037
@calls 0 49038
@calls 0 49039
@calls 0 49040
@calls 0 49041
@calls 0 49042
@calls 0 49043
@calls 0 49044
@calls 0 49045
@calls 0 49046
@calls 0 49047
@calls 0 49048
@calls 0 49049
@calls 0 49050
@calls 0 49051
@calls 0 49052
@calls 0 49053
@calls 0 49054
@calls 0 49055
@calls 0 49056
@calls 0 49057
@calls 0 49058
@calls 0 49059
@calls 0 49060
@calls 0 49061
@calls 0 49062
@calls 0 49063
@calls 0 49064
@calls 0 49065
@calls 0 49066
@calls 0 49067
@calls 0 49068
@calls 0 49069
@calls 0 49070
@calls 0 49071
@calls 0 49072
@calls 0 49073
@calls 0 49074
@calls 0 49075
@calls 0 49076
@calls 0 49077
@calls 0 49078
@calls 0 49079
@calls 0 49080
@calls 0 49081
@calls 0 49082
@calls 0 49083
@calls 0 49084
@calls 0 49085
@calls 0 49086
@calls 0 49087
@calls 0 49088
@calls 0 49089
@calls 0 49090
@calls 0 49091
@calls 0 49092
@calls 0 49093
@calls 0 49094
@calls 0 49095
@calls 0 49096
@calls 0 49097
@calls 0 49098
@calls 0 49099
@calls 0 49100
@calls 0 49101
@calls 0 49102
@calls 0 49103
@calls 0 49104
@calls 0 49105
@calls 0 49106
@calls 0 49107
@calls 0 49108
@calls 0 49109
@calls 0 49110
@calls 0 49111
@calls 0 49112
@calls 0 49113
@calls 0 49114
@calls 0 49115
@calls 0 49116
@calls 0 49117
@calls 0 49118
@calls 0 49119
@calls 0 49120
@calls 0 49121
@calls 0 49122
@calls 0 49123
@calls 0 49124
@calls 0 49125
@calls 0 49126
@calls 0 49127
@calls 0 49128
@calls 0 49129
@calls 0 49130
@calls 0 49131
@calls 0 49132
@calls 0 49133
@calls 0 49134
@calls 0 49135
@calls 0 49136
@calls 0 49137
@calls 0 49138
@calls 0 49139
@calls 0 49140
@calls 0 49141
@calls 0 49142
@calls 0 49143
@calls 0 49144
@calls 0 49145
@calls 0 49146
@calls 0 49147
@calls 0 49148
@calls 0 49149
@calls 0 49150
@calls 0 49151
@calls 0 49152
@calls 0 49153
@calls 0 49154
@calls 0 49155
@calls 0 49156
@calls 0 49157
@calls 0 49158
@calls 0 49159
@calls 0 49160
@calls 0 49161
@calls 0 49162
@calls 0 49163
@calls 0 49164
@calls 0 49165
@calls 0 49166
@calls 0 49167
@calls 0 49168
@calls 0 49169
@calls 0 49170
@calls 0 49171
@calls 0 49172
@calls 0 49173
@calls 0 49174
@calls 0 49175
@calls 0 49176
@calls 0 49177
@calls 0 49178
@calls 0 49179
@calls 0 49180
@calls 0 49181
@calls 0 49182
@calls 0 49183
@calls 0 49184
@calls 0 49185
@calls 0 49186
@calls 0 49187
@calls 0 49188
@calls 0 49189
@calls 0 49190
@calls 0 49191
@calls 0 49192
@calls 0 49193
@calls 0 49194
@calls 0 49195
@calls 0 49196
@calls 0 49197
@calls 0 49198
@calls 0 49199
@calls 0 49200
@calls 0 49201
@calls 0 49202
@calls 0 49203
@calls 0 49204
@calls 0 49205
@calls 0 49206
@calls 0 49207
@calls 0 49208
@calls 0 49209
@calls 0 49210
@calls 0 49211
@calls 0 49212
@calls 0 49213
@calls 0 49214
@calls 0 49215
@calls 0 49216
@calls 0 49217
@calls 0 49218
@calls 0 49219
@calls 0 49220
@calls 0 49221
@calls 0 49222
@calls 0 49223
@calls 0 49224
@calls 0 49225
@calls 0 49226
@calls 0 49227
@calls 0 49228
@calls 0 49229
@calls 0 49230
@calls 0 49231
@calls 0 49232
@calls 0 49233
@calls 0 49234
@calls 0 49235
@calls 0 49236
@calls 0 49237
@calls 0 49238
@calls 0 49239
@calls 0 49240
@calls 0 49241
@calls 0 49242
@calls 0 49243
@calls 0 49244
@calls 0 49245
@calls 0 49246
@calls 0 49247
@calls 0 49248
@calls 0 49249
@calls 0 49250
@calls 0 49251
@calls 0 49252
@calls 0 49253
@calls 0 49254
@calls 0 49255
@calls 0 49256
@calls 0 49257
@calls 0 49258
@calls 0 49259
@calls 0 49260
@calls 0 49261
@calls 0 49262
@calls 0 49263
@calls 0 49264
@calls 0 49265
@calls 0 49266
@calls 0 49267
@calls 0 49268
@calls 0 49269
@calls 0 49270
@calls 0 49271
@calls 0 49272
@calls 0 49273
@calls 0 49274
@calls 0 49275
@calls 0 49276
@calls 0 49277
@calls 0 49278
@calls 0 49279
@calls 0 49280
@calls 0 49281
@calls 0 49282
@calls 0 49283
@calls 0 49284
@calls 0 49285
@calls 0 49286
@calls 0 49287
@calls 0 49288
@calls 0 49289
@calls 0 49290
@calls 0 49291
@calls 0 49292
@calls 0 49293
@calls 0 49294
@calls 0 49295
@calls 0 49296
@calls 0 49297
@calls 0 49298
@calls 0 49299
@calls 0 49300
@calls 0 49301
@calls 0 49302
@calls 0 49303
@calls 0 49304
@calls 0 49305
@calls 0 49306
@calls 0 49307
@calls 0 49308
@calls 0 49309
@calls 0 49310
@calls 0 49311
@calls 0 49312
@calls 0 49313
@calls 0 49314
@calls 0 49315
@calls 0 49316
@calls 0 49317
@calls 0 49318
@calls 0 49319
@calls 0 49320
@calls 0 49321
@calls 0 49322
@calls 0 49323
@calls 0 49324
@calls 0 49325
@calls 0 49326
@calls 0 49327
@calls 0 49328
@calls 0 49329
@calls 0 49330
@calls 0 49331
@calls 0 49332
@calls 0 49333
@calls 0 49334
@calls 0 49335
@calls 0 49336
@calls 0 49337
@calls 0 49338
@calls 0 49339
@calls 0 49340
@calls 0 49341
@calls 0 49342
@calls 0 49343
@calls 0 49344
@calls 0 49345
@calls 0 49346
@calls 0 49347
@calls 0 49348
@calls 0 49349
@calls 0 49350
@calls 0 49351
@calls 0 49352
@calls 0 49353
@calls 0 49354
@calls 0 49355
@calls 0 49356
@calls 0 49357
@calls 0 49358
@calls 0 49359
@calls 0 49360
@calls 0 49361
@calls 0 49362
@calls 0 49363
@calls 0 49364
@calls 0 49365
@calls 0 49366
@calls 0 49367
@calls 0 49368
@calls 0 49369
@calls 0 49370
@calls 0 49371
@calls 0 49372
@calls 0 49373
@calls 0 49374
@calls 0 49375
@calls 0 49376
@calls 0 49377
@calls 0 49378
@calls 0 49379
@calls 0 49380
@calls 0 49381
@calls 0 49382
@calls 0 49383
@calls 0 49384
@calls 0 49385
@calls 0 49386
@calls 0 49387
@calls 0 49388
@calls 0 49389
@calls 0 49390
@calls 0 49391
@calls 0 49392
@calls 0 49393
@calls 0 49394
@calls 0 49395
@calls 0 49396
@calls 0 49397
@calls 0 49398
@calls 0 49399
@calls 0 49400
@calls 0 49401
@calls 0 49402
@calls 0 49403
@calls 0 49404
@calls 0 49405
@calls 0 49406
@calls 0 49407
@calls 0 49408
@calls 0 49409
@calls 0 49410
@calls 0 49411
@calls 0 49412
@calls 0 49413
@calls 0 49414
@calls 0 49415
@calls 0 49416
@calls 0 49417
@calls 0 49418
@calls 0 49419
@calls 0 49420
@calls 0 49421
@calls 0 49422
@calls 0 49423
@calls 0 49424
@calls 0 49425
@calls 0 49426
@calls 0 49427
@calls 0 49428
@calls 0 49429
@calls 0 49430
@calls 0 49431
@calls 0 49432
@calls 0 49433
@calls 0 49434
@calls 0 49435
@calls 0 49436
@calls 0 49437
@calls 0 49438
@calls 0 49439
@calls 0 49440
@calls 0 49441
@calls 0 49442
@calls 0 49443
@calls 0 49444
@calls 0 49445
@calls 0 49446
@calls 0 49447
@calls 0 49448
@calls 0 49449
@calls 0 49450
@calls 0 49451
@calls 0 49452
@calls 0 49453
@calls 0 49454
@calls 0 49455
@calls 0 49456
@calls 0 49457
@calls 0 49458
@calls 0 49459
@calls 0 49460
@calls 0 49461
@calls 0 49462
@calls 0 49463
@calls 0 49464
@calls 0 49465
@calls 0 49466
@calls 0 49467
@calls 0 49468
@calls 0 49469
@calls 0 49470
@calls 0 49471
@calls 0 49472
@calls 0 49473
@calls 0 49474
@calls 0 49475
@calls 0 49476
@calls 0 49477
@calls 0 49478
@calls 0 49479
@calls 0 49480
@calls 0 49481
@calls 0 49482
@calls 0 49483
@calls 0 49484
@calls 0 49485
@calls 0 49486
@calls 0 49487
@calls 0 49488
@calls 0 49489
@calls 0 49490
@calls 0 49491
@calls 0 49492
@calls 0 49493
@calls 0 49494
@calls 0 49495
@calls 0 49496
@calls 0 49497
@calls 0 49498
@calls 0 49499
@calls 0 49500
@calls 0 49501
@calls 0 49502
@calls 0 49503
@calls 0 49504
@calls 0 49505
@calls 0 49506
@calls 0 49507
@calls 0 49508
@calls 0 49509
@calls 0 49510
@calls 0 49511
@calls 0 49512
@calls 0 49513
@calls 0 49514
@calls 0 49515
@calls 0 49516
@calls 0 49517
@calls 0 49518
@calls 0 49519
@calls 0 49520
@calls 0 49521
@calls 0 49522
@calls 0 49523
@calls 0 49524
@calls 0 49525
@calls 0 49526
@calls 0 49527
@calls 0 49528
@calls 0 49529
@calls 0 49530
@calls 0 49531
@calls 0 49532
@calls 0 49533
@calls 0 49534
@calls 0 49535
@calls 0 49536
@calls 0 49537
@calls 0 49538
@calls 0 49539
@calls 0 49540
@calls 0 49541
@calls 0 49542
@calls 0 49543
@calls 0 49544
@calls 0 49545
@calls 0 49546
@calls 0 49547
@calls 0 49548
@calls 0 49549
@calls 0 49550
@calls 0 49551
@calls 0 49552
@calls 0 49553
@calls 0 49554
@calls 0 49555
@calls 0 49556
@calls 0 49557
@calls 0 49558
@calls 0 49559
@calls 0 49560
@calls 0 49561
@calls 0 49562
@calls 0 49563
@calls 0 49564
@calls 0 49565
@calls 0 49566
@calls 0 49567
@calls 0 49568
@calls 0 49569
@calls 0 49570
@calls 0 49571
@calls 0 49572
@calls 0 49573
@calls 0 49574
@calls 0 49575
@calls 0 49576
@calls 0 49577
@calls 0 49578
@calls 0 49579
@calls 0 49580
@calls 0 49581
@calls 0 49582
@calls 0 49583
@calls 0 49584
@calls 0 49585
@calls 0 49586
@calls 0 49587
@calls 0 49588
@calls 0 49589
@calls 0 49590
@calls 0 49591
@calls 0 49592
@calls 0 49593
@calls 0 49594
@calls 0 49595
@calls 0 49596
@calls 0 49597
@calls 0 49598
@calls 0 49599
@calls 0 49600
@calls 0 49601
@calls 0 49602
@calls 0 49603
@calls 0 49604
@calls 0 49605
@calls 0 49606
@calls 0 49607
@calls 0 49608
@calls 0 49609
@calls 0 49610
@calls 0 49611
@calls 0 49612
@calls 0 49613
@calls 0 49614
@calls 0 49615
@calls 0 49616
@calls 0 49617
@calls 0 49618
@calls 0 49619
@calls 0 49620
@calls 0 49621
@calls 0 49622
@calls 0 49623
@calls 0 49624
@calls 0 49625
@calls 0 49626
@calls 0 49627
@calls 0 49628
@calls 0 49629
@calls 0 49630
@calls 0 49631
@calls 0 49632
@calls 0 49633
@calls 0 49634
@calls 0 49635
@calls 0 49636
@calls 0 49637
@calls 0 49638
@calls 0 49639
@calls 0 49640
@calls 0 49641
@calls 0 49642
@calls 0 49643
@calls 0 49644
@calls 0 49645
@calls 0 49646
@calls 0 49647
@calls 0 49648
@calls 0 49649
@calls 0 49650
@calls 0 49651
@calls 0 49652
@calls 0 49653
@calls 0 49654
@calls 0 49655
@calls 0 49656
@calls 0 49657
@calls 0 49658
@calls 0 49659
@calls 0 49660
@calls 0 49661
@calls 0 49662
@calls 0 49663
@calls 0 49664
@calls 0 49665
@calls 0 49666
@calls 0 49667
@calls 0 49668
@calls 0 49669
@calls 0 49670
@calls 0 49671
@calls 0 49672
@calls 0 49673
@calls 0 49674
@calls 0 49675
@calls 0 49676
@calls 0 49677
@calls 0 49678
@calls 0 49679
@calls 0 49680
@calls 0 49681
@calls 0 49682
@calls 0 49683
@calls 0 49684
@calls 0 49685
@calls 0 49686
@calls 0 49687
@calls 0 49688
@calls 0 49689
@calls 0 49690
@calls 0 49691
@calls 0 49692
@calls 0 49693
@calls 0 49694
@calls 0 49695
@calls 0 49696
@calls 0 49697
@calls 0 49698
@calls 0 49699
@calls 0 49700
@calls 0 49701
@calls 0 49702
@calls 0 49703
@calls 0 49704
@calls 0 49705
@calls 0 49706
@calls 0 49707
@calls 0 49708
@calls 0 49709
@calls 0 49710
@calls 0 49711
@calls 0 49712
@calls 0 49713
@calls 0 49714
@calls 0 49715
@calls 0 49716
@calls 0 49717
@calls 0 49718
@calls 0 49719
@calls 0 49720
@calls 0 49721
@calls 0 49722
@calls 0 49723
@calls 0 49724
@calls 0 49725
@calls 0 49726
@calls 0 49727
@calls 0 49728
@calls 0 49729
@calls 0 49730
@calls 0 49731
@calls 0 49732
@calls 0 49733
@calls 0 49734
@calls 0 49735
@calls 0 49736
@calls 0 49737
@calls 0 49738
@calls 0 49739
@calls 0 49740
@calls 0 49741
@calls 0 49742
@calls 0 49743
@calls 0 49744
@calls 0 49745
@calls 0 49746
@calls 0 49747
@calls 0 49748
@calls 0 49749
@calls 0 49750
@calls 0 49751
@calls 0 49752
@calls 0 49753
@calls 0 49754
@calls 0 49755
@calls 0 49756
@calls 0 49757
@calls 0 49758
@calls 0 49759
@calls 0 49760
@calls 0 49761
@calls 0 49762
@calls 0 49763
@calls 0 49764
@calls 0 49765
@calls 0 49766
@calls 0 49767
@calls 0 49768
@calls 0 49769
@calls 0 49770
@calls 0 49771
@calls 0 49772
@calls 0 49773
@calls 0 49774
@calls 0 49775
@calls 0 49776
@calls 0 49777
@calls 0 49778
@calls 0 49779
@calls 0 49780
@calls 0 49781
@calls 0 49782
@calls 0 49783
@calls 0 49784
@calls 0 49785
@calls 0 49786
@calls 0 49787
@calls 0 49788
@calls 0 49789
@calls 0 49790
@calls 0 49791
@calls 0 49792
@calls 0 49793
@calls 0 49794
@calls 0 49795
@calls 0 49796
@calls 0 49797
@calls 0 49798
@calls 0 49799
@calls 0 49800
@calls 0 49801
@calls 0 49802
@calls 0 49803
@calls 0 49804
@calls 0 49805
@calls 0 49806
@calls 0 49807
@calls 0 49808
@calls 0 49809
@calls 0 49810
@calls 0 49811
@calls 0 49812
@calls 0 49813
@calls 0 49814
@calls 0 49815
@calls 0 49816
@calls 0 49817
@calls 0 49818
@calls 0 49819
@calls 0 49820
@calls 0 49821
@calls 0 49822
@calls 0 49823
@calls 0 49824
@calls 0 49825
@calls 0 49826
@calls 0 49827
@calls 0 49828
@calls 0 49829
@calls 0 49830
@calls 0 49831
@calls 0 49832
@calls 0 49833
@calls 0 49834
@calls 0 49835
@calls 0 49836
@calls 0 49837
@calls 0 49838
@calls 0 49839
@calls 0 49840
@calls 0 49841
@calls 0 49842
@calls 0 49843
@calls 0 49844
@calls 0 49845
@calls 0 49846
@calls 0 49847
@calls 0 49848
@calls 0 49849
@calls 0 49850
@calls 0 49851
@calls 0 49852
@calls 0 49853
@calls 0 49854
@calls 0 49855
@calls 0 49856
@calls 0 49857
@calls 0 49858
@calls 0 49859
@calls 0 49860
@calls 0 49861
@calls 0 49862
@calls 0 49863
@calls 0 49864
@calls 0 49865
@calls 0 49866
@calls 0 49867
@calls 0 49868
@calls 0 49869
@calls 0 49870
@calls 0 49871
@calls 0 49872
@calls 0 49873
@calls 0 49874
@calls 0 49875
@calls 0 49876
@calls 0 49877
@calls 0 49878
@calls 0 49879
@calls 0 49880
@calls 0 49881
@calls 0 49882
@calls 0 49883
@calls 0 49884
@calls 0 49885
@calls 0 49886
@calls 0 49887
@calls 0 49888
@calls 0 49889
@calls 0 49890
@calls 0 49891
@calls 0 49892
@calls 0 49893
@calls 0 49894
@calls 0 49895
@calls 0 49896
@calls 0 49897
@calls 0 49898
@calls 0 49899
@calls 0 49900
@calls 0 49901
@calls 0 49902
@calls 0 49903
@calls 0 49904
@calls 0 49905
@calls 0 49906
@calls 0 49907
@calls 0 49908
@calls 0 49909
@calls 0 49910
@calls 0 49911
@calls 0 49912
@calls 0 49913
@calls 0 49914
@calls 0 49915
@calls 0 49916
@calls 0 49917
@calls 0 49918
@calls 0 49919
@calls 0 49920
@calls 0 49921
@calls 0 49922
@calls 0 49923
@calls 0 49924
@calls 0 49925
@calls 0 49926
@calls 0 49927
@calls 0 49928
@calls 0 49929
@calls 0 49930
@calls 0 49931
@calls 0 49932
@calls 0 49933
@calls 0 49934
@calls 0 49935
@calls 0 49936
@calls 0 49937
@calls 0 49938
@calls 0 49939
@calls 0 49940
@calls 0 49941
@calls 0 49942
@calls 0 49943
@calls 0 49944
@calls 0 49945
@calls 0 49946
@calls 0 49947
@calls 0 49948
@calls 0 49949
@calls 0 49950
@calls 0 49951
@calls 0 49952
@calls 0 49953
@calls 0 49954
@calls 0 49955
@calls 0 49956
@calls 0 49957
@calls 0 49958
@calls 0 49959
@calls 0 49960
@calls 0 49961
@calls 0 49962
@calls 0 49963
@calls 0 49964
@calls 0 49965
@calls 0 49966
@calls 0 49967
@calls 0 49968
@calls 0 49969
@calls 0 49970
@calls 0 49971
@calls 0 49972
@calls 0 49973
@calls 0 49974
@calls 0 49975
@calls 0 49976
@calls 0 49977
@calls 0 49978
@calls 0 49979
@calls 0 49980
@calls 0 49981
@calls 0 49982
@calls 0 49983
@calls 0 49984
@calls 0 49985
@calls 0 49986
@calls 0 49987
@calls 0 49988
@calls 0 49989
@calls 0 49990
@calls 0 49991
@calls 0 49992
@calls 0 49993
@calls 0 49994
@calls 0 49995
@calls 0 49996
@calls 0 49997
@calls 0 49998
@calls 0 49999
@calls 0 50000
@calls 0 50001
@calls 0 50002
@calls 0 50003
@calls 0 50004
@calls 0 50005
@calls 0 50006
@calls 0 50007
@calls 0 50008
@calls 0 50009
@calls 0 50010
@calls 0 50011
@calls 0 50012
@calls 0 50013
@calls 0 50014
@calls 0 50015
@calls 0 50016
@calls 0 50017
@calls 0 50018
@calls 0 50019
@calls 0 50020
@calls 0 50021
@calls 0 50022
@calls 0 50023
@calls 0 50024
@calls 0 50025
@calls 0 50026
@calls 0 50027
@calls 0 50028
@calls 0 50029
@calls 0 50030
@calls 0 50031
@calls 0 50032
@calls 0 50033
@calls 0 50034
@calls 0 50035
@calls 0 50036
@calls 0 50037
@calls 0 50038
@calls 0 50039
@calls 0 50040
@calls 0 50041
@calls 0 50042
@calls 0 50043
@calls 0 50044
@calls 0 50045
@calls 0 50046
@calls 0 50047
@calls 0 50048
@calls 0 50049
@calls 0 50050
@calls 0 50051
@calls 0 50052
@calls 0 50053
@calls 0 50054
@calls 0 50055
@calls 0 50056
@calls 0 50057
@calls 0 50058
@calls 0 50059
@calls 0 50060
@calls 0 50061
@calls 0 50062
@calls 0 50063
@calls 0 50064
@calls 0 50065
@calls 0 50066
@calls 0 50067
@calls 0 50068
@calls 0 50069
@calls 0 50070
@calls 0 50071
@calls 0 50072
@calls 0 50073
@calls 0 50074
@calls 0 50075
@calls 0 50076
@calls 0 50077
@calls 0 50078
@calls 0 50079
@calls 0 50080
@calls 0 50081
@calls 0 50082
@calls 0 50083
@calls 0 50084
@calls 0 50085
@calls 0 50086
@calls 0 50087
@calls 0 50088
@calls 0 50089
@calls 0 50090
@calls 0 50091
@calls 0 50092
@calls 0 50093
@calls 0 50094
@calls 0 50095
@calls 0 50096
@calls 0 50097
@calls 0 50098
@calls 0 50099
@calls 0 50100
@calls 0 50101
@calls 0 50102
@calls 0 50103
@calls 0 50104
@calls 0 50105
@calls 0 50106
@calls 0 50107
@calls 0 50108
@calls 0 50109
@calls 0 50110
@calls 0 50111
@calls 0 50112
@calls 0 50113
@calls 0 50114
@calls 0 50115
@calls 0 50116
@calls 0 50117
@calls 0 50118
@calls 0 50119
@calls 0 50120
@calls 0 50121
@calls 0 50122
@calls 0 50123
@calls 0 50124
@calls 0 50125
@calls 0 50126
@calls 0 50127
@calls 0 50128
@calls 0 50129
@calls 0 50130
@calls 0 50131
@calls 0 50132
@calls 0 50133
@calls 0 50134
@calls 0 50135
@calls 0 50136
@calls 0 50137
@calls 0 50138
@calls 0 50139
@calls 0 50140
@calls 0 50141
@calls 0 50142
@calls 0 50143
@calls 0 50144
@calls 0 50145
@calls 0 50146
@calls 0 50147
@calls 0 50148
@calls 0 50149
@calls 0 50150
@calls 0 50151
@calls 0 50152
@calls 0 50153
@calls 0 50154
@calls 0 50155
@calls 0 50156
@calls 0 50157
@calls 0 50158
@calls 0 50159
@calls 0 50160
@calls 0 50161
@calls 0 50162
@calls 0 50163
@calls 0 50164
@calls 0 50165
@calls 0 50166
@calls 0 50167
@calls 0 50168
@calls 0 50169
@calls 0 50170
@calls 0 50171
@calls 0 50172
@calls 0 50173
@calls 0 50174
@calls 0 50175
@calls 0 50176
@calls 0 50177
@calls 0 50178
@calls 0 50179
@calls 0 50180
@calls 0 50181
@calls 0 50182
@calls 0 50183
@calls 0 50184
@calls 0 50185
@calls 0 50186
@calls 0 50187
@calls 0 50188
@calls 0 50189
@calls 0 50190
@calls 0 50191
@calls 0 50192
@calls 0 50193
@calls 0 50194
@calls 0 50195
@calls 0 50196
@calls 0 50197
@calls 0 50198
@calls 0 50199
@calls 0 50200
@calls 0 50201
@calls 0 50202
@calls 0 50203
@calls 0 50204
@calls 0 50205
@calls 0 50206
@calls 0 50207
@calls 0 50208
@calls 0 50209
@calls 0 50210
@calls 0 50211
@calls 0 50212
@calls 0 50213
@calls 0 50214
@calls 0 50215
@calls 0 50216
@calls 0 50217
@calls 0 50218
@calls 0 50219
@calls 0 50220
@calls 0 50221
@calls 0 50222
@calls 0 50223
@calls 0 50224
@calls 0 50225
@calls 0 50226
@calls 0 50227
@calls 0 50228
@calls 0 50229
@calls 0 50230
@calls 0 50231
@calls 0 50232
@calls 0 50233
@calls 0 50234
@calls 0 50235
@calls 0 50236
@calls 0 50237
@calls 0 50238
@calls 0 50239
@calls 0 50240
@calls 0 50241
@calls 0 50242
@calls 0 50243
@calls 0 50244
@calls 0 50245
@calls 0 50246
@calls 0 50247
@calls 0 50248
@calls 0 50249
@calls 0 50250
@calls 0 50251
@calls 0 50252
@calls 0 50253
@calls 0 50254
@calls 0 50255
@calls 0 50256
@calls 0 50257
@calls 0 50258
@calls 0 50259
@calls 0 50260
@calls 0 50261
@calls 0 50262
@calls 0 50263
@calls 0 50264
@calls 0 50265
@calls 0 50266
@calls 0 50267
@calls 0 50268
@calls 0 50269
@calls 0 50270
@calls 0 50271
@calls 0 50272
@calls 0 50273
@calls 0 50274
@calls 0 50275
@calls 0 50276
@calls 0 50277
@calls 0 50278
@calls 0 50279
@calls 0 50280
@calls 0 50281
@calls 0 50282
@calls 0 50283
@calls 0 50284
@calls 0 50285
@calls 0 50286
@calls 0 50287
@calls 0 50288
@calls 0 50289
@calls 0 50290
@calls 0 50291
@calls 0 50292
@calls 0 50293
@calls 0 50294
@calls 0 50295
@calls 0 50296
@calls 0 50297
@calls 0 50298
@calls 0 50299
@calls 0 50300
@calls 0 50301
@calls 0 50302
@calls 0 50303
@calls 0 50304
@calls 0 50305
@calls 0 50306
@calls 0 50307
@calls 0 50308
@calls 0 50309
@calls 0 50310
@calls 0 50311
@calls 0 50312
@calls 0 50313
@calls 0 50314
@calls 0 50315
@calls 0 50316
@calls 0 50317
@calls 0 50318
@calls 0 50319
@calls 0 50320
@calls 0 50321
@calls 0 50322
@calls 0 50323
@calls 0 50324
@calls 0 50325
@calls 0 50326
@calls 0 50327
@calls 0 50328
@calls 0 50329
@calls 0 50330
@calls 0 50331
@calls 0 50332
@calls 0 50333
@calls 0 50334
@calls 0 50335
@calls 0 50336
@calls 0 50337
@calls 0 50338
@calls 0 50339
@calls 0 50340
@calls 0 50341
@calls 0 50342
@calls 0 50343
@calls 0 50344
@calls 0 50345
@calls 0 50346
@calls 0 50347
@calls 0 50348
@calls 0 50349
@calls 0 50350
@calls 0 50351
@calls 0 50352
@calls 0 50353
@calls 0 50354
@calls 0 50355
@calls 0 50356
@calls 0 50357
@calls 0 50358
@calls 0 50359
@calls 0 50360
@calls 0 50361
@calls 0 50362
@calls 0 50363
@calls 0 50364
@calls 0 50365
@calls 0 50366
@calls 0 50367
@calls 0 50368
@calls 0 50369
@calls 0 50370
@calls 0 50371
@calls 0 50372
@calls 0 50373
@calls 0 50374
@calls 0 50375
@calls 0 50376
@calls 0 50377
@calls 0 50378
@calls 0 50379
@calls 0 50380
@calls 0 50381
@calls 0 50382
@calls 0 50383
@calls 0 50384
@calls 0 50385
@calls 0 50386
@calls 0 50387
@calls 0 50388
@calls 0 50389
@calls 0 50390
@calls 0 50391
@calls 0 50392
@calls 0 50393
@calls 0 50394
@calls 0 50395
@calls 0 50396
@calls 0 50397
@calls 0 50398
@calls 0 50399
@calls 0 50400
@calls 0 50401
@calls 0 50402
@calls 0 50403
@calls 0 50404
@calls 0 50405
@calls 0 50406
@calls 0 50407
@calls 0 50408
@calls 0 50409
@calls 0 50410
@calls 0 50411
@calls 0 50412
@calls 0 50413
@calls 0 50414
@calls 0 50415
@calls 0 50416
@calls 0 50417
@calls 0 50418
@calls 0 50419
@calls 0 50420
@calls 0 50421
@calls 0 50422
@calls 0 50423
@calls 0 50424
@calls 0 50425
@calls 0 50426
@calls 0 50427
@calls 0 50428
@calls 0 50429
@calls 0 50430
@calls 0 50431
@calls 0 50432
@calls 0 50433
@calls 0 50434
@calls 0 50435
@calls 0 50436
@calls 0 50437
@calls 0 50438
@calls 0 50439
@calls 0 50440
@calls 0 50441
@calls 0 50442
@calls 0 50443
@calls 0 50444
@calls 0 50445
@calls 0 50446
@calls 0 50447
@calls 0 50448
@calls 0 50449
@calls 0 50450
@calls 0 50451
@calls 0 50452
@calls 0 50453
@calls 0 50454
@calls 0 50455
@calls 0 50456
@calls 0 50457
@calls 0 50458
@calls 0 50459
@calls 0 50460
@calls 0 50461
@calls 0 50462
@calls 0 50463
@calls 0 50464
@calls 0 50465
@calls 0 50466
@calls 0 50467
@calls 0 50468
@calls 0 50469
@calls 0 50470
@calls 0 50471
@calls 0 50472
@calls 0 50473
@calls 0 50474
@calls 0 50475
@calls 0 50476
@calls 0 50477
@calls 0 50478
@calls 0 50479
@calls 0 50480
@calls 0 50481
@calls 0 50482
@calls 0 50483
@calls 0 50484
@calls 0 50485
@calls 0 50486
@calls 0 50487
@calls 0 50488
@calls 0 50489
@calls 0 50490
@calls 0 50491
@calls 0 50492
@calls 0 50493
@calls 0 50494
@calls 0 50495
@calls 0 50496
@calls 0 50497
@calls 0 50498
@calls 0 50499
@calls 0 50500
@calls 0 50501
@calls 0 50502
@calls 0 50503
@calls 0 50504
@calls 0 50505
@calls 0 50506
@calls 0 50507
@calls 0 50508
@calls 0 50509
@calls 0 50510
@calls 0 50511
@calls 0 50512
@calls 0 50513
@calls 0 50514
@calls 0 50515
@calls 0 50516
@calls 0 50517
@calls 0 50518
@calls 0 50519
@calls 0 50520
@calls 0 50521
@calls 0 50522
@calls 0 50523
@calls 0 50524
@calls 0 50525
@calls 0 50526
@calls 0 50527
@calls 0 50528
@calls 0 50529
@calls 0 50530
@calls 0 50531
@calls 0 50532
@calls 0 50533
@calls 0 50534
@calls 0 50535
@calls 0 50536
@calls 0 50537
@calls 0 50538
@calls 0 50539
@calls 0 50540
@calls 0 50541
@calls 0 50542
@calls 0 50543
@calls 0 50544
@calls 0 50545
@calls 0 50546
@calls 0 50547
@calls 0 50548
@calls 0 50549
@calls 0 50550
@calls 0 50551
@calls 0 50552
@calls 0 50553
@calls 0 50554
@calls 0 50555
@calls 0 50556
@calls 0 50557
@calls 0 50558
@calls 0 50559
@calls 0 50560
@calls 0 50561
@calls 0 50562
@calls 0 50563
@calls 0 50564
@calls 0 50565
@calls 0 50566
@calls 0 50567
@calls 0 50568
@calls 0 50569
@calls 0 50570
@calls 0 50571
@calls 0 50572
@calls 0 50573
@calls 0 50574
@calls 0 50575
@calls 0 50576
@calls 0 50577
@calls 0 50578
@calls 0 50579
@calls 0 50580
@calls 0 50581
@calls 0 50582
@calls 0 50583
@calls 0 50584
@calls 0 50585
@calls 0 50586
@calls 0 50587
@calls 0 50588
@calls 0 50589
@calls 0 50590
@calls 0 50591
@calls 0 50592
@calls 0 50593
@calls 0 50594
@calls 0 50595
@calls 0 50596
@calls 0 50597
@calls 0 50598
@calls 0 50599
@calls 0 50600
@calls 0 50601
@calls 0 50602
@calls 0 50603
@calls 0 50604
@calls 0 50605
@calls 0 50606
@calls 0 50607
@calls 0 50608
@calls 0 50609
@calls 0 50610
@calls 0 50611
@calls 0 50612
@calls 0 50613
@calls 0 50614
@calls 0 50615
@calls 0 50616
@calls 0 50617
@calls 0 50618
@calls 0 50619
@calls 0 50620
@calls 0 50621
@calls 0 50622
@calls 0 50623
@calls 0 50624
@calls 0 50625
@calls 0 50626
@calls 0 50627
@calls 0 50628
@calls 0 50629
@calls 0 50630
@calls 0 50631
@calls 0 50632
@calls 0 50633
@calls 0 50634
@calls 0 50635
@calls 0 50636
@calls 0 50637
@calls 0 50638
@calls 0 50639
@calls 0 50640
@calls 0 50641
@calls 0 50642
@calls 0 50643
@calls 0 50644
@calls 0 50645
@calls 0 50646
@calls 0 50647
@calls 0 50648
@calls 0 50649
@calls 0 50650
@calls 0 50651
@calls 0 50652
@calls 0 50653
@calls 0 50654
@calls 0 50655
@calls 0 50656
@calls 0 50657
@calls 0 50658
@calls 0 50659
@calls 0 50660
@calls 0 50661
@calls 0 50662
@calls 0 50663
@calls 0 50664
@calls 0 50665
@calls 0 50666
@calls 0 50667
@calls 0 50668
@calls 0 50669
@calls 0 50670
@calls 0 50671
@calls 0 50672
@calls 0 50673
@calls 0 50674
@calls 0 50675
@calls 0 50676
@calls 0 50677
@calls 0 50678
@calls 0 50679
@calls 0 50680
@calls 0 50681
@calls 0 50682
@calls 0 50683
@calls 0 50684
@calls 0 50685
@calls 0 50686
@calls 0 50687
@calls 0 50688
@calls 0 50689
@calls 0 50690
@calls 0 50691
@calls 0 50692
@calls 0 50693
@calls 0 50694
@calls 0 50695
@calls 0 50696
@calls 0 50697
@calls 0 50698
@calls 0 50699
@calls 0 50700
@calls 0 50701
@calls 0 50702
@calls 0 50703
@calls 0 50704
@calls 0 50705
@calls 0 50706
@calls 0 50707
@calls 0 50708
@calls 0 50709
@calls 0 50710
@calls 0 50711
@calls 0 50712
@calls 0 50713
@calls 0 50714
@calls 0 50715
@calls 0 50716
@calls 0 50717
@calls 0 50718
@calls 0 50719
@calls 0 50720
@calls 0 50721
@calls 0 50722
@calls 0 50723
@calls 0 50724
@calls 0 50725
@calls 0 50726
@calls 0 50727
@calls 0 50728
@calls 0 50729
@calls 0 50730
@calls 0 50731
@calls 0 50732
@calls 0 50733
@calls 0 50734
@calls 0 50735
@calls 0 50736
@calls 0 50737
@calls 0 50738
@calls 0 50739
@calls 0 50740
@calls 0 50741
@calls 0 50742
@calls 0 50743
@calls 0 50744
@calls 0 50745
@calls 0 50746
@calls 0 50747
@calls 0 50748
@calls 0 50749
@calls 0 50750
@calls 0 50751
@calls 0 50752
@calls 0 50753
@calls 0 50754
@calls 0 50755
@calls 0 50756
@calls 0 50757
@calls 0 50758
@calls 0 50759
@calls 0 50760
@calls 0 50761
@calls 0 50762
@calls 0 50763
@calls 0 50764
@calls 0 50765
@calls 0 50766
@calls 0 50767
@calls 0 50768
@calls 0 50769
@calls 0 50770
@calls 0 50771
@calls 0 50772
@calls 0 50773
@calls 0 50774
@calls 0 50775
@calls 0 50776
@calls 0 50777
@calls 0 50778
@calls 0 50779
@calls 0 50780
@calls 0 50781
@calls 0 50782
@calls 0 50783
@calls 0 50784
@calls 0 50785
@calls 0 50786
@calls 0 50787
@calls 0 50788
@calls 0 50789
@calls 0 50790
@calls 0 50791
@calls 0 50792
@calls 0 50793
@calls 0 50794
@calls 0 50795
@calls 0 50796
@calls 0 50797
@calls 0 50798
@calls 0 50799
@calls 0 50800
@calls 0 50801
@calls 0 50802
@calls 0 50803
@calls 0 50804
@calls 0 50805
@calls 0 50806
@calls 0 50807
@calls 0 50808
@calls 0 50809
@calls 0 50810
@calls 0 50811
@calls 0 50812
@calls 0 50813
@calls 0 50814
@calls 0 50815
@calls 0 50816
@calls 0 50817
@calls 0 50818
@calls 0 50819
@calls 0 50820
@calls 0 50821
@calls 0 50822
@calls 0 50823
@calls 0 50824
@calls 0 50825
@calls 0 50826
@calls 0 50827
@calls 0 50828
@calls 0 50829
@calls 0 50830
@calls 0 50831
@calls 0 50832
@calls 0 50833
@calls 0 50834
@calls 0 50835
@calls 0 50836
@calls 0 50837
@calls 0 50838
@calls 0 50839
@calls 0 50840
@calls 0 50841
@calls 0 50842
@calls 0 50843
@calls 0 50844
@calls 0 50845
@calls 0 50846
@calls 0 50847
@calls 0 50848
@calls 0 50849
@calls 0 50850
@calls 0 50851
@calls 0 50852
@calls 0 50853
@calls 0 50854
@calls 0 50855
@calls 0 50856
@calls 0 50857
@calls 0 50858
@calls 0 50859
@calls 0 50860
@calls 0 50861
@calls 0 50862
@calls 0 50863
@calls 0 50864
@calls 0 50865
@calls 0 50866
@calls 0 50867
@calls 0 50868
@calls 0 50869
@calls 0 50870
@calls 0 50871
@calls 0 50872
@calls 0 50873
@calls 0 50874
@calls 0 50875
@calls 0 50876
@calls 0 50877
@calls 0 50878
@calls 0 50879
@calls 0 50880
@calls 0 50881
@calls 0 50882
@calls 0 50883
@calls 0 50884
@calls 0 50885
@calls 0 50886
@calls 0 50887
@calls 0 50888
@calls 0 50889
@calls 0 50890
@calls 0 50891
@calls 0 50892
@calls 0 50893
@calls 0 50894
@calls 0 50895
@calls 0 50896
@calls 0 50897
@calls 0 50898
@calls 0 50899
@calls 0 50900
@calls 0 50901
@calls 0 50902
@calls 0 50903
@calls 0 50904
@calls 0 50905
@calls 0 50906
@calls 0 50907
@calls 0 50908
@calls 0 50909
@calls 0 50910
@calls 0 50911
@calls 0 50912
@calls 0 50913
@calls 0 50914
@calls 0 50915
@calls 0 50916
@calls 0 50917
@calls 0 50918
@calls 0 50919
@calls 0 50920
@calls 0 50921
@calls 0 50922
@calls 0 50923
@calls 0 50924
@calls 0 50925
@calls 0 50926
@calls 0 50927
@calls 0 50928
@calls 0 50929
@calls 0 50930
@calls 0 50931
@calls 0 50932
@calls 0 50933
@calls 0 50934
@calls 0 50935
@calls 0 50936
@calls 0 50937
@calls 0 50938
@calls 0 50939
@calls 0 50940
@calls 0 50941
@calls 0 50942
@calls 0 50943
@calls 0 50944
@calls 0 50945
@calls 0 50946
@calls 0 50947
@calls 0 50948
@calls 0 50949
@calls 0 50950
@calls 0 50951
@calls 0 50952
@calls 0 50953
@calls 0 50954
@calls 0 50955
@calls 0 50956
@calls 0 50957
@calls 0 50958
@calls 0 50959
@calls 0 50960
@calls 0 50961
@calls 0 50962
@calls 0 50963
@calls 0 50964
@calls 0 50965
@calls 0 50966
@calls 0 50967
@calls 0 50968
@calls 0 50969
@calls 0 50970
@calls 0 50971
@calls 0 50972
@calls 0 50973
@calls 0 50974
@calls 0 50975
@calls 0 50976
@calls 0 50977
@calls 0 50978
@calls 0 50979
@calls 0 50980
@calls 0 50981
@calls 0 50982
@calls 0 50983
@calls 0 50984
@calls 0 50985
@calls 0 50986
@calls 0 50987
@calls 0 50988
@calls 0 50989
@calls 0 50990
@calls 0 50991
@calls 0 50992
@calls 0 50993
@calls 0 50994
@calls 0 50995
@calls 0 50996
@calls 0 50997
@calls 0 50998
@calls 0 50999
@calls 0 51000
@calls 0 51001
@calls 0 51002
@calls 0 51003
@calls 0 51004
@calls 0 51005
@calls 0 51006
@calls 0 51007
@calls 0 51008
@calls 0 51009
@calls 0 51010
@calls 0 51011
@calls 0 51012
@calls 0 51013
@calls 0 51014
@calls 0 51015
@calls 0 51016
@calls 0 51017
@calls 0 51018
@calls 0 51019
@calls 0 51020
@calls 0 51021
@calls 0 51022
@calls 0 51023
@calls 0 51024
@calls 0 51025
@calls 0 51026
@calls 0 51027
@calls 0 51028
@calls 0 51029
@calls 0 51030
@calls 0 51031
@calls 0 51032
@calls 0 51033
@calls 0 51034
@calls 0 51035
@calls 0 51036
@calls 0 51037
@calls 0 51038
@calls 0 51039
@calls 0 51040
@calls 0 51041
@calls 0 51042
@calls 0 51043
@calls 0 51044
@calls 0 51045
@calls 0 51046
@calls 0 51047
@calls 0 51048
@calls 0 51049
@calls 0 51050
@calls 0 51051
@calls 0 51052
@calls 0 51053
@calls 0 51054
@calls 0 51055
@calls 0 51056
@calls 0 51057
@calls 0 51058
@calls 0 51059
@calls 0 51060
@calls 0 51061
@calls 0 51062
@calls 0 51063
@calls 0 51064
@calls 0 51065
@calls 0 51066
@calls 0 51067
@calls 0 51068
@calls 0 51069
@calls 0 51070
@calls 0 51071
@calls 0 51072
@calls 0 51073
@calls 0 51074
@calls 0 51075
@calls 0 51076
@calls 0 51077
@calls 0 51078
@calls 0 51079
@calls 0 51080
@calls 0 51081
@calls 0 51082
@calls 0 51083
@calls 0 51084
@calls 0 51085
@calls 0 51086
@calls 0 51087
@calls 0 51088
@calls 0 51089
@calls 0 51090
@calls 0 51091
@calls 0 51092
@calls 0 51093
@calls 0 51094
@calls 0 51095
@calls 0 51096
@calls 0 51097
@calls 0 51098
@calls 0 51099
@calls 0 51100
@calls 0 51101
@calls 0 51102
@calls 0 51103
@calls 0 51104
@calls 0 51105
@calls 0 51106
@calls 0 51107
@calls 0 51108
@calls 0 51109
@calls 0 51110
@calls 0 51111
@calls 0 51112
@calls 0 51113
@calls 0 51114
@calls 0 51115
@calls 0 51116
@calls 0 51117
@calls 0 51118
@calls 0 51119
@calls 0 51120
@calls 0 51121
@calls 0 51122
@calls 0 51123
@calls 0 51124
@calls 0 51125
@calls 0 51126
@calls 0 51127
@calls 0 51128
@calls 0 51129
@calls 0 51130
@calls 0 51131
@calls 0 51132
@calls 0 51133
@calls 0 51134
@calls 0 51135
@calls 0 51136
@calls 0 51137
@calls 0 51138
@calls 0 51139
@calls 0 51140
@calls 0 51141
@calls 0 51142
@calls 0 51143
@calls 0 51144
@calls 0 51145
@calls 0 51146
@calls 0 51147
@calls 0 51148
@calls 0 51149
@calls 0 51150
@calls 0 51151
@calls 0 51152
@calls 0 51153
@calls 0 51154
@calls 0 51155
@calls 0 51156
@calls 0 51157
@calls 0 51158
@calls 0 51159
@calls 0 51160
@calls 0 51161
@calls 0 51162
@calls 0 51163
@calls 0 51164
@calls 0 51165
@calls 0 51166
@calls 0 51167
@calls 0 51168
@calls 0 51169
@calls 0 51170
@calls 0 51171
@calls 0 51172
@calls 0 51173
@calls 0 51174
@calls 0 51175
@calls 0 51176
@calls 0 51177
@calls 0 51178
@calls 0 51179
@calls 0 51180
@calls 0 51181
@calls 0 51182
@calls 0 51183
@calls 0 51184
@calls 0 51185
@calls 0 51186
@calls 0 51187
@calls 0 51188
@calls 0 51189
@calls 0 51190
@calls 0 51191
@calls 0 51192
@calls 0 51193
@calls 0 51194
@calls 0 51195
@calls 0 51196
@calls 0 51197
@calls 0 51198
@calls 0 51199
@calls 0 51200
@calls 0 51201
@calls 0 51202
@calls 0 51203
@calls 0 51204
@calls 0 51205
@calls 0 51206
@calls 0 51207
@calls 0 51208
@calls 0 51209
@calls 0 51210
@calls 0 51211
@calls 0 51212
@calls 0 51213
@calls 0 51214
@calls 0 51215
@calls 0 51216
@calls 0 51217
@calls 0 51218
@calls 0 51219
@calls 0 51220
@calls 0 51221
@calls 0 51222
@calls 0 51223
@calls 0 51224
@calls 0 51225
@calls 0 51226
@calls 0 51227
@calls 0 51228
@calls 0 51229
@calls 0 51230
@calls 0 51231
@calls 0 51232
@calls 0 51233
@calls 0 51234
@calls 0 51235
@calls 0 51236
@calls 0 51237
@calls 0 51238
@calls 0 51239
@calls 0 51240
@calls 0 51241
@calls 0 51242
@calls 0 51243
@calls 0 51244
@calls 0 51245
@calls 0 51246
@calls 0 51247
@calls 0 51248
@calls 0 51249
@calls 0 51250
@calls 0 51251
@calls 0 51252
@calls 0 51253
@calls 0 51254
@calls 0 51255
@calls 0 51256
@calls 0 51257
@calls 0 51258
@calls 0 51259
@calls 0 51260
@calls 0 51261
@calls 0 51262
@calls 0 51263
@calls 0 51264
@calls 0 51265
@calls 0 51266
@calls 0 51267
@calls 0 51268
@calls 0 51269
@calls 0 51270
@calls 0 51271
@calls 0 51272
@calls 0 51273
@calls 0 51274
@calls 0 51275
@calls 0 51276
@calls 0 51277
@calls 0 51278
@calls 0 51279
@calls 0 51280
@calls 0 51281
@calls 0 51282
@calls 0 51283
@calls 0 51284
@calls 0 51285
@calls 0 51286
@calls 0 51287
@calls 0 51288
@calls 0 51289
@calls 0 51290
@calls 0 51291
@calls 0 51292
@calls 0 51293
@calls 0 51294
@calls 0 51295
@calls 0 51296
@calls 0 51297
@calls 0 51298
@calls 0 51299
@calls 0 51300
@calls 0 51301
@calls 0 51302
@calls 0 51303
@calls 0 51304
@calls 0 51305
@calls 0 51306
@calls 0 51307
@calls 0 51308
@calls 0 51309
@calls 0 51310
@calls 0 51311
@calls 0 51312
@calls 0 51313
@calls 0 51314
@calls 0 51315
@calls 0 51316
@calls 0 51317
@calls 0 51318
@calls 0 51319
@calls 0 51320
@calls 0 51321
@calls 0 51322
@calls 0 51323
@calls 0 51324
@calls 0 51325
@calls 0 51326
@calls 0 51327
@calls 0 51328
@calls 0 51329
@calls 0 51330
@calls 0 51331
@calls 0 51332
@calls 0 51333
@calls 0 51334
@calls 0 51335
@calls 0 51336
@calls 0 51337
@calls 0 51338
@calls 0 51339
@calls 0 51340
@calls 0 51341
@calls 0 51342
@calls 0 51343
@calls 0 51344
@calls 0 51345
@calls 0 51346
@calls 0 51347
@calls 0 51348
@calls 0 51349
@calls 0 51350
@calls 0 51351
@calls 0 51352
@calls 0 51353
@calls 0 51354
@calls 0 51355
@calls 0 51356
@calls 0 51357
@calls 0 51358
@calls 0 51359
@calls 0 51360
@calls 0 51361
@calls 0 51362
@calls 0 51363
@calls 0 51364
@calls 0 51365
@calls 0 51366
@calls 0 51367
@calls 0 51368
@calls 0 51369
@calls 0 51370
@calls 0 51371
@calls 0 51372
@calls 0 51373
@calls 0 51374
@calls 0 51375
@calls 0 51376
@calls 0 51377
@calls 0 51378
@calls 0 51379
@calls 0 51380
@calls 0 51381
@calls 0 51382
@calls 0 51383
@calls 0 51384
@calls 0 51385
@calls 0 51386
@calls 0 51387
@calls 0 51388
@calls 0 51389
@calls 0 51390
@calls 0 51391
@calls 0 51392
@calls 0 51393
@calls 0 51394
@calls 0 51395
@calls 0 51396
@calls 0 51397
@calls 0 51398
@calls 0 51399
@calls 0 51400
@calls 0 51401
@calls 0 51402
@calls 0 51403
@calls 0 51404
@calls 0 51405
@calls 0 51406
@calls 0 51407
@calls 0 51408
@calls 0 51409
@calls 0 51410
@calls 0 51411
@calls 0 51412
@calls 0 51413
@calls 0 51414
@calls 0 51415
@calls 0 51416
@calls 0 51417
@calls 0 51418
@calls 0 51419
@calls 0 51420
@calls 0 51421
@calls 0 51422
@calls 0 51423
@calls 0 51424
@calls 0 51425
@calls 0 51426
@calls 0 51427
@calls 0 51428
@calls 0 51429
@calls 0 51430
@calls 0 51431
@calls 0 51432
@calls 0 51433
@calls 0 51434
@calls 0 51435
@calls 0 51436
@calls 0 51437
@calls 0 51438
@calls 0 51439
@calls 0 51440
@calls 0 51441
@calls 0 51442
@calls 0 51443
@calls 0 51444
@calls 0 51445
@calls 0 51446
@calls 0 51447
@calls 0 51448
@calls 0 51449
@calls 0 51450
@calls 0 51451
@calls 0 51452
@calls 0 51453
@calls 0 51454
@calls 0 51455
@calls 0 51456
@calls 0 51457
@calls 0 51458
@calls 0 51459
@calls 0 51460
@calls 0 51461
@calls 0 51462
@calls 0 51463
@calls 0 51464
@calls 0 51465
@calls 0 51466
@calls 0 51467
@calls 0 51468
@calls 0 51469
@calls 0 51470
@calls 0 51471
@calls 0 51472
@calls 0 51473
@calls 0 51474
@calls 0 51475
@calls 0 51476
@calls 0 51477
@calls 0 51478
@calls 0 51479
@calls 0 51480
@calls 0 51481
@calls 0 51482
@calls 0 51483
@calls 0 51484
@calls 0 51485
@calls 0 51486
@calls 0 51487
@calls 0 51488
@calls 0 51489
@calls 0 51490
@calls 0 51491
@calls 0 51492
@calls 0 51493
@calls 0 51494
@calls 0 51495
@calls 0 51496
@calls 0 51497
@calls 0 51498
@calls 0 51499
@calls 0 51500
@calls 0 51501
@calls 0 51502
@calls 0 51503
@calls 0 51504
@calls 0 51505
@calls 0 51506
@calls 0 51507
@calls 0 51508
@calls 0 51509
@calls 0 51510
@calls 0 51511
@calls 0 51512
@calls 0 51513
@calls 0 51514
@calls 0 51515
@calls 0 51516
@calls 0 51517
@calls 0 51518
@calls 0 51519
@calls 0 51520
@calls 0 51521
@calls 0 51522
@calls 0 51523
@calls 0 51524
@calls 0 51525
@calls 0 51526
@calls 0 51527
@calls 0 51528
@calls 0 51529
@calls 0 51530
@calls 0 51531
@calls 0 51532
@calls 0 51533
@calls 0 51534
@calls 0 51535
@calls 0 51536
@calls 0 51537
@calls 0 51538
@calls 0 51539
@calls 0 51540
@calls 0 51541
@calls 0 51542
@calls 0 51543
@calls 0 51544
@calls 0 51545
@calls 0 51546
@calls 0 51547
@calls 0 51548
@calls 0 51549
@calls 0 51550
@calls 0 51551
@calls 0 51552
@calls 0 51553
@calls 0 51554
@calls 0 51555
@calls 0 51556
@calls 0 51557
@calls 0 51558
@calls 0 51559
@calls 0 51560
@calls 0 51561
@calls 0 51562
@calls 0 51563
@calls 0 51564
@calls 0 51565
@calls 0 51566
@calls 0 51567
@calls 0 51568
@calls 0 51569
@calls 0 51570
@calls 0 51571
@calls 0 51572
@calls 0 51573
@calls 0 51574
@calls 0 51575
@calls 0 51576
@calls 0 51577
@calls 0 51578
@calls 0 51579
@calls 0 51580
@calls 0 51581
@calls 0 51582
@calls 0 51583
@calls 0 51584
@calls 0 51585
@calls 0 51586
@calls 0 51587
@calls 0 51588
@calls 0 51589
@calls 0 51590
@calls 0 51591
@calls 0 51592
@calls 0 51593
@calls 0 51594
@calls 0 51595
@calls 0 51596
@calls 0 51597
@calls 0 51598
@calls 0 51599
@calls 0 51600
@calls 0 51601
@calls 0 51602
@calls 0 51603
@calls 0 51604
@calls 0 51605
@calls 0 51606
@calls 0 51607
@calls 0 51608
@calls 0 51609
@calls 0 51610
@calls 0 51611
@calls 0 51612
@calls 0 51613
@calls 0 51614
@calls 0 51615
@calls 0 51616
@calls 0 51617
@calls 0 51618
@calls 0 51619
@calls 0 51620
@calls 0 51621
@calls 0 51622
@calls 0 51623
@calls 0 51624
@calls 0 51625
@calls 0 51626
@calls 0 51627
@calls 0 51628
@calls 0 51629
@calls 0 51630
@calls 0 51631
@calls 0 51632
@calls 0 51633
@calls 0 51634
@calls 0 51635
@calls 0 51636
@calls 0 51637
@calls 0 51638
@calls 0 51639
@calls 0 51640
@calls 0 51641
@calls 0 51642
@calls 0 51643
@calls 0 51644
@calls 0 51645
@calls 0 51646
@calls 0 51647
@calls 0 51648
@calls 0 51649
@calls 0 51650
@calls 0 51651
@calls 0 51652
@calls 0 51653
@calls 0 51654
@calls 0 51655
@calls 0 51656
@calls 0 51657
@calls 0 51658
@calls 0 51659
@calls 0 51660
@calls 0 51661
@calls 0 51662
@calls 0 51663
@calls 0 51664
@calls 0 51665
@calls 0 51666
@calls 0 51667
@calls 0 51668
@calls 0 51669
@calls 0 51670
@calls 0 51671
@calls 0 51672
@calls 0 51673
@calls 0 51674
@calls 0 51675
@calls 0 51676
@calls 0 51677
@calls 0 51678
@calls 0 51679
@calls 0 51680
@calls 0 51681
@calls 0 51682
@calls 0 51683
@calls 0 51684
@calls 0 51685
@calls 0 51686
@calls 0 51687
@calls 0 51688
@calls 0 51689
@calls 0 51690
@calls 0 51691
@calls 0 51692
@calls 0 51693
@calls 0 51694
@calls 0 51695
@calls 0 51696
@calls 0 51697
@calls 0 51698
@calls 0 51699
@calls 0 51700
@calls 0 51701
@calls 0 51702
@calls 0 51703
@calls 0 51704
@calls 0 51705
@calls 0 51706
@calls 0 51707
@calls 0 51708
@calls 0 51709
@calls 0 51710
@calls 0 51711
@calls 0 51712
@calls 0 51713
@calls 0 51714
@calls 0 51715
@calls 0 51716
@calls 0 51717
@calls 0 51718
@calls 0 51719
@calls 0 51720
@calls 0 51721
@calls 0 51722
@calls 0 51723
@calls 0 51724
@calls 0 51725
@calls 0 51726
@calls 0 51727
@calls 0 51728
@calls 0 51729
@calls 0 51730
@calls 0 51731
@calls 0 51732
@calls 0 51733
@calls 0 51734
@calls 0 51735
@calls 0 51736
@calls 0 51737
@calls 0 51738
@calls 0 51739
@calls 0 51740
@calls 0 51741
@calls 0 51742
@calls 0 51743
@calls 0 51744
@calls 0 51745
@calls 0 51746
@calls 0 51747
@calls 0 51748
@calls 0 51749
@calls 0 51750
@calls 0 51751
@calls 0 51752
@calls 0 51753
@calls 0 51754
@calls 0 51755
@calls 0 51756
@calls 0 51757
@calls 0 51758
@calls 0 51759
@calls 0 51760
@calls 0 51761
@calls 0 51762
@calls 0 51763
@calls 0 51764
@calls 0 51765
@calls 0 51766
@calls 0 51767
@calls 0 51768
@calls 0 51769
@calls 0 51770
@calls 0 51771
@calls 0 51772
@calls 0 51773
@calls 0 51774
@calls 0 51775
@calls 0 51776
@calls 0 51777
@calls 0 51778
@calls 0 51779
@calls 0 51780
@calls 0 51781
@calls 0 51782
@calls 0 51783
@calls 0 51784
@calls 0 51785
@calls 0 51786
@calls 0 51787
@calls 0 51788
@calls 0 51789
@calls 0 51790
@calls 0 51791
@calls 0 51792
@calls 0 51793
@calls 0 51794
@calls 0 51795
@calls 0 51796
@calls 0 51797
@calls 0 51798
@calls 0 51799
@calls 0 51800
@calls 0 51801
@calls 0 51802
@calls 0 51803
@calls 0 51804
@calls 0 51805
@calls 0 51806
@calls 0 51807
@calls 0 51808
@calls 0 51809
@calls 0 51810
@calls 0 51811
@calls 0 51812
@calls 0 51813
@calls 0 51814
@calls 0 51815
@calls 0 51816
@calls 0 51817
@calls 0 51818
@calls 0 51819
@calls 0 51820
@calls 0 51821
@calls 0 51822
@calls 0 51823
@calls 0 51824
@calls 0 51825
@calls 0 51826
@calls 0 51827
@calls 0 51828
@calls 0 51829
@calls 0 51830
@calls 0 51831
@calls 0 51832
@calls 0 51833
@calls 0 51834
@calls 0 51835
@calls 0 51836
@calls 0 51837
@calls 0 51838
@calls 0 51839
@calls 0 51840
@calls 0 51841
@calls 0 51842
@calls 0 51843
@calls 0 51844
@calls 0 51845
@calls 0 51846
@calls 0 51847
@calls 0 51848
@calls 0 51849
@calls 0 51850
@calls 0 51851
@calls 0 51852
@calls 0 51853
@calls 0 51854
@calls 0 51855
@calls 0 51856
@calls 0 51857
@calls 0 51858
@calls 0 51859
@calls 0 51860
@calls 0 51861
@calls 0 51862
@calls 0 51863
@calls 0 51864
@calls 0 51865
@calls 0 51866
@calls 0 51867
@calls 0 51868
@calls 0 51869
@calls 0 51870
@calls 0 51871
@calls 0 51872
@calls 0 51873
@calls 0 51874
@calls 0 51875
@calls 0 51876
@calls 0 51877
@calls 0 51878
@calls 0 51879
@calls 0 51880
@calls 0 51881
@calls 0 51882
@calls 0 51883
@calls 0 51884
@calls 0 51885
@calls 0 51886
@calls 0 51887
@calls 0 51888
@calls 0 51889
@calls 0 51890
@calls 0 51891
@calls 0 51892
@calls 0 51893
@calls 0 51894
@calls 0 51895
@calls 0 51896
@calls 0 51897
@calls 0 51898
@calls 0 51899
@calls 0 51900
@calls 0 51901
@calls 0 51902
@calls 0 51903
@calls 0 51904
@calls 0 51905
@calls 0 51906
@calls 0 51907
@calls 0 51908
@calls 0 51909
@calls 0 51910
@calls 0 51911
@calls 0 51912
@calls 0 51913
@calls 0 51914
@calls 0 51915
@calls 0 51916
@calls 0 51917
@calls 0 51918
@calls 0 51919
@calls 0 51920
@calls 0 51921
@calls 0 51922
@calls 0 51923
@calls 0 51924
@calls 0 51925
@calls 0 51926
@calls 0 51927
@calls 0 51928
@calls 0 51929
@calls 0 51930
@calls 0 51931
@calls 0 51932
@calls 0 51933
@calls 0 51934
@calls 0 51935
@calls 0 51936
@calls 0 51937
@calls 0 51938
@calls 0 51939
@calls 0 51940
@calls 0 51941
@calls 0 51942
@calls 0 51943
@calls 0 51944
@calls 0 51945
@calls 0 51946
@calls 0 51947
@calls 0 51948
@calls 0 51949
@calls 0 51950
@calls 0 51951
@calls 0 51952
@calls 0 51953
@calls 0 51954
@calls 0 51955
@calls 0 51956
@calls 0 51957
@calls 0 51958
@calls 0 51959
@calls 0 51960
@calls 0 51961
@calls 0 51962
@calls 0 51963
@calls 0 51964
@calls 0 51965
@calls 0 51966
@calls 0 51967
@calls 0 51968
@calls 0 51969
@calls 0 51970
@calls 0 51971
@calls 0 51972
@calls 0 51973
@calls 0 51974
@calls 0 51975
@calls 0 51976
@calls 0 51977
@calls 0 51978
@calls 0 51979
@calls 0 51980
@calls 0 51981
@calls 0 51982
@calls 0 51983
@calls 0 51984
@calls 0 51985
@calls 0 51986
@calls 0 51987
@calls 0 51988
@calls 0 51989
@calls 0 51990
@calls 0 51991
@calls 0 51992
@calls 0 51993
@calls 0 51994
@calls 0 51995
@calls 0 51996
@calls 0 51997
@calls 0 51998
@calls 0 51999
@calls 0 52000
@calls 0 52001
@calls 0 52002
@calls 0 52003
@calls 0 52004
@calls 0 52005
@calls 0 52006
@calls 0 52007
@calls 0 52008
@calls 0 52009
@calls 0 52010
@calls 0 52011
@calls 0 52012
@calls 0 52013
@calls 0 52014
@calls 0 52015
@calls 0 52016
@calls 0 52017
@calls 0 52018
@calls 0 52019
@calls 0 52020
@calls 0 52021
@calls 0 52022
@calls 0 52023
@calls 0 52024
@calls 0 52025
@calls 0 52026
@calls 0 52027
@calls 0 52028
@calls 0 52029
@calls 0 52030
@calls 0 52031
@calls 0 52032
@calls 0 52033
@calls 0 52034
@calls 0 52035
@calls 0 52036
@calls 0 52037
@calls 0 52038
@calls 0 52039
@calls 0 52040
@calls 0 52041
@calls 0 52042
@calls 0 52043
@calls 0 52044
@calls 0 52045
@calls 0 52046
@calls 0 52047
@calls 0 52048
@calls 0 52049
@calls 0 52050
@calls 0 52051
@calls 0 52052
@calls 0 52053
@calls 0 52054
@calls 0 52055
@calls 0 52056
@calls 0 52057
@calls 0 52058
@calls 0 52059
@calls 0 52060
@calls 0 52061
@calls 0 52062
@calls 0 52063
@calls 0 52064
@calls 0 52065
@calls 0 52066
@calls 0 52067
@calls 0 52068
@calls 0 52069
@calls 0 52070
@calls 0 52071
@calls 0 52072
@calls 0 52073
@calls 0 52074
@calls 0 52075
@calls 0 52076
@calls 0 52077
@calls 0 52078
@calls 0 52079
@calls 0 52080
@calls 0 52081
@calls 0 52082
@calls 0 52083
@calls 0 52084
@calls 0 52085
@calls 0 52086
@calls 0 52087
@calls 0 52088
@calls 0 52089
@calls 0 52090
@calls 0 52091
@calls 0 52092
@calls 0 52093
@calls 0 52094
@calls 0 52095
@calls 0 52096
@calls 0 52097
@calls 0 52098
@calls 0 52099
@calls 0 52100
@calls 0 52101
@calls 0 52102
@calls 0 52103
@calls 0 52104
@calls 0 52105
@calls 0 52106
@calls 0 52107
@calls 0 52108
@calls 0 52109
@calls 0 52110
@calls 0 52111
@calls 0 52112
@calls 0 52113
@calls 0 52114
@calls 0 52115
@calls 0 52116
@calls 0 52117
@calls 0 52118
@calls 0 52119
@calls 0 52120
@calls 0 52121
@calls 0 52122
@calls 0 52123
@calls 0 52124
@calls 0 52125
@calls 0 52126
@calls 0 52127
@calls 0 52128
@calls 0 52129
@calls 0 52130
@calls 0 52131
@calls 0 52132
@calls 0 52133
@calls 0 52134
@calls 0 52135
@calls 0 52136
@calls 0 52137
@calls 0 52138
@calls 0 52139
@calls 0 52140
@calls 0 52141
@calls 0 52142
@calls 0 52143
@calls 0 52144
@calls 0 52145
@calls 0 52146
@calls 0 52147
@calls 0 52148
@calls 0 52149
@calls 0 52150
@calls 0 52151
@calls 0 52152
@calls 0 52153
@calls 0 52154
@calls 0 52155
@calls 0 52156
@calls 0 52157
@calls 0 52158
@calls 0 52159
@calls 0 52160
@calls 0 52161
@calls 0 52162
@calls 0 52163
@calls 0 52164
@calls 0 52165
@calls 0 52166
@calls 0 52167
@calls 0 52168
@calls 0 52169
@calls 0 52170
@calls 0 52171
@calls 0 52172
@calls 0 52173
@calls 0 52174
@calls 0 52175
@calls 0 52176
@calls 0 52177
@calls 0 52178
@calls 0 52179
@calls 0 52180
@calls 0 52181
@calls 0 52182
@calls 0 52183
@calls 0 52184
@calls 0 52185
@calls 0 52186
@calls 0 52187
@calls 0 52188
@calls 0 52189
@calls 0 52190
@calls 0 52191
@calls 0 52192
@calls 0 52193
@calls 0 52194
@calls 0 52195
@calls 0 52196
@calls 0 52197
@calls 0 52198
@calls 0 52199
@calls 0 52200
@calls 0 52201
@calls 0 52202
@calls 0 52203
@calls 0 52204
@calls 0 52205
@calls 0 52206
@calls 0 52207
@calls 0 52208
@calls 0 52209
@calls 0 52210
@calls 0 52211
@calls 0 52212
@calls 0 52213
@calls 0 52214
@calls 0 52215
@calls 0 52216
@calls 0 52217
@calls 0 52218
@calls 0 52219
@calls 0 52220
@calls 0 52221
@calls 0 52222
@calls 0 52223
@calls 0 52224
@calls 0 52225
@calls 0 52226
@calls 0 52227
@calls 0 52228
@calls 0 52229
@calls 0 52230
@calls 0 52231
@calls 0 52232
@calls 0 52233
@calls 0 52234
@calls 0 52235
@calls 0 52236
@calls 0 52237
@calls 0 52238
@calls 0 52239
@calls 0 52240
@calls 0 52241
@calls 0 52242
@calls 0 52243
@calls 0 52244
@calls 0 52245
@calls 0 52246
@calls 0 52247
@calls 0 52248
@calls 0 52249
@calls 0 52250
@calls 0 52251
@calls 0 52252
@calls 0 52253
@calls 0 52254
@calls 0 52255
@calls 0 52256
@calls 0 52257
@calls 0 52258
@calls 0 52259
@calls 0 52260
@calls 0 52261
@calls 0 52262
@calls 0 52263
@calls 0 52264
@calls 0 52265
@calls 0 52266
@calls 0 52267
@calls 0 52268
@calls 0 52269
@calls 0 52270
@calls 0 52271
@calls 0 52272
@calls 0 52273
@calls 0 52274
@calls 0 52275
@calls 0 52276
@calls 0 52277
@calls 0 52278
@calls 0 52279
@calls 0 52280
@calls 0 52281
@calls 0 52282
@calls 0 52283
@calls 0 52284
@calls 0 52285
@calls 0 52286
@calls 0 52287
@calls 0 52288
@calls 0 52289
@calls 0 52290
@calls 0 52291
@calls 0 52292
@calls 0 52293
@calls 0 52294
@calls 0 52295
@calls 0 52296
@calls 0 52297
@calls 0 52298
@calls 0 52299
@calls 0 52300
@calls 0 52301
@calls 0 52302
@calls 0 52303
@calls 0 52304
@calls 0 52305
@calls 0 52306
@calls 0 52307
@calls 0 52308
@calls 0 52309
@calls 0 52310
@calls 0 52311
@calls 0 52312
@calls 0 52313
@calls 0 52314
@calls 0 52315
@calls 0 52316
@calls 0 52317
@calls 0 52318
@calls 0 52319
@calls 0 52320
@calls 0 52321
@calls 0 52322
@calls 0 52323
@calls 0 52324
@calls 0 52325
@calls 0 52326
@calls 0 52327
@calls 0 52328
@calls 0 52329
@calls 0 52330
@calls 0 52331
@calls 0 52332
@calls 0 52333
@calls 0 52334
@calls 0 52335
@calls 0 52336
@calls 0 52337
@calls 0 52338
@calls 0 52339
@calls 0 52340
@calls 0 52341
@calls 0 52342
@calls 0 52343
@calls 0 52344
@calls 0 52345
@calls 0 52346
@calls 0 52347
@calls 0 52348
@calls 0 52349
@calls 0 52350
@calls 0 52351
@calls 0 52352
@calls 0 52353
@calls 0 52354
@calls 0 52355
@calls 0 52356
@calls 0 52357
@calls 0 52358
@calls 0 52359
@calls 0 52360
@calls 0 52361
@calls 0 52362
@calls 0 52363
@calls 0 52364
@calls 0 52365
@calls 0 52366
@calls 0 52367
@calls 0 52368
@calls 0 52369
@calls 0 52370
@calls 0 52371
@calls 0 52372
@calls 0 52373
@calls 0 52374
@calls 0 52375
@calls 0 52376
@calls 0 52377
@calls 0 52378
@calls 0 52379
@calls 0 52380
@calls 0 52381
@calls 0 52382
@calls 0 52383
@calls 0 52384
@calls 0 52385
@calls 0 52386
@calls 0 52387
@calls 0 52388
@calls 0 52389
@calls 0 52390
@calls 0 52391
@calls 0 52392
@calls 0 52393
@calls 0 52394
@calls 0 52395
@calls 0 52396
@calls 0 52397
@calls 0 52398
@calls 0 52399
@calls 0 52400
@calls 0 52401
@calls 0 52402
@calls 0 52403
@calls 0 52404
@calls 0 52405
@calls 0 52406
@calls 0 52407
@calls 0 52408
@calls 0 52409
@calls 0 52410
@calls 0 52411
@calls 0 52412
@calls 0 52413
@calls 0 52414
@calls 0 52415
@calls 0 52416
@calls 0 52417
@calls 0 52418
@calls 0 52419
@calls 0 52420
@calls 0 52421
@calls 0 52422
@calls 0 52423
@calls 0 52424
@calls 0 52425
@calls 0 52426
@calls 0 52427
@calls 0 52428
@calls 0 52429
@calls 0 52430
@calls 0 52431
@calls 0 52432
@calls 0 52433
@calls 0 52434
@calls 0 52435
@calls 0 52436
@calls 0 52437
@calls 0 52438
@calls 0 52439
@calls 0 52440
@calls 0 52441
@calls 0 52442
@calls 0 52443
@calls 0 52444
@calls 0 52445
@calls 0 52446
@calls 0 52447
@calls 0 52448
@calls 0 52449
@calls 0 52450
@calls 0 52451
@calls 0 52452
@calls 0 52453
@calls 0 52454
@calls 0 52455
@calls 0 52456
@calls 0 52457
@calls 0 52458
@calls 0 52459
@calls 0 52460
@calls 0 52461
@calls 0 52462
@calls 0 52463
@calls 0 52464
@calls 0 52465
@calls 0 52466
@calls 0 52467
@calls 0 52468
@calls 0 52469
@calls 0 52470
@calls 0 52471
@calls 0 52472
@calls 0 52473
@calls 0 52474
@calls 0 52475
@calls 0 52476
@calls 0 52477
@calls 0 52478
@calls 0 52479
@calls 0 52480
@calls 0 52481
@calls 0 52482
@calls 0 52483
@calls 0 52484
@calls 0 52485
@calls 0 52486
@calls 0 52487
@calls 0 52488
@calls 0 52489
@calls 0 52490
@calls 0 52491
@calls 0 52492
@calls 0 52493
@calls 0 52494
@calls 0 52495
@calls 0 52496
@calls 0 52497
@calls 0 52498
@calls 0 52499
@calls 0 52500
@calls 0 52501
@calls 0 52502
@calls 0 52503
@calls 0 52504
@calls 0 52505
@calls 0 52506
@calls 0 52507
@calls 0 52508
@calls 0 52509
@calls 0 52510
@calls 0 52511
@calls 0 52512
@calls 0 52513
@calls 0 52514
@calls 0 52515
@calls 0 52516
@calls 0 52517
@calls 0 52518
@calls 0 52519
@calls 0 52520
@calls 0 52521
@calls 0 52522
@calls 0 52523
@calls 0 52524
@calls 0 52525
@calls 0 52526
@calls 0 52527
@calls 0 52528
@calls 0 52529
@calls 0 52530
@calls 0 52531
@calls 0 52532
@calls 0 52533
@calls 0 52534
@calls 0 52535
@calls 0 52536
@calls 0 52537
@calls 0 52538
@calls 0 52539
@calls 0 52540
@calls 0 52541
@calls 0 52542
@calls 0 52543
@calls 0 52544
@calls 0 52545
@calls 0 52546
@calls 0 52547
@calls 0 52548
@calls 0 52549
@calls 0 52550
@calls 0 52551
@calls 0 52552
@calls 0 52553
@calls 0 52554
@calls 0 52555
@calls 0 52556
@calls 0 52557
@calls 0 52558
@calls 0 52559
@calls 0 52560
@calls 0 52561
@calls 0 52562
@calls 0 52563
@calls 0 52564
@calls 0 52565
@calls 0 52566
@calls 0 52567
@calls 0 52568
@calls 0 52569
@calls 0 52570
@calls 0 52571
@calls 0 52572
@calls 0 52573
@calls 0 52574
@calls 0 52575
@calls 0 52576
@calls 0 52577
@calls 0 52578
@calls 0 52579
@calls 0 52580
@calls 0 52581
@calls 0 52582
@calls 0 52583
@calls 0 52584
@calls 0 52585
@calls 0 52586
@calls 0 52587
@calls 0 52588
@calls 0 52589
@calls 0 52590
@calls 0 52591
@calls 0 52592
@calls 0 52593
@calls 0 52594
@calls 0 52595
@calls 0 52596
@calls 0 52597
@calls 0 52598
@calls 0 52599
@calls 0 52600
@calls 0 52601
@calls 0 52602
@calls 0 52603
@calls 0 52604
@calls 0 52605
@calls 0 52606
@calls 0 52607
@calls 0 52608
@calls 0 52609
@calls 0 52610
@calls 0 52611
@calls 0 52612
@calls 0 52613
@calls 0 52614
@calls 0 52615
@calls 0 52616
@calls 0 52617
@calls 0 52618
@calls 0 52619
@calls 0 52620
@calls 0 52621
@calls 0 52622
@calls 0 52623
@calls 0 52624
@calls 0 52625
@calls 0 52626
@calls 0 52627
@calls 0 52628
@calls 0 52629
@calls 0 52630
@calls 0 52631
@calls 0 52632
@calls 0 52633
@calls 0 52634
@calls 0 52635
@calls 0 52636
@calls 0 52637
@calls 0 52638
@calls 0 52639
@calls 0 52640
@calls 0 52641
@calls 0 52642
@calls 0 52643
@calls 0 52644
@calls 0 52645
@calls 0 52646
@calls 0 52647
@calls 0 52648
@calls 0 52649
@calls 0 52650
@calls 0 52651
@calls 0 52652
@calls 0 52653
@calls 0 52654
@calls 0 52655
@calls 0 52656
@calls 0 52657
@calls 0 52658
@calls 0 52659
@calls 0 52660
@calls 0 52661
@calls 0 52662
@calls 0 52663
@calls 0 52664
@calls 0 52665
@calls 0 52666
@calls 0 52667
@calls 0 52668
@calls 0 52669
@calls 0 52670
@calls 0 52671
@calls 0 52672
@calls 0 52673
@calls 0 52674
@calls 0 52675
@calls 0 52676
@calls 0 52677
@calls 0 52678
@calls 0 52679
@calls 0 52680
@calls 0 52681
@calls 0 52682
@calls 0 52683
@calls 0 52684
@calls 0 52685
@calls 0 52686
@calls 0 52687
@calls 0 52688
@calls 0 52689
@calls 0 52690
@calls 0 52691
@calls 0 52692
@calls 0 52693
@calls 0 52694
@calls 0 52695
@calls 0 52696
@calls 0 52697
@calls 0 52698
@calls 0 52699
@calls 0 52700
@calls 0 52701
@calls 0 52702
@calls 0 52703
@calls 0 52704
@calls 0 52705
@calls 0 52706
@calls 0 52707
@calls 0 52708
@calls 0 52709
@calls 0 52710
@calls 0 52711
@calls 0 52712
@calls 0 52713
@calls 0 52714
@calls 0 52715
@calls 0 52716
@calls 0 52717
@calls 0 52718
@calls 0 52719
@calls 0 52720
@calls 0 52721
@calls 0 52722
@calls 0 52723
@calls 0 52724
@calls 0 52725
@calls 0 52726
@calls 0 52727
@calls 0 52728
@calls 0 52729
@calls 0 52730
@calls 0 52731
@calls 0 52732
@calls 0 52733
@calls 0 52734
@calls 0 52735
@calls 0 52736
@calls 0 52737
@calls 0 52738
@calls 0 52739
@calls 0 52740
@calls 0 52741
@calls 0 52742
@calls 0 52743
@calls 0 52744
@calls 0 52745
@calls 0 52746
@calls 0 52747
@calls 0 52748
@calls 0 52749
@calls 0 52750
@calls 0 52751
@calls 0 52752
@calls 0 52753
@calls 0 52754
@calls 0 52755
@calls 0 52756
@calls 0 52757
@calls 0 52758
@calls 0 52759
@calls 0 52760
@calls 0 52761
@calls 0 52762
@calls 0 52763
@calls 0 52764
@calls 0 52765
@calls 0 52766
@calls 0 52767
@calls 0 52768
@calls 0 52769
@calls 0 52770
@calls 0 52771
@calls 0 52772
@calls 0 52773
@calls 0 52774
@calls 0 52775
@calls 0 52776
@calls 0 52777
@calls 0 52778
@calls 0 52779
@calls 0 52780
@calls 0 52781
@calls 0 52782
@calls 0 52783
@calls 0 52784
@calls 0 52785
@calls 0 52786
@calls 0 52787
@calls 0 52788
@calls 0 52789
@calls 0 52790
@calls 0 52791
@calls 0 52792
@calls 0 52793
@calls 0 52794
@calls 0 52795
@calls 0 52796
@calls 0 52797
@calls 0 52798
@calls 0 52799
@calls 0 52800
@calls 0 52801
@calls 0 52802
@calls 0 52803
@calls 0 52804
@calls 0 52805
@calls 0 52806
@calls 0 52807
@calls 0 52808
@calls 0 52809
@calls 0 52810
@calls 0 52811
@calls 0 52812
@calls 0 52813
@calls 0 52814
@calls 0 52815
@calls 0 52816
@calls 0 52817
@calls 0 52818
@calls 0 52819
@calls 0 52820
@calls 0 52821
@calls 0 52822
@calls 0 52823
@calls 0 52824
@calls 0 52825
@calls 0 52826
@calls 0 52827
@calls 0 52828
@calls 0 52829
@calls 0 52830
@calls 0 52831
@calls 0 52832
@calls 0 52833
@calls 0 52834
@calls 0 52835
@calls 0 52836
@calls 0 52837
@calls 0 52838
@calls 0 52839
@calls 0 52840
@calls 0 52841
@calls 0 52842
@calls 0 52843
@calls 0 52844
@calls 0 52845
@calls 0 52846
@calls 0 52847
@calls 0 52848
@calls 0 52849
@calls 0 52850
@calls 0 52851
@calls 0 52852
@calls 0 52853
@calls 0 52854
@calls 0 52855
@calls 0 52856
@calls 0 52857
@calls 0 52858
@calls 0 52859
@calls 0 52860
@calls 0 52861
@calls 0 52862
@calls 0 52863
@calls 0 52864
@calls 0 52865
@calls 0 52866
@calls 0 52867
@calls 0 52868
@calls 0 52869
@calls 0 52870
@calls 0 52871
@calls 0 52872
@calls 0 52873
@calls 0 52874
@calls 0 52875
@calls 0 52876
@calls 0 52877
@calls 0 52878
@calls 0 52879
@calls 0 52880
@calls 0 52881
@calls 0 52882
@calls 0 52883
@calls 0 52884
@calls 0 52885
@calls 0 52886
@calls 0 52887
@calls 0 52888
@calls 0 52889
@calls 0 52890
@calls 0 52891
@calls 0 52892
@calls 0 52893
@calls 0 52894
@calls 0 52895
@calls 0 52896
@calls 0 52897
@calls 0 52898
@calls 0 52899
@calls 0 52900
@calls 0 52901
@calls 0 52902
@calls 0 52903
@calls 0 52904
@calls 0 52905
@calls 0 52906
@calls 0 52907
@calls 0 52908
@calls 0 52909
@calls 0 52910
@calls 0 52911
@calls 0 52912
@calls 0 52913
@calls 0 52914
@calls 0 52915
@calls 0 52916
@calls 0 52917
@calls 0 52918
@calls 0 52919
@calls 0 52920
@calls 0 52921
@calls 0 52922
@calls 0 52923
@calls 0 52924
@calls 0 52925
@calls 0 52926
@calls 0 52927
@calls 0 52928
@calls 0 52929
@calls 0 52930
@calls 0 52931
@calls 0 52932
@calls 0 52933
@calls 0 52934
@calls 0 52935
@calls 0 52936
@calls 0 52937
@calls 0 52938
@calls 0 52939
@calls 0 52940
@calls 0 52941
@calls 0 52942
@calls 0 52943
@calls 0 52944
@calls 0 52945
@calls 0 52946
@calls 0 52947
@calls 0 52948
@calls 0 52949
@calls 0 52950
@calls 0 52951
@calls 0 52952
@calls 0 52953
@calls 0 52954
@calls 0 52955
@calls 0 52956
@calls 0 52957
@calls 0 52958
@calls 0 52959
@calls 0 52960
@calls 0 52961
@calls 0 52962
@calls 0 52963
@calls 0 52964
@calls 0 52965
@calls 0 52966
@calls 0 52967
@calls 0 52968
@calls 0 52969
@calls 0 52970
@calls 0 52971
@calls 0 52972
@calls 0 52973
@calls 0 52974
@calls 0 52975
@calls 0 52976
@calls 0 52977
@calls 0 52978
@calls 0 52979
@calls 0 52980
@calls 0 52981
@calls 0 52982
@calls 0 52983
@calls 0 52984
@calls 0 52985
@calls 0 52986
@calls 0 52987
@calls 0 52988
@calls 0 52989
@calls 0 52990
@calls 0 52991
@calls 0 52992
@calls 0 52993
@calls 0 52994
@calls 0 52995
@calls 0 52996
@calls 0 52997
@calls 0 52998
@calls 0 52999
@calls 0 53000
@calls 0 53001
@calls 0 53002
@calls 0 53003
@calls 0 53004
@calls 0 53005
@calls 0 53006
@calls 0 53007
@calls 0 53008
@calls 0 53009
@calls 0 53010
@calls 0 53011
@calls 0 53012
@calls 0 53013
@calls 0 53014
@calls 0 53015
@calls 0 53016
@calls 0 53017
@calls 0 53018
@calls 0 53019
@calls 0 53020
@calls 0 53021
@calls 0 53022
@calls 0 53023
@calls 0 53024
@calls 0 53025
@calls 0 53026
@calls 0 53027
@calls 0 53028
@calls 0 53029
@calls 0 53030
@calls 0 53031
@calls 0 53032
@calls 0 53033
@calls 0 53034
@calls 0 53035
@calls 0 53036
@calls 0 53037
@calls 0 53038
@calls 0 53039
@calls 0 53040
@calls 0 53041
@calls 0 53042
@calls 0 53043
@calls 0 53044
@calls 0 53045
@calls 0 53046
@calls 0 53047
@calls 0 53048
@calls 0 53049
@calls 0 53050
@calls 0 53051
@calls 0 53052
@calls 0 53053
@calls 0 53054
@calls 0 53055
@calls 0 53056
@calls 0 53057
@calls 0 53058
@calls 0 53059
@calls 0 53060
@calls 0 53061
@calls 0 53062
@calls 0 53063
@calls 0 53064
@calls 0 53065
@calls 0 53066
@calls 0 53067
@calls 0 53068
@calls 0 53069
@calls 0 53070
@calls 0 53071
@calls 0 53072
@calls 0 53073
@calls 0 53074
@calls 0 53075
@calls 0 53076
@calls 0 53077
@calls 0 53078
@calls 0 53079
@calls 0 53080
@calls 0 53081
@calls 0 53082
@calls 0 53083
@calls 0 53084
@calls 0 53085
@calls 0 53086
@calls 0 53087
@calls 0 53088
@calls 0 53089
@calls 0 53090
@calls 0 53091
@calls 0 53092
@calls 0 53093
@calls 0 53094
@calls 0 53095
@calls 0 53096
@calls 0 53097
@calls 0 53098
@calls 0 53099
@calls 0 53100
@calls 0 53101
@calls 0 53102
@calls 0 53103
@calls 0 53104
@calls 0 53105
@calls 0 53106
@calls 0 53107
@calls 0 53108
@calls 0 53109
@calls 0 53110
@calls 0 53111
@calls 0 53112
@calls 0 53113
@calls 0 53114
@calls 0 53115
@calls 0 53116
@calls 0 53117
@calls 0 53118
@calls 0 53119
@calls 0 53120
@calls 0 53121
@calls 0 53122
@calls 0 53123
@calls 0 53124
@calls 0 53125
@calls 0 53126
@calls 0 53127
@calls 0 53128
@calls 0 53129
@calls 0 53130
@calls 0 53131
@calls 0 53132
@calls 0 53133
@calls 0 53134
@calls 0 53135
@calls 0 53136
@calls 0 53137
@calls 0 53138
@calls 0 53139
@calls 0 53140
@calls 0 53141
@calls 0 53142
@calls 0 53143
@calls 0 53144
@calls 0 53145
@calls 0 53146
@calls 0 53147
@calls 0 53148
@calls 0 53149
@calls 0 53150
@calls 0 53151
@calls 0 53152
@calls 0 53153
@calls 0 53154
@calls 0 53155
@calls 0 53156
@calls 0 53157
@calls 0 53158
@calls 0 53159
@calls 0 53160
@calls 0 53161
@calls 0 53162
@calls 0 53163
@calls 0 53164
@calls 0 53165
@calls 0 53166
@calls 0 53167
@calls 0 53168
@calls 0 53169
@calls 0 53170
@calls 0 53171
@calls 0 53172
@calls 0 53173
@calls 0 53174
@calls 0 53175
@calls 0 53176
@calls 0 53177
@calls 0 53178
@calls 0 53179
@calls 0 53180
@calls 0 53181
@calls 0 53182
@calls 0 53183
@calls 0 53184
@calls 0 53185
@calls 0 53186
@calls 0 53187
@calls 0 53188
@calls 0 53189
@calls 0 53190
@calls 0 53191
@calls 0 53192
@calls 0 53193
@calls 0 53194
@calls 0 53195
@calls 0 53196
@calls 0 53197
@calls 0 53198
@calls 0 53199
@calls 0 53200
@calls 0 53201
@calls 0 53202
@calls 0 53203
@calls 0 53204
@calls 0 53205
@calls 0 53206
@calls 0 53207
@calls 0 53208
@calls 0 53209
@calls 0 53210
@calls 0 53211
@calls 0 53212
@calls 0 53213
@calls 0 53214
@calls 0 53215
@calls 0 53216
@calls 0 53217
@calls 0 53218
@calls 0 53219
@calls 0 53220
@calls 0 53221
@calls 0 53222
@calls 0 53223
@calls 0 53224
@calls 0 53225
@calls 0 53226
@calls 0 53227
@calls 0 53228
@calls 0 53229
@calls 0 53230
@calls 0 53231
@calls 0 53232
@calls 0 53233
@calls 0 53234
@calls 0 53235
@calls 0 53236
@calls 0 53237
@calls 0 53238
@calls 0 53239
@calls 0 53240
@calls 0 53241
@calls 0 53242
@calls 0 53243
@calls 0 53244
@calls 0 53245
@calls 0 53246
@calls 0 53247
@calls 0 53248
@calls 0 53249
@calls 0 53250
@calls 0 53251
@calls 0 53252
@calls 0 53253
@calls 0 53254
@calls 0 53255
@calls 0 53256
@calls 0 53257
@calls 0 53258
@calls 0 53259
@calls 0 53260
@calls 0 53261
@calls 0 53262
@calls 0 53263
@calls 0 53264
@calls 0 53265
@calls 0 53266
@calls 0 53267
@calls 0 53268
@calls 0 53269
@calls 0 53270
@calls 0 53271
@calls 0 53272
@calls 0 53273
@calls 0 53274
@calls 0 53275
@calls 0 53276
@calls 0 53277
@calls 0 53278
@calls 0 53279
@calls 0 53280
@calls 0 53281
@calls 0 53282
@calls 0 53283
@calls 0 53284
@calls 0 53285
@calls 0 53286
@calls 0 53287
@calls 0 53288
@calls 0 53289
@calls 0 53290
@calls 0 53291
@calls 0 53292
@calls 0 53293
@calls 0 53294
@calls 0 53295
@calls 0 53296
@calls 0 53297
@calls 0 53298
@calls 0 53299
@calls 0 53300
@calls 0 53301
@calls 0 53302
@calls 0 53303
@calls 0 53304
@calls 0 53305
@calls 0 53306
@calls 0 53307
@calls 0 53308
@calls 0 53309
@calls 0 53310
@calls 0 53311
@calls 0 53312
@calls 0 53313
@calls 0 53314
@calls 0 53315
@calls 0 53316
@calls 0 53317
@calls 0 53318
@calls 0 53319
@calls 0 53320
@calls 0 53321
@calls 0 53322
@calls 0 53323
@calls 0 53324
@calls 0 53325
@calls 0 53326
@calls 0 53327
@calls 0 53328
@calls 0 53329
@calls 0 53330
@calls 0 53331
@calls 0 53332
@calls 0 53333
@calls 0 53334
@calls 0 53335
@calls 0 53336
@calls 0 53337
@calls 0 53338
@calls 0 53339
@calls 0 53340
@calls 0 53341
@calls 0 53342
@calls 0 53343
@calls 0 53344
@calls 0 53345
@calls 0 53346
@calls 0 53347
@calls 0 53348
@calls 0 53349
@calls 0 53350
@calls 0 53351
@calls 0 53352
@calls 0 53353
@calls 0 53354
@calls 0 53355
@calls 0 53356
@calls 0 53357
@calls 0 53358
@calls 0 53359
@calls 0 53360
@calls 0 53361
@calls 0 53362
@calls 0 53363
@calls 0 53364
@calls 0 53365
@calls 0 53366
@calls 0 53367
@calls 0 53368
@calls 0 53369
@calls 0 53370
@calls 0 53371
@calls 0 53372
@calls 0 53373
@calls 0 53374
@calls 0 53375
@calls 0 53376
@calls 0 53377
@calls 0 53378
@calls 0 53379
@calls 0 53380
@calls 0 53381
@calls 0 53382
@calls 0 53383
@calls 0 53384
@calls 0 53385
@calls 0 53386
@calls 0 53387
@calls 0 53388
@calls 0 53389
@calls 0 53390
@calls 0 53391
@calls 0 53392
@calls 0 53393
@calls 0 53394
@calls 0 53395
@calls 0 53396
@calls 0 53397
@calls 0 53398
@calls 0 53399
@calls 0 53400
@calls 0 53401
@calls 0 53402
@calls 0 53403
@calls 0 53404
@calls 0 53405
@calls 0 53406
@calls 0 53407
@calls 0 53408
@calls 0 53409
@calls 0 53410
@calls 0 53411
@calls 0 53412
@calls 0 53413
@calls 0 53414
@calls 0 53415
@calls 0 53416
@calls 0 53417
@calls 0 53418
@calls 0 53419
@calls 0 53420
@calls 0 53421
@calls 0 53422
@calls 0 53423
@calls 0 53424
@calls 0 53425
@calls 0 53426
@calls 0 53427
@calls 0 53428
@calls 0 53429
@calls 0 53430
@calls 0 53431
@calls 0 53432
@calls 0 53433
@calls 0 53434
@calls 0 53435
@calls 0 53436
@calls 0 53437
@calls 0 53438
@calls 0 53439
@calls 0 53440
@calls 0 53441
@calls 0 53442
@calls 0 53443
@calls 0 53444
@calls 0 53445
@calls 0 53446
@calls 0 53447
@calls 0 53448
@calls 0 53449
@calls 0 53450
@calls 0 53451
@calls 0 53452
@calls 0 53453
@calls 0 53454
@calls 0 53455
@calls 0 53456
@calls 0 53457
@calls 0 53458
@calls 0 53459
@calls 0 53460
@calls 0 53461
@calls 0 53462
@calls 0 53463
@calls 0 53464
@calls 0 53465
@calls 0 53466
@calls 0 53467
@calls 0 53468
@calls 0 53469
@calls 0 53470
@calls 0 53471
@calls 0 53472
@calls 0 53473
@calls 0 53474
@calls 0 53475
@calls 0 53476
@calls 0 53477
@calls 0 53478
@calls 0 53479
@calls 0 53480
@calls 0 53481
@calls 0 53482
@calls 0 53483
@calls 0 53484
@calls 0 53485
@calls 0 53486
@calls 0 53487
@calls 0 53488
@calls 0 53489
@calls 0 53490
@calls 0 53491
@calls 0 53492
@calls 0 53493
@calls 0 53494
@calls 0 53495
@calls 0 53496
@calls 0 53497
@calls 0 53498
@calls 0 53499
@calls 0 53500
@calls 0 53501
@calls 0 53502
@calls 0 53503
@calls 0 53504
@calls 0 53505
@calls 0 53506
@calls 0 53507
@calls 0 53508
@calls 0 53509
@calls 0 53510
@calls 0 53511
@calls 0 53512
@calls 0 53513
@calls 0 53514
@calls 0 53515
@calls 0 53516
@calls 0 53517
@calls 0 53518
@calls 0 53519
@calls 0 53520
@calls 0 53521
@calls 0 53522
@calls 0 53523
@calls 0 53524
@calls 0 53525
@calls 0 53526
@calls 0 53527
@calls 0 53528
@calls 0 53529
@calls 0 53530
@calls 0 53531
@calls 0 53532
@calls 0 53533
@calls 0 53534
@calls 0 53535
@calls 0 53536
@calls 0 53537
@calls 0 53538
@calls 0 53539
@calls 0 53540
@calls 0 53541
@calls 0 53542
@calls 0 53543
@calls 0 53544
@calls 0 53545
@calls 0 53546
@calls 0 53547
@calls 0 53548
@calls 0 53549
@calls 0 53550
@calls 0 53551
@calls 0 53552
@calls 0 53553
@calls 0 53554
@calls 0 53555
@calls 0 53556
@calls 0 53557
@calls 0 53558
@calls 0 53559
@calls 0 53560
@calls 0 53561
@calls 0 53562
@calls 0 53563
@calls 0 53564
@calls 0 53565
@calls 0 53566
@calls 0 53567
@calls 0 53568
@calls 0 53569
@calls 0 53570
@calls 0 53571
@calls 0 53572
@calls 0 53573
@calls 0 53574
@calls 0 53575
@calls 0 53576
@calls 0 53577
@calls 0 53578
@calls 0 53579
@calls 0 53580
@calls 0 53581
@calls 0 53582
@calls 0 53583
@calls 0 53584
@calls 0 53585
@calls 0 53586
@calls 0 53587
@calls 0 53588
@calls 0 53589
@calls 0 53590
@calls 0 53591
@calls 0 53592
@calls 0 53593
@calls 0 53594
@calls 0 53595
@calls 0 53596
@calls 0 53597
@calls 0 53598
@calls 0 53599
@calls 0 53600
@calls 0 53601
@calls 0 53602
@calls 0 53603
@calls 0 53604
@calls 0 53605
@calls 0 53606
@calls 0 53607
@calls 0 53608
@calls 0 53609
@calls 0 53610
@calls 0 53611
@calls 0 53612
@calls 0 53613
@calls 0 53614
@calls 0 53615
@calls 0 53616
@calls 0 53617
@calls 0 53618
@calls 0 53619
@calls 0 53620
@calls 0 53621
@calls 0 53622
@calls 0 53623
@calls 0 53624
@calls 0 53625
@calls 0 53626
@calls 0 53627
@calls 0 53628
@calls 0 53629
@calls 0 53630
@calls 0 53631
@calls 0 53632
@calls 0 53633
@calls 0 53634
@calls 0 53635
@calls 0 53636
@calls 0 53637
@calls 0 53638
@calls 0 53639
@calls 0 53640
@calls 0 53641
@calls 0 53642
@calls 0 53643
@calls 0 53644
@calls 0 53645
@calls 0 53646
@calls 0 53647
@calls 0 53648
@calls 0 53649
@calls 0 53650
@calls 0 53651
@calls 0 53652
@calls 0 53653
@calls 0 53654
@calls 0 53655
@calls 0 53656
@calls 0 53657
@calls 0 53658
@calls 0 53659
@calls 0 53660
@calls 0 53661
@calls 0 53662
@calls 0 53663
@calls 0 53664
@calls 0 53665
@calls 0 53666
@calls 0 53667
@calls 0 53668
@calls 0 53669
@calls 0 53670
@calls 0 53671
@calls 0 53672
@calls 0 53673
@calls 0 53674
@calls 0 53675
@calls 0 53676
@calls 0 53677
@calls 0 53678
@calls 0 53679
@calls 0 53680
@calls 0 53681
@calls 0 53682
@calls 0 53683
@calls 0 53684
@calls 0 53685
@calls 0 53686
@calls 0 53687
@calls 0 53688
@calls 0 53689
@calls 0 53690
@calls 0 53691
@calls 0 53692
@calls 0 53693
@calls 0 53694
@calls 0 53695
@calls 0 53696
@calls 0 53697
@calls 0 53698
@calls 0 53699
@calls 0 53700
@calls 0 53701
@calls 0 53702
@calls 0 53703
@calls 0 53704
@calls 0 53705
@calls 0 53706
@calls 0 53707
@calls 0 53708
@calls 0 53709
@calls 0 53710
@calls 0 53711
@calls 0 53712
@calls 0 53713
@calls 0 53714
@calls 0 53715
@calls 0 53716
@calls 0 53717
@calls 0 53718
@calls 0 53719
@calls 0 53720
@calls 0 53721
@calls 0 53722
@calls 0 53723
@calls 0 53724
@calls 0 53725
@calls 0 53726
@calls 0 53727
@calls 0 53728
@calls 0 53729
@calls 0 53730
@calls 0 53731
@calls 0 53732
@calls 0 53733
@calls 0 53734
@calls 0 53735
@calls 0 53736
@calls 0 53737
@calls 0 53738
@calls 0 53739
@calls 0 53740
@calls 0 53741
@calls 0 53742
@calls 0 53743
@calls 0 53744
@calls 0 53745
@calls 0 53746
@calls 0 53747
@calls 0 53748
@calls 0 53749
@calls 0 53750
@calls 0 53751
@calls 0 53752
@calls 0 53753
@calls 0 53754
@calls 0 53755
@calls 0 53756
@calls 0 53757
@calls 0 53758
@calls 0 53759
@calls 0 53760
@calls 0 53761
@calls 0 53762
@calls 0 53763
@calls 0 53764
@calls 0 53765
@calls 0 53766
@calls 0 53767
@calls 0 53768
@calls 0 53769
@calls 0 53770
@calls 0 53771
@calls 0 53772
@calls 0 53773
@calls 0 53774
@calls 0 53775
@calls 0 53776
@calls 0 53777
@calls 0 53778
@calls 0 53779
@calls 0 53780
@calls 0 53781
@calls 0 53782
@calls 0 53783
@calls 0 53784
@calls 0 53785
@calls 0 53786
@calls 0 53787
@calls 0 53788
@calls 0 53789
@calls 0 53790
@calls 0 53791
@calls 0 53792
@calls 0 53793
@calls 0 53794
@calls 0 53795
@calls 0 53796
@calls 0 53797
@calls 0 53798
@calls 0 53799
@calls 0 53800
@calls 0 53801
@calls 0 53802
@calls 0 53803
@calls 0 53804
@calls 0 53805
@calls 0 53806
@calls 0 53807
@calls 0 53808
@calls 0 53809
@calls 0 53810
@calls 0 53811
@calls 0 53812
@calls 0 53813
@calls 0 53814
@calls 0 53815
@calls 0 53816
@calls 0 53817
@calls 0 53818
@calls 0 53819
@calls 0 53820
@calls 0 53821
@calls 0 53822
@calls 0 53823
@calls 0 53824
@calls 0 53825
@calls 0 53826
@calls 0 53827
@calls 0 53828
@calls 0 53829
@calls 0 53830
@calls 0 53831
@calls 0 53832
@calls 0 53833
@calls 0 53834
@calls 0 53835
@calls 0 53836
@calls 0 53837
@calls 0 53838
@calls 0 53839
@calls 0 53840
@calls 0 53841
@calls 0 53842
@calls 0 53843
@calls 0 53844
@calls 0 53845
@calls 0 53846
@calls 0 53847
@calls 0 53848
@calls 0 53849
@calls 0 53850
@calls 0 53851
@calls 0 53852
@calls 0 53853
@calls 0 53854
@calls 0 53855
@calls 0 53856
@calls 0 53857
@calls 0 53858
@calls 0 53859
@calls 0 53860
@calls 0 53861
@calls 0 53862
@calls 0 53863
@calls 0 53864
@calls 0 53865
@calls 0 53866
@calls 0 53867
@calls 0 53868
@calls 0 53869
@calls 0 53870
@calls 0 53871
@calls 0 53872
@calls 0 53873
@calls 0 53874
@calls 0 53875
@calls 0 53876
@calls 0 53877
@calls 0 53878
@calls 0 53879
@calls 0 53880
@calls 0 53881
@calls 0 53882
@calls 0 53883
@calls 0 53884
@calls 0 53885
@calls 0 53886
@calls 0 53887
@calls 0 53888
@calls 0 53889
@calls 0 53890
@calls 0 53891
@calls 0 53892
@calls 0 53893
@calls 0 53894
@calls 0 53895
@calls 0 53896
@calls 0 53897
@calls 0 53898
@calls 0 53899
@calls 0 53900
@calls 0 53901
@calls 0 53902
@calls 0 53903
@calls 0 53904
@calls 0 53905
@calls 0 53906
@calls 0 53907
@calls 0 53908
@calls 0 53909
@calls 0 53910
@calls 0 53911
@calls 0 53912
@calls 0 53913
@calls 0 53914
@calls 0 53915
@calls 0 53916
@calls 0 53917
@calls 0 53918
@calls 0 53919
@calls 0 53920
@calls 0 53921
@calls 0 53922
@calls 0 53923
@calls 0 53924
@calls 0 53925
@calls 0 53926
@calls 0 53927
@calls 0 53928
@calls 0 53929
@calls 0 53930
@calls 0 53931
@calls 0 53932
@calls 0 53933
@calls 0 53934
@calls 0 53935
@calls 0 53936
@calls 0 53937
@calls 0 53938
@calls 0 53939
@calls 0 53940
@calls 0 53941
@calls 0 53942
@calls 0 53943
@calls 0 53944
@calls 0 53945
@calls 0 53946
@calls 0 53947
@calls 0 53948
@calls 0 53949
@calls 0 53950
@calls 0 53951
@calls 0 53952
@calls 0 53953
@calls 0 53954
@calls 0 53955
@calls 0 53956
@calls 0 53957
@calls 0 53958
@calls 0 53959
@calls 0 53960
@calls 0 53961
@calls 0 53962
@calls 0 53963
@calls 0 53964
@calls 0 53965
@calls 0 53966
@calls 0 53967
@calls 0 53968
@calls 0 53969
@calls 0 53970
@calls 0 53971
@calls 0 53972
@calls 0 53973
@calls 0 53974
@calls 0 53975
@calls 0 53976
@calls 0 53977
@calls 0 53978
@calls 0 53979
@calls 0 53980
@calls 0 53981
@calls 0 53982
@calls 0 53983
@calls 0 53984
@calls 0 53985
@calls 0 53986
@calls 0 53987
@calls 0 53988
@calls 0 53989
@calls 0 53990
@calls 0 53991
@calls 0 53992
@calls 0 53993
@calls 0 53994
@calls 0 53995
@calls 0 53996
@calls 0 53997
@calls 0 53998
@calls 0 53999
@calls 0 54000
@calls 0 54001
@calls 0 54002
@calls 0 54003
@calls 0 54004
@calls 0 54005
@calls 0 54006
@calls 0 54007
@calls 0 54008
@calls 0 54009
@calls 0 54010
@calls 0 54011
@calls 0 54012
@calls 0 54013
@calls 0 54014
@calls 0 54015
@calls 0 54016
@calls 0 54017
@calls 0 54018
@calls 0 54019
@calls 0 54020
@calls 0 54021
@calls 0 54022
@calls 0 54023
@calls 0 54024
@calls 0 54025
@calls 0 54026
@calls 0 54027
@calls 0 54028
@calls 0 54029
@calls 0 54030
@calls 0 54031
@calls 0 54032
@calls 0 54033
@calls 0 54034
@calls 0 54035
@calls 0 54036
@calls 0 54037
@calls 0 54038
@calls 0 54039
@calls 0 54040
@calls 0 54041
@calls 0 54042
@calls 0 54043
@calls 0 54044
@calls 0 54045
@calls 0 54046
@calls 0 54047
@calls 0 54048
@calls 0 54049
@calls 0 54050
@calls 0 54051
@calls 0 54052
@calls 0 54053
@calls 0 54054
@calls 0 54055
@calls 0 54056
@calls 0 54057
@calls 0 54058
@calls 0 54059
@calls 0 54060
@calls 0 54061
@calls 0 54062
@calls 0 54063
@calls 0 54064
@calls 0 54065
@calls 0 54066
@calls 0 54067
@calls 0 54068
@calls 0 54069
@calls 0 54070
@calls 0 54071
@calls 0 54072
@calls 0 54073
@calls 0 54074
@calls 0 54075
@calls 0 54076
@calls 0 54077
@calls 0 54078
@calls 0 54079
@calls 0 54080
@calls 0 54081
@calls 0 54082
@calls 0 54083
@calls 0 54084
@calls 0 54085
@calls 0 54086
@calls 0 54087
@calls 0 54088
@calls 0 54089
@calls 0 54090
@calls 0 54091
@calls 0 54092
@calls 0 54093
@calls 0 54094
@calls 0 54095
@calls 0 54096
@calls 0 54097
@calls 0 54098
@calls 0 54099
@calls 0 54100
@calls 0 54101
@calls 0 54102
@calls 0 54103
@calls 0 54104
@calls 0 54105
@calls 0 54106
@calls 0 54107
@calls 0 54108
@calls 0 54109
@calls 0 54110
@calls 0 54111
@calls 0 54112
@calls 0 54113
@calls 0 54114
@calls 0 54115
@calls 0 54116
@calls 0 54117
@calls 0 54118
@calls 0 54119
@calls 0 54120
@calls 0 54121
@calls 0 54122
@calls 0 54123
@calls 0 54124
@calls 0 54125
@calls 0 54126
@calls 0 54127
@calls 0 54128
@calls 0 54129
@calls 0 54130
@calls 0 54131
@calls 0 54132
@calls 0 54133
@calls 0 54134
@calls 0 54135
@calls 0 54136
@calls 0 54137
@calls 0 54138
@calls 0 54139
@calls 0 54140
@calls 0 54141
@calls 0 54142
@calls 0 54143
@calls 0 54144
@calls 0 54145
@calls 0 54146
@calls 0 54147
@calls 0 54148
@calls 0 54149
@calls 0 54150
@calls 0 54151
@calls 0 54152
@calls 0 54153
@calls 0 54154
@calls 0 54155
@calls 0 54156
@calls 0 54157
@calls 0 54158
@calls 0 54159
@calls 0 54160
@calls 0 54161
@calls 0 54162
@calls 0 54163
@calls 0 54164
@calls 0 54165
@calls 0 54166
@calls 0 54167
@calls 0 54168
@calls 0 54169
@calls 0 54170
@calls 0 54171
@calls 0 54172
@calls 0 54173
@calls 0 54174
@calls 0 54175
@calls 0 54176
@calls 0 54177
@calls 0 54178
@calls 0 54179
@calls 0 54180
@calls 0 54181
@calls 0 54182
@calls 0 54183
@calls 0 54184
@calls 0 54185
@calls 0 54186
@calls 0 54187
@calls 0 54188
@calls 0 54189
@calls 0 54190
@calls 0 54191
@calls 0 54192
@calls 0 54193
@calls 0 54194
@calls 0 54195
@calls 0 54196
@calls 0 54197
@calls 0 54198
@calls 0 54199
@calls 0 54200
@calls 0 54201
@calls 0 54202
@calls 0 54203
@calls 0 54204
@calls 0 54205
@calls 0 54206
@calls 0 54207
@calls 0 54208
@calls 0 54209
@calls 0 54210
@calls 0 54211
@calls 0 54212
@calls 0 54213
@calls 0 54214
@calls 0 54215
@calls 0 54216
@calls 0 54217
@calls 0 54218
@calls 0 54219
@calls 0 54220
@calls 0 54221
@calls 0 54222
@calls 0 54223
@calls 0 54224
@calls 0 54225
@calls 0 54226
@calls 0 54227
@calls 0 54228
@calls 0 54229
@calls 0 54230
@calls 0 54231
@calls 0 54232
@calls 0 54233
@calls 0 54234
@calls 0 54235
@calls 0 54236
@calls 0 54237
@calls 0 54238
@calls 0 54239
@calls 0 54240
@calls 0 54241
@calls 0 54242
@calls 0 54243
@calls 0 54244
@calls 0 54245
@calls 0 54246
@calls 0 54247
@calls 0 54248
@calls 0 54249
@calls 0 54250
@calls 0 54251
@calls 0 54252
@calls 0 54253
@calls 0 54254
@calls 0 54255
@calls 0 54256
@calls 0 54257
@calls 0 54258
@calls 0 54259
@calls 0 54260
@calls 0 54261
@calls 0 54262
@calls 0 54263
@calls 0 54264
@calls 0 54265
@calls 0 54266
@calls 0 54267
@calls 0 54268
@calls 0 54269
@calls 0 54270
@calls 0 54271
@calls 0 54272
@calls 0 54273
@calls 0 54274
@calls 0 54275
@calls 0 54276
@calls 0 54277
@calls 0 54278
@calls 0 54279
@calls 0 54280
@calls 0 54281
@calls 0 54282
@calls 0 54283
@calls 0 54284
@calls 0 54285
@calls 0 54286
@calls 0 54287
@calls 0 54288
@calls 0 54289
@calls 0 54290
@calls 0 54291
@calls 0 54292
@calls 0 54293
@calls 0 54294
@calls 0 54295
@calls 0 54296
@calls 0 54297
@calls 0 54298
@calls 0 54299
@calls 0 54300
@calls 0 54301
@calls 0 54302
@calls 0 54303
@calls 0 54304
@calls 0 54305
@calls 0 54306
@calls 0 54307
@calls 0 54308
@calls 0 54309
@calls 0 54310
@calls 0 54311
@calls 0 54312
@calls 0 54313
@calls 0 54314
@calls 0 54315
@calls 0 54316
@calls 0 54317
@calls 0 54318
@calls 0 54319
@calls 0 54320
@calls 0 54321
@calls 0 54322
@calls 0 54323
@calls 0 54324
@calls 0 54325
@calls 0 54326
@calls 0 54327
@calls 0 54328
@calls 0 54329
@calls 0 54330
@calls 0 54331
@calls 0 54332
@calls 0 54333
@calls 0 54334
@calls 0 54335
@calls 0 54336
@calls 0 54337
@calls 0 54338
@calls 0 54339
@calls 0 54340
@calls 0 54341
@calls 0 54342
@calls 0 54343
@calls 0 54344
@calls 0 54345
@calls 0 54346
@calls 0 54347
@calls 0 54348
@calls 0 54349
@calls 0 54350
@calls 0 54351
@calls 0 54352
@calls 0 54353
@calls 0 54354
@calls 0 54355
@calls 0 54356
@calls 0 54357
@calls 0 54358
@calls 0 54359
@calls 0 54360
@calls 0 54361
@calls 0 54362
@calls 0 54363
@calls 0 54364
@calls 0 54365
@calls 0 54366
@calls 0 54367
@calls 0 54368
@calls 0 54369
@calls 0 54370
@calls 0 54371
@calls 0 54372
@calls 0 54373
@calls 0 54374
@calls 0 54375
@calls 0 54376
@calls 0 54377
@calls 0 54378
@calls 0 54379
@calls 0 54380
@calls 0 54381
@calls 0 54382
@calls 0 54383
@calls 0 54384
@calls 0 54385
@calls 0 54386
@calls 0 54387
@calls 0 54388
@calls 0 54389
@calls 0 54390
@calls 0 54391
@calls 0 54392
@calls 0 54393
@calls 0 54394
@calls 0 54395
@calls 0 54396
@calls 0 54397
@calls 0 54398
@calls 0 54399
@calls 0 54400
@calls 0 54401
@calls 0 54402
@calls 0 54403
@calls 0 54404
@calls 0 54405
@calls 0 54406
@calls 0 54407
@calls 0 54408
@calls 0 54409
@calls 0 54410
@calls 0 54411
@calls 0 54412
@calls 0 54413
@calls 0 54414
@calls 0 54415
@calls 0 54416
@calls 0 54417
@calls 0 54418
@calls 0 54419
@calls 0 54420
@calls 0 54421
@calls 0 54422
@calls 0 54423
@calls 0 54424
@calls 0 54425
@calls 0 54426
@calls 0 54427
@calls 0 54428
@calls 0 54429
@calls 0 54430
@calls 0 54431
@calls 0 54432
@calls 0 54433
@calls 0 54434
@calls 0 54435
@calls 0 54436
@calls 0 54437
@calls 0 54438
@calls 0 54439
@calls 0 54440
@calls 0 54441
@calls 0 54442
@calls 0 54443
@calls 0 54444
@calls 0 54445
@calls 0 54446
@calls 0 54447
@calls 0 54448
@calls 0 54449
@calls 0 54450
@calls 0 54451
@calls 0 54452
@calls 0 54453
@calls 0 54454
@calls 0 54455
@calls 0 54456
@calls 0 54457
@calls 0 54458
@calls 0 54459
@calls 0 54460
@calls 0 54461
@calls 0 54462
@calls 0 54463
@calls 0 54464
@calls 0 54465
@calls 0 54466
@calls 0 54467
@calls 0 54468
@calls 0 54469
@calls 0 54470
@calls 0 54471
@calls 0 54472
@calls 0 54473
@calls 0 54474
@calls 0 54475
@calls 0 54476
@calls 0 54477
@calls 0 54478
@calls 0 54479
@calls 0 54480
@calls 0 54481
@calls 0 54482
@calls 0 54483
@calls 0 54484
@calls 0 54485
@calls 0 54486
@calls 0 54487
@calls 0 54488
@calls 0 54489
@calls 0 54490
@calls 0 54491
@calls 0 54492
@calls 0 54493
@calls 0 54494
@calls 0 54495
@calls 0 54496
@calls 0 54497
@calls 0 54498
@calls 0 54499
@calls 0 54500
@calls 0 54501
@calls 0 54502
@calls 0 54503
@calls 0 54504
@calls 0 54505
@calls 0 54506
@calls 0 54507
@calls 0 54508
@calls 0 54509
@calls 0 54510
@calls 0 54511
@calls 0 54512
@calls 0 54513
@calls 0 54514
@calls 0 54515
@calls 0 54516
@calls 0 54517
@calls 0 54518
@calls 0 54519
@calls 0 54520
@calls 0 54521
@calls 0 54522
@calls 0 54523
@calls 0 54524
@calls 0 54525
@calls 0 54526
@calls 0 54527
@calls 0 54528
@calls 0 54529
@calls 0 54530
@calls 0 54531
@calls 0 54532
@calls 0 54533
@calls 0 54534
@calls 0 54535
@calls 0 54536
@calls 0 54537
@calls 0 54538
@calls 0 54539
@calls 0 54540
@calls 0 54541
@calls 0 54542
@calls 0 54543
@calls 0 54544
@calls 0 54545
@calls 0 54546
@calls 0 54547
@calls 0 54548
@calls 0 54549
@calls 0 54550
@calls 0 54551
@calls 0 54552
@calls 0 54553
@calls 0 54554
@calls 0 54555
@calls 0 54556
@calls 0 54557
@calls 0 54558
@calls 0 54559
@calls 0 54560
@calls 0 54561
@calls 0 54562
@calls 0 54563
@calls 0 54564
@calls 0 54565
@calls 0 54566
@calls 0 54567
@calls 0 54568
@calls 0 54569
@calls 0 54570
@calls 0 54571
@calls 0 54572
@calls 0 54573
@calls 0 54574
@calls 0 54575
@calls 0 54576
@calls 0 54577
@calls 0 54578
@calls 0 54579
@calls 0 54580
@calls 0 54581
@calls 0 54582
@calls 0 54583
@calls 0 54584
@calls 0 54585
@calls 0 54586
@calls 0 54587
@calls 0 54588
@calls 0 54589
@calls 0 54590
@calls 0 54591
@calls 0 54592
@calls 0 54593
@calls 0 54594
@calls 0 54595
@calls 0 54596
@calls 0 54597
@calls 0 54598
@calls 0 54599
@calls 0 54600
@calls 0 54601
@calls 0 54602
@calls 0 54603
@calls 0 54604
@calls 0 54605
@calls 0 54606
@calls 0 54607
@calls 0 54608
@calls 0 54609
@calls 0 54610
@calls 0 54611
@calls 0 54612
@calls 0 54613
@calls 0 54614
@calls 0 54615
@calls 0 54616
@calls 0 54617
@calls 0 54618
@calls 0 54619
@calls 0 54620
@calls 0 54621
@calls 0 54622
@calls 0 54623
@calls 0 54624
@calls 0 54625
@calls 0 54626
@calls 0 54627
@calls 0 54628
@calls 0 54629
@calls 0 54630
@calls 0 54631
@calls 0 54632
@calls 0 54633
@calls 0 54634
@calls 0 54635
@calls 0 54636
@calls 0 54637
@calls 0 54638
@calls 0 54639
@calls 0 54640
@calls 0 54641
@calls 0 54642
@calls 0 54643
@calls 0 54644
@calls 0 54645
@calls 0 54646
@calls 0 54647
@calls 0 54648
@calls 0 54649
@calls 0 54650
@calls 0 54651
@calls 0 54652
@calls 0 54653
@calls 0 54654
@calls 0 54655
@calls 0 54656
@calls 0 54657
@calls 0 54658
@calls 0 54659
@calls 0 54660
@calls 0 54661
@calls 0 54662
@calls 0 54663
@calls 0 54664
@calls 0 54665
@calls 0 54666
@calls 0 54667
@calls 0 54668
@calls 0 54669
@calls 0 54670
@calls 0 54671
@calls 0 54672
@calls 0 54673
@calls 0 54674
@calls 0 54675
@calls 0 54676
@calls 0 54677
@calls 0 54678
@calls 0 54679
@calls 0 54680
@calls 0 54681
@calls 0 54682
@calls 0 54683
@calls 0 54684
@calls 0 54685
@calls 0 54686
@calls 0 54687
@calls 0 54688
@calls 0 54689
@calls 0 54690
@calls 0 54691
@calls 0 54692
@calls 0 54693
@calls 0 54694
@calls 0 54695
@calls 0 54696
@calls 0 54697
@calls 0 54698
@calls 0 54699
@calls 0 54700
@calls 0 54701
@calls 0 54702
@calls 0 54703
@calls 0 54704
@calls 0 54705
@calls 0 54706
@calls 0 54707
@calls 0 54708
@calls 0 54709
@calls 0 54710
@calls 0 54711
@calls 0 54712
@calls 0 54713
@calls 0 54714
@calls 0 54715
@calls 0 54716
@calls 0 54717
@calls 0 54718
@calls 0 54719
@calls 0 54720
@calls 0 54721
@calls 0 54722
@calls 0 54723
@calls 0 54724
@calls 0 54725
@calls 0 54726
@calls 0 54727
@calls 0 54728
@calls 0 54729
@calls 0 54730
@calls 0 54731
@calls 0 54732
@calls 0 54733
@calls 0 54734
@calls 0 54735
@calls 0 54736
@calls 0 54737
@calls 0 54738
@calls 0 54739
@calls 0 54740
@calls 0 54741
@calls 0 54742
@calls 0 54743
@calls 0 54744
@calls 0 54745
@calls 0 54746
@calls 0 54747
@calls 0 54748
@calls 0 54749
@calls 0 54750
@calls 0 54751
@calls 0 54752
@calls 0 54753
@calls 0 54754
@calls 0 54755
@calls 0 54756
@calls 0 54757
@calls 0 54758
@calls 0 54759
@calls 0 54760
@calls 0 54761
@calls 0 54762
@calls 0 54763
@calls 0 54764
@calls 0 54765
@calls 0 54766
@calls 0 54767
@calls 0 54768
@calls 0 54769
@calls 0 54770
@calls 0 54771
@calls 0 54772
@calls 0 54773
@calls 0 54774
@calls 0 54775
@calls 0 54776
@calls 0 54777
@calls 0 54778
@calls 0 54779
@calls 0 54780
@calls 0 54781
@calls 0 54782
@calls 0 54783
@calls 0 54784
@calls 0 54785
@calls 0 54786
@calls 0 54787
@calls 0 54788
@calls 0 54789
@calls 0 54790
@calls 0 54791
@calls 0 54792
@calls 0 54793
@calls 0 54794
@calls 0 54795
@calls 0 54796
@calls 0 54797
@calls 0 54798
@calls 0 54799
@calls 0 54800
@calls 0 54801
@calls 0 54802
@calls 0 54803
@calls 0 54804
@calls 0 54805
@calls 0 54806
@calls 0 54807
@calls 0 54808
@calls 0 54809
@calls 0 54810
@calls 0 54811
@calls 0 54812
@calls 0 54813
@calls 0 54814
@calls 0 54815
@calls 0 54816
@calls 0 54817
@calls 0 54818
@calls 0 54819
@calls 0 54820
@calls 0 54821
@calls 0 54822
@calls 0 54823
@calls 0 54824
@calls 0 54825
@calls 0 54826
@calls 0 54827
@calls 0 54828
@calls 0 54829
@calls 0 54830
@calls 0 54831
@calls 0 54832
@calls 0 54833
@calls 0 54834
@calls 0 54835
@calls 0 54836
@calls 0 54837
@calls 0 54838
@calls 0 54839
@calls 0 54840
@calls 0 54841
@calls 0 54842
@calls 0 54843
@calls 0 54844
@calls 0 54845
@calls 0 54846
@calls 0 54847
@calls 0 54848
@calls 0 54849
@calls 0 54850
@calls 0 54851
@calls 0 54852
@calls 0 54853
@calls 0 54854
@calls 0 54855
@calls 0 54856
@calls 0 54857
@calls 0 54858
@calls 0 54859
@calls 0 54860
@calls 0 54861
@calls 0 54862
@calls 0 54863
@calls 0 54864
@calls 0 54865
@calls 0 54866
@calls 0 54867
@calls 0 54868
@calls 0 54869
@calls 0 54870
@calls 0 54871
@calls 0 54872
@calls 0 54873
@calls 0 54874
@calls 0 54875
@calls 0 54876
@calls 0 54877
@calls 0 54878
@calls 0 54879
@calls 0 54880
@calls 0 54881
@calls 0 54882
@calls 0 54883
@calls 0 54884
@calls 0 54885
@calls 0 54886
@calls 0 54887
@calls 0 54888
@calls 0 54889
@calls 0 54890
@calls 0 54891
@calls 0 54892
@calls 0 54893
@calls 0 54894
@calls 0 54895
@calls 0 54896
@calls 0 54897
@calls 0 54898
@calls 0 54899
@calls 0 54900
@calls 0 54901
@calls 0 54902
@calls 0 54903
@calls 0 54904
@calls 0 54905
@calls 0 54906
@calls 0 54907
@calls 0 54908
@calls 0 54909
@calls 0 54910
@calls 0 54911
@calls 0 54912
@calls 0 54913
@calls 0 54914
@calls 0 54915
@calls 0 54916
@calls 0 54917
@calls 0 54918
@calls 0 54919
@calls 0 54920
@calls 0 54921
@calls 0 54922
@calls 0 54923
@calls 0 54924
@calls 0 54925
@calls 0 54926
@calls 0 54927
@calls 0 54928
@calls 0 54929
@calls 0 54930
@calls 0 54931
@calls 0 54932
@calls 0 54933
@calls 0 54934
@calls 0 54935
@calls 0 54936
@calls 0 54937
@calls 0 54938
@calls 0 54939
@calls 0 54940
@calls 0 54941
@calls 0 54942
@calls 0 54943
@calls 0 54944
@calls 0 54945
@calls 0 54946
@calls 0 54947
@calls 0 54948
@calls 0 54949
@calls 0 54950
@calls 0 54951
@calls 0 54952
@calls 0 54953
@calls 0 54954
@calls 0 54955
@calls 0 54956
@calls 0 54957
@calls 0 54958
@calls 0 54959
@calls 0 54960
@calls 0 54961
@calls 0 54962
@calls 0 54963
@calls 0 54964
@calls 0 54965
@calls 0 54966
@calls 0 54967
@calls 0 54968
@calls 0 54969
@calls 0 54970
@calls 0 54971
@calls 0 54972
@calls 0 54973
@calls 0 54974
@calls 0 54975
@calls 0 54976
@calls 0 54977
@calls 0 54978
@calls 0 54979
@calls 0 54980
@calls 0 54981
@calls 0 54982
@calls 0 54983
@calls 0 54984
@calls 0 54985
@calls 0 54986
@calls 0 54987
@calls 0 54988
@calls 0 54989
@calls 0 54990
@calls 0 54991
@calls 0 54992
@calls 0 54993
@calls 0 54994
@calls 0 54995
@calls 0 54996
@calls 0 54997
@calls 0 54998
@calls 0 54999
@calls 0 55000
@calls 0 55001
@calls 0 55002
@calls 0 55003
@calls 0 55004
@calls 0 55005
@calls 0 55006
@calls 0 55007
@calls 0 55008
@calls 0 55009
@calls 0 55010
@calls 0 55011
@calls 0 55012
@calls 0 55013
@calls 0 55014
@calls 0 55015
@calls 0 55016
@calls 0 55017
@calls 0 55018
@calls 0 55019
@calls 0 55020
@calls 0 55021
@calls 0 55022
@calls 0 55023
@calls 0 55024
@calls 0 55025
@calls 0 55026
@calls 0 55027
@calls 0 55028
@calls 0 55029
@calls 0 55030
@calls 0 55031
@calls 0 55032
@calls 0 55033
@calls 0 55034
@calls 0 55035
@calls 0 55036
@calls 0 55037
@calls 0 55038
@calls 0 55039
@calls 0 55040
@calls 0 55041
@calls 0 55042
@calls 0 55043
@calls 0 55044
@calls 0 55045
@calls 0 55046
@calls 0 55047
@calls 0 55048
@calls 0 55049
@calls 0 55050
@calls 0 55051
@calls 0 55052
@calls 0 55053
@calls 0 55054
@calls 0 55055
@calls 0 55056
@calls 0 55057
@calls 0 55058
@calls 0 55059
@calls 0 55060
@calls 0 55061
@calls 0 55062
@calls 0 55063
@calls 0 55064
@calls 0 55065
@calls 0 55066
@calls 0 55067
@calls 0 55068
@calls 0 55069
@calls 0 55070
@calls 0 55071
@calls 0 55072
@calls 0 55073
@calls 0 55074
@calls 0 55075
@calls 0 55076
@calls 0 55077
@calls 0 55078
@calls 0 55079
@calls 0 55080
@calls 0 55081
@calls 0 55082
@calls 0 55083
@calls 0 55084
@calls 0 55085
@calls 0 55086
@calls 0 55087
@calls 0 55088
@calls 0 55089
@calls 0 55090
@calls 0 55091
@calls 0 55092
@calls 0 55093
@calls 0 55094
@calls 0 55095
@calls 0 55096
@calls 0 55097
@calls 0 55098
@calls 0 55099
@calls 0 55100
@calls 0 55101
@calls 0 55102
@calls 0 55103
@calls 0 55104
@calls 0 55105
@calls 0 55106
@calls 0 55107
@calls 0 55108
@calls 0 55109
@calls 0 55110
@calls 0 55111
@calls 0 55112
@calls 0 55113
@calls 0 55114
@calls 0 55115
@calls 0 55116
@calls 0 55117
@calls 0 55118
@calls 0 55119
@calls 0 55120
@calls 0 55121
@calls 0 55122
@calls 0 55123
@calls 0 55124
@calls 0 55125
@calls 0 55126
@calls 0 55127
@calls 0 55128
@calls 0 55129
@calls 0 55130
@calls 0 55131
@calls 0 55132
@calls 0 55133
@calls 0 55134
@calls 0 55135
@calls 0 55136
@calls 0 55137
@calls 0 55138
@calls 0 55139
@calls 0 55140
@calls 0 55141
@calls 0 55142
@calls 0 55143
@calls 0 55144
@calls 0 55145
@calls 0 55146
@calls 0 55147
@calls 0 55148
@calls 0 55149
@calls 0 55150
@calls 0 55151
@calls 0 55152
@calls 0 55153
@calls 0 55154
@calls 0 55155
@calls 0 55156
@calls 0 55157
@calls 0 55158
@calls 0 55159
@calls 0 55160
@calls 0 55161
@calls 0 55162
@calls 0 55163
@calls 0 55164
@calls 0 55165
@calls 0 55166
@calls 0 55167
@calls 0 55168
@calls 0 55169
@calls 0 55170
@calls 0 55171
@calls 0 55172
@calls 0 55173
@calls 0 55174
@calls 0 55175
@calls 0 55176
@calls 0 55177
@calls 0 55178
@calls 0 55179
@calls 0 55180
@calls 0 55181
@calls 0 55182
@calls 0 55183
@calls 0 55184
@calls 0 55185
@calls 0 55186
@calls 0 55187
@calls 0 55188
@calls 0 55189
@calls 0 55190
@calls 0 55191
@calls 0 55192
@calls 0 55193
@calls 0 55194
@calls 0 55195
@calls 0 55196
@calls 0 55197
@calls 0 55198
@calls 0 55199
@calls 0 55200
@calls 0 55201
@calls 0 55202
@calls 0 55203
@calls 0 55204
@calls 0 55205
@calls 0 55206
@calls 0 55207
@calls 0 55208
@calls 0 55209
@calls 0 55210
@calls 0 55211
@calls 0 55212
@calls 0 55213
@calls 0 55214
@calls 0 55215
@calls 0 55216
@calls 0 55217
@calls 0 55218
@calls 0 55219
@calls 0 55220
@calls 0 55221
@calls 0 55222
@calls 0 55223
@calls 0 55224
@calls 0 55225
@calls 0 55226
@calls 0 55227
@calls 0 55228
@calls 0 55229
@calls 0 55230
@calls 0 55231
@calls 0 55232
@calls 0 55233
@calls 0 55234
@calls 0 55235
@calls 0 55236
@calls 0 55237
@calls 0 55238
@calls 0 55239
@calls 0 55240
@calls 0 55241
@calls 0 55242
@calls 0 55243
@calls 0 55244
@calls 0 55245
@calls 0 55246
@calls 0 55247
@calls 0 55248
@calls 0 55249
@calls 0 55250
@calls 0 55251
@calls 0 55252
@calls 0 55253
@calls 0 55254
@calls 0 55255
@calls 0 55256
@calls 0 55257
@calls 0 55258
@calls 0 55259
@calls 0 55260
@calls 0 55261
@calls 0 55262
@calls 0 55263
@calls 0 55264
@calls 0 55265
@calls 0 55266
@calls 0 55267
@calls 0 55268
@calls 0 55269
@calls 0 55270
@calls 0 55271
@calls 0 55272
@calls 0 55273
@calls 0 55274
@calls 0 55275
@calls 0 55276
@calls 0 55277
@calls 0 55278
@calls 0 55279
@calls 0 55280
@calls 0 55281
@calls 0 55282
@calls 0 55283
@calls 0 55284
@calls 0 55285
@calls 0 55286
@calls 0 55287
@calls 0 55288
@calls 0 55289
@calls 0 55290
@calls 0 55291
@calls 0 55292
@calls 0 55293
@calls 0 55294
@calls 0 55295
@calls 0 55296
@calls 0 55297
@calls 0 55298
@calls 0 55299
@calls 0 55300
@calls 0 55301
@calls 0 55302
@calls 0 55303
@calls 0 55304
@calls 0 55305
@calls 0 55306
@calls 0 55307
@calls 0 55308
@calls 0 55309
@calls 0 55310
@calls 0 55311
@calls 0 55312
@calls 0 55313
@calls 0 55314
@calls 0 55315
@calls 0 55316
@calls 0 55317
@calls 0 55318
@calls 0 55319
@calls 0 55320
@calls 0 55321
@calls 0 55322
@calls 0 55323
@calls 0 55324
@calls 0 55325
@calls 0 55326
@calls 0 55327
@calls 0 55328
@calls 0 55329
@calls 0 55330
@calls 0 55331
@calls 0 55332
@calls 0 55333
@calls 0 55334
@calls 0 55335
@calls 0 55336
@calls 0 55337
@calls 0 55338
@calls 0 55339
@calls 0 55340
@calls 0 55341
@calls 0 55342
@calls 0 55343
@calls 0 55344
@calls 0 55345
@calls 0 55346
@calls 0 55347
@calls 0 55348
@calls 0 55349
@calls 0 55350
@calls 0 55351
@calls 0 55352
@calls 0 55353
@calls 0 55354
@calls 0 55355
@calls 0 55356
@calls 0 55357
@calls 0 55358
@calls 0 55359
@calls 0 55360
@calls 0 55361
@calls 0 55362
@calls 0 55363
@calls 0 55364
@calls 0 55365
@calls 0 55366
@calls 0 55367
@calls 0 55368
@calls 0 55369
@calls 0 55370
@calls 0 55371
@calls 0 55372
@calls 0 55373
@calls 0 55374
@calls 0 55375
@calls 0 55376
@calls 0 55377
@calls 0 55378
@calls 0 55379
@calls 0 55380
@calls 0 55381
@calls 0 55382
@calls 0 55383
@calls 0 55384
@calls 0 55385
@calls 0 55386
@calls 0 55387
@calls 0 55388
@calls 0 55389
@calls 0 55390
@calls 0 55391
@calls 0 55392
@calls 0 55393
@calls 0 55394
@calls 0 55395
@calls 0 55396
@calls 0 55397
@calls 0 55398
@calls 0 55399
@calls 0 55400
@calls 0 55401
@calls 0 55402
@calls 0 55403
@calls 0 55404
@calls 0 55405
@calls 0 55406
@calls 0 55407
@calls 0 55408
@calls 0 55409
@calls 0 55410
@calls 0 55411
@calls 0 55412
@calls 0 55413
@calls 0 55414
@calls 0 55415
@calls 0 55416
@calls 0 55417
@calls 0 55418
@calls 0 55419
@calls 0 55420
@calls 0 55421
@calls 0 55422
@calls 0 55423
@calls 0 55424
@calls 0 55425
@calls 0 55426
@calls 0 55427
@calls 0 55428
@calls 0 55429
@calls 0 55430
@calls 0 55431
@calls 0 55432
@calls 0 55433
@calls 0 55434
@calls 0 55435
@calls 0 55436
@calls 0 55437
@calls 0 55438
@calls 0 55439
@calls 0 55440
@calls 0 55441
@calls 0 55442
@calls 0 55443
@calls 0 55444
@calls 0 55445
@calls 0 55446
@calls 0 55447
@calls 0 55448
@calls 0 55449
@calls 0 55450
@calls 0 55451
@calls 0 55452
@calls 0 55453
@calls 0 55454
@calls 0 55455
@calls 0 55456
@calls 0 55457
@calls 0 55458
@calls 0 55459
@calls 0 55460
@calls 0 55461
@calls 0 55462
@calls 0 55463
@calls 0 55464
@calls 0 55465
@calls 0 55466
@calls 0 55467
@calls 0 55468
@calls 0 55469
@calls 0 55470
@calls 0 55471
@calls 0 55472
@calls 0 55473
@calls 0 55474
@calls 0 55475
@calls 0 55476
@calls 0 55477
@calls 0 55478
@calls 0 55479
@calls 0 55480
@calls 0 55481
@calls 0 55482
@calls 0 55483
@calls 0 55484
@calls 0 55485
@calls 0 55486
@calls 0 55487
@calls 0 55488
@calls 0 55489
@calls 0 55490
@calls 0 55491
@calls 0 55492
@calls 0 55493
@calls 0 55494
@calls 0 55495
@calls 0 55496
@calls 0 55497
@calls 0 55498
@calls 0 55499
@calls 0 55500
@calls 0 55501
@calls 0 55502
@calls 0 55503
@calls 0 55504
@calls 0 55505
@calls 0 55506
@calls 0 55507
@calls 0 55508
@calls 0 55509
@calls 0 55510
@calls 0 55511
@calls 0 55512
@calls 0 55513
@calls 0 55514
@calls 0 55515
@calls 0 55516
@calls 0 55517
@calls 0 55518
@calls 0 55519
@calls 0 55520
@calls 0 55521
@calls 0 55522
@calls 0 55523
@calls 0 55524
@calls 0 55525
@calls 0 55526
@calls 0 55527
@calls 0 55528
@calls 0 55529
@calls 0 55530
@calls 0 55531
@calls 0 55532
@calls 0 55533
@calls 0 55534
@calls 0 55535
@calls 0 55536
@calls 0 55537
@calls 0 55538
@calls 0 55539
@calls 0 55540
@calls 0 55541
@calls 0 55542
@calls 0 55543
@calls 0 55544
@calls 0 55545
@calls 0 55546
@calls 0 55547
@calls 0 55548
@calls 0 55549
@calls 0 55550
@calls 0 55551
@calls 0 55552
@calls 0 55553
@calls 0 55554
@calls 0 55555
@calls 0 55556
@calls 0 55557
@calls 0 55558
@calls 0 55559
@calls 0 55560
@calls 0 55561
@calls 0 55562
@calls 0 55563
@calls 0 55564
@calls 0 55565
@calls 0 55566
@calls 0 55567
@calls 0 55568
@calls 0 55569
@calls 0 55570
@calls 0 55571
@calls 0 55572
@calls 0 55573
@calls 0 55574
@calls 0 55575
@calls 0 55576
@calls 0 55577
@calls 0 55578
@calls 0 55579
@calls 0 55580
@calls 0 55581
@calls 0 55582
@calls 0 55583
@calls 0 55584
@calls 0 55585
@calls 0 55586
@calls 0 55587
@calls 0 55588
@calls 0 55589
@calls 0 55590
@calls 0 55591
@calls 0 55592
@calls 0 55593
@calls 0 55594
@calls 0 55595
@calls 0 55596
@calls 0 55597
@calls 0 55598
@calls 0 55599
@calls 0 55600
@calls 0 55601
@calls 0 55602
@calls 0 55603
@calls 0 55604
@calls 0 55605
@calls 0 55606
@calls 0 55607
@calls 0 55608
@calls 0 55609
@calls 0 55610
@calls 0 55611
@calls 0 55612
@calls 0 55613
@calls 0 55614
@calls 0 55615
@calls 0 55616
@calls 0 55617
@calls 0 55618
@calls 0 55619
@calls 0 55620
@calls 0 55621
@calls 0 55622
@calls 0 55623
@calls 0 55624
@calls 0 55625
@calls 0 55626
@calls 0 55627
@calls 0 55628
@calls 0 55629
@calls 0 55630
@calls 0 55631
@calls 0 55632
@calls 0 55633
@calls 0 55634
@calls 0 55635
@calls 0 55636
@calls 0 55637
@calls 0 55638
@calls 0 55639
@calls 0 55640
@calls 0 55641
@calls 0 55642
@calls 0 55643
@calls 0 55644
@calls 0 55645
@calls 0 55646
@calls 0 55647
@calls 0 55648
@calls 0 55649
@calls 0 55650
@calls 0 55651
@calls 0 55652
@calls 0 55653
@calls 0 55654
@calls 0 55655
@calls 0 55656
@calls 0 55657
@calls 0 55658
@calls 0 55659
@calls 0 55660
@calls 0 55661
@calls 0 55662
@calls 0 55663
@calls 0 55664
@calls 0 55665
@calls 0 55666
@calls 0 55667
@calls 0 55668
@calls 0 55669
@calls 0 55670
@calls 0 55671
@calls 0 55672
@calls 0 55673
@calls 0 55674
@calls 0 55675
@calls 0 55676
@calls 0 55677
@calls 0 55678
@calls 0 55679
@calls 0 55680
@calls 0 55681
@calls 0 55682
@calls 0 55683
@calls 0 55684
@calls 0 55685
@calls 0 55686
@calls 0 55687
@calls 0 55688
@calls 0 55689
@calls 0 55690
@calls 0 55691
@calls 0 55692
@calls 0 55693
@calls 0 55694
@calls 0 55695
@calls 0 55696
@calls 0 55697
@calls 0 55698
@calls 0 55699
@calls 0 55700
@calls 0 55701
@calls 0 55702
@calls 0 55703
@calls 0 55704
@calls 0 55705
@calls 0 55706
@calls 0 55707
@calls 0 55708
@calls 0 55709
@calls 0 55710
@calls 0 55711
@calls 0 55712
@calls 0 55713
@calls 0 55714
@calls 0 55715
@calls 0 55716
@calls 0 55717
@calls 0 55718
@calls 0 55719
@calls 0 55720
@calls 0 55721
@calls 0 55722
@calls 0 55723
@calls 0 55724
@calls 0 55725
@calls 0 55726
@calls 0 55727
@calls 0 55728
@calls 0 55729
@calls 0 55730
@calls 0 55731
@calls 0 55732
@calls 0 55733
@calls 0 55734
@calls 0 55735
@calls 0 55736
@calls 0 55737
@calls 0 55738
@calls 0 55739
@calls 0 55740
@calls 0 55741
@calls 0 55742
@calls 0 55743
@calls 0 55744
@calls 0 55745
@calls 0 55746
@calls 0 55747
@calls 0 55748
@calls 0 55749
@calls 0 55750
@calls 0 55751
@calls 0 55752
@calls 0 55753
@calls 0 55754
@calls 0 55755
@calls 0 55756
@calls 0 55757
@calls 0 55758
@calls 0 55759
@calls 0 55760
@calls 0 55761
@calls 0 55762
@calls 0 55763
@calls 0 55764
@calls 0 55765
@calls 0 55766
@calls 0 55767
@calls 0 55768
@calls 0 55769
@calls 0 55770
@calls 0 55771
@calls 0 55772
@calls 0 55773
@calls 0 55774
@calls 0 55775
@calls 0 55776
@calls 0 55777
@calls 0 55778
@calls 0 55779
@calls 0 55780
@calls 0 55781
@calls 0 55782
@calls 0 55783
@calls 0 55784
@calls 0 55785
@calls 0 55786
@calls 0 55787
@calls 0 55788
@calls 0 55789
@calls 0 55790
@calls 0 55791
@calls 0 55792
@calls 0 55793
@calls 0 55794
@calls 0 55795
@calls 0 55796
@calls 0 55797
@calls 0 55798
@calls 0 55799
@calls 0 55800
@calls 0 55801
@calls 0 55802
@calls 0 55803
@calls 0 55804
@calls 0 55805
@calls 0 55806
@calls 0 55807
@calls 0 55808
@calls 0 55809
@calls 0 55810
@calls 0 55811
@calls 0 55812
@calls 0 55813
@calls 0 55814
@calls 0 55815
@calls 0 55816
@calls 0 55817
@calls 0 55818
@calls 0 55819
@calls 0 55820
@calls 0 55821
@calls 0 55822
@calls 0 55823
@calls 0 55824
@calls 0 55825
@calls 0 55826
@calls 0 55827
@calls 0 55828
@calls 0 55829
@calls 0 55830
@calls 0 55831
@calls 0 55832
@calls 0 55833
@calls 0 55834
@calls 0 55835
@calls 0 55836
@calls 0 55837
@calls 0 55838
@calls 0 55839
@calls 0 55840
@calls 0 55841
@calls 0 55842
@calls 0 55843
@calls 0 55844
@calls 0 55845
@calls 0 55846
@calls 0 55847
@calls 0 55848
@calls 0 55849
@calls 0 55850
@calls 0 55851
@calls 0 55852
@calls 0 55853
@calls 0 55854
@calls 0 55855
@calls 0 55856
@calls 0 55857
@calls 0 55858
@calls 0 55859
@calls 0 55860
@calls 0 55861
@calls 0 55862
@calls 0 55863
@calls 0 55864
@calls 0 55865
@calls 0 55866
@calls 0 55867
@calls 0 55868
@calls 0 55869
@calls 0 55870
@calls 0 55871
@calls 0 55872
@calls 0 55873
@calls 0 55874
@calls 0 55875
@calls 0 55876
@calls 0 55877
@calls 0 55878
@calls 0 55879
@calls 0 55880
@calls 0 55881
@calls 0 55882
@calls 0 55883
@calls 0 55884
@calls 0 55885
@calls 0 55886
@calls 0 55887
@calls 0 55888
@calls 0 55889
@calls 0 55890
@calls 0 55891
@calls 0 55892
@calls 0 55893
@calls 0 55894
@calls 0 55895
@calls 0 55896
@calls 0 55897
@calls 0 55898
@calls 0 55899
@calls 0 55900
@calls 0 55901
@calls 0 55902
@calls 0 55903
@calls 0 55904
@calls 0 55905
@calls 0 55906
@calls 0 55907
@calls 0 55908
@calls 0 55909
@calls 0 55910
@calls 0 55911
@calls 0 55912
@calls 0 55913
@calls 0 55914
@calls 0 55915
@calls 0 55916
@calls 0 55917
@calls 0 55918
@calls 0 55919
@calls 0 55920
@calls 0 55921
@calls 0 55922
@calls 0 55923
@calls 0 55924
@calls 0 55925
@calls 0 55926
@calls 0 55927
@calls 0 55928
@calls 0 55929
@calls 0 55930
@calls 0 55931
@calls 0 55932
@calls 0 55933
@calls 0 55934
@calls 0 55935
@calls 0 55936
@calls 0 55937
@calls 0 55938
@calls 0 55939
@calls 0 55940
@calls 0 55941
@calls 0 55942
@calls 0 55943
@calls 0 55944
@calls 0 55945
@calls 0 55946
@calls 0 55947
@calls 0 55948
@calls 0 55949
@calls 0 55950
@calls 0 55951
@calls 0 55952
@calls 0 55953
@calls 0 55954
@calls 0 55955
@calls 0 55956
@calls 0 55957
@calls 0 55958
@calls 0 55959
@calls 0 55960
@calls 0 55961
@calls 0 55962
@calls 0 55963
@calls 0 55964
@calls 0 55965
@calls 0 55966
@calls 0 55967
@calls 0 55968
@calls 0 55969
@calls 0 55970
@calls 0 55971
@calls 0 55972
@calls 0 55973
@calls 0 55974
@calls 0 55975
@calls 0 55976
@calls 0 55977
@calls 0 55978
@calls 0 55979
@calls 0 55980
@calls 0 55981
@calls 0 55982
@calls 0 55983
@calls 0 55984
@calls 0 55985
@calls 0 55986
@calls 0 55987
@calls 0 55988
@calls 0 55989
@calls 0 55990
@calls 0 55991
@calls 0 55992
@calls 0 55993
@calls 0 55994
@calls 0 55995
@calls 0 55996
@calls 0 55997
@calls 0 55998
@calls 0 55999
@calls 0 56000
@calls 0 56001
@calls 0 56002
@calls 0 56003
@calls 0 56004
@calls 0 56005
@calls 0 56006
@calls 0 56007
@calls 0 56008
@calls 0 56009
@calls 0 56010
@calls 0 56011
@calls 0 56012
@calls 0 56013
@calls 0 56014
@calls 0 56015
@calls 0 56016
@calls 0 56017
@calls 0 56018
@calls 0 56019
@calls 0 56020
@calls 0 56021
@calls 0 56022
@calls 0 56023
@calls 0 56024
@calls 0 56025
@calls 0 56026
@calls 0 56027
@calls 0 56028
@calls 0 56029
@calls 0 56030
@calls 0 56031
@calls 0 56032
@calls 0 56033
@calls 0 56034
@calls 0 56035
@calls 0 56036
@calls 0 56037
@calls 0 56038
@calls 0 56039
@calls 0 56040
@calls 0 56041
@calls 0 56042
@calls 0 56043
@calls 0 56044
@calls 0 56045
@calls 0 56046
@calls 0 56047
@calls 0 56048
@calls 0 56049
@calls 0 56050
@calls 0 56051
@calls 0 56052
@calls 0 56053
@calls 0 56054
@calls 0 56055
@calls 0 56056
@calls 0 56057
@calls 0 56058
@calls 0 56059
@calls 0 56060
@calls 0 56061
@calls 0 56062
@calls 0 56063
@calls 0 56064
@calls 0 56065
@calls 0 56066
@calls 0 56067
@calls 0 56068
@calls 0 56069
@calls 0 56070
@calls 0 56071
@calls 0 56072
@calls 0 56073
@calls 0 56074
@calls 0 56075
@calls 0 56076
@calls 0 56077
@calls 0 56078
@calls 0 56079
@calls 0 56080
@calls 0 56081
@calls 0 56082
@calls 0 56083
@calls 0 56084
@calls 0 56085
@calls 0 56086
@calls 0 56087
@calls 0 56088
@calls 0 56089
@calls 0 56090
@calls 0 56091
@calls 0 56092
@calls 0 56093
@calls 0 56094
@calls 0 56095
@calls 0 56096
@calls 0 56097
@calls 0 56098
@calls 0 56099
@calls 0 56100
@calls 0 56101
@calls 0 56102
@calls 0 56103
@calls 0 56104
@calls 0 56105
@calls 0 56106
@calls 0 56107
@calls 0 56108
@calls 0 56109
@calls 0 56110
@calls 0 56111
@calls 0 56112
@calls 0 56113
@calls 0 56114
@calls 0 56115
@calls 0 56116
@calls 0 56117
@calls 0 56118
@calls 0 56119
@calls 0 56120
@calls 0 56121
@calls 0 56122
@calls 0 56123
@calls 0 56124
@calls 0 56125
@calls 0 56126
@calls 0 56127
@calls 0 56128
@calls 0 56129
@calls 0 56130
@calls 0 56131
@calls 0 56132
@calls 0 56133
@calls 0 56134
@calls 0 56135
@calls 0 56136
@calls 0 56137
@calls 0 56138
@calls 0 56139
@calls 0 56140
@calls 0 56141
@calls 0 56142
@calls 0 56143
@calls 0 56144
@calls 0 56145
@calls 0 56146
@calls 0 56147
@calls 0 56148
@calls 0 56149
@calls 0 56150
@calls 0 56151
@calls 0 56152
@calls 0 56153
@calls 0 56154
@calls 0 56155
@calls 0 56156
@calls 0 56157
@calls 0 56158
@calls 0 56159
@calls 0 56160
@calls 0 56161
@calls 0 56162
@calls 0 56163
@calls 0 56164
@calls 0 56165
@calls 0 56166
@calls 0 56167
@calls 0 56168
@calls 0 56169
@calls 0 56170
@calls 0 56171
@calls 0 56172
@calls 0 56173
@calls 0 56174
@calls 0 56175
@calls 0 56176
@calls 0 56177
@calls 0 56178
@calls 0 56179
@calls 0 56180
@calls 0 56181
@calls 0 56182
@calls 0 56183
@calls 0 56184
@calls 0 56185
@calls 0 56186
@calls 0 56187
@calls 0 56188
@calls 0 56189
@calls 0 56190
@calls 0 56191
@calls 0 56192
@calls 0 56193
@calls 0 56194
@calls 0 56195
@calls 0 56196
@calls 0 56197
@calls 0 56198
@calls 0 56199
@calls 0 56200
@calls 0 56201
@calls 0 56202
@calls 0 56203
@calls 0 56204
@calls 0 56205
@calls 0 56206
@calls 0 56207
@calls 0 56208
@calls 0 56209
@calls 0 56210
@calls 0 56211
@calls 0 56212
@calls 0 56213
@calls 0 56214
@calls 0 56215
@calls 0 56216
@calls 0 56217
@calls 0 56218
@calls 0 56219
@calls 0 56220
@calls 0 56221
@calls 0 56222
@calls 0 56223
@calls 0 56224
@calls 0 56225
@calls 0 56226
@calls 0 56227
@calls 0 56228
@calls 0 56229
@calls 0 56230
@calls 0 56231
@calls 0 56232
@calls 0 56233
@calls 0 56234
@calls 0 56235
@calls 0 56236
@calls 0 56237
@calls 0 56238
@calls 0 56239
@calls 0 56240
@calls 0 56241
@calls 0 56242
@calls 0 56243
@calls 0 56244
@calls 0 56245
@calls 0 56246
@calls 0 56247
@calls 0 56248
@calls 0 56249
@calls 0 56250
@calls 0 56251
@calls 0 56252
@calls 0 56253
@calls 0 56254
@calls 0 56255
@calls 0 56256
@calls 0 56257
@calls 0 56258
@calls 0 56259
@calls 0 56260
@calls 0 56261
@calls 0 56262
@calls 0 56263
@calls 0 56264
@calls 0 56265
@calls 0 56266
@calls 0 56267
@calls 0 56268
@calls 0 56269
@calls 0 56270
@calls 0 56271
@calls 0 56272
@calls 0 56273
@calls 0 56274
@calls 0 56275
@calls 0 56276
@calls 0 56277
@calls 0 56278
@calls 0 56279
@calls 0 56280
@calls 0 56281
@calls 0 56282
@calls 0 56283
@calls 0 56284
@calls 0 56285
@calls 0 56286
@calls 0 56287
@calls 0 56288
@calls 0 56289
@calls 0 56290
@calls 0 56291
@calls 0 56292
@calls 0 56293
@calls 0 56294
@calls 0 56295
@calls 0 56296
@calls 0 56297
@calls 0 56298
@calls 0 56299
@calls 0 56300
@calls 0 56301
@calls 0 56302
@calls 0 56303
@calls 0 56304
@calls 0 56305
@calls 0 56306
@calls 0 56307
@calls 0 56308
@calls 0 56309
@calls 0 56310
@calls 0 56311
@calls 0 56312
@calls 0 56313
@calls 0 56314
@calls 0 56315
@calls 0 56316
@calls 0 56317
@calls 0 56318
@calls 0 56319
@calls 0 56320
@calls 0 56321
@calls 0 56322
@calls 0 56323
@calls 0 56324
@calls 0 56325
@calls 0 56326
@calls 0 56327
@calls 0 56328
@calls 0 56329
@calls 0 56330
@calls 0 56331
@calls 0 56332
@calls 0 56333
@calls 0 56334
@calls 0 56335
@calls 0 56336
@calls 0 56337
@calls 0 56338
@calls 0 56339
@calls 0 56340
@calls 0 56341
@calls 0 56342
@calls 0 56343
@calls 0 56344
@calls 0 56345
@calls 0 56346
@calls 0 56347
@calls 0 56348
@calls 0 56349
@calls 0 56350
@calls 0 56351
@calls 0 56352
@calls 0 56353
@calls 0 56354
@calls 0 56355
@calls 0 56356
@calls 0 56357
@calls 0 56358
@calls 0 56359
@calls 0 56360
@calls 0 56361
@calls 0 56362
@calls 0 56363
@calls 0 56364
@calls 0 56365
@calls 0 56366
@calls 0 56367
@calls 0 56368
@calls 0 56369
@calls 0 56370
@calls 0 56371
@calls 0 56372
@calls 0 56373
@calls 0 56374
@calls 0 56375
@calls 0 56376
@calls 0 56377
@calls 0 56378
@calls 0 56379
@calls 0 56380
@calls 0 56381
@calls 0 56382
@calls 0 56383
@calls 0 56384
@calls 0 56385
@calls 0 56386
@calls 0 56387
@calls 0 56388
@calls 0 56389
@calls 0 56390
@calls 0 56391
@calls 0 56392
@calls 0 56393
@calls 0 56394
@calls 0 56395
@calls 0 56396
@calls 0 56397
@calls 0 56398
@calls 0 56399
@calls 0 56400
@calls 0 56401
@calls 0 56402
@calls 0 56403
@calls 0 56404
@calls 0 56405
@calls 0 56406
@calls 0 56407
@calls 0 56408
@calls 0 56409
@calls 0 56410
@calls 0 56411
@calls 0 56412
@calls 0 56413
@calls 0 56414
@calls 0 56415
@calls 0 56416
@calls 0 56417
@calls 0 56418
@calls 0 56419
@calls 0 56420
@calls 0 56421
@calls 0 56422
@calls 0 56423
@calls 0 56424
@calls 0 56425
@calls 0 56426
@calls 0 56427
@calls 0 56428
@calls 0 56429
@calls 0 56430
@calls 0 56431
@calls 0 56432
@calls 0 56433
@calls 0 56434
@calls 0 56435
@calls 0 56436
@calls 0 56437
@calls 0 56438
@calls 0 56439
@calls 0 56440
@calls 0 56441
@calls 0 56442
@calls 0 56443
@calls 0 56444
@calls 0 56445
@calls 0 56446
@calls 0 56447
@calls 0 56448
@calls 0 56449
@calls 0 56450
@calls 0 56451
@calls 0 56452
@calls 0 56453
@calls 0 56454
@calls 0 56455
@calls 0 56456
@calls 0 56457
@calls 0 56458
@calls 0 56459
@calls 0 56460
@calls 0 56461
@calls 0 56462
@calls 0 56463
@calls 0 56464
@calls 0 56465
@calls 0 56466
@calls 0 56467
@calls 0 56468
@calls 0 56469
@calls 0 56470
@calls 0 56471
@calls 0 56472
@calls 0 56473
@calls 0 56474
@calls 0 56475
@calls 0 56476
@calls 0 56477
@calls 0 56478
@calls 0 56479
@calls 0 56480
@calls 0 56481
@calls 0 56482
@calls 0 56483
@calls 0 56484
@calls 0 56485
@calls 0 56486
@calls 0 56487
@calls 0 56488
@calls 0 56489
@calls 0 56490
@calls 0 56491
@calls 0 56492
@calls 0 56493
@calls 0 56494
@calls 0 56495
@calls 0 56496
@calls 0 56497
@calls 0 56498
@calls 0 56499
@calls 0 56500
@calls 0 56501
@calls 0 56502
@calls 0 56503
@calls 0 56504
@calls 0 56505
@calls 0 56506
@calls 0 56507
@calls 0 56508
@calls 0 56509
@calls 0 56510
@calls 0 56511
@calls 0 56512
@calls 0 56513
@calls 0 56514
@calls 0 56515
@calls 0 56516
@calls 0 56517
@calls 0 56518
@calls 0 56519
@calls 0 56520
@calls 0 56521
@calls 0 56522
@calls 0 56523
@calls 0 56524
@calls 0 56525
@calls 0 56526
@calls 0 56527
@calls 0 56528
@calls 0 56529
@calls 0 56530
@calls 0 56531
@calls 0 56532
@calls 0 56533
@calls 0 56534
@calls 0 56535
@calls 0 56536
@calls 0 56537
@calls 0 56538
@calls 0 56539
@calls 0 56540
@calls 0 56541
@calls 0 56542
@calls 0 56543
@calls 0 56544
@calls 0 56545
@calls 0 56546
@calls 0 56547
@calls 0 56548
@calls 0 56549
@calls 0 56550
@calls 0 56551
@calls 0 56552
@calls 0 56553
@calls 0 56554
@calls 0 56555
@calls 0 56556
@calls 0 56557
@calls 0 56558
@calls 0 56559
@calls 0 56560
@calls 0 56561
@calls 0 56562
@calls 0 56563
@calls 0 56564
@calls 0 56565
@calls 0 56566
@calls 0 56567
@calls 0 56568
@calls 0 56569
@calls 0 56570
@calls 0 56571
@calls 0 56572
@calls 0 56573
@calls 0 56574
@calls 0 56575
@calls 0 56576
@calls 0 56577
@calls 0 56578
@calls 0 56579
@calls 0 56580
@calls 0 56581
@calls 0 56582
@calls 0 56583
@calls 0 56584
@calls 0 56585
@calls 0 56586
@calls 0 56587
@calls 0 56588
@calls 0 56589
@calls 0 56590
@calls 0 56591
@calls 0 56592
@calls 0 56593
@calls 0 56594
@calls 0 56595
@calls 0 56596
@calls 0 56597
@calls 0 56598
@calls 0 56599
@calls 0 56600
@calls 0 56601
@calls 0 56602
@calls 0 56603
@calls 0 56604
@calls 0 56605
@calls 0 56606
@calls 0 56607
@calls 0 56608
@calls 0 56609
@calls 0 56610
@calls 0 56611
@calls 0 56612
@calls 0 56613
@calls 0 56614
@calls 0 56615
@calls 0 56616
@calls 0 56617
@calls 0 56618
@calls 0 56619
@calls 0 56620
@calls 0 56621
@calls 0 56622
@calls 0 56623
@calls 0 56624
@calls 0 56625
@calls 0 56626
@calls 0 56627
@calls 0 56628
@calls 0 56629
@calls 0 56630
@calls 0 56631
@calls 0 56632
@calls 0 56633
@calls 0 56634
@calls 0 56635
@calls 0 56636
@calls 0 56637
@calls 0 56638
@calls 0 56639
@calls 0 56640
@calls 0 56641
@calls 0 56642
@calls 0 56643
@calls 0 56644
@calls 0 56645
@calls 0 56646
@calls 0 56647
@calls 0 56648
@calls 0 56649
@calls 0 56650
@calls 0 56651
@calls 0 56652
@calls 0 56653
@calls 0 56654
@calls 0 56655
@calls 0 56656
@calls 0 56657
@calls 0 56658
@calls 0 56659
@calls 0 56660
@calls 0 56661
@calls 0 56662
@calls 0 56663
@calls 0 56664
@calls 0 56665
@calls 0 56666
@calls 0 56667
@calls 0 56668
@calls 0 56669
@calls 0 56670
@calls 0 56671
@calls 0 56672
@calls 0 56673
@calls 0 56674
@calls 0 56675
@calls 0 56676
@calls 0 56677
@calls 0 56678
@calls 0 56679
@calls 0 56680
@calls 0 56681
@calls 0 56682
@calls 0 56683
@calls 0 56684
@calls 0 56685
@calls 0 56686
@calls 0 56687
@calls 0 56688
@calls 0 56689
@calls 0 56690
@calls 0 56691
@calls 0 56692
@calls 0 56693
@calls 0 56694
@calls 0 56695
@calls 0 56696
@calls 0 56697
@calls 0 56698
@calls 0 56699
@calls 0 56700
@calls 0 56701
@calls 0 56702
@calls 0 56703
@calls 0 56704
@calls 0 56705
@calls 0 56706
@calls 0 56707
@calls 0 56708
@calls 0 56709
@calls 0 56710
@calls 0 56711
@calls 0 56712
@calls 0 56713
@calls 0 56714
@calls 0 56715
@calls 0 56716
@calls 0 56717
@calls 0 56718
@calls 0 56719
@calls 0 56720
@calls 0 56721
@calls 0 56722
@calls 0 56723
@calls 0 56724
@calls 0 56725
@calls 0 56726
@calls 0 56727
@calls 0 56728
@calls 0 56729
@calls 0 56730
@calls 0 56731
@calls 0 56732
@calls 0 56733
@calls 0 56734
@calls 0 56735
@calls 0 56736
@calls 0 56737
@calls 0 56738
@calls 0 56739
@calls 0 56740
@calls 0 56741
@calls 0 56742
@calls 0 56743
@calls 0 56744
@calls 0 56745
@calls 0 56746
@calls 0 56747
@calls 0 56748
@calls 0 56749
@calls 0 56750
@calls 0 56751
@calls 0 56752
@calls 0 56753
@calls 0 56754
@calls 0 56755
@calls 0 56756
@calls 0 56757
@calls 0 56758
@calls 0 56759
@calls 0 56760
@calls 0 56761
@calls 0 56762
@calls 0 56763
@calls 0 56764
@calls 0 56765
@calls 0 56766
@calls 0 56767
@calls 0 56768
@calls 0 56769
@calls 0 56770
@calls 0 56771
@calls 0 56772
@calls 0 56773
@calls 0 56774
@calls 0 56775
@calls 0 56776
@calls 0 56777
@calls 0 56778
@calls 0 56779
@calls 0 56780
@calls 0 56781
@calls 0 56782
@calls 0 56783
@calls 0 56784
@calls 0 56785
@calls 0 56786
@calls 0 56787
@calls 0 56788
@calls 0 56789
@calls 0 56790
@calls 0 56791
@calls 0 56792
@calls 0 56793
@calls 0 56794
@calls 0 56795
@calls 0 56796
@calls 0 56797
@calls 0 56798
@calls 0 56799
@calls 0 56800
@calls 0 56801
@calls 0 56802
@calls 0 56803
@calls 0 56804
@calls 0 56805
@calls 0 56806
@calls 0 56807
@calls 0 56808
@calls 0 56809
@calls 0 56810
@calls 0 56811
@calls 0 56812
@calls 0 56813
@calls 0 56814
@calls 0 56815
@calls 0 56816
@calls 0 56817
@calls 0 56818
@calls 0 56819
@calls 0 56820
@calls 0 56821
@calls 0 56822
@calls 0 56823
@calls 0 56824
@calls 0 56825
@calls 0 56826
@calls 0 56827
@calls 0 56828
@calls 0 56829
@calls 0 56830
@calls 0 56831
@calls 0 56832
@calls 0 56833
@calls 0 56834
@calls 0 56835
@calls 0 56836
@calls 0 56837
@calls 0 56838
@calls 0 56839
@calls 0 56840
@calls 0 56841
@calls 0 56842
@calls 0 56843
@calls 0 56844
@calls 0 56845
@calls 0 56846
@calls 0 56847
@calls 0 56848
@calls 0 56849
@calls 0 56850
@calls 0 56851
@calls 0 56852
@calls 0 56853
@calls 0 56854
@calls 0 56855
@calls 0 56856
@calls 0 56857
@calls 0 56858
@calls 0 56859
@calls 0 56860
@calls 0 56861
@calls 0 56862
@calls 0 56863
@calls 0 56864
@calls 0 56865
@calls 0 56866
@calls 0 56867
@calls 0 56868
@calls 0 56869
@calls 0 56870
@calls 0 56871
@calls 0 56872
@calls 0 56873
@calls 0 56874
@calls 0 56875
@calls 0 56876
@calls 0 56877
@calls 0 56878
@calls 0 56879
@calls 0 56880
@calls 0 56881
@calls 0 56882
@calls 0 56883
@calls 0 56884
@calls 0 56885
@calls 0 56886
@calls 0 56887
@calls 0 56888
@calls 0 56889
@calls 0 56890
@calls 0 56891
@calls 0 56892
@calls 0 56893
@calls 0 56894
@calls 0 56895
@calls 0 56896
@calls 0 56897
@calls 0 56898
@calls 0 56899
@calls 0 56900
@calls 0 56901
@calls 0 56902
@calls 0 56903
@calls 0 56904
@calls 0 56905
@calls 0 56906
@calls 0 56907
@calls 0 56908
@calls 0 56909
@calls 0 56910
@calls 0 56911
@calls 0 56912
@calls 0 56913
@calls 0 56914
@calls 0 56915
@calls 0 56916
@calls 0 56917
@calls 0 56918
@calls 0 56919
@calls 0 56920
@calls 0 56921
@calls 0 56922
@calls 0 56923
@calls 0 56924
@calls 0 56925
@calls 0 56926
@calls 0 56927
@calls 0 56928
@calls 0 56929
@calls 0 56930
@calls 0 56931
@calls 0 56932
@calls 0 56933
@calls 0 56934
@calls 0 56935
@calls 0 56936
@calls 0 56937
@calls 0 56938
@calls 0 56939
@calls 0 56940
@calls 0 56941
@calls 0 56942
@calls 0 56943
@calls 0 56944
@calls 0 56945
@calls 0 56946
@calls 0 56947
@calls 0 56948
@calls 0 56949
@calls 0 56950
@calls 0 56951
@calls 0 56952
@calls 0 56953
@calls 0 56954
@calls 0 56955
@calls 0 56956
@calls 0 56957
@calls 0 56958
@calls 0 56959
@calls 0 56960
@calls 0 56961
@calls 0 56962
@calls 0 56963
@calls 0 56964
@calls 0 56965
@calls 0 56966
@calls 0 56967
@calls 0 56968
@calls 0 56969
@calls 0 56970
@calls 0 56971
@calls 0 56972
@calls 0 56973
@calls 0 56974
@calls 0 56975
@calls 0 56976
@calls 0 56977
@calls 0 56978
@calls 0 56979
@calls 0 56980
@calls 0 56981
@calls 0 56982
@calls 0 56983
@calls 0 56984
@calls 0 56985
@calls 0 56986
@calls 0 56987
@calls 0 56988
@calls 0 56989
@calls 0 56990
@calls 0 56991
@calls 0 56992
@calls 0 56993
@calls 0 56994
@calls 0 56995
@calls 0 56996
@calls 0 56997
@calls 0 56998
@calls 0 56999
@calls 0 57000
@calls 0 57001
@calls 0 57002
@calls 0 57003
@calls 0 57004
@calls 0 57005
@calls 0 57006
@calls 0 57007
@calls 0 57008
@calls 0 57009
@calls 0 57010
@calls 0 57011
@calls 0 57012
@calls 0 57013
@calls 0 57014
@calls 0 57015
@calls 0 57016
@calls 0 57017
@calls 0 57018
@calls 0 57019
@calls 0 57020
@calls 0 57021
@calls 0 57022
@calls 0 57023
@calls 0 57024
@calls 0 57025
@calls 0 57026
@calls 0 57027
@calls 0 57028
@calls 0 57029
@calls 0 57030
@calls 0 57031
@calls 0 57032
@calls 0 57033
@calls 0 57034
@calls 0 57035
@calls 0 57036
@calls 0 57037
@calls 0 57038
@calls 0 57039
@calls 0 57040
@calls 0 57041
@calls 0 57042
@calls 0 57043
@calls 0 57044
@calls 0 57045
@calls 0 57046
@calls 0 57047
@calls 0 57048
@calls 0 57049
@calls 0 57050
@calls 0 57051
@calls 0 57052
@calls 0 57053
@calls 0 57054
@calls 0 57055
@calls 0 57056
@calls 0 57057
@calls 0 57058
@calls 0 57059
@calls 0 57060
@calls 0 57061
@calls 0 57062
@calls 0 57063
@calls 0 57064
@calls 0 57065
@calls 0 57066
@calls 0 57067
@calls 0 57068
@calls 0 57069
@calls 0 57070
@calls 0 57071
@calls 0 57072
@calls 0 57073
@calls 0 57074
@calls 0 57075
@calls 0 57076
@calls 0 57077
@calls 0 57078
@calls 0 57079
@calls 0 57080
@calls 0 57081
@calls 0 57082
@calls 0 57083
@calls 0 57084
@calls 0 57085
@calls 0 57086
@calls 0 57087
@calls 0 57088
@calls 0 57089
@calls 0 57090
@calls 0 57091
@calls 0 57092
@calls 0 57093
@calls 0 57094
@calls 0 57095
@calls 0 57096
@calls 0 57097
@calls 0 57098
@calls 0 57099
@calls 0 57100
@calls 0 57101
@calls 0 57102
@calls 0 57103
@calls 0 57104
@calls 0 57105
@calls 0 57106
@calls 0 57107
@calls 0 57108
@calls 0 57109
@calls 0 57110
@calls 0 57111
@calls 0 57112
@calls 0 57113
@calls 0 57114
@calls 0 57115
@calls 0 57116
@calls 0 57117
@calls 0 57118
@calls 0 57119
@calls 0 57120
@calls 0 57121
@calls 0 57122
@calls 0 57123
@calls 0 57124
@calls 0 57125
@calls 0 57126
@calls 0 57127
@calls 0 57128
@calls 0 57129
@calls 0 57130
@calls 0 57131
@calls 0 57132
@calls 0 57133
@calls 0 57134
@calls 0 57135
@calls 0 57136
@calls 0 57137
@calls 0 57138
@calls 0 57139
@calls 0 57140
@calls 0 57141
@calls 0 57142
@calls 0 57143
@calls 0 57144
@calls 0 57145
@calls 0 57146
@calls 0 57147
@calls 0 57148
@calls 0 57149
@calls 0 57150
@calls 0 57151
@calls 0 57152
@calls 0 57153
@calls 0 57154
@calls 0 57155
@calls 0 57156
@calls 0 57157
@calls 0 57158
@calls 0 57159
@calls 0 57160
@calls 0 57161
@calls 0 57162
@calls 0 57163
@calls 0 57164
@calls 0 57165
@calls 0 57166
@calls 0 57167
@calls 0 57168
@calls 0 57169
@calls 0 57170
@calls 0 57171
@calls 0 57172
@calls 0 57173
@calls 0 57174
@calls 0 57175
@calls 0 57176
@calls 0 57177
@calls 0 57178
@calls 0 57179
@calls 0 57180
@calls 0 57181
@calls 0 57182
@calls 0 57183
@calls 0 57184
@calls 0 57185
@calls 0 57186
@calls 0 57187
@calls 0 57188
@calls 0 57189
@calls 0 57190
@calls 0 57191
@calls 0 57192
@calls 0 57193
@calls 0 57194
@calls 0 57195
@calls 0 57196
@calls 0 57197
@calls 0 57198
@calls 0 57199
@calls 0 57200
@calls 0 57201
@calls 0 57202
@calls 0 57203
@calls 0 57204
@calls 0 57205
@calls 0 57206
@calls 0 57207
@calls 0 57208
@calls 0 57209
@calls 0 57210
@calls 0 57211
@calls 0 57212
@calls 0 57213
@calls 0 57214
@calls 0 57215
@calls 0 57216
@calls 0 57217
@calls 0 57218
@calls 0 57219
@calls 0 57220
@calls 0 57221
@calls 0 57222
@calls 0 57223
@calls 0 57224
@calls 0 57225
@calls 0 57226
@calls 0 57227
@calls 0 57228
@calls 0 57229
@calls 0 57230
@calls 0 57231
@calls 0 57232
@calls 0 57233
@calls 0 57234
@calls 0 57235
@calls 0 57236
@calls 0 57237
@calls 0 57238
@calls 0 57239
@calls 0 57240
@calls 0 57241
@calls 0 57242
@calls 0 57243
@calls 0 57244
@calls 0 57245
@calls 0 57246
@calls 0 57247
@calls 0 57248
@calls 0 57249
@calls 0 57250
@calls 0 57251
@calls 0 57252
@calls 0 57253
@calls 0 57254
@calls 0 57255
@calls 0 57256
@calls 0 57257
@calls 0 57258
@calls 0 57259
@calls 0 57260
@calls 0 57261
@calls 0 57262
@calls 0 57263
@calls 0 57264
@calls 0 57265
@calls 0 57266
@calls 0 57267
@calls 0 57268
@calls 0 57269
@calls 0 57270
@calls 0 57271
@calls 0 57272
@calls 0 57273
@calls 0 57274
@calls 0 57275
@calls 0 57276
@calls 0 57277
@calls 0 57278
@calls 0 57279
@calls 0 57280
@calls 0 57281
@calls 0 57282
@calls 0 57283
@calls 0 57284
@calls 0 57285
@calls 0 57286
@calls 0 57287
@calls 0 57288
@calls 0 57289
@calls 0 57290
@calls 0 57291
@calls 0 57292
@calls 0 57293
@calls 0 57294
@calls 0 57295
@calls 0 57296
@calls 0 57297
@calls 0 57298
@calls 0 57299
@calls 0 57300
@calls 0 57301
@calls 0 57302
@calls 0 57303
@calls 0 57304
@calls 0 57305
@calls 0 57306
@calls 0 57307
@calls 0 57308
@calls 0 57309
@calls 0 57310
@calls 0 57311
@calls 0 57312
@calls 0 57313
@calls 0 57314
@calls 0 57315
@calls 0 57316
@calls 0 57317
@calls 0 57318
@calls 0 57319
@calls 0 57320
@calls 0 57321
@calls 0 57322
@calls 0 57323
@calls 0 57324
@calls 0 57325
@calls 0 57326
@calls 0 57327
@calls 0 57328
@calls 0 57329
@calls 0 57330
@calls 0 57331
@calls 0 57332
@calls 0 57333
@calls 0 57334
@calls 0 57335
@calls 0 57336
@calls 0 57337
@calls 0 57338
@calls 0 57339
@calls 0 57340
@calls 0 57341
@calls 0 57342
@calls 0 57343
@calls 0 57344
@calls 0 57345
@calls 0 57346
@calls 0 57347
@calls 0 57348
@calls 0 57349
@calls 0 57350
@calls 0 57351
@calls 0 57352
@calls 0 57353
@calls 0 57354
@calls 0 57355
@calls 0 57356
@calls 0 57357
@calls 0 57358
@calls 0 57359
@calls 0 57360
@calls 0 57361
@calls 0 57362
@calls 0 57363
@calls 0 57364
@calls 0 57365
@calls 0 57366
@calls 0 57367
@calls 0 57368
@calls 0 57369
@calls 0 57370
@calls 0 57371
@calls 0 57372
@calls 0 57373
@calls 0 57374
@calls 0 57375
@calls 0 57376
@calls 0 57377
@calls 0 57378
@calls 0 57379
@calls 0 57380
@calls 0 57381
@calls 0 57382
@calls 0 57383
@calls 0 57384
@calls 0 57385
@calls 0 57386
@calls 0 57387
@calls 0 57388
@calls 0 57389
@calls 0 57390
@calls 0 57391
@calls 0 57392
@calls 0 57393
@calls 0 57394
@calls 0 57395
@calls 0 57396
@calls 0 57397
@calls 0 57398
@calls 0 57399
@calls 0 57400
@calls 0 57401
@calls 0 57402
@calls 0 57403
@calls 0 57404
@calls 0 57405
@calls 0 57406
@calls 0 57407
@calls 0 57408
@calls 0 57409
@calls 0 57410
@calls 0 57411
@calls 0 57412
@calls 0 57413
@calls 0 57414
@calls 0 57415
@calls 0 57416
@calls 0 57417
@calls 0 57418
@calls 0 57419
@calls 0 57420
@calls 0 57421
@calls 0 57422
@calls 0 57423
@calls 0 57424
@calls 0 57425
@calls 0 57426
@calls 0 57427
@calls 0 57428
@calls 0 57429
@calls 0 57430
@calls 0 57431
@calls 0 57432
@calls 0 57433
@calls 0 57434
@calls 0 57435
@calls 0 57436
@calls 0 57437
@calls 0 57438
@calls 0 57439
@calls 0 57440
@calls 0 57441
@calls 0 57442
@calls 0 57443
@calls 0 57444
@calls 0 57445
@calls 0 57446
@calls 0 57447
@calls 0 57448
@calls 0 57449
@calls 0 57450
@calls 0 57451
@calls 0 57452
@calls 0 57453
@calls 0 57454
@calls 0 57455
@calls 0 57456
@calls 0 57457
@calls 0 57458
@calls 0 57459
@calls 0 57460
@calls 0 57461
@calls 0 57462
@calls 0 57463
@calls 0 57464
@calls 0 57465
@calls 0 57466
@calls 0 57467
@calls 0 57468
@calls 0 57469
@calls 0 57470
@calls 0 57471
@calls 0 57472
@calls 0 57473
@calls 0 57474
@calls 0 57475
@calls 0 57476
@calls 0 57477
@calls 0 57478
@calls 0 57479
@calls 0 57480
@calls 0 57481
@calls 0 57482
@calls 0 57483
@calls 0 57484
@calls 0 57485
@calls 0 57486
@calls 0 57487
@calls 0 57488
@calls 0 57489
@calls 0 57490
@calls 0 57491
@calls 0 57492
@calls 0 57493
@calls 0 57494
@calls 0 57495
@calls 0 57496
@calls 0 57497
@calls 0 57498
@calls 0 57499
@calls 0 57500
@calls 0 57501
@calls 0 57502
@calls 0 57503
@calls 0 57504
@calls 0 57505
@calls 0 57506
@calls 0 57507
@calls 0 57508
@calls 0 57509
@calls 0 57510
@calls 0 57511
@calls 0 57512
@calls 0 57513
@calls 0 57514
@calls 0 57515
@calls 0 57516
@calls 0 57517
@calls 0 57518
@calls 0 57519
@calls 0 57520
@calls 0 57521
@calls 0 57522
@calls 0 57523
@calls 0 57524
@calls 0 57525
@calls 0 57526
@calls 0 57527
@calls 0 57528
@calls 0 57529
@calls 0 57530
@calls 0 57531
@calls 0 57532
@calls 0 57533
@calls 0 57534
@calls 0 57535
@calls 0 57536
@calls 0 57537
@calls 0 57538
@calls 0 57539
@calls 0 57540
@calls 0 57541
@calls 0 57542
@calls 0 57543
@calls 0 57544
@calls 0 57545
@calls 0 57546
@calls 0 57547
@calls 0 57548
@calls 0 57549
@calls 0 57550
@calls 0 57551
@calls 0 57552
@calls 0 57553
@calls 0 57554
@calls 0 57555
@calls 0 57556
@calls 0 57557
@calls 0 57558
@calls 0 57559
@calls 0 57560
@calls 0 57561
@calls 0 57562
@calls 0 57563
@calls 0 57564
@calls 0 57565
@calls 0 57566
@calls 0 57567
@calls 0 57568
@calls 0 57569
@calls 0 57570
@calls 0 57571
@calls 0 57572
@calls 0 57573
@calls 0 57574
@calls 0 57575
@calls 0 57576
@calls 0 57577
@calls 0 57578
@calls 0 57579
@calls 0 57580
@calls 0 57581
@calls 0 57582
@calls 0 57583
@calls 0 57584
@calls 0 57585
@calls 0 57586
@calls 0 57587
@calls 0 57588
@calls 0 57589
@calls 0 57590
@calls 0 57591
@calls 0 57592
@calls 0 57593
@calls 0 57594
@calls 0 57595
@calls 0 57596
@calls 0 57597
@calls 0 57598
@calls 0 57599
@calls 0 57600
@calls 0 57601
@calls 0 57602
@calls 0 57603
@calls 0 57604
@calls 0 57605
@calls 0 57606
@calls 0 57607
@calls 0 57608
@calls 0 57609
@calls 0 57610
@calls 0 57611
@calls 0 57612
@calls 0 57613
@calls 0 57614
@calls 0 57615
@calls 0 57616
@calls 0 57617
@calls 0 57618
@calls 0 57619
@calls 0 57620
@calls 0 57621
@calls 0 57622
@calls 0 57623
@calls 0 57624
@calls 0 57625
@calls 0 57626
@calls 0 57627
@calls 0 57628
@calls 0 57629
@calls 0 57630
@calls 0 57631
@calls 0 57632
@calls 0 57633
@calls 0 57634
@calls 0 57635
@calls 0 57636
@calls 0 57637
@calls 0 57638
@calls 0 57639
@calls 0 57640
@calls 0 57641
@calls 0 57642
@calls 0 57643
@calls 0 57644
@calls 0 57645
@calls 0 57646
@calls 0 57647
@calls 0 57648
@calls 0 57649
@calls 0 57650
@calls 0 57651
@calls 0 57652
@calls 0 57653
@calls 0 57654
@calls 0 57655
@calls 0 57656
@calls 0 57657
@calls 0 57658
@calls 0 57659
@calls 0 57660
@calls 0 57661
@calls 0 57662
@calls 0 57663
@calls 0 57664
@calls 0 57665
@calls 0 57666
@calls 0 57667
@calls 0 57668
@calls 0 57669
@calls 0 57670
@calls 0 57671
@calls 0 57672
@calls 0 57673
@calls 0 57674
@calls 0 57675
@calls 0 57676
@calls 0 57677
@calls 0 57678
@calls 0 57679
@calls 0 57680
@calls 0 57681
@calls 0 57682
@calls 0 57683
@calls 0 57684
@calls 0 57685
@calls 0 57686
@calls 0 57687
@calls 0 57688
@calls 0 57689
@calls 0 57690
@calls 0 57691
@calls 0 57692
@calls 0 57693
@calls 0 57694
@calls 0 57695
@calls 0 57696
@calls 0 57697
@calls 0 57698
@calls 0 57699
@calls 0 57700
@calls 0 57701
@calls 0 57702
@calls 0 57703
@calls 0 57704
@calls 0 57705
@calls 0 57706
@calls 0 57707
@calls 0 57708
@calls 0 57709
@calls 0 57710
@calls 0 57711
@calls 0 57712
@calls 0 57713
@calls 0 57714
@calls 0 57715
@calls 0 57716
@calls 0 57717
@calls 0 57718
@calls 0 57719
@calls 0 57720
@calls 0 57721
@calls 0 57722
@calls 0 57723
@calls 0 57724
@calls 0 57725
@calls 0 57726
@calls 0 57727
@calls 0 57728
@calls 0 57729
@calls 0 57730
@calls 0 57731
@calls 0 57732
@calls 0 57733
@calls 0 57734
@calls 0 57735
@calls 0 57736
@calls 0 57737
@calls 0 57738
@calls 0 57739
@calls 0 57740
@calls 0 57741
@calls 0 57742
@calls 0 57743
@calls 0 57744
@calls 0 57745
@calls 0 57746
@calls 0 57747
@calls 0 57748
@calls 0 57749
@calls 0 57750
@calls 0 57751
@calls 0 57752
@calls 0 57753
@calls 0 57754
@calls 0 57755
@calls 0 57756
@calls 0 57757
@calls 0 57758
@calls 0 57759
@calls 0 57760
@calls 0 57761
@calls 0 57762
@calls 0 57763
@calls 0 57764
@calls 0 57765
@calls 0 57766
@calls 0 57767
@calls 0 57768
@calls 0 57769
@calls 0 57770
@calls 0 57771
@calls 0 57772
@calls 0 57773
@calls 0 57774
@calls 0 57775
@calls 0 57776
@calls 0 57777
@calls 0 57778
@calls 0 57779
@calls 0 57780
@calls 0 57781
@calls 0 57782
@calls 0 57783
@calls 0 57784
@calls 0 57785
@calls 0 57786
@calls 0 57787
@calls 0 57788
@calls 0 57789
@calls 0 57790
@calls 0 57791
@calls 0 57792
@calls 0 57793
@calls 0 57794
@calls 0 57795
@calls 0 57796
@calls 0 57797
@calls 0 57798
@calls 0 57799
@calls 0 57800
@calls 0 57801
@calls 0 57802
@calls 0 57803
@calls 0 57804
@calls 0 57805
@calls 0 57806
@calls 0 57807
@calls 0 57808
@calls 0 57809
@calls 0 57810
@calls 0 57811
@calls 0 57812
@calls 0 57813
@calls 0 57814
@calls 0 57815
@calls 0 57816
@calls 0 57817
@calls 0 57818
@calls 0 57819
@calls 0 57820
@calls 0 57821
@calls 0 57822
@calls 0 57823
@calls 0 57824
@calls 0 57825
@calls 0 57826
@calls 0 57827
@calls 0 57828
@calls 0 57829
@calls 0 57830
@calls 0 57831
@calls 0 57832
@calls 0 57833
@calls 0 57834
@calls 0 57835
@calls 0 57836
@calls 0 57837
@calls 0 57838
@calls 0 57839
@calls 0 57840
@calls 0 57841
@calls 0 57842
@calls 0 57843
@calls 0 57844
@calls 0 57845
@calls 0 57846
@calls 0 57847
@calls 0 57848
@calls 0 57849
@calls 0 57850
@calls 0 57851
@calls 0 57852
@calls 0 57853
@calls 0 57854
@calls 0 57855
@calls 0 57856
@calls 0 57857
@calls 0 57858
@calls 0 57859
@calls 0 57860
@calls 0 57861
@calls 0 57862
@calls 0 57863
@calls 0 57864
@calls 0 57865
@calls 0 57866
@calls 0 57867
@calls 0 57868
@calls 0 57869
@calls 0 57870
@calls 0 57871
@calls 0 57872
@calls 0 57873
@calls 0 57874
@calls 0 57875
@calls 0 57876
@calls 0 57877
@calls 0 57878
@calls 0 57879
@calls 0 57880
@calls 0 57881
@calls 0 57882
@calls 0 57883
@calls 0 57884
@calls 0 57885
@calls 0 57886
@calls 0 57887
@calls 0 57888
@calls 0 57889
@calls 0 57890
@calls 0 57891
@calls 0 57892
@calls 0 57893
@calls 0 57894
@calls 0 57895
@calls 0 57896
@calls 0 57897
@calls 0 57898
@calls 0 57899
@calls 0 57900
@calls 0 57901
@calls 0 57902
@calls 0 57903
@calls 0 57904
@calls 0 57905
@calls 0 57906
@calls 0 57907
@calls 0 57908
@calls 0 57909
@calls 0 57910
@calls 0 57911
@calls 0 57912
@calls 0 57913
@calls 0 57914
@calls 0 57915
@calls 0 57916
@calls 0 57917
@calls 0 57918
@calls 0 57919
@calls 0 57920
@calls 0 57921
@calls 0 57922
@calls 0 57923
@calls 0 57924
@calls 0 57925
@calls 0 57926
@calls 0 57927
@calls 0 57928
@calls 0 57929
@calls 0 57930
@calls 0 57931
@calls 0 57932
@calls 0 57933
@calls 0 57934
@calls 0 57935
@calls 0 57936
@calls 0 57937
@calls 0 57938
@calls 0 57939
@calls 0 57940
@calls 0 57941
@calls 0 57942
@calls 0 57943
@calls 0 57944
@calls 0 57945
@calls 0 57946
@calls 0 57947
@calls 0 57948
@calls 0 57949
@calls 0 57950
@calls 0 57951
@calls 0 57952
@calls 0 57953
@calls 0 57954
@calls 0 57955
@calls 0 57956
@calls 0 57957
@calls 0 57958
@calls 0 57959
@calls 0 57960
@calls 0 57961
@calls 0 57962
@calls 0 57963
@calls 0 57964
@calls 0 57965
@calls 0 57966
@calls 0 57967
@calls 0 57968
@calls 0 57969
@calls 0 57970
@calls 0 57971
@calls 0 57972
@calls 0 57973
@calls 0 57974
@calls 0 57975
@calls 0 57976
@calls 0 57977
@calls 0 57978
@calls 0 57979
@calls 0 57980
@calls 0 57981
@calls 0 57982
@calls 0 57983
@calls 0 57984
@calls 0 57985
@calls 0 57986
@calls 0 57987
@calls 0 57988
@calls 0 57989
@calls 0 57990
@calls 0 57991
@calls 0 57992
@calls 0 57993
@calls 0 57994
@calls 0 57995
@calls 0 57996
@calls 0 57997
@calls 0 57998
@calls 0 57999
@calls 0 58000
@calls 0 58001
@calls 0 58002
@calls 0 58003
@calls 0 58004
@calls 0 58005
@calls 0 58006
@calls 0 58007
@calls 0 58008
@calls 0 58009
@calls 0 58010
@calls 0 58011
@calls 0 58012
@calls 0 58013
@calls 0 58014
@calls 0 58015
@calls 0 58016
@calls 0 58017
@calls 0 58018
@calls 0 58019
@calls 0 58020
@calls 0 58021
@calls 0 58022
@calls 0 58023
@calls 0 58024
@calls 0 58025
@calls 0 58026
@calls 0 58027
@calls 0 58028
@calls 0 58029
@calls 0 58030
@calls 0 58031
@calls 0 58032
@calls 0 58033
@calls 0 58034
@calls 0 58035
@calls 0 58036
@calls 0 58037
@calls 0 58038
@calls 0 58039
@calls 0 58040
@calls 0 58041
@calls 0 58042
@calls 0 58043
@calls 0 58044
@calls 0 58045
@calls 0 58046
@calls 0 58047
@calls 0 58048
@calls 0 58049
@calls 0 58050
@calls 0 58051
@calls 0 58052
@calls 0 58053
@calls 0 58054
@calls 0 58055
@calls 0 58056
@calls 0 58057
@calls 0 58058
@calls 0 58059
@calls 0 58060
@calls 0 58061
@calls 0 58062
@calls 0 58063
@calls 0 58064
@calls 0 58065
@calls 0 58066
@calls 0 58067
@calls 0 58068
@calls 0 58069
@calls 0 58070
@calls 0 58071
@calls 0 58072
@calls 0 58073
@calls 0 58074
@calls 0 58075
@calls 0 58076
@calls 0 58077
@calls 0 58078
@calls 0 58079
@calls 0 58080
@calls 0 58081
@calls 0 58082
@calls 0 58083
@calls 0 58084
@calls 0 58085
@calls 0 58086
@calls 0 58087
@calls 0 58088
@calls 0 58089
@calls 0 58090
@calls 0 58091
@calls 0 58092
@calls 0 58093
@calls 0 58094
@calls 0 58095
@calls 0 58096
@calls 0 58097
@calls 0 58098
@calls 0 58099
@calls 0 58100
@calls 0 58101
@calls 0 58102
@calls 0 58103
@calls 0 58104
@calls 0 58105
@calls 0 58106
@calls 0 58107
@calls 0 58108
@calls 0 58109
@calls 0 58110
@calls 0 58111
@calls 0 58112
@calls 0 58113
@calls 0 58114
@calls 0 58115
@calls 0 58116
@calls 0 58117
@calls 0 58118
@calls 0 58119
@calls 0 58120
@calls 0 58121
@calls 0 58122
@calls 0 58123
@calls 0 58124
@calls 0 58125
@calls 0 58126
@calls 0 58127
@calls 0 58128
@calls 0 58129
@calls 0 58130
@calls 0 58131
@calls 0 58132
@calls 0 58133
@calls 0 58134
@calls 0 58135
@calls 0 58136
@calls 0 58137
@calls 0 58138
@calls 0 58139
@calls 0 58140
@calls 0 58141
@calls 0 58142
@calls 0 58143
@calls 0 58144
@calls 0 58145
@calls 0 58146
@calls 0 58147
@calls 0 58148
@calls 0 58149
@calls 0 58150
@calls 0 58151
@calls 0 58152
@calls 0 58153
@calls 0 58154
@calls 0 58155
@calls 0 58156
@calls 0 58157
@calls 0 58158
@calls 0 58159
@calls 0 58160
@calls 0 58161
@calls 0 58162
@calls 0 58163
@calls 0 58164
@calls 0 58165
@calls 0 58166
@calls 0 58167
@calls 0 58168
@calls 0 58169
@calls 0 58170
@calls 0 58171
@calls 0 58172
@calls 0 58173
@calls 0 58174
@calls 0 58175
@calls 0 58176
@calls 0 58177
@calls 0 58178
@calls 0 58179
@calls 0 58180
@calls 0 58181
@calls 0 58182
@calls 0 58183
@calls 0 58184
@calls 0 58185
@calls 0 58186
@calls 0 58187
@calls 0 58188
@calls 0 58189
@calls 0 58190
@calls 0 58191
@calls 0 58192
@calls 0 58193
@calls 0 58194
@calls 0 58195
@calls 0 58196
@calls 0 58197
@calls 0 58198
@calls 0 58199
@calls 0 58200
@calls 0 58201
@calls 0 58202
@calls 0 58203
@calls 0 58204
@calls 0 58205
@calls 0 58206
@calls 0 58207
@calls 0 58208
@calls 0 58209
@calls 0 58210
@calls 0 58211
@calls 0 58212
@calls 0 58213
@calls 0 58214
@calls 0 58215
@calls 0 58216
@calls 0 58217
@calls 0 58218
@calls 0 58219
@calls 0 58220
@calls 0 58221
@calls 0 58222
@calls 0 58223
@calls 0 58224
@calls 0 58225
@calls 0 58226
@calls 0 58227
@calls 0 58228
@calls 0 58229
@calls 0 58230
@calls 0 58231
@calls 0 58232
@calls 0 58233
@calls 0 58234
@calls 0 58235
@calls 0 58236
@calls 0 58237
@calls 0 58238
@calls 0 58239
@calls 0 58240
@calls 0 58241
@calls 0 58242
@calls 0 58243
@calls 0 58244
@calls 0 58245
@calls 0 58246
@calls 0 58247
@calls 0 58248
@calls 0 58249
@calls 0 58250
@calls 0 58251
@calls 0 58252
@calls 0 58253
@calls 0 58254
@calls 0 58255
@calls 0 58256
@calls 0 58257
@calls 0 58258
@calls 0 58259
@calls 0 58260
@calls 0 58261
@calls 0 58262
@calls 0 58263
@calls 0 58264
@calls 0 58265
@calls 0 58266
@calls 0 58267
@calls 0 58268
@calls 0 58269
@calls 0 58270
@calls 0 58271
@calls 0 58272
@calls 0 58273
@calls 0 58274
@calls 0 58275
@calls 0 58276
@calls 0 58277
@calls 0 58278
@calls 0 58279
@calls 0 58280
@calls 0 58281
@calls 0 58282
@calls 0 58283
@calls 0 58284
@calls 0 58285
@calls 0 58286
@calls 0 58287
@calls 0 58288
@calls 0 58289
@calls 0 58290
@calls 0 58291
@calls 0 58292
@calls 0 58293
@calls 0 58294
@calls 0 58295
@calls 0 58296
@calls 0 58297
@calls 0 58298
@calls 0 58299
@calls 0 58300
@calls 0 58301
@calls 0 58302
@calls 0 58303
@calls 0 58304
@calls 0 58305
@calls 0 58306
@calls 0 58307
@calls 0 58308
@calls 0 58309
@calls 0 58310
@calls 0 58311
@calls 0 58312
@calls 0 58313
@calls 0 58314
@calls 0 58315
@calls 0 58316
@calls 0 58317
@calls 0 58318
@calls 0 58319
@calls 0 58320
@calls 0 58321
@calls 0 58322
@calls 0 58323
@calls 0 58324
@calls 0 58325
@calls 0 58326
@calls 0 58327
@calls 0 58328
@calls 0 58329
@calls 0 58330
@calls 0 58331
@calls 0 58332
@calls 0 58333
@calls 0 58334
@calls 0 58335
@calls 0 58336
@calls 0 58337
@calls 0 58338
@calls 0 58339
@calls 0 58340
@calls 0 58341
@calls 0 58342
@calls 0 58343
@calls 0 58344
@calls 0 58345
@calls 0 58346
@calls 0 58347
@calls 0 58348
@calls 0 58349
@calls 0 58350
@calls 0 58351
@calls 0 58352
@calls 0 58353
@calls 0 58354
@calls 0 58355
@calls 0 58356
@calls 0 58357
@calls 0 58358
@calls 0 58359
@calls 0 58360
@calls 0 58361
@calls 0 58362
@calls 0 58363
@calls 0 58364
@calls 0 58365
@calls 0 58366
@calls 0 58367
@calls 0 58368
@calls 0 58369
@calls 0 58370
@calls 0 58371
@calls 0 58372
@calls 0 58373
@calls 0 58374
@calls 0 58375
@calls 0 58376
@calls 0 58377
@calls 0 58378
@calls 0 58379
@calls 0 58380
@calls 0 58381
@calls 0 58382
@calls 0 58383
@calls 0 58384
@calls 0 58385
@calls 0 58386
@calls 0 58387
@calls 0 58388
@calls 0 58389
@calls 0 58390
@calls 0 58391
@calls 0 58392
@calls 0 58393
@calls 0 58394
@calls 0 58395
@calls 0 58396
@calls 0 58397
@calls 0 58398
@calls 0 58399
@calls 0 58400
@calls 0 58401
@calls 0 58402
@calls 0 58403
@calls 0 58404
@calls 0 58405
@calls 0 58406
@calls 0 58407
@calls 0 58408
@calls 0 58409
@calls 0 58410
@calls 0 58411
@calls 0 58412
@calls 0 58413
@calls 0 58414
@calls 0 58415
@calls 0 58416
@calls 0 58417
@calls 0 58418
@calls 0 58419
@calls 0 58420
@calls 0 58421
@calls 0 58422
@calls 0 58423
@calls 0 58424
@calls 0 58425
@calls 0 58426
@calls 0 58427
@calls 0 58428
@calls 0 58429
@calls 0 58430
@calls 0 58431
@calls 0 58432
@calls 0 58433
@calls 0 58434
@calls 0 58435
@calls 0 58436
@calls 0 58437
@calls 0 58438
@calls 0 58439
@calls 0 58440
@calls 0 58441
@calls 0 58442
@calls 0 58443
@calls 0 58444
@calls 0 58445
@calls 0 58446
@calls 0 58447
@calls 0 58448
@calls 0 58449
@calls 0 58450
@calls 0 58451
@calls 0 58452
@calls 0 58453
@calls 0 58454
@calls 0 58455
@calls 0 58456
@calls 0 58457
@calls 0 58458
@calls 0 58459
@calls 0 58460
@calls 0 58461
@calls 0 58462
@calls 0 58463
@calls 0 58464
@calls 0 58465
@calls 0 58466
@calls 0 58467
@calls 0 58468
@calls 0 58469
@calls 0 58470
@calls 0 58471
@calls 0 58472
@calls 0 58473
@calls 0 58474
@calls 0 58475
@calls 0 58476
@calls 0 58477
@calls 0 58478
@calls 0 58479
@calls 0 58480
@calls 0 58481
@calls 0 58482
@calls 0 58483
@calls 0 58484
@calls 0 58485
@calls 0 58486
@calls 0 58487
@calls 0 58488
@calls 0 58489
@calls 0 58490
@calls 0 58491
@calls 0 58492
@calls 0 58493
@calls 0 58494
@calls 0 58495
@calls 0 58496
@calls 0 58497
@calls 0 58498
@calls 0 58499
@calls 0 58500
@calls 0 58501
@calls 0 58502
@calls 0 58503
@calls 0 58504
@calls 0 58505
@calls 0 58506
@calls 0 58507
@calls 0 58508
@calls 0 58509
@calls 0 58510
@calls 0 58511
@calls 0 58512
@calls 0 58513
@calls 0 58514
@calls 0 58515
@calls 0 58516
@calls 0 58517
@calls 0 58518
@calls 0 58519
@calls 0 58520
@calls 0 58521
@calls 0 58522
@calls 0 58523
@calls 0 58524
@calls 0 58525
@calls 0 58526
@calls 0 58527
@calls 0 58528
@calls 0 58529
@calls 0 58530
@calls 0 58531
@calls 0 58532
@calls 0 58533
@calls 0 58534
@calls 0 58535
@calls 0 58536
@calls 0 58537
@calls 0 58538
@calls 0 58539
@calls 0 58540
@calls 0 58541
@calls 0 58542
@calls 0 58543
@calls 0 58544
@calls 0 58545
@calls 0 58546
@calls 0 58547
@calls 0 58548
@calls 0 58549
@calls 0 58550
@calls 0 58551
@calls 0 58552
@calls 0 58553
@calls 0 58554
@calls 0 58555
@calls 0 58556
@calls 0 58557
@calls 0 58558
@calls 0 58559
@calls 0 58560
@calls 0 58561
@calls 0 58562
@calls 0 58563
@calls 0 58564
@calls 0 58565
@calls 0 58566
@calls 0 58567
@calls 0 58568
@calls 0 58569
@calls 0 58570
@calls 0 58571
@calls 0 58572
@calls 0 58573
@calls 0 58574
@calls 0 58575
@calls 0 58576
@calls 0 58577
@calls 0 58578
@calls 0 58579
@calls 0 58580
@calls 0 58581
@calls 0 58582
@calls 0 58583
@calls 0 58584
@calls 0 58585
@calls 0 58586
@calls 0 58587
@calls 0 58588
@calls 0 58589
@calls 0 58590
@calls 0 58591
@calls 0 58592
@calls 0 58593
@calls 0 58594
@calls 0 58595
@calls 0 58596
@calls 0 58597
@calls 0 58598
@calls 0 58599
@calls 0 58600
@calls 0 58601
@calls 0 58602
@calls 0 58603
@calls 0 58604
@calls 0 58605
@calls 0 58606
@calls 0 58607
@calls 0 58608
@calls 0 58609
@calls 0 58610
@calls 0 58611
@calls 0 58612
@calls 0 58613
@calls 0 58614
@calls 0 58615
@calls 0 58616
@calls 0 58617
@calls 0 58618
@calls 0 58619
@calls 0 58620
@calls 0 58621
@calls 0 58622
@calls 0 58623
@calls 0 58624
@calls 0 58625
@calls 0 58626
@calls 0 58627
@calls 0 58628
@calls 0 58629
@calls 0 58630
@calls 0 58631
@calls 0 58632
@calls 0 58633
@calls 0 58634
@calls 0 58635
@calls 0 58636
@calls 0 58637
@calls 0 58638
@calls 0 58639
@calls 0 58640
@calls 0 58641
@calls 0 58642
@calls 0 58643
@calls 0 58644
@calls 0 58645
@calls 0 58646
@calls 0 58647
@calls 0 58648
@calls 0 58649
@calls 0 58650
@calls 0 58651
@calls 0 58652
@calls 0 58653
@calls 0 58654
@calls 0 58655
@calls 0 58656
@calls 0 58657
@calls 0 58658
@calls 0 58659
@calls 0 58660
@calls 0 58661
@calls 0 58662
@calls 0 58663
@calls 0 58664
@calls 0 58665
@calls 0 58666
@calls 0 58667
@calls 0 58668
@calls 0 58669
@calls 0 58670
@calls 0 58671
@calls 0 58672
@calls 0 58673
@calls 0 58674
@calls 0 58675
@calls 0 58676
@calls 0 58677
@calls 0 58678
@calls 0 58679
@calls 0 58680
@calls 0 58681
@calls 0 58682
@calls 0 58683
@calls 0 58684
@calls 0 58685
@calls 0 58686
@calls 0 58687
@calls 0 58688
@calls 0 58689
@calls 0 58690
@calls 0 58691
@calls 0 58692
@calls 0 58693
@calls 0 58694
@calls 0 58695
@calls 0 58696
@calls 0 58697
@calls 0 58698
@calls 0 58699
@calls 0 58700
@calls 0 58701
@calls 0 58702
@calls 0 58703
@calls 0 58704
@calls 0 58705
@calls 0 58706
@calls 0 58707
@calls 0 58708
@calls 0 58709
@calls 0 58710
@calls 0 58711
@calls 0 58712
@calls 0 58713
@calls 0 58714
@calls 0 58715
@calls 0 58716
@calls 0 58717
@calls 0 58718
@calls 0 58719
@calls 0 58720
@calls 0 58721
@calls 0 58722
@calls 0 58723
@calls 0 58724
@calls 0 58725
@calls 0 58726
@calls 0 58727
@calls 0 58728
@calls 0 58729
@calls 0 58730
@calls 0 58731
@calls 0 58732
@calls 0 58733
@calls 0 58734
@calls 0 58735
@calls 0 58736
@calls 0 58737
@calls 0 58738
@calls 0 58739
@calls 0 58740
@calls 0 58741
@calls 0 58742
@calls 0 58743
@calls 0 58744
@calls 0 58745
@calls 0 58746
@calls 0 58747
@calls 0 58748
@calls 0 58749
@calls 0 58750
@calls 0 58751
@calls 0 58752
@calls 0 58753
@calls 0 58754
@calls 0 58755
@calls 0 58756
@calls 0 58757
@calls 0 58758
@calls 0 58759
@calls 0 58760
@calls 0 58761
@calls 0 58762
@calls 0 58763
@calls 0 58764
@calls 0 58765
@calls 0 58766
@calls 0 58767
@calls 0 58768
@calls 0 58769
@calls 0 58770
@calls 0 58771
@calls 0 58772
@calls 0 58773
@calls 0 58774
@calls 0 58775
@calls 0 58776
@calls 0 58777
@calls 0 58778
@calls 0 58779
@calls 0 58780
@calls 0 58781
@calls 0 58782
@calls 0 58783
@calls 0 58784
@calls 0 58785
@calls 0 58786
@calls 0 58787
@calls 0 58788
@calls 0 58789
@calls 0 58790
@calls 0 58791
@calls 0 58792
@calls 0 58793
@calls 0 58794
@calls 0 58795
@calls 0 58796
@calls 0 58797
@calls 0 58798
@calls 0 58799
@calls 0 58800
@calls 0 58801
@calls 0 58802
@calls 0 58803
@calls 0 58804
@calls 0 58805
@calls 0 58806
@calls 0 58807
@calls 0 58808
@calls 0 58809
@calls 0 58810
@calls 0 58811
@calls 0 58812
@calls 0 58813
@calls 0 58814
@calls 0 58815
@calls 0 58816
@calls 0 58817
@calls 0 58818
@calls 0 58819
@calls 0 58820
@calls 0 58821
@calls 0 58822
@calls 0 58823
@calls 0 58824
@calls 0 58825
@calls 0 58826
@calls 0 58827
@calls 0 58828
@calls 0 58829
@calls 0 58830
@calls 0 58831
@calls 0 58832
@calls 0 58833
@calls 0 58834
@calls 0 58835
@calls 0 58836
@calls 0 58837
@calls 0 58838
@calls 0 58839
@calls 0 58840
@calls 0 58841
@calls 0 58842
@calls 0 58843
@calls 0 58844
@calls 0 58845
@calls 0 58846
@calls 0 58847
@calls 0 58848
@calls 0 58849
@calls 0 58850
@calls 0 58851
@calls 0 58852
@calls 0 58853
@calls 0 58854
@calls 0 58855
@calls 0 58856
@calls 0 58857
@calls 0 58858
@calls 0 58859
@calls 0 58860
@calls 0 58861
@calls 0 58862
@calls 0 58863
@calls 0 58864
@calls 0 58865
@calls 0 58866
@calls 0 58867
@calls 0 58868
@calls 0 58869
@calls 0 58870
@calls 0 58871
@calls 0 58872
@calls 0 58873
@calls 0 58874
@calls 0 58875
@calls 0 58876
@calls 0 58877
@calls 0 58878
@calls 0 58879
@calls 0 58880
@calls 0 58881
@calls 0 58882
@calls 0 58883
@calls 0 58884
@calls 0 58885
@calls 0 58886
@calls 0 58887
@calls 0 58888
@calls 0 58889
@calls 0 58890
@calls 0 58891
@calls 0 58892
@calls 0 58893
@calls 0 58894
@calls 0 58895
@calls 0 58896
@calls 0 58897
@calls 0 58898
@calls 0 58899
@calls 0 58900
@calls 0 58901
@calls 0 58902
@calls 0 58903
@calls 0 58904
@calls 0 58905
@calls 0 58906
@calls 0 58907
@calls 0 58908
@calls 0 58909
@calls 0 58910
@calls 0 58911
@calls 0 58912
@calls 0 58913
@calls 0 58914
@calls 0 58915
@calls 0 58916
@calls 0 58917
@calls 0 58918
@calls 0 58919
@calls 0 58920
@calls 0 58921
@calls 0 58922
@calls 0 58923
@calls 0 58924
@calls 0 58925
@calls 0 58926
@calls 0 58927
@calls 0 58928
@calls 0 58929
@calls 0 58930
@calls 0 58931
@calls 0 58932
@calls 0 58933
@calls 0 58934
@calls 0 58935
@calls 0 58936
@calls 0 58937
@calls 0 58938
@calls 0 58939
@calls 0 58940
@calls 0 58941
@calls 0 58942
@calls 0 58943
@calls 0 58944
@calls 0 58945
@calls 0 58946
@calls 0 58947
@calls 0 58948
@calls 0 58949
@calls 0 58950
@calls 0 58951
@calls 0 58952
@calls 0 58953
@calls 0 58954
@calls 0 58955
@calls 0 58956
@calls 0 58957
@calls 0 58958
@calls 0 58959
@calls 0 58960
@calls 0 58961
@calls 0 58962
@calls 0 58963
@calls 0 58964
@calls 0 58965
@calls 0 58966
@calls 0 58967
@calls 0 58968
@calls 0 58969
@calls 0 58970
@calls 0 58971
@calls 0 58972
@calls 0 58973
@calls 0 58974
@calls 0 58975
@calls 0 58976
@calls 0 58977
@calls 0 58978
@calls 0 58979
@calls 0 58980
@calls 0 58981
@calls 0 58982
@calls 0 58983
@calls 0 58984
@calls 0 58985
@calls 0 58986
@calls 0 58987
@calls 0 58988
@calls 0 58989
@calls 0 58990
@calls 0 58991
@calls 0 58992
@calls 0 58993
@calls 0 58994
@calls 0 58995
@calls 0 58996
@calls 0 58997
@calls 0 58998
@calls 0 58999
@calls 0 59000
@calls 0 59001
@calls 0 59002
@calls 0 59003
@calls 0 59004
@calls 0 59005
@calls 0 59006
@calls 0 59007
@calls 0 59008
@calls 0 59009
@calls 0 59010
@calls 0 59011
@calls 0 59012
@calls 0 59013
@calls 0 59014
@calls 0 59015
@calls 0 59016
@calls 0 59017
@calls 0 59018
@calls 0 59019
@calls 0 59020
@calls 0 59021
@calls 0 59022
@calls 0 59023
@calls 0 59024
@calls 0 59025
@calls 0 59026
@calls 0 59027
@calls 0 59028
@calls 0 59029
@calls 0 59030
@calls 0 59031
@calls 0 59032
@calls 0 59033
@calls 0 59034
@calls 0 59035
@calls 0 59036
@calls 0 59037
@calls 0 59038
@calls 0 59039
@calls 0 59040
@calls 0 59041
@calls 0 59042
@calls 0 59043
@calls 0 59044
@calls 0 59045
@calls 0 59046
@calls 0 59047
@calls 0 59048
@calls 0 59049
@calls 0 59050
@calls 0 59051
@calls 0 59052
@calls 0 59053
@calls 0 59054
@calls 0 59055
@calls 0 59056
@calls 0 59057
@calls 0 59058
@calls 0 59059
@calls 0 59060
@calls 0 59061
@calls 0 59062
@calls 0 59063
@calls 0 59064
@calls 0 59065
@calls 0 59066
@calls 0 59067
@calls 0 59068
@calls 0 59069
@calls 0 59070
@calls 0 59071
@calls 0 59072
@calls 0 59073
@calls 0 59074
@calls 0 59075
@calls 0 59076
@calls 0 59077
@calls 0 59078
@calls 0 59079
@calls 0 59080
@calls 0 59081
@calls 0 59082
@calls 0 59083
@calls 0 59084
@calls 0 59085
@calls 0 59086
@calls 0 59087
@calls 0 59088
@calls 0 59089
@calls 0 59090
@calls 0 59091
@calls 0 59092
@calls 0 59093
@calls 0 59094
@calls 0 59095
@calls 0 59096
@calls 0 59097
@calls 0 59098
@calls 0 59099
@calls 0 59100
@calls 0 59101
@calls 0 59102
@calls 0 59103
@calls 0 59104
@calls 0 59105
@calls 0 59106
@calls 0 59107
@calls 0 59108
@calls 0 59109
@calls 0 59110
@calls 0 59111
@calls 0 59112
@calls 0 59113
@calls 0 59114
@calls 0 59115
@calls 0 59116
@calls 0 59117
@calls 0 59118
@calls 0 59119
@calls 0 59120
@calls 0 59121
@calls 0 59122
@calls 0 59123
@calls 0 59124
@calls 0 59125
@calls 0 59126
@calls 0 59127
@calls 0 59128
@calls 0 59129
@calls 0 59130
@calls 0 59131
@calls 0 59132
@calls 0 59133
@calls 0 59134
@calls 0 59135
@calls 0 59136
@calls 0 59137
@calls 0 59138
@calls 0 59139
@calls 0 59140
@calls 0 59141
@calls 0 59142
@calls 0 59143
@calls 0 59144
@calls 0 59145
@calls 0 59146
@calls 0 59147
@calls 0 59148
@calls 0 59149
@calls 0 59150
@calls 0 59151
@calls 0 59152
@calls 0 59153
@calls 0 59154
@calls 0 59155
@calls 0 59156
@calls 0 59157
@calls 0 59158
@calls 0 59159
@calls 0 59160
@calls 0 59161
@calls 0 59162
@calls 0 59163
@calls 0 59164
@calls 0 59165
@calls 0 59166
@calls 0 59167
@calls 0 59168
@calls 0 59169
@calls 0 59170
@calls 0 59171
@calls 0 59172
@calls 0 59173
@calls 0 59174
@calls 0 59175
@calls 0 59176
@calls 0 59177
@calls 0 59178
@calls 0 59179
@calls 0 59180
@calls 0 59181
@calls 0 59182
@calls 0 59183
@calls 0 59184
@calls 0 59185
@calls 0 59186
@calls 0 59187
@calls 0 59188
@calls 0 59189
@calls 0 59190
@calls 0 59191
@calls 0 59192
@calls 0 59193
@calls 0 59194
@calls 0 59195
@calls 0 59196
@calls 0 59197
@calls 0 59198
@calls 0 59199
@calls 0 59200
@calls 0 59201
@calls 0 59202
@calls 0 59203
@calls 0 59204
@calls 0 59205
@calls 0 59206
@calls 0 59207
@calls 0 59208
@calls 0 59209
@calls 0 59210
@calls 0 59211
@calls 0 59212
@calls 0 59213
@calls 0 59214
@calls 0 59215
@calls 0 59216
@calls 0 59217
@calls 0 59218
@calls 0 59219
@calls 0 59220
@calls 0 59221
@calls 0 59222
@calls 0 59223
@calls 0 59224
@calls 0 59225
@calls 0 59226
@calls 0 59227
@calls 0 59228
@calls 0 59229
@calls 0 59230
@calls 0 59231
@calls 0 59232
@calls 0 59233
@calls 0 59234
@calls 0 59235
@calls 0 59236
@calls 0 59237
@calls 0 59238
@calls 0 59239
@calls 0 59240
@calls 0 59241
@calls 0 59242
@calls 0 59243
@calls 0 59244
@calls 0 59245
@calls 0 59246
@calls 0 59247
@calls 0 59248
@calls 0 59249
@calls 0 59250
@calls 0 59251
@calls 0 59252
@calls 0 59253
@calls 0 59254
@calls 0 59255
@calls 0 59256
@calls 0 59257
@calls 0 59258
@calls 0 59259
@calls 0 59260
@calls 0 59261
@calls 0 59262
@calls 0 59263
@calls 0 59264
@calls 0 59265
@calls 0 59266
@calls 0 59267
@calls 0 59268
@calls 0 59269
@calls 0 59270
@calls 0 59271
@calls 0 59272
@calls 0 59273
@calls 0 59274
@calls 0 59275
@calls 0 59276
@calls 0 59277
@calls 0 59278
@calls 0 59279
@calls 0 59280
@calls 0 59281
@calls 0 59282
@calls 0 59283
@calls 0 59284
@calls 0 59285
@calls 0 59286
@calls 0 59287
@calls 0 59288
@calls 0 59289
@calls 0 59290
@calls 0 59291
@calls 0 59292
@calls 0 59293
@calls 0 59294
@calls 0 59295
@calls 0 59296
@calls 0 59297
@calls 0 59298
@calls 0 59299
@calls 0 59300
@calls 0 59301
@calls 0 59302
@calls 0 59303
@calls 0 59304
@calls 0 59305
@calls 0 59306
@calls 0 59307
@calls 0 59308
@calls 0 59309
@calls 0 59310
@calls 0 59311
@calls 0 59312
@calls 0 59313
@calls 0 59314
@calls 0 59315
@calls 0 59316
@calls 0 59317
@calls 0 59318
@calls 0 59319
@calls 0 59320
@calls 0 59321
@calls 0 59322
@calls 0 59323
@calls 0 59324
@calls 0 59325
@calls 0 59326
@calls 0 59327
@calls 0 59328
@calls 0 59329
@calls 0 59330
@calls 0 59331
@calls 0 59332
@calls 0 59333
@calls 0 59334
@calls 0 59335
@calls 0 59336
@calls 0 59337
@calls 0 59338
@calls 0 59339
@calls 0 59340
@calls 0 59341
@calls 0 59342
@calls 0 59343
@calls 0 59344
@calls 0 59345
@calls 0 59346
@calls 0 59347
@calls 0 59348
@calls 0 59349
@calls 0 59350
@calls 0 59351
@calls 0 59352
@calls 0 59353
@calls 0 59354
@calls 0 59355
@calls 0 59356
@calls 0 59357
@calls 0 59358
@calls 0 59359
@calls 0 59360
@calls 0 59361
@calls 0 59362
@calls 0 59363
@calls 0 59364
@calls 0 59365
@calls 0 59366
@calls 0 59367
@calls 0 59368
@calls 0 59369
@calls 0 59370
@calls 0 59371
@calls 0 59372
@calls 0 59373
@calls 0 59374
@calls 0 59375
@calls 0 59376
@calls 0 59377
@calls 0 59378
@calls 0 59379
@calls 0 59380
@calls 0 59381
@calls 0 59382
@calls 0 59383
@calls 0 59384
@calls 0 59385
@calls 0 59386
@calls 0 59387
@calls 0 59388
@calls 0 59389
@calls 0 59390
@calls 0 59391
@calls 0 59392
@calls 0 59393
@calls 0 59394
@calls 0 59395
@calls 0 59396
@calls 0 59397
@calls 0 59398
@calls 0 59399
@calls 0 59400
@calls 0 59401
@calls 0 59402
@calls 0 59403
@calls 0 59404
@calls 0 59405
@calls 0 59406
@calls 0 59407
@calls 0 59408
@calls 0 59409
@calls 0 59410
@calls 0 59411
@calls 0 59412
@calls 0 59413
@calls 0 59414
@calls 0 59415
@calls 0 59416
@calls 0 59417
@calls 0 59418
@calls 0 59419
@calls 0 59420
@calls 0 59421
@calls 0 59422
@calls 0 59423
@calls 0 59424
@calls 0 59425
@calls 0 59426
@calls 0 59427
@calls 0 59428
@calls 0 59429
@calls 0 59430
@calls 0 59431
@calls 0 59432
@calls 0 59433
@calls 0 59434
@calls 0 59435
@calls 0 59436
@calls 0 59437
@calls 0 59438
@calls 0 59439
@calls 0 59440
@calls 0 59441
@calls 0 59442
@calls 0 59443
@calls 0 59444
@calls 0 59445
@calls 0 59446
@calls 0 59447
@calls 0 59448
@calls 0 59449
@calls 0 59450
@calls 0 59451
@calls 0 59452
@calls 0 59453
@calls 0 59454
@calls 0 59455
@calls 0 59456
@calls 0 59457
@calls 0 59458
@calls 0 59459
@calls 0 59460
@calls 0 59461
@calls 0 59462
@calls 0 59463
@calls 0 59464
@calls 0 59465
@calls 0 59466
@calls 0 59467
@calls 0 59468
@calls 0 59469
@calls 0 59470
@calls 0 59471
@calls 0 59472
@calls 0 59473
@calls 0 59474
@calls 0 59475
@calls 0 59476
@calls 0 59477
@calls 0 59478
@calls 0 59479
@calls 0 59480
@calls 0 59481
@calls 0 59482
@calls 0 59483
@calls 0 59484
@calls 0 59485
@calls 0 59486
@calls 0 59487
@calls 0 59488
@calls 0 59489
@calls 0 59490
@calls 0 59491
@calls 0 59492
@calls 0 59493
@calls 0 59494
@calls 0 59495
@calls 0 59496
@calls 0 59497
@calls 0 59498
@calls 0 59499
@calls 0 59500
@calls 0 59501
@calls 0 59502
@calls 0 59503
@calls 0 59504
@calls 0 59505
@calls 0 59506
@calls 0 59507
@calls 0 59508
@calls 0 59509
@calls 0 59510
@calls 0 59511
@calls 0 59512
@calls 0 59513
@calls 0 59514
@calls 0 59515
@calls 0 59516
@calls 0 59517
@calls 0 59518
@calls 0 59519
@calls 0 59520
@calls 0 59521
@calls 0 59522
@calls 0 59523
@calls 0 59524
@calls 0 59525
@calls 0 59526
@calls 0 59527
@calls 0 59528
@calls 0 59529
@calls 0 59530
@calls 0 59531
@calls 0 59532
@calls 0 59533
@calls 0 59534
@calls 0 59535
@calls 0 59536
@calls 0 59537
@calls 0 59538
@calls 0 59539
@calls 0 59540
@calls 0 59541
@calls 0 59542
@calls 0 59543
@calls 0 59544
@calls 0 59545
@calls 0 59546
@calls 0 59547
@calls 0 59548
@calls 0 59549
@calls 0 59550
@calls 0 59551
@calls 0 59552
@calls 0 59553
@calls 0 59554
@calls 0 59555
@calls 0 59556
@calls 0 59557
@calls 0 59558
@calls 0 59559
@calls 0 59560
@calls 0 59561
@calls 0 59562
@calls 0 59563
@calls 0 59564
@calls 0 59565
@calls 0 59566
@calls 0 59567
@calls 0 59568
@calls 0 59569
@calls 0 59570
@calls 0 59571
@calls 0 59572
@calls 0 59573
@calls 0 59574
@calls 0 59575
@calls 0 59576
@calls 0 59577
@calls 0 59578
@calls 0 59579
@calls 0 59580
@calls 0 59581
@calls 0 59582
@calls 0 59583
@calls 0 59584
@calls 0 59585
@calls 0 59586
@calls 0 59587
@calls 0 59588
@calls 0 59589
@calls 0 59590
@calls 0 59591
@calls 0 59592
@calls 0 59593
@calls 0 59594
@calls 0 59595
@calls 0 59596
@calls 0 59597
@calls 0 59598
@calls 0 59599
@calls 0 59600
@calls 0 59601
@calls 0 59602
@calls 0 59603
@calls 0 59604
@calls 0 59605
@calls 0 59606
@calls 0 59607
@calls 0 59608
@calls 0 59609
@calls 0 59610
@calls 0 59611
@calls 0 59612
@calls 0 59613
@calls 0 59614
@calls 0 59615
@calls 0 59616
@calls 0 59617
@calls 0 59618
@calls 0 59619
@calls 0 59620
@calls 0 59621
@calls 0 59622
@calls 0 59623
@calls 0 59624
@calls 0 59625
@calls 0 59626
@calls 0 59627
@calls 0 59628
@calls 0 59629
@calls 0 59630
@calls 0 59631
@calls 0 59632
@calls 0 59633
@calls 0 59634
@calls 0 59635
@calls 0 59636
@calls 0 59637
@calls 0 59638
@calls 0 59639
@calls 0 59640
@calls 0 59641
@calls 0 59642
@calls 0 59643
@calls 0 59644
@calls 0 59645
@calls 0 59646
@calls 0 59647
@calls 0 59648
@calls 0 59649
@calls 0 59650
@calls 0 59651
@calls 0 59652
@calls 0 59653
@calls 0 59654
@calls 0 59655
@calls 0 59656
@calls 0 59657
@calls 0 59658
@calls 0 59659
@calls 0 59660
@calls 0 59661
@calls 0 59662
@calls 0 59663
@calls 0 59664
@calls 0 59665
@calls 0 59666
@calls 0 59667
@calls 0 59668
@calls 0 59669
@calls 0 59670
@calls 0 59671
@calls 0 59672
@calls 0 59673
@calls 0 59674
@calls 0 59675
@calls 0 59676
@calls 0 59677
@calls 0 59678
@calls 0 59679
@calls 0 59680
@calls 0 59681
@calls 0 59682
@calls 0 59683
@calls 0 59684
@calls 0 59685
@calls 0 59686
@calls 0 59687
@calls 0 59688
@calls 0 59689
@calls 0 59690
@calls 0 59691
@calls 0 59692
@calls 0 59693
@calls 0 59694
@calls 0 59695
@calls 0 59696
@calls 0 59697
@calls 0 59698
@calls 0 59699
@calls 0 59700
@calls 0 59701
@calls 0 59702
@calls 0 59703
@calls 0 59704
@calls 0 59705
@calls 0 59706
@calls 0 59707
@calls 0 59708
@calls 0 59709
@calls 0 59710
@calls 0 59711
@calls 0 59712
@calls 0 59713
@calls 0 59714
@calls 0 59715
@calls 0 59716
@calls 0 59717
@calls 0 59718
@calls 0 59719
@calls 0 59720
@calls 0 59721
@calls 0 59722
@calls 0 59723
@calls 0 59724
@calls 0 59725
@calls 0 59726
@calls 0 59727
@calls 0 59728
@calls 0 59729
@calls 0 59730
@calls 0 59731
@calls 0 59732
@calls 0 59733
@calls 0 59734
@calls 0 59735
@calls 0 59736
@calls 0 59737
@calls 0 59738
@calls 0 59739
@calls 0 59740
@calls 0 59741
@calls 0 59742
@calls 0 59743
@calls 0 59744
@calls 0 59745
@calls 0 59746
@calls 0 59747
@calls 0 59748
@calls 0 59749
@calls 0 59750
@calls 0 59751
@calls 0 59752
@calls 0 59753
@calls 0 59754
@calls 0 59755
@calls 0 59756
@calls 0 59757
@calls 0 59758
@calls 0 59759
@calls 0 59760
@calls 0 59761
@calls 0 59762
@calls 0 59763
@calls 0 59764
@calls 0 59765
@calls 0 59766
@calls 0 59767
@calls 0 59768
@calls 0 59769
@calls 0 59770
@calls 0 59771
@calls 0 59772
@calls 0 59773
@calls 0 59774
@calls 0 59775
@calls 0 59776
@calls 0 59777
@calls 0 59778
@calls 0 59779
@calls 0 59780
@calls 0 59781
@calls 0 59782
@calls 0 59783
@calls 0 59784
@calls 0 59785
@calls 0 59786
@calls 0 59787
@calls 0 59788
@calls 0 59789
@calls 0 59790
@calls 0 59791
@calls 0 59792
@calls 0 59793
@calls 0 59794
@calls 0 59795
@calls 0 59796
@calls 0 59797
@calls 0 59798
@calls 0 59799
@calls 0 59800
@calls 0 59801
@calls 0 59802
@calls 0 59803
@calls 0 59804
@calls 0 59805
@calls 0 59806
@calls 0 59807
@calls 0 59808
@calls 0 59809
@calls 0 59810
@calls 0 59811
@calls 0 59812
@calls 0 59813
@calls 0 59814
@calls 0 59815
@calls 0 59816
@calls 0 59817
@calls 0 59818
@calls 0 59819
@calls 0 59820
@calls 0 59821
@calls 0 59822
@calls 0 59823
@calls 0 59824
@calls 0 59825
@calls 0 59826
@calls 0 59827
@calls 0 59828
@calls 0 59829
@calls 0 59830
@calls 0 59831
@calls 0 59832
@calls 0 59833
@calls 0 59834
@calls 0 59835
@calls 0 59836
@calls 0 59837
@calls 0 59838
@calls 0 59839
@calls 0 59840
@calls 0 59841
@calls 0 59842
@calls 0 59843
@calls 0 59844
@calls 0 59845
@calls 0 59846
@calls 0 59847
@calls 0 59848
@calls 0 59849
@calls 0 59850
@calls 0 59851
@calls 0 59852
@calls 0 59853
@calls 0 59854
@calls 0 59855
@calls 0 59856
@calls 0 59857
@calls 0 59858
@calls 0 59859
@calls 0 59860
@calls 0 59861
@calls 0 59862
@calls 0 59863
@calls 0 59864
@calls 0 59865
@calls 0 59866
@calls 0 59867
@calls 0 59868
@calls 0 59869
@calls 0 59870
@calls 0 59871
@calls 0 59872
@calls 0 59873
@calls 0 59874
@calls 0 59875
@calls 0 59876
@calls 0 59877
@calls 0 59878
@calls 0 59879
@calls 0 59880
@calls 0 59881
@calls 0 59882
@calls 0 59883
@calls 0 59884
@calls 0 59885
@calls 0 59886
@calls 0 59887
@calls 0 59888
@calls 0 59889
@calls 0 59890
@calls 0 59891
@calls 0 59892
@calls 0 59893
@calls 0 59894
@calls 0 59895
@calls 0 59896
@calls 0 59897
@calls 0 59898
@calls 0 59899
@calls 0 59900
@calls 0 59901
@calls 0 59902
@calls 0 59903
@calls 0 59904
@calls 0 59905
@calls 0 59906
@calls 0 59907
@calls 0 59908
@calls 0 59909
@calls 0 59910
@calls 0 59911
@calls 0 59912
@calls 0 59913
@calls 0 59914
@calls 0 59915
@calls 0 59916
@calls 0 59917
@calls 0 59918
@calls 0 59919
@calls 0 59920
@calls 0 59921
@calls 0 59922
@calls 0 59923
@calls 0 59924
@calls 0 59925
@calls 0 59926
@calls 0 59927
@calls 0 59928
@calls 0 59929
@calls 0 59930
@calls 0 59931
@calls 0 59932
@calls 0 59933
@calls 0 59934
@calls 0 59935
@calls 0 59936
@calls 0 59937
@calls 0 59938
@calls 0 59939
@calls 0 59940
@calls 0 59941
@calls 0 59942
@calls 0 59943
@calls 0 59944
@calls 0 59945
@calls 0 59946
@calls 0 59947
@calls 0 59948
@calls 0 59949
@calls 0 59950
@calls 0 59951
@calls 0 59952
@calls 0 59953
@calls 0 59954
@calls 0 59955
@calls 0 59956
@calls 0 59957
@calls 0 59958
@calls 0 59959
@calls 0 59960
@calls 0 59961
@calls 0 59962
@calls 0 59963
@calls 0 59964
@calls 0 59965
@calls 0 59966
@calls 0 59967
@calls 0 59968
@calls 0 59969
@calls 0 59970
@calls 0 59971
@calls 0 59972
@calls 0 59973
@calls 0 59974
@calls 0 59975
@calls 0 59976
@calls 0 59977
@calls 0 59978
@calls 0 59979
@calls 0 59980
@calls 0 59981
@calls 0 59982
@calls 0 59983
@calls 0 59984
@calls 0 59985
@calls 0 59986
@calls 0 59987
@calls 0 59988
@calls 0 59989
@calls 0 59990
@calls 0 59991
@calls 0 59992
@calls 0 59993
@calls 0 59994
@calls 0 59995
@calls 0 59996
@calls 0 59997
@calls 0 59998
@calls 0 59999
@calls 0 60000
@calls 0 60001
@calls 0 60002
@calls 0 60003
@calls 0 60004
@calls 0 60005
@calls 0 60006
@calls 0 60007
@calls 0 60008
@calls 0 60009
@calls 0 60010
@calls 0 60011
@calls 0 60012
@calls 0 60013
@calls 0 60014
@calls 0 60015
@calls 0 60016
@calls 0 60017
@calls 0 60018
@calls 0 60019
@calls 0 60020
@calls 0 60021
@calls 0 60022
@calls 0 60023
@calls 0 60024
@calls 0 60025
@calls 0 60026
@calls 0 60027
@calls 0 60028
@calls 0 60029
@calls 0 60030
@calls 0 60031
@calls 0 60032
@calls 0 60033
@calls 0 60034
@calls 0 60035
@calls 0 60036
@calls 0 60037
@calls 0 60038
@calls 0 60039
@calls 0 60040
@calls 0 60041
@calls 0 60042
@calls 0 60043
@calls 0 60044
@calls 0 60045
@calls 0 60046
@calls 0 60047
@calls 0 60048
@calls 0 60049
@calls 0 60050
@calls 0 60051
@calls 0 60052
@calls 0 60053
@calls 0 60054
@calls 0 60055
@calls 0 60056
@calls 0 60057
@calls 0 60058
@calls 0 60059
@calls 0 60060
@calls 0 60061
@calls 0 60062
@calls 0 60063
@calls 0 60064
@calls 0 60065
@calls 0 60066
@calls 0 60067
@calls 0 60068
@calls 0 60069
@calls 0 60070
@calls 0 60071
@calls 0 60072
@calls 0 60073
@calls 0 60074
@calls 0 60075
@calls 0 60076
@calls 0 60077
@calls 0 60078
@calls 0 60079
@calls 0 60080
@calls 0 60081
@calls 0 60082
@calls 0 60083
@calls 0 60084
@calls 0 60085
@calls 0 60086
@calls 0 60087
@calls 0 60088
@calls 0 60089
@calls 0 60090
@calls 0 60091
@calls 0 60092
@calls 0 60093
@calls 0 60094
@calls 0 60095
@calls 0 60096
@calls 0 60097
@calls 0 60098
@calls 0 60099
@calls 0 60100
@calls 0 60101
@calls 0 60102
@calls 0 60103
@calls 0 60104
@calls 0 60105
@calls 0 60106
@calls 0 60107
@calls 0 60108
@calls 0 60109
@calls 0 60110
@calls 0 60111
@calls 0 60112
@calls 0 60113
@calls 0 60114
@calls 0 60115
@calls 0 60116
@calls 0 60117
@calls 0 60118
@calls 0 60119
@calls 0 60120
@calls 0 60121
@calls 0 60122
@calls 0 60123
@calls 0 60124
@calls 0 60125
@calls 0 60126
@calls 0 60127
@calls 0 60128
@calls 0 60129
@calls 0 60130
@calls 0 60131
@calls 0 60132
@calls 0 60133
@calls 0 60134
@calls 0 60135
@calls 0 60136
@calls 0 60137
@calls 0 60138
@calls 0 60139
@calls 0 60140
@calls 0 60141
@calls 0 60142
@calls 0 60143
@calls 0 60144
@calls 0 60145
@calls 0 60146
@calls 0 60147
@calls 0 60148
@calls 0 60149
@calls 0 60150
@calls 0 60151
@calls 0 60152
@calls 0 60153
@calls 0 60154
@calls 0 60155
@calls 0 60156
@calls 0 60157
@calls 0 60158
@calls 0 60159
@calls 0 60160
@calls 0 60161
@calls 0 60162
@calls 0 60163
@calls 0 60164
@calls 0 60165
@calls 0 60166
@calls 0 60167
@calls 0 60168
@calls 0 60169
@calls 0 60170
@calls 0 60171
@calls 0 60172
@calls 0 60173
@calls 0 60174
@calls 0 60175
@calls 0 60176
@calls 0 60177
@calls 0 60178
@calls 0 60179
@calls 0 60180
@calls 0 60181
@calls 0 60182
@calls 0 60183
@calls 0 60184
@calls 0 60185
@calls 0 60186
@calls 0 60187
@calls 0 60188
@calls 0 60189
@calls 0 60190
@calls 0 60191
@calls 0 60192
@calls 0 60193
@calls 0 60194
@calls 0 60195
@calls 0 60196
@calls 0 60197
@calls 0 60198
@calls 0 60199
@calls 0 60200
@calls 0 60201
@calls 0 60202
@calls 0 60203
@calls 0 60204
@calls 0 60205
@calls 0 60206
@calls 0 60207
@calls 0 60208
@calls 0 60209
@calls 0 60210
@calls 0 60211
@calls 0 60212
@calls 0 60213
@calls 0 60214
@calls 0 60215
@calls 0 60216
@calls 0 60217
@calls 0 60218
@calls 0 60219
@calls 0 60220
@calls 0 60221
@calls 0 60222
@calls 0 60223
@calls 0 60224
@calls 0 60225
@calls 0 60226
@calls 0 60227
@calls 0 60228
@calls 0 60229
@calls 0 60230
@calls 0 60231
@calls 0 60232
@calls 0 60233
@calls 0 60234
@calls 0 60235
@calls 0 60236
@calls 0 60237
@calls 0 60238
@calls 0 60239
@calls 0 60240
@calls 0 60241
@calls 0 60242
@calls 0 60243
@calls 0 60244
@calls 0 60245
@calls 0 60246
@calls 0 60247
@calls 0 60248
@calls 0 60249
@calls 0 60250
@calls 0 60251
@calls 0 60252
@calls 0 60253
@calls 0 60254
@calls 0 60255
@calls 0 60256
@calls 0 60257
@calls 0 60258
@calls 0 60259
@calls 0 60260
@calls 0 60261
@calls 0 60262
@calls 0 60263
@calls 0 60264
@calls 0 60265
@calls 0 60266
@calls 0 60267
@calls 0 60268
@calls 0 60269
@calls 0 60270
@calls 0 60271
@calls 0 60272
@calls 0 60273
@calls 0 60274
@calls 0 60275
@calls 0 60276
@calls 0 60277
@calls 0 60278
@calls 0 60279
@calls 0 60280
@calls 0 60281
@calls 0 60282
@calls 0 60283
@calls 0 60284
@calls 0 60285
@calls 0 60286
@calls 0 60287
@calls 0 60288
@calls 0 60289
@calls 0 60290
@calls 0 60291
@calls 0 60292
@calls 0 60293
@calls 0 60294
@calls 0 60295
@calls 0 60296
@calls 0 60297
@calls 0 60298
@calls 0 60299
@calls 0 60300
@calls 0 60301
@calls 0 60302
@calls 0 60303
@calls 0 60304
@calls 0 60305
@calls 0 60306
@calls 0 60307
@calls 0 60308
@calls 0 60309
@calls 0 60310
@calls 0 60311
@calls 0 60312
@calls 0 60313
@calls 0 60314
@calls 0 60315
@calls 0 60316
@calls 0 60317
@calls 0 60318
@calls 0 60319
@calls 0 60320
@calls 0 60321
@calls 0 60322
@calls 0 60323
@calls 0 60324
@calls 0 60325
@calls 0 60326
@calls 0 60327
@calls 0 60328
@calls 0 60329
@calls 0 60330
@calls 0 60331
@calls 0 60332
@calls 0 60333
@calls 0 60334
@calls 0 60335
@calls 0 60336
@calls 0 60337
@calls 0 60338
@calls 0 60339
@calls 0 60340
@calls 0 60341
@calls 0 60342
@calls 0 60343
@calls 0 60344
@calls 0 60345
@calls 0 60346
@calls 0 60347
@calls 0 60348
@calls 0 60349
@calls 0 60350
@calls 0 60351
@calls 0 60352
@calls 0 60353
@calls 0 60354
@calls 0 60355
@calls 0 60356
@calls 0 60357
@calls 0 60358
@calls 0 60359
@calls 0 60360
@calls 0 60361
@calls 0 60362
@calls 0 60363
@calls 0 60364
@calls 0 60365
@calls 0 60366
@calls 0 60367
@calls 0 60368
@calls 0 60369
@calls 0 60370
@calls 0 60371
@calls 0 60372
@calls 0 60373
@calls 0 60374
@calls 0 60375
@calls 0 60376
@calls 0 60377
@calls 0 60378
@calls 0 60379
@calls 0 60380
@calls 0 60381
@calls 0 60382
@calls 0 60383
@calls 0 60384
@calls 0 60385
@calls 0 60386
@calls 0 60387
@calls 0 60388
@calls 0 60389
@calls 0 60390
@calls 0 60391
@calls 0 60392
@calls 0 60393
@calls 0 60394
@calls 0 60395
@calls 0 60396
@calls 0 60397
@calls 0 60398
@calls 0 60399
@calls 0 60400
@calls 0 60401
@calls 0 60402
@calls 0 60403
@calls 0 60404
@calls 0 60405
@calls 0 60406
@calls 0 60407
@calls 0 60408
@calls 0 60409
@calls 0 60410
@calls 0 60411
@calls 0 60412
@calls 0 60413
@calls 0 60414
@calls 0 60415
@calls 0 60416
@calls 0 60417
@calls 0 60418
@calls 0 60419
@calls 0 60420
@calls 0 60421
@calls 0 60422
@calls 0 60423
@calls 0 60424
@calls 0 60425
@calls 0 60426
@calls 0 60427
@calls 0 60428
@calls 0 60429
@calls 0 60430
@calls 0 60431
@calls 0 60432
@calls 0 60433
@calls 0 60434
@calls 0 60435
@calls 0 60436
@calls 0 60437
@calls 0 60438
@calls 0 60439
@calls 0 60440
@calls 0 60441
@calls 0 60442
@calls 0 60443
@calls 0 60444
@calls 0 60445
@calls 0 60446
@calls 0 60447
@calls 0 60448
@calls 0 60449
@calls 0 60450
@calls 0 60451
@calls 0 60452
@calls 0 60453
@calls 0 60454
@calls 0 60455
@calls 0 60456
@calls 0 60457
@calls 0 60458
@calls 0 60459
@calls 0 60460
@calls 0 60461
@calls 0 60462
@calls 0 60463
@calls 0 60464
@calls 0 60465
@calls 0 60466
@calls 0 60467
@calls 0 60468
@calls 0 60469
@calls 0 60470
@calls 0 60471
@calls 0 60472
@calls 0 60473
@calls 0 60474
@calls 0 60475
@calls 0 60476
@calls 0 60477
@calls 0 60478
@calls 0 60479
@calls 0 60480
@calls 0 60481
@calls 0 60482
@calls 0 60483
@calls 0 60484
@calls 0 60485
@calls 0 60486
@calls 0 60487
@calls 0 60488
@calls 0 60489
@calls 0 60490
@calls 0 60491
@calls 0 60492
@calls 0 60493
@calls 0 60494
@calls 0 60495
@calls 0 60496
@calls 0 60497
@calls 0 60498
@calls 0 60499
@calls 0 60500
@calls 0 60501
@calls 0 60502
@calls 0 60503
@calls 0 60504
@calls 0 60505
@calls 0 60506
@calls 0 60507
@calls 0 60508
@calls 0 60509
@calls 0 60510
@calls 0 60511
@calls 0 60512
@calls 0 60513
@calls 0 60514
@calls 0 60515
@calls 0 60516
@calls 0 60517
@calls 0 60518
@calls 0 60519
@calls 0 60520
@calls 0 60521
@calls 0 60522
@calls 0 60523
@calls 0 60524
@calls 0 60525
@calls 0 60526
@calls 0 60527
@calls 0 60528
@calls 0 60529
@calls 0 60530
@calls 0 60531
@calls 0 60532
@calls 0 60533
@calls 0 60534
@calls 0 60535
@calls 0 60536
@calls 0 60537
@calls 0 60538
@calls 0 60539
@calls 0 60540
@calls 0 60541
@calls 0 60542
@calls 0 60543
@calls 0 60544
@calls 0 60545
@calls 0 60546
@calls 0 60547
@calls 0 60548
@calls 0 60549
@calls 0 60550
@calls 0 60551
@calls 0 60552
@calls 0 60553
@calls 0 60554
@calls 0 60555
@calls 0 60556
@calls 0 60557
@calls 0 60558
@calls 0 60559
@calls 0 60560
@calls 0 60561
@calls 0 60562
@calls 0 60563
@calls 0 60564
@calls 0 60565
@calls 0 60566
@calls 0 60567
@calls 0 60568
@calls 0 60569
@calls 0 60570
@calls 0 60571
@calls 0 60572
@calls 0 60573
@calls 0 60574
@calls 0 60575
@calls 0 60576
@calls 0 60577
@calls 0 60578
@calls 0 60579
@calls 0 60580
@calls 0 60581
@calls 0 60582
@calls 0 60583
@calls 0 60584
@calls 0 60585
@calls 0 60586
@calls 0 60587
@calls 0 60588
@calls 0 60589
@calls 0 60590
@calls 0 60591
@calls 0 60592
@calls 0 60593
@calls 0 60594
@calls 0 60595
@calls 0 60596
@calls 0 60597
@calls 0 60598
@calls 0 60599
@calls 0 60600
@calls 0 60601
@calls 0 60602
@calls 0 60603
@calls 0 60604
@calls 0 60605
@calls 0 60606
@calls 0 60607
@calls 0 60608
@calls 0 60609
@calls 0 60610
@calls 0 60611
@calls 0 60612
@calls 0 60613
@calls 0 60614
@calls 0 60615
@calls 0 60616
@calls 0 60617
@calls 0 60618
@calls 0 60619
@calls 0 60620
@calls 0 60621
@calls 0 60622
@calls 0 60623
@calls 0 60624
@calls 0 60625
@calls 0 60626
@calls 0 60627
@calls 0 60628
@calls 0 60629
@calls 0 60630
@calls 0 60631
@calls 0 60632
@calls 0 60633
@calls 0 60634
@calls 0 60635
@calls 0 60636
@calls 0 60637
@calls 0 60638
@calls 0 60639
@calls 0 60640
@calls 0 60641
@calls 0 60642
@calls 0 60643
@calls 0 60644
@calls 0 60645
@calls 0 60646
@calls 0 60647
@calls 0 60648
@calls 0 60649
@calls 0 60650
@calls 0 60651
@calls 0 60652
@calls 0 60653
@calls 0 60654
@calls 0 60655
@calls 0 60656
@calls 0 60657
@calls 0 60658
@calls 0 60659
@calls 0 60660
@calls 0 60661
@calls 0 60662
@calls 0 60663
@calls 0 60664
@calls 0 60665
@calls 0 60666
@calls 0 60667
@calls 0 60668
@calls 0 60669
@calls 0 60670
@calls 0 60671
@calls 0 60672
@calls 0 60673
@calls 0 60674
@calls 0 60675
@calls 0 60676
@calls 0 60677
@calls 0 60678
@calls 0 60679
@calls 0 60680
@calls 0 60681
@calls 0 60682
@calls 0 60683
@calls 0 60684
@calls 0 60685
@calls 0 60686
@calls 0 60687
@calls 0 60688
@calls 0 60689
@calls 0 60690
@calls 0 60691
@calls 0 60692
@calls 0 60693
@calls 0 60694
@calls 0 60695
@calls 0 60696
@calls 0 60697
@calls 0 60698
@calls 0 60699
@calls 0 60700
@calls 0 60701
@calls 0 60702
@calls 0 60703
@calls 0 60704
@calls 0 60705
@calls 0 60706
@calls 0 60707
@calls 0 60708
@calls 0 60709
@calls 0 60710
@calls 0 60711
@calls 0 60712
@calls 0 60713
@calls 0 60714
@calls 0 60715
@calls 0 60716
@calls 0 60717
@calls 0 60718
@calls 0 60719
@calls 0 60720
@calls 0 60721
@calls 0 60722
@calls 0 60723
@calls 0 60724
@calls 0 60725
@calls 0 60726
@calls 0 60727
@calls 0 60728
@calls 0 60729
@calls 0 60730
@calls 0 60731
@calls 0 60732
@calls 0 60733
@calls 0 60734
@calls 0 60735
@calls 0 60736
@calls 0 60737
@calls 0 60738
@calls 0 60739
@calls 0 60740
@calls 0 60741
@calls 0 60742
@calls 0 60743
@calls 0 60744
@calls 0 60745
@calls 0 60746
@calls 0 60747
@calls 0 60748
@calls 0 60749
@calls 0 60750
@calls 0 60751
@calls 0 60752
@calls 0 60753
@calls 0 60754
@calls 0 60755
@calls 0 60756
@calls 0 60757
@calls 0 60758
@calls 0 60759
@calls 0 60760
@calls 0 60761
@calls 0 60762
@calls 0 60763
@calls 0 60764
@calls 0 60765
@calls 0 60766
@calls 0 60767
@calls 0 60768
@calls 0 60769
@calls 0 60770
@calls 0 60771
@calls 0 60772
@calls 0 60773
@calls 0 60774
@calls 0 60775
@calls 0 60776
@calls 0 60777
@calls 0 60778
@calls 0 60779
@calls 0 60780
@calls 0 60781
@calls 0 60782
@calls 0 60783
@calls 0 60784
@calls 0 60785
@calls 0 60786
@calls 0 60787
@calls 0 60788
@calls 0 60789
@calls 0 60790
@calls 0 60791
@calls 0 60792
@calls 0 60793
@calls 0 60794
@calls 0 60795
@calls 0 60796
@calls 0 60797
@calls 0 60798
@calls 0 60799
@calls 0 60800
@calls 0 60801
@calls 0 60802
@calls 0 60803
@calls 0 60804
@calls 0 60805
@calls 0 60806
@calls 0 60807
@calls 0 60808
@calls 0 60809
@calls 0 60810
@calls 0 60811
@calls 0 60812
@calls 0 60813
@calls 0 60814
@calls 0 60815
@calls 0 60816
@calls 0 60817
@calls 0 60818
@calls 0 60819
@calls 0 60820
@calls 0 60821
@calls 0 60822
@calls 0 60823
@calls 0 60824
@calls 0 60825
@calls 0 60826
@calls 0 60827
@calls 0 60828
@calls 0 60829
@calls 0 60830
@calls 0 60831
@calls 0 60832
@calls 0 60833
@calls 0 60834
@calls 0 60835
@calls 0 60836
@calls 0 60837
@calls 0 60838
@calls 0 60839
@calls 0 60840
@calls 0 60841
@calls 0 60842
@calls 0 60843
@calls 0 60844
@calls 0 60845
@calls 0 60846
@calls 0 60847
@calls 0 60848
@calls 0 60849
@calls 0 60850
@calls 0 60851
@calls 0 60852
@calls 0 60853
@calls 0 60854
@calls 0 60855
@calls 0 60856
@calls 0 60857
@calls 0 60858
@calls 0 60859
@calls 0 60860
@calls 0 60861
@calls 0 60862
@calls 0 60863
@calls 0 60864
@calls 0 60865
@calls 0 60866
@calls 0 60867
@calls 0 60868
@calls 0 60869
@calls 0 60870
@calls 0 60871
@calls 0 60872
@calls 0 60873
@calls 0 60874
@calls 0 60875
@calls 0 60876
@calls 0 60877
@calls 0 60878
@calls 0 60879
@calls 0 60880
@calls 0 60881
@calls 0 60882
@calls 0 60883
@calls 0 60884
@calls 0 60885
@calls 0 60886
@calls 0 60887
@calls 0 60888
@calls 0 60889
@calls 0 60890
@calls 0 60891
@calls 0 60892
@calls 0 60893
@calls 0 60894
@calls 0 60895
@calls 0 60896
@calls 0 60897
@calls 0 60898
@calls 0 60899
@calls 0 60900
@calls 0 60901
@calls 0 60902
@calls 0 60903
@calls 0 60904
@calls 0 60905
@calls 0 60906
@calls 0 60907
@calls 0 60908
@calls 0 60909
@calls 0 60910
@calls 0 60911
@calls 0 60912
@calls 0 60913
@calls 0 60914
@calls 0 60915
@calls 0 60916
@calls 0 60917
@calls 0 60918
@calls 0 60919
@calls 0 60920
@calls 0 60921
@calls 0 60922
@calls 0 60923
@calls 0 60924
@calls 0 60925
@calls 0 60926
@calls 0 60927
@calls 0 60928
@calls 0 60929
@calls 0 60930
@calls 0 60931
@calls 0 60932
@calls 0 60933
@calls 0 60934
@calls 0 60935
@calls 0 60936
@calls 0 60937
@calls 0 60938
@calls 0 60939
@calls 0 60940
@calls 0 60941
@calls 0 60942
@calls 0 60943
@calls 0 60944
@calls 0 60945
@calls 0 60946
@calls 0 60947
@calls 0 60948
@calls 0 60949
@calls 0 60950
@calls 0 60951
@calls 0 60952
@calls 0 60953
@calls 0 60954
@calls 0 60955
@calls 0 60956
@calls 0 60957
@calls 0 60958
@calls 0 60959
@calls 0 60960
@calls 0 60961
@calls 0 60962
@calls 0 60963
@calls 0 60964
@calls 0 60965
@calls 0 60966
@calls 0 60967
@calls 0 60968
@calls 0 60969
@calls 0 60970
@calls 0 60971
@calls 0 60972
@calls 0 60973
@calls 0 60974
@calls 0 60975
@calls 0 60976
@calls 0 60977
@calls 0 60978
@calls 0 60979
@calls 0 60980
@calls 0 60981
@calls 0 60982
@calls 0 60983
@calls 0 60984
@calls 0 60985
@calls 0 60986
@calls 0 60987
@calls 0 60988
@calls 0 60989
@calls 0 60990
@calls 0 60991
@calls 0 60992
@calls 0 60993
@calls 0 60994
@calls 0 60995
@calls 0 60996
@calls 0 60997
@calls 0 60998
@calls 0 60999
@calls 0 61000
@calls 0 61001
@calls 0 61002
@calls 0 61003
@calls 0 61004
@calls 0 61005
@calls 0 61006
@calls 0 61007
@calls 0 61008
@calls 0 61009
@calls 0 61010
@calls 0 61011
@calls 0 61012
@calls 0 61013
@calls 0 61014
@calls 0 61015
@calls 0 61016
@calls 0 61017
@calls 0 61018
@calls 0 61019
@calls 0 61020
@calls 0 61021
@calls 0 61022
@calls 0 61023
@calls 0 61024
@calls 0 61025
@calls 0 61026
@calls 0 61027
@calls 0 61028
@calls 0 61029
@calls 0 61030
@calls 0 61031
@calls 0 61032
@calls 0 61033
@calls 0 61034
@calls 0 61035
@calls 0 61036
@calls 0 61037
@calls 0 61038
@calls 0 61039
@calls 0 61040
@calls 0 61041
@calls 0 61042
@calls 0 61043
@calls 0 61044
@calls 0 61045
@calls 0 61046
@calls 0 61047
@calls 0 61048
@calls 0 61049
@calls 0 61050
@calls 0 61051
@calls 0 61052
@calls 0 61053
@calls 0 61054
@calls 0 61055
@calls 0 61056
@calls 0 61057
@calls 0 61058
@calls 0 61059
@calls 0 61060
@calls 0 61061
@calls 0 61062
@calls 0 61063
@calls 0 61064
@calls 0 61065
@calls 0 61066
@calls 0 61067
@calls 0 61068
@calls 0 61069
@calls 0 61070
@calls 0 61071
@calls 0 61072
@calls 0 61073
@calls 0 61074
@calls 0 61075
@calls 0 61076
@calls 0 61077
@calls 0 61078
@calls 0 61079
@calls 0 61080
@calls 0 61081
@calls 0 61082
@calls 0 61083
@calls 0 61084
@calls 0 61085
@calls 0 61086
@calls 0 61087
@calls 0 61088
@calls 0 61089
@calls 0 61090
@calls 0 61091
@calls 0 61092
@calls 0 61093
@calls 0 61094
@calls 0 61095
@calls 0 61096
@calls 0 61097
@calls 0 61098
@calls 0 61099
@calls 0 61100
@calls 0 61101
@calls 0 61102
@calls 0 61103
@calls 0 61104
@calls 0 61105
@calls 0 61106
@calls 0 61107
@calls 0 61108
@calls 0 61109
@calls 0 61110
@calls 0 61111
@calls 0 61112
@calls 0 61113
@calls 0 61114
@calls 0 61115
@calls 0 61116
@calls 0 61117
@calls 0 61118
@calls 0 61119
@calls 0 61120
@calls 0 61121
@calls 0 61122
@calls 0 61123
@calls 0 61124
@calls 0 61125
@calls 0 61126
@calls 0 61127
@calls 0 61128
@calls 0 61129
@calls 0 61130
@calls 0 61131
@calls 0 61132
@calls 0 61133
@calls 0 61134
@calls 0 61135
@calls 0 61136
@calls 0 61137
@calls 0 61138
@calls 0 61139
@calls 0 61140
@calls 0 61141
@calls 0 61142
@calls 0 61143
@calls 0 61144
@calls 0 61145
@calls 0 61146
@calls 0 61147
@calls 0 61148
@calls 0 61149
@calls 0 61150
@calls 0 61151
@calls 0 61152
@calls 0 61153
@calls 0 61154
@calls 0 61155
@calls 0 61156
@calls 0 61157
@calls 0 61158
@calls 0 61159
@calls 0 61160
@calls 0 61161
@calls 0 61162
@calls 0 61163
@calls 0 61164
@calls 0 61165
@calls 0 61166
@calls 0 61167
@calls 0 61168
@calls 0 61169
@calls 0 61170
@calls 0 61171
@calls 0 61172
@calls 0 61173
@calls 0 61174
@calls 0 61175
@calls 0 61176
@calls 0 61177
@calls 0 61178
@calls 0 61179
@calls 0 61180
@calls 0 61181
@calls 0 61182
@calls 0 61183
@calls 0 61184
@calls 0 61185
@calls 0 61186
@calls 0 61187
@calls 0 61188
@calls 0 61189
@calls 0 61190
@calls 0 61191
@calls 0 61192
@calls 0 61193
@calls 0 61194
@calls 0 61195
@calls 0 61196
@calls 0 61197
@calls 0 61198
@calls 0 61199
@calls 0 61200
@calls 0 61201
@calls 0 61202
@calls 0 61203
@calls 0 61204
@calls 0 61205
@calls 0 61206
@calls 0 61207
@calls 0 61208
@calls 0 61209
@calls 0 61210
@calls 0 61211
@calls 0 61212
@calls 0 61213
@calls 0 61214
@calls 0 61215
@calls 0 61216
@calls 0 61217
@calls 0 61218
@calls 0 61219
@calls 0 61220
@calls 0 61221
@calls 0 61222
@calls 0 61223
@calls 0 61224
@calls 0 61225
@calls 0 61226
@calls 0 61227
@calls 0 61228
@calls 0 61229
@calls 0 61230
@calls 0 61231
@calls 0 61232
@calls 0 61233
@calls 0 61234
@calls 0 61235
@calls 0 61236
@calls 0 61237
@calls 0 61238
@calls 0 61239
@calls 0 61240
@calls 0 61241
@calls 0 61242
@calls 0 61243
@calls 0 61244
@calls 0 61245
@calls 0 61246
@calls 0 61247
@calls 0 61248
@calls 0 61249
@calls 0 61250
@calls 0 61251
@calls 0 61252
@calls 0 61253
@calls 0 61254
@calls 0 61255
@calls 0 61256
@calls 0 61257
@calls 0 61258
@calls 0 61259
@calls 0 61260
@calls 0 61261
@calls 0 61262
@calls 0 61263
@calls 0 61264
@calls 0 61265
@calls 0 61266
@calls 0 61267
@calls 0 61268
@calls 0 61269
@calls 0 61270
@calls 0 61271
@calls 0 61272
@calls 0 61273
@calls 0 61274
@calls 0 61275
@calls 0 61276
@calls 0 61277
@calls 0 61278
@calls 0 61279
@calls 0 61280
@calls 0 61281
@calls 0 61282
@calls 0 61283
@calls 0 61284
@calls 0 61285
@calls 0 61286
@calls 0 61287
@calls 0 61288
@calls 0 61289
@calls 0 61290
@calls 0 61291
@calls 0 61292
@calls 0 61293
@calls 0 61294
@calls 0 61295
@calls 0 61296
@calls 0 61297
@calls 0 61298
@calls 0 61299
@calls 0 61300
@calls 0 61301
@calls 0 61302
@calls 0 61303
@calls 0 61304
@calls 0 61305
@calls 0 61306
@calls 0 61307
@calls 0 61308
@calls 0 61309
@calls 0 61310
@calls 0 61311
@calls 0 61312
@calls 0 61313
@calls 0 61314
@calls 0 61315
@calls 0 61316
@calls 0 61317
@calls 0 61318
@calls 0 61319
@calls 0 61320
@calls 0 61321
@calls 0 61322
@calls 0 61323
@calls 0 61324
@calls 0 61325
@calls 0 61326
@calls 0 61327
@calls 0 61328
@calls 0 61329
@calls 0 61330
@calls 0 61331
@calls 0 61332
@calls 0 61333
@calls 0 61334
@calls 0 61335
@calls 0 61336
@calls 0 61337
@calls 0 61338
@calls 0 61339
@calls 0 61340
@calls 0 61341
@calls 0 61342
@calls 0 61343
@calls 0 61344
@calls 0 61345
@calls 0 61346
@calls 0 61347
@calls 0 61348
@calls 0 61349
@calls 0 61350
@calls 0 61351
@calls 0 61352
@calls 0 61353
@calls 0 61354
@calls 0 61355
@calls 0 61356
@calls 0 61357
@calls 0 61358
@calls 0 61359
@calls 0 61360
@calls 0 61361
@calls 0 61362
@calls 0 61363
@calls 0 61364
@calls 0 61365
@calls 0 61366
@calls 0 61367
@calls 0 61368
@calls 0 61369
@calls 0 61370
@calls 0 61371
@calls 0 61372
@calls 0 61373
@calls 0 61374
@calls 0 61375
@calls 0 61376
@calls 0 61377
@calls 0 61378
@calls 0 61379
@calls 0 61380
@calls 0 61381
@calls 0 61382
@calls 0 61383
@calls 0 61384
@calls 0 61385
@calls 0 61386
@calls 0 61387
@calls 0 61388
@calls 0 61389
@calls 0 61390
@calls 0 61391
@calls 0 61392
@calls 0 61393
@calls 0 61394
@calls 0 61395
@calls 0 61396
@calls 0 61397
@calls 0 61398
@calls 0 61399
@calls 0 61400
@calls 0 61401
@calls 0 61402
@calls 0 61403
@calls 0 61404
@calls 0 61405
@calls 0 61406
@calls 0 61407
@calls 0 61408
@calls 0 61409
@calls 0 61410
@calls 0 61411
@calls 0 61412
@calls 0 61413
@calls 0 61414
@calls 0 61415
@calls 0 61416
@calls 0 61417
@calls 0 61418
@calls 0 61419
@calls 0 61420
@calls 0 61421
@calls 0 61422
@calls 0 61423
@calls 0 61424
@calls 0 61425
@calls 0 61426
@calls 0 61427
@calls 0 61428
@calls 0 61429
@calls 0 61430
@calls 0 61431
@calls 0 61432
@calls 0 61433
@calls 0 61434
@calls 0 61435
@calls 0 61436
@calls 0 61437
@calls 0 61438
@calls 0 61439
@calls 0 61440
@calls 0 61441
@calls 0 61442
@calls 0 61443
@calls 0 61444
@calls 0 61445
@calls 0 61446
@calls 0 61447
@calls 0 61448
@calls 0 61449
@calls 0 61450
@calls 0 61451
@calls 0 61452
@calls 0 61453
@calls 0 61454
@calls 0 61455
@calls 0 61456
@calls 0 61457
@calls 0 61458
@calls 0 61459
@calls 0 61460
@calls 0 61461
@calls 0 61462
@calls 0 61463
@calls 0 61464
@calls 0 61465
@calls 0 61466
@calls 0 61467
@calls 0 61468
@calls 0 61469
@calls 0 61470
@calls 0 61471
@calls 0 61472
@calls 0 61473
@calls 0 61474
@calls 0 61475
@calls 0 61476
@calls 0 61477
@calls 0 61478
@calls 0 61479
@calls 0 61480
@calls 0 61481
@calls 0 61482
@calls 0 61483
@calls 0 61484
@calls 0 61485
@calls 0 61486
@calls 0 61487
@calls 0 61488
@calls 0 61489
@calls 0 61490
@calls 0 61491
@calls 0 61492
@calls 0 61493
@calls 0 61494
@calls 0 61495
@calls 0 61496
@calls 0 61497
@calls 0 61498
@calls 0 61499
@calls 0 61500
@calls 0 61501
@calls 0 61502
@calls 0 61503
@calls 0 61504
@calls 0 61505
@calls 0 61506
@calls 0 61507
@calls 0 61508
@calls 0 61509
@calls 0 61510
@calls 0 61511
@calls 0 61512
@calls 0 61513
@calls 0 61514
@calls 0 61515
@calls 0 61516
@calls 0 61517
@calls 0 61518
@calls 0 61519
@calls 0 61520
@calls 0 61521
@calls 0 61522
@calls 0 61523
@calls 0 61524
@calls 0 61525
@calls 0 61526
@calls 0 61527
@calls 0 61528
@calls 0 61529
@calls 0 61530
@calls 0 61531
@calls 0 61532
@calls 0 61533
@calls 0 61534
@calls 0 61535
@calls 0 61536
@calls 0 61537
@calls 0 61538
@calls 0 61539
@calls 0 61540
@calls 0 61541
@calls 0 61542
@calls 0 61543
@calls 0 61544
@calls 0 61545
@calls 0 61546
@calls 0 61547
@calls 0 61548
@calls 0 61549
@calls 0 61550
@calls 0 61551
@calls 0 61552
@calls 0 61553
@calls 0 61554
@calls 0 61555
@calls 0 61556
@calls 0 61557
@calls 0 61558
@calls 0 61559
@calls 0 61560
@calls 0 61561
@calls 0 61562
@calls 0 61563
@calls 0 61564
@calls 0 61565
@calls 0 61566
@calls 0 61567
@calls 0 61568
@calls 0 61569
@calls 0 61570
@calls 0 61571
@calls 0 61572
@calls 0 61573
@calls 0 61574
@calls 0 61575
@calls 0 61576
@calls 0 61577
@calls 0 61578
@calls 0 61579
@calls 0 61580
@calls 0 61581
@calls 0 61582
@calls 0 61583
@calls 0 61584
@calls 0 61585
@calls 0 61586
@calls 0 61587
@calls 0 61588
@calls 0 61589
@calls 0 61590
@calls 0 61591
@calls 0 61592
@calls 0 61593
@calls 0 61594
@calls 0 61595
@calls 0 61596
@calls 0 61597
@calls 0 61598
@calls 0 61599
@calls 0 61600
@calls 0 61601
@calls 0 61602
@calls 0 61603
@calls 0 61604
@calls 0 61605
@calls 0 61606
@calls 0 61607
@calls 0 61608
@calls 0 61609
@calls 0 61610
@calls 0 61611
@calls 0 61612
@calls 0 61613
@calls 0 61614
@calls 0 61615
@calls 0 61616
@calls 0 61617
@calls 0 61618
@calls 0 61619
@calls 0 61620
@calls 0 61621
@calls 0 61622
@calls 0 61623
@calls 0 61624
@calls 0 61625
@calls 0 61626
@calls 0 61627
@calls 0 61628
@calls 0 61629
@calls 0 61630
@calls 0 61631
@calls 0 61632
@calls 0 61633
@calls 0 61634
@calls 0 61635
@calls 0 61636
@calls 0 61637
@calls 0 61638
@calls 0 61639
@calls 0 61640
@calls 0 61641
@calls 0 61642
@calls 0 61643
@calls 0 61644
@calls 0 61645
@calls 0 61646
@calls 0 61647
@calls 0 61648
@calls 0 61649
@calls 0 61650
@calls 0 61651
@calls 0 61652
@calls 0 61653
@calls 0 61654
@calls 0 61655
@calls 0 61656
@calls 0 61657
@calls 0 61658
@calls 0 61659
@calls 0 61660
@calls 0 61661
@calls 0 61662
@calls 0 61663
@calls 0 61664
@calls 0 61665
@calls 0 61666
@calls 0 61667
@calls 0 61668
@calls 0 61669
@calls 0 61670
@calls 0 61671
@calls 0 61672
@calls 0 61673
@calls 0 61674
@calls 0 61675
@calls 0 61676
@calls 0 61677
@calls 0 61678
@calls 0 61679
@calls 0 61680
@calls 0 61681
@calls 0 61682
@calls 0 61683
@calls 0 61684
@calls 0 61685
@calls 0 61686
@calls 0 61687
@calls 0 61688
@calls 0 61689
@calls 0 61690
@calls 0 61691
@calls 0 61692
@calls 0 61693
@calls 0 61694
@calls 0 61695
@calls 0 61696
@calls 0 61697
@calls 0 61698
@calls 0 61699
@calls 0 61700
@calls 0 61701
@calls 0 61702
@calls 0 61703
@calls 0 61704
@calls 0 61705
@calls 0 61706
@calls 0 61707
@calls 0 61708
@calls 0 61709
@calls 0 61710
@calls 0 61711
@calls 0 61712
@calls 0 61713
@calls 0 61714
@calls 0 61715
@calls 0 61716
@calls 0 61717
@calls 0 61718
@calls 0 61719
@calls 0 61720
@calls 0 61721
@calls 0 61722
@calls 0 61723
@calls 0 61724
@calls 0 61725
@calls 0 61726
@calls 0 61727
@calls 0 61728
@calls 0 61729
@calls 0 61730
@calls 0 61731
@calls 0 61732
@calls 0 61733
@calls 0 61734
@calls 0 61735
@calls 0 61736
@calls 0 61737
@calls 0 61738
@calls 0 61739
@calls 0 61740
@calls 0 61741
@calls 0 61742
@calls 0 61743
@calls 0 61744
@calls 0 61745
@calls 0 61746
@calls 0 61747
@calls 0 61748
@calls 0 61749
@calls 0 61750
@calls 0 61751
@calls 0 61752
@calls 0 61753
@calls 0 61754
@calls 0 61755
@calls 0 61756
@calls 0 61757
@calls 0 61758
@calls 0 61759
@calls 0 61760
@calls 0 61761
@calls 0 61762
@calls 0 61763
@calls 0 61764
@calls 0 61765
@calls 0 61766
@calls 0 61767
@calls 0 61768
@calls 0 61769
@calls 0 61770
@calls 0 61771
@calls 0 61772
@calls 0 61773
@calls 0 61774
@calls 0 61775
@calls 0 61776
@calls 0 61777
@calls 0 61778
@calls 0 61779
@calls 0 61780
@calls 0 61781
@calls 0 61782
@calls 0 61783
@calls 0 61784
@calls 0 61785
@calls 0 61786
@calls 0 61787
@calls 0 61788
@calls 0 61789
@calls 0 61790
@calls 0 61791
@calls 0 61792
@calls 0 61793
@calls 0 61794
@calls 0 61795
@calls 0 61796
@calls 0 61797
@calls 0 61798
@calls 0 61799
@calls 0 61800
@calls 0 61801
@calls 0 61802
@calls 0 61803
@calls 0 61804
@calls 0 61805
@calls 0 61806
@calls 0 61807
@calls 0 61808
@calls 0 61809
@calls 0 61810
@calls 0 61811
@calls 0 61812
@calls 0 61813
@calls 0 61814
@calls 0 61815
@calls 0 61816
@calls 0 61817
@calls 0 61818
@calls 0 61819
@calls 0 61820
@calls 0 61821
@calls 0 61822
@calls 0 61823
@calls 0 61824
@calls 0 61825
@calls 0 61826
@calls 0 61827
@calls 0 61828
@calls 0 61829
@calls 0 61830
@calls 0 61831
@calls 0 61832
@calls 0 61833
@calls 0 61834
@calls 0 61835
@calls 0 61836
@calls 0 61837
@calls 0 61838
@calls 0 61839
@calls 0 61840
@calls 0 61841
@calls 0 61842
@calls 0 61843
@calls 0 61844
@calls 0 61845
@calls 0 61846
@calls 0 61847
@calls 0 61848
@calls 0 61849
@calls 0 61850
@calls 0 61851
@calls 0 61852
@calls 0 61853
@calls 0 61854
@calls 0 61855
@calls 0 61856
@calls 0 61857
@calls 0 61858
@calls 0 61859
@calls 0 61860
@calls 0 61861
@calls 0 61862
@calls 0 61863
@calls 0 61864
@calls 0 61865
@calls 0 61866
@calls 0 61867
@calls 0 61868
@calls 0 61869
@calls 0 61870
@calls 0 61871
@calls 0 61872
@calls 0 61873
@calls 0 61874
@calls 0 61875
@calls 0 61876
@calls 0 61877
@calls 0 61878
@calls 0 61879
@calls 0 61880
@calls 0 61881
@calls 0 61882
@calls 0 61883
@calls 0 61884
@calls 0 61885
@calls 0 61886
@calls 0 61887
@calls 0 61888
@calls 0 61889
@calls 0 61890
@calls 0 61891
@calls 0 61892
@calls 0 61893
@calls 0 61894
@calls 0 61895
@calls 0 61896
@calls 0 61897
@calls 0 61898
@calls 0 61899
@calls 0 61900
@calls 0 61901
@calls 0 61902
@calls 0 61903
@calls 0 61904
@calls 0 61905
@calls 0 61906
@calls 0 61907
@calls 0 61908
@calls 0 61909
@calls 0 61910
@calls 0 61911
@calls 0 61912
@calls 0 61913
@calls 0 61914
@calls 0 61915
@calls 0 61916
@calls 0 61917
@calls 0 61918
@calls 0 61919
@calls 0 61920
@calls 0 61921
@calls 0 61922
@calls 0 61923
@calls 0 61924
@calls 0 61925
@calls 0 61926
@calls 0 61927
@calls 0 61928
@calls 0 61929
@calls 0 61930
@calls 0 61931
@calls 0 61932
@calls 0 61933
@calls 0 61934
@calls 0 61935
@calls 0 61936
@calls 0 61937
@calls 0 61938
@calls 0 61939
@calls 0 61940
@calls 0 61941
@calls 0 61942
@calls 0 61943
@calls 0 61944
@calls 0 61945
@calls 0 61946
@calls 0 61947
@calls 0 61948
@calls 0 61949
@calls 0 61950
@calls 0 61951
@calls 0 61952
@calls 0 61953
@calls 0 61954
@calls 0 61955
@calls 0 61956
@calls 0 61957
@calls 0 61958
@calls 0 61959
@calls 0 61960
@calls 0 61961
@calls 0 61962
@calls 0 61963
@calls 0 61964
@calls 0 61965
@calls 0 61966
@calls 0 61967
@calls 0 61968
@calls 0 61969
@calls 0 61970
@calls 0 61971
@calls 0 61972
@calls 0 61973
@calls 0 61974
@calls 0 61975
@calls 0 61976
@calls 0 61977
@calls 0 61978
@calls 0 61979
@calls 0 61980
@calls 0 61981
@calls 0 61982
@calls 0 61983
@calls 0 61984
@calls 0 61985
@calls 0 61986
@calls 0 61987
@calls 0 61988
@calls 0 61989
@calls 0 61990
@calls 0 61991
@calls 0 61992
@calls 0 61993
@calls 0 61994
@calls 0 61995
@calls 0 61996
@calls 0 61997
@calls 0 61998
@calls 0 61999
@calls 0 62000
@calls 0 62001
@calls 0 62002
@calls 0 62003
@calls 0 62004
@calls 0 62005
@calls 0 62006
@calls 0 62007
@calls 0 62008
@calls 0 62009
@calls 0 62010
@calls 0 62011
@calls 0 62012
@calls 0 62013
@calls 0 62014
@calls 0 62015
@calls 0 62016
@calls 0 62017
@calls 0 62018
@calls 0 62019
@calls 0 62020
@calls 0 62021
@calls 0 62022
@calls 0 62023
@calls 0 62024
@calls 0 62025
@calls 0 62026
@calls 0 62027
@calls 0 62028
@calls 0 62029
@calls 0 62030
@calls 0 62031
@calls 0 62032
@calls 0 62033
@calls 0 62034
@calls 0 62035
@calls 0 62036
@calls 0 62037
@calls 0 62038
@calls 0 62039
@calls 0 62040
@calls 0 62041
@calls 0 62042
@calls 0 62043
@calls 0 62044
@calls 0 62045
@calls 0 62046
@calls 0 62047
@calls 0 62048
@calls 0 62049
@calls 0 62050
@calls 0 62051
@calls 0 62052
@calls 0 62053
@calls 0 62054
@calls 0 62055
@calls 0 62056
@calls 0 62057
@calls 0 62058
@calls 0 62059
@calls 0 62060
@calls 0 62061
@calls 0 62062
@calls 0 62063
@calls 0 62064
@calls 0 62065
@calls 0 62066
@calls 0 62067
@calls 0 62068
@calls 0 62069
@calls 0 62070
@calls 0 62071
@calls 0 62072
@calls 0 62073
@calls 0 62074
@calls 0 62075
@calls 0 62076
@calls 0 62077
@calls 0 62078
@calls 0 62079
@calls 0 62080
@calls 0 62081
@calls 0 62082
@calls 0 62083
@calls 0 62084
@calls 0 62085
@calls 0 62086
@calls 0 62087
@calls 0 62088
@calls 0 62089
@calls 0 62090
@calls 0 62091
@calls 0 62092
@calls 0 62093
@calls 0 62094
@calls 0 62095
@calls 0 62096
@calls 0 62097
@calls 0 62098
@calls 0 62099
@calls 0 62100
@calls 0 62101
@calls 0 62102
@calls 0 62103
@calls 0 62104
@calls 0 62105
@calls 0 62106
@calls 0 62107
@calls 0 62108
@calls 0 62109
@calls 0 62110
@calls 0 62111
@calls 0 62112
@calls 0 62113
@calls 0 62114
@calls 0 62115
@calls 0 62116
@calls 0 62117
@calls 0 62118
@calls 0 62119
@calls 0 62120
@calls 0 62121
@calls 0 62122
@calls 0 62123
@calls 0 62124
@calls 0 62125
@calls 0 62126
@calls 0 62127
@calls 0 62128
@calls 0 62129
@calls 0 62130
@calls 0 62131
@calls 0 62132
@calls 0 62133
@calls 0 62134
@calls 0 62135
@calls 0 62136
@calls 0 62137
@calls 0 62138
@calls 0 62139
@calls 0 62140
@calls 0 62141
@calls 0 62142
@calls 0 62143
@calls 0 62144
@calls 0 62145
@calls 0 62146
@calls 0 62147
@calls 0 62148
@calls 0 62149
@calls 0 62150
@calls 0 62151
@calls 0 62152
@calls 0 62153
@calls 0 62154
@calls 0 62155
@calls 0 62156
@calls 0 62157
@calls 0 62158
@calls 0 62159
@calls 0 62160
@calls 0 62161
@calls 0 62162
@calls 0 62163
@calls 0 62164
@calls 0 62165
@calls 0 62166
@calls 0 62167
@calls 0 62168
@calls 0 62169
@calls 0 62170
@calls 0 62171
@calls 0 62172
@calls 0 62173
@calls 0 62174
@calls 0 62175
@calls 0 62176
@calls 0 62177
@calls 0 62178
@calls 0 62179
@calls 0 62180
@calls 0 62181
@calls 0 62182
@calls 0 62183
@calls 0 62184
@calls 0 62185
@calls 0 62186
@calls 0 62187
@calls 0 62188
@calls 0 62189
@calls 0 62190
@calls 0 62191
@calls 0 62192
@calls 0 62193
@calls 0 62194
@calls 0 62195
@calls 0 62196
@calls 0 62197
@calls 0 62198
@calls 0 62199
@calls 0 62200
@calls 0 62201
@calls 0 62202
@calls 0 62203
@calls 0 62204
@calls 0 62205
@calls 0 62206
@calls 0 62207
@calls 0 62208
@calls 0 62209
@calls 0 62210
@calls 0 62211
@calls 0 62212
@calls 0 62213
@calls 0 62214
@calls 0 62215
@calls 0 62216
@calls 0 62217
@calls 0 62218
@calls 0 62219
@calls 0 62220
@calls 0 62221
@calls 0 62222
@calls 0 62223
@calls 0 62224
@calls 0 62225
@calls 0 62226
@calls 0 62227
@calls 0 62228
@calls 0 62229
@calls 0 62230
@calls 0 62231
@calls 0 62232
@calls 0 62233
@calls 0 62234
@calls 0 62235
@calls 0 62236
@calls 0 62237
@calls 0 62238
@calls 0 62239
@calls 0 62240
@calls 0 62241
@calls 0 62242
@calls 0 62243
@calls 0 62244
@calls 0 62245
@calls 0 62246
@calls 0 62247
@calls 0 62248
@calls 0 62249
@calls 0 62250
@calls 0 62251
@calls 0 62252
@calls 0 62253
@calls 0 62254
@calls 0 62255
@calls 0 62256
@calls 0 62257
@calls 0 62258
@calls 0 62259
@calls 0 62260
@calls 0 62261
@calls 0 62262
@calls 0 62263
@calls 0 62264
@calls 0 62265
@calls 0 62266
@calls 0 62267
@calls 0 62268
@calls 0 62269
@calls 0 62270
@calls 0 62271
@calls 0 62272
@calls 0 62273
@calls 0 62274
@calls 0 62275
@calls 0 62276
@calls 0 62277
@calls 0 62278
@calls 0 62279
@calls 0 62280
@calls 0 62281
@calls 0 62282
@calls 0 62283
@calls 0 62284
@calls 0 62285
@calls 0 62286
@calls 0 62287
@calls 0 62288
@calls 0 62289
@calls 0 62290
@calls 0 62291
@calls 0 62292
@calls 0 62293
@calls 0 62294
@calls 0 62295
@calls 0 62296
@calls 0 62297
@calls 0 62298
@calls 0 62299
@calls 0 62300
@calls 0 62301
@calls 0 62302
@calls 0 62303
@calls 0 62304
@calls 0 62305
@calls 0 62306
@calls 0 62307
@calls 0 62308
@calls 0 62309
@calls 0 62310
@calls 0 62311
@calls 0 62312
@calls 0 62313
@calls 0 62314
@calls 0 62315
@calls 0 62316
@calls 0 62317
@calls 0 62318
@calls 0 62319
@calls 0 62320
@calls 0 62321
@calls 0 62322
@calls 0 62323
@calls 0 62324
@calls 0 62325
@calls 0 62326
@calls 0 62327
@calls 0 62328
@calls 0 62329
@calls 0 62330
@calls 0 62331
@calls 0 62332
@calls 0 62333
@calls 0 62334
@calls 0 62335
@calls 0 62336
@calls 0 62337
@calls 0 62338
@calls 0 62339
@calls 0 62340
@calls 0 62341
@calls 0 62342
@calls 0 62343
@calls 0 62344
@calls 0 62345
@calls 0 62346
@calls 0 62347
@calls 0 62348
@calls 0 62349
@calls 0 62350
@calls 0 62351
@calls 0 62352
@calls 0 62353
@calls 0 62354
@calls 0 62355
@calls 0 62356
@calls 0 62357
@calls 0 62358
@calls 0 62359
@calls 0 62360
@calls 0 62361
@calls 0 62362
@calls 0 62363
@calls 0 62364
@calls 0 62365
@calls 0 62366
@calls 0 62367
@calls 0 62368
@calls 0 62369
@calls 0 62370
@calls 0 62371
@calls 0 62372
@calls 0 62373
@calls 0 62374
@calls 0 62375
@calls 0 62376
@calls 0 62377
@calls 0 62378
@calls 0 62379
@calls 0 62380
@calls 0 62381
@calls 0 62382
@calls 0 62383
@calls 0 62384
@calls 0 62385
@calls 0 62386
@calls 0 62387
@calls 0 62388
@calls 0 62389
@calls 0 62390
@calls 0 62391
@calls 0 62392
@calls 0 62393
@calls 0 62394
@calls 0 62395
@calls 0 62396
@calls 0 62397
@calls 0 62398
@calls 0 62399
@calls 0 62400
@calls 0 62401
@calls 0 62402
@calls 0 62403
@calls 0 62404
@calls 0 62405
@calls 0 62406
@calls 0 62407
@calls 0 62408
@calls 0 62409
@calls 0 62410
@calls 0 62411
@calls 0 62412
@calls 0 62413
@calls 0 62414
@calls 0 62415
@calls 0 62416
@calls 0 62417
@calls 0 62418
@calls 0 62419
@calls 0 62420
@calls 0 62421
@calls 0 62422
@calls 0 62423
@calls 0 62424
@calls 0 62425
@calls 0 62426
@calls 0 62427
@calls 0 62428
@calls 0 62429
@calls 0 62430
@calls 0 62431
@calls 0 62432
@calls 0 62433
@calls 0 62434
@calls 0 62435
@calls 0 62436
@calls 0 62437
@calls 0 62438
@calls 0 62439
@calls 0 62440
@calls 0 62441
@calls 0 62442
@calls 0 62443
@calls 0 62444
@calls 0 62445
@calls 0 62446
@calls 0 62447
@calls 0 62448
@calls 0 62449
@calls 0 62450
@calls 0 62451
@calls 0 62452
@calls 0 62453
@calls 0 62454
@calls 0 62455
@calls 0 62456
@calls 0 62457
@calls 0 62458
@calls 0 62459
@calls 0 62460
@calls 0 62461
@calls 0 62462
@calls 0 62463
@calls 0 62464
@calls 0 62465
@calls 0 62466
@calls 0 62467
@calls 0 62468
@calls 0 62469
@calls 0 62470
@calls 0 62471
@calls 0 62472
@calls 0 62473
@calls 0 62474
@calls 0 62475
@calls 0 62476
@calls 0 62477
@calls 0 62478
@calls 0 62479
@calls 0 62480
@calls 0 62481
@calls 0 62482
@calls 0 62483
@calls 0 62484
@calls 0 62485
@calls 0 62486
@calls 0 62487
@calls 0 62488
@calls 0 62489
@calls 0 62490
@calls 0 62491
@calls 0 62492
@calls 0 62493
@calls 0 62494
@calls 0 62495
@calls 0 62496
@calls 0 62497
@calls 0 62498
@calls 0 62499
@calls 0 62500
@calls 0 62501
@calls 0 62502
@calls 0 62503
@calls 0 62504
@calls 0 62505
@calls 0 62506
@calls 0 62507
@calls 0 62508
@calls 0 62509
@calls 0 62510
@calls 0 62511
@calls 0 62512
@calls 0 62513
@calls 0 62514
@calls 0 62515
@calls 0 62516
@calls 0 62517
@calls 0 62518
@calls 0 62519
@calls 0 62520
@calls 0 62521
@calls 0 62522
@calls 0 62523
@calls 0 62524
@calls 0 62525
@calls 0 62526
@calls 0 62527
@calls 0 62528
@calls 0 62529
@calls 0 62530
@calls 0 62531
@calls 0 62532
@calls 0 62533
@calls 0 62534
@calls 0 62535
@calls 0 62536
@calls 0 62537
@calls 0 62538
@calls 0 62539
@calls 0 62540
@calls 0 62541
@calls 0 62542
@calls 0 62543
@calls 0 62544
@calls 0 62545
@calls 0 62546
@calls 0 62547
@calls 0 62548
@calls 0 62549
@calls 0 62550
@calls 0 62551
@calls 0 62552
@calls 0 62553
@calls 0 62554
@calls 0 62555
@calls 0 62556
@calls 0 62557
@calls 0 62558
@calls 0 62559
@calls 0 62560
@calls 0 62561
@calls 0 62562
@calls 0 62563
@calls 0 62564
@calls 0 62565
@calls 0 62566
@calls 0 62567
@calls 0 62568
@calls 0 62569
@calls 0 62570
@calls 0 62571
@calls 0 62572
@calls 0 62573
@calls 0 62574
@calls 0 62575
@calls 0 62576
@calls 0 62577
@calls 0 62578
@calls 0 62579
@calls 0 62580
@calls 0 62581
@calls 0 62582
@calls 0 62583
@calls 0 62584
@calls 0 62585
@calls 0 62586
@calls 0 62587
@calls 0 62588
@calls 0 62589
@calls 0 62590
@calls 0 62591
@calls 0 62592
@calls 0 62593
@calls 0 62594
@calls 0 62595
@calls 0 62596
@calls 0 62597
@calls 0 62598
@calls 0 62599
@calls 0 62600
@calls 0 62601
@calls 0 62602
@calls 0 62603
@calls 0 62604
@calls 0 62605
@calls 0 62606
@calls 0 62607
@calls 0 62608
@calls 0 62609
@calls 0 62610
@calls 0 62611
@calls 0 62612
@calls 0 62613
@calls 0 62614
@calls 0 62615
@calls 0 62616
@calls 0 62617
@calls 0 62618
@calls 0 62619
@calls 0 62620
@calls 0 62621
@calls 0 62622
@calls 0 62623
@calls 0 62624
@calls 0 62625
@calls 0 62626
@calls 0 62627
@calls 0 62628
@calls 0 62629
@calls 0 62630
@calls 0 62631
@calls 0 62632
@calls 0 62633
@calls 0 62634
@calls 0 62635
@calls 0 62636
@calls 0 62637
@calls 0 62638
@calls 0 62639
@calls 0 62640
@calls 0 62641
@calls 0 62642
@calls 0 62643
@calls 0 62644
@calls 0 62645
@calls 0 62646
@calls 0 62647
@calls 0 62648
@calls 0 62649
@calls 0 62650
@calls 0 62651
@calls 0 62652
@calls 0 62653
@calls 0 62654
@calls 0 62655
@calls 0 62656
@calls 0 62657
@calls 0 62658
@calls 0 62659
@calls 0 62660
@calls 0 62661
@calls 0 62662
@calls 0 62663
@calls 0 62664
@calls 0 62665
@calls 0 62666
@calls 0 62667
@calls 0 62668
@calls 0 62669
@calls 0 62670
@calls 0 62671
@calls 0 62672
@calls 0 62673
@calls 0 62674
@calls 0 62675
@calls 0 62676
@calls 0 62677
@calls 0 62678
@calls 0 62679
@calls 0 62680
@calls 0 62681
@calls 0 62682
@calls 0 62683
@calls 0 62684
@calls 0 62685
@calls 0 62686
@calls 0 62687
@calls 0 62688
@calls 0 62689
@calls 0 62690
@calls 0 62691
@calls 0 62692
@calls 0 62693
@calls 0 62694
@calls 0 62695
@calls 0 62696
@calls 0 62697
@calls 0 62698
@calls 0 62699
@calls 0 62700
@calls 0 62701
@calls 0 62702
@calls 0 62703
@calls 0 62704
@calls 0 62705
@calls 0 62706
@calls 0 62707
@calls 0 62708
@calls 0 62709
@calls 0 62710
@calls 0 62711
@calls 0 62712
@calls 0 62713
@calls 0 62714
@calls 0 62715
@calls 0 62716
@calls 0 62717
@calls 0 62718
@calls 0 62719
@calls 0 62720
@calls 0 62721
@calls 0 62722
@calls 0 62723
@calls 0 62724
@calls 0 62725
@calls 0 62726
@calls 0 62727
@calls 0 62728
@calls 0 62729
@calls 0 62730
@calls 0 62731
@calls 0 62732
@calls 0 62733
@calls 0 62734
@calls 0 62735
@calls 0 62736
@calls 0 62737
@calls 0 62738
@calls 0 62739
@calls 0 62740
@calls 0 62741
@calls 0 62742
@calls 0 62743
@calls 0 62744
@calls 0 62745
@calls 0 62746
@calls 0 62747
@calls 0 62748
@calls 0 62749
@calls 0 62750
@calls 0 62751
@calls 0 62752
@calls 0 62753
@calls 0 62754
@calls 0 62755
@calls 0 62756
@calls 0 62757
@calls 0 62758
@calls 0 62759
@calls 0 62760
@calls 0 62761
@calls 0 62762
@calls 0 62763
@calls 0 62764
@calls 0 62765
@calls 0 62766
@calls 0 62767
@calls 0 62768
@calls 0 62769
@calls 0 62770
@calls 0 62771
@calls 0 62772
@calls 0 62773
@calls 0 62774
@calls 0 62775
@calls 0 62776
@calls 0 62777
@calls 0 62778
@calls 0 62779
@calls 0 62780
@calls 0 62781
@calls 0 62782
@calls 0 62783
@calls 0 62784
@calls 0 62785
@calls 0 62786
@calls 0 62787
@calls 0 62788
@calls 0 62789
@calls 0 62790
@calls 0 62791
@calls 0 62792
@calls 0 62793
@calls 0 62794
@calls 0 62795
@calls 0 62796
@calls 0 62797
@calls 0 62798
@calls 0 62799
@calls 0 62800
@calls 0 62801
@calls 0 62802
@calls 0 62803
@calls 0 62804
@calls 0 62805
@calls 0 62806
@calls 0 62807
@calls 0 62808
@calls 0 62809
@calls 0 62810
@calls 0 62811
@calls 0 62812
@calls 0 62813
@calls 0 62814
@calls 0 62815
@calls 0 62816
@calls 0 62817
@calls 0 62818
@calls 0 62819
@calls 0 62820
@calls 0 62821
@calls 0 62822
@calls 0 62823
@calls 0 62824
@calls 0 62825
@calls 0 62826
@calls 0 62827
@calls 0 62828
@calls 0 62829
@calls 0 62830
@calls 0 62831
@calls 0 62832
@calls 0 62833
@calls 0 62834
@calls 0 62835
@calls 0 62836
@calls 0 62837
@calls 0 62838
@calls 0 62839
@calls 0 62840
@calls 0 62841
@calls 0 62842
@calls 0 62843
@calls 0 62844
@calls 0 62845
@calls 0 62846
@calls 0 62847
@calls 0 62848
@calls 0 62849
@calls 0 62850
@calls 0 62851
@calls 0 62852
@calls 0 62853
@calls 0 62854
@calls 0 62855
@calls 0 62856
@calls 0 62857
@calls 0 62858
@calls 0 62859
@calls 0 62860
@calls 0 62861
@calls 0 62862
@calls 0 62863
@calls 0 62864
@calls 0 62865
@calls 0 62866
@calls 0 62867
@calls 0 62868
@calls 0 62869
@calls 0 62870
@calls 0 62871
@calls 0 62872
@calls 0 62873
@calls 0 62874
@calls 0 62875
@calls 0 62876
@calls 0 62877
@calls 0 62878
@calls 0 62879
@calls 0 62880
@calls 0 62881
@calls 0 62882
@calls 0 62883
@calls 0 62884
@calls 0 62885
@calls 0 62886
@calls 0 62887
@calls 0 62888
@calls 0 62889
@calls 0 62890
@calls 0 62891
@calls 0 62892
@calls 0 62893
@calls 0 62894
@calls 0 62895
@calls 0 62896
@calls 0 62897
@calls 0 62898
@calls 0 62899
@calls 0 62900
@calls 0 62901
@calls 0 62902
@calls 0 62903
@calls 0 62904
@calls 0 62905
@calls 0 62906
@calls 0 62907
@calls 0 62908
@calls 0 62909
@calls 0 62910
@calls 0 62911
@calls 0 62912
@calls 0 62913
@calls 0 62914
@calls 0 62915
@calls 0 62916
@calls 0 62917
@calls 0 62918
@calls 0 62919
@calls 0 62920
@calls 0 62921
@calls 0 62922
@calls 0 62923
@calls 0 62924
@calls 0 62925
@calls 0 62926
@calls 0 62927
@calls 0 62928
@calls 0 62929
@calls 0 62930
@calls 0 62931
@calls 0 62932
@calls 0 62933
@calls 0 62934
@calls 0 62935
@calls 0 62936
@calls 0 62937
@calls 0 62938
@calls 0 62939
@calls 0 62940
@calls 0 62941
@calls 0 62942
@calls 0 62943
@calls 0 62944
@calls 0 62945
@calls 0 62946
@calls 0 62947
@calls 0 62948
@calls 0 62949
@calls 0 62950
@calls 0 62951
@calls 0 62952
@calls 0 62953
@calls 0 62954
@calls 0 62955
@calls 0 62956
@calls 0 62957
@calls 0 62958
@calls 0 62959
@calls 0 62960
@calls 0 62961
@calls 0 62962
@calls 0 62963
@calls 0 62964
@calls 0 62965
@calls 0 62966
@calls 0 62967
@calls 0 62968
@calls 0 62969
@calls 0 62970
@calls 0 62971
@calls 0 62972
@calls 0 62973
@calls 0 62974
@calls 0 62975
@calls 0 62976
@calls 0 62977
@calls 0 62978
@calls 0 62979
@calls 0 62980
@calls 0 62981
@calls 0 62982
@calls 0 62983
@calls 0 62984
@calls 0 62985
@calls 0 62986
@calls 0 62987
@calls 0 62988
@calls 0 62989
@calls 0 62990
@calls 0 62991
@calls 0 62992
@calls 0 62993
@calls 0 62994
@calls 0 62995
@calls 0 62996
@calls 0 62997
@calls 0 62998
@calls 0 62999
@calls 0 63000
@calls 0 63001
@calls 0 63002
@calls 0 63003
@calls 0 63004
@calls 0 63005
@calls 0 63006
@calls 0 63007
@calls 0 63008
@calls 0 63009
@calls 0 63010
@calls 0 63011
@calls 0 63012
@calls 0 63013
@calls 0 63014
@calls 0 63015
@calls 0 63016
@calls 0 63017
@calls 0 63018
@calls 0 63019
@calls 0 63020
@calls 0 63021
@calls 0 63022
@calls 0 63023
@calls 0 63024
@calls 0 63025
@calls 0 63026
@calls 0 63027
@calls 0 63028
@calls 0 63029
@calls 0 63030
@calls 0 63031
@calls 0 63032
@calls 0 63033
@calls 0 63034
@calls 0 63035
@calls 0 63036
@calls 0 63037
@calls 0 63038
@calls 0 63039
@calls 0 63040
@calls 0 63041
@calls 0 63042
@calls 0 63043
@calls 0 63044
@calls 0 63045
@calls 0 63046
@calls 0 63047
@calls 0 63048
@calls 0 63049
@calls 0 63050
@calls 0 63051
@calls 0 63052
@calls 0 63053
@calls 0 63054
@calls 0 63055
@calls 0 63056
@calls 0 63057
@calls 0 63058
@calls 0 63059
@calls 0 63060
@calls 0 63061
@calls 0 63062
@calls 0 63063
@calls 0 63064
@calls 0 63065
@calls 0 63066
@calls 0 63067
@calls 0 63068
@calls 0 63069
@calls 0 63070
@calls 0 63071
@calls 0 63072
@calls 0 63073
@calls 0 63074
@calls 0 63075
@calls 0 63076
@calls 0 63077
@calls 0 63078
@calls 0 63079
@calls 0 63080
@calls 0 63081
@calls 0 63082
@calls 0 63083
@calls 0 63084
@calls 0 63085
@calls 0 63086
@calls 0 63087
@calls 0 63088
@calls 0 63089
@calls 0 63090
@calls 0 63091
@calls 0 63092
@calls 0 63093
@calls 0 63094
@calls 0 63095
@calls 0 63096
@calls 0 63097
@calls 0 63098
@calls 0 63099
@calls 0 63100
@calls 0 63101
@calls 0 63102
@calls 0 63103
@calls 0 63104
@calls 0 63105
@calls 0 63106
@calls 0 63107
@calls 0 63108
@calls 0 63109
@calls 0 63110
@calls 0 63111
@calls 0 63112
@calls 0 63113
@calls 0 63114
@calls 0 63115
@calls 0 63116
@calls 0 63117
@calls 0 63118
@calls 0 63119
@calls 0 63120
@calls 0 63121
@calls 0 63122
@calls 0 63123
@calls 0 63124
@calls 0 63125
@calls 0 63126
@calls 0 63127
@calls 0 63128
@calls 0 63129
@calls 0 63130
@calls 0 63131
@calls 0 63132
@calls 0 63133
@calls 0 63134
@calls 0 63135
@calls 0 63136
@calls 0 63137
@calls 0 63138
@calls 0 63139
@calls 0 63140
@calls 0 63141
@calls 0 63142
@calls 0 63143
@calls 0 63144
@calls 0 63145
@calls 0 63146
@calls 0 63147
@calls 0 63148
@calls 0 63149
@calls 0 63150
@calls 0 63151
@calls 0 63152
@calls 0 63153
@calls 0 63154
@calls 0 63155
@calls 0 63156
@calls 0 63157
@calls 0 63158
@calls 0 63159
@calls 0 63160
@calls 0 63161
@calls 0 63162
@calls 0 63163
@calls 0 63164
@calls 0 63165
@calls 0 63166
@calls 0 63167
@calls 0 63168
@calls 0 63169
@calls 0 63170
@calls 0 63171
@calls 0 63172
@calls 0 63173
@calls 0 63174
@calls 0 63175
@calls 0 63176
@calls 0 63177
@calls 0 63178
@calls 0 63179
@calls 0 63180
@calls 0 63181
@calls 0 63182
@calls 0 63183
@calls 0 63184
@calls 0 63185
@calls 0 63186
@calls 0 63187
@calls 0 63188
@calls 0 63189
@calls 0 63190
@calls 0 63191
@calls 0 63192
@calls 0 63193
@calls 0 63194
@calls 0 63195
@calls 0 63196
@calls 0 63197
@calls 0 63198
@calls 0 63199
@calls 0 63200
@calls 0 63201
@calls 0 63202
@calls 0 63203
@calls 0 63204
@calls 0 63205
@calls 0 63206
@calls 0 63207
@calls 0 63208
@calls 0 63209
@calls 0 63210
@calls 0 63211
@calls 0 63212
@calls 0 63213
@calls 0 63214
@calls 0 63215
@calls 0 63216
@calls 0 63217
@calls 0 63218
@calls 0 63219
@calls 0 63220
@calls 0 63221
@calls 0 63222
@calls 0 63223
@calls 0 63224
@calls 0 63225
@calls 0 63226
@calls 0 63227
@calls 0 63228
@calls 0 63229
@calls 0 63230
@calls 0 63231
@calls 0 63232
@calls 0 63233
@calls 0 63234
@calls 0 63235
@calls 0 63236
@calls 0 63237
@calls 0 63238
@calls 0 63239
@calls 0 63240
@calls 0 63241
@calls 0 63242
@calls 0 63243
@calls 0 63244
@calls 0 63245
@calls 0 63246
@calls 0 63247
@calls 0 63248
@calls 0 63249
@calls 0 63250
@calls 0 63251
@calls 0 63252
@calls 0 63253
@calls 0 63254
@calls 0 63255
@calls 0 63256
@calls 0 63257
@calls 0 63258
@calls 0 63259
@calls 0 63260
@calls 0 63261
@calls 0 63262
@calls 0 63263
@calls 0 63264
@calls 0 63265
@calls 0 63266
@calls 0 63267
@calls 0 63268
@calls 0 63269
@calls 0 63270
@calls 0 63271
@calls 0 63272
@calls 0 63273
@calls 0 63274
@calls 0 63275
@calls 0 63276
@calls 0 63277
@calls 0 63278
@calls 0 63279
@calls 0 63280
@calls 0 63281
@calls 0 63282
@calls 0 63283
@calls 0 63284
@calls 0 63285
@calls 0 63286
@calls 0 63287
@calls 0 63288
@calls 0 63289
@calls 0 63290
@calls 0 63291
@calls 0 63292
@calls 0 63293
@calls 0 63294
@calls 0 63295
@calls 0 63296
@calls 0 63297
@calls 0 63298
@calls 0 63299
@calls 0 63300
@calls 0 63301
@calls 0 63302
@calls 0 63303
@calls 0 63304
@calls 0 63305
@calls 0 63306
@calls 0 63307
@calls 0 63308
@calls 0 63309
@calls 0 63310
@calls 0 63311
@calls 0 63312
@calls 0 63313
@calls 0 63314
@calls 0 63315
@calls 0 63316
@calls 0 63317
@calls 0 63318
@calls 0 63319
@calls 0 63320
@calls 0 63321
@calls 0 63322
@calls 0 63323
@calls 0 63324
@calls 0 63325
@calls 0 63326
@calls 0 63327
@calls 0 63328
@calls 0 63329
@calls 0 63330
@calls 0 63331
@calls 0 63332
@calls 0 63333
@calls 0 63334
@calls 0 63335
@calls 0 63336
@calls 0 63337
@calls 0 63338
@calls 0 63339
@calls 0 63340
@calls 0 63341
@calls 0 63342
@calls 0 63343
@calls 0 63344
@calls 0 63345
@calls 0 63346
@calls 0 63347
@calls 0 63348
@calls 0 63349
@calls 0 63350
@calls 0 63351
@calls 0 63352
@calls 0 63353
@calls 0 63354
@calls 0 63355
@calls 0 63356
@calls 0 63357
@calls 0 63358
@calls 0 63359
@calls 0 63360
@calls 0 63361
@calls 0 63362
@calls 0 63363
@calls 0 63364
@calls 0 63365
@calls 0 63366
@calls 0 63367
@calls 0 63368
@calls 0 63369
@calls 0 63370
@calls 0 63371
@calls 0 63372
@calls 0 63373
@calls 0 63374
@calls 0 63375
@calls 0 63376
@calls 0 63377
@calls 0 63378
@calls 0 63379
@calls 0 63380
@calls 0 63381
@calls 0 63382
@calls 0 63383
@calls 0 63384
@calls 0 63385
@calls 0 63386
@calls 0 63387
@calls 0 63388
@calls 0 63389
@calls 0 63390
@calls 0 63391
@calls 0 63392
@calls 0 63393
@calls 0 63394
@calls 0 63395
@calls 0 63396
@calls 0 63397
@calls 0 63398
@calls 0 63399
@calls 0 63400
@calls 0 63401
@calls 0 63402
@calls 0 63403
@calls 0 63404
@calls 0 63405
@calls 0 63406
@calls 0 63407
@calls 0 63408
@calls 0 63409
@calls 0 63410
@calls 0 63411
@calls 0 63412
@calls 0 63413
@calls 0 63414
@calls 0 63415
@calls 0 63416
@calls 0 63417
@calls 0 63418
@calls 0 63419
@calls 0 63420
@calls 0 63421
@calls 0 63422
@calls 0 63423
@calls 0 63424
@calls 0 63425
@calls 0 63426
@calls 0 63427
@calls 0 63428
@calls 0 63429
@calls 0 63430
@calls 0 63431
@calls 0 63432
@calls 0 63433
@calls 0 63434
@calls 0 63435
@calls 0 63436
@calls 0 63437
@calls 0 63438
@calls 0 63439
@calls 0 63440
@calls 0 63441
@calls 0 63442
@calls 0 63443
@calls 0 63444
@calls 0 63445
@calls 0 63446
@calls 0 63447
@calls 0 63448
@calls 0 63449
@calls 0 63450
@calls 0 63451
@calls 0 63452
@calls 0 63453
@calls 0 63454
@calls 0 63455
@calls 0 63456
@calls 0 63457
@calls 0 63458
@calls 0 63459
@calls 0 63460
@calls 0 63461
@calls 0 63462
@calls 0 63463
@calls 0 63464
@calls 0 63465
@calls 0 63466
@calls 0 63467
@calls 0 63468
@calls 0 63469
@calls 0 63470
@calls 0 63471
@calls 0 63472
@calls 0 63473
@calls 0 63474
@calls 0 63475
@calls 0 63476
@calls 0 63477
@calls 0 63478
@calls 0 63479
@calls 0 63480
@calls 0 63481
@calls 0 63482
@calls 0 63483
@calls 0 63484
@calls 0 63485
@calls 0 63486
@calls 0 63487
@calls 0 63488
@calls 0 63489
@calls 0 63490
@calls 0 63491
@calls 0 63492
@calls 0 63493
@calls 0 63494
@calls 0 63495
@calls 0 63496
@calls 0 63497
@calls 0 63498
@calls 0 63499
@calls 0 63500
@calls 0 63501
@calls 0 63502
@calls 0 63503
@calls 0 63504
@calls 0 63505
@calls 0 63506
@calls 0 63507
@calls 0 63508
@calls 0 63509
@calls 0 63510
@calls 0 63511
@calls 0 63512
@calls 0 63513
@calls 0 63514
@calls 0 63515
@calls 0 63516
@calls 0 63517
@calls 0 63518
@calls 0 63519
@calls 0 63520
@calls 0 63521
@calls 0 63522
@calls 0 63523
@calls 0 63524
@calls 0 63525
@calls 0 63526
@calls 0 63527
@calls 0 63528
@calls 0 63529
@calls 0 63530
@calls 0 63531
@calls 0 63532
@calls 0 63533
@calls 0 63534
@calls 0 63535
@calls 0 63536
@calls 0 63537
@calls 0 63538
@calls 0 63539
@calls 0 63540
@calls 0 63541
@calls 0 63542
@calls 0 63543
@calls 0 63544
@calls 0 63545
@calls 0 63546
@calls 0 63547
@calls 0 63548
@calls 0 63549
@calls 0 63550
@calls 0 63551
@calls 0 63552
@calls 0 63553
@calls 0 63554
@calls 0 63555
@calls 0 63556
@calls 0 63557
@calls 0 63558
@calls 0 63559
@calls 0 63560
@calls 0 63561
@calls 0 63562
@calls 0 63563
@calls 0 63564
@calls 0 63565
@calls 0 63566
@calls 0 63567
@calls 0 63568
@calls 0 63569
@calls 0 63570
@calls 0 63571
@calls 0 63572
@calls 0 63573
@calls 0 63574
@calls 0 63575
@calls 0 63576
@calls 0 63577
@calls 0 63578
@calls 0 63579
@calls 0 63580
@calls 0 63581
@calls 0 63582
@calls 0 63583
@calls 0 63584
@calls 0 63585
@calls 0 63586
@calls 0 63587
@calls 0 63588
@calls 0 63589
@calls 0 63590
@calls 0 63591
@calls 0 63592
@calls 0 63593
@calls 0 63594
@calls 0 63595
@calls 0 63596
@calls 0 63597
@calls 0 63598
@calls 0 63599
@calls 0 63600
@calls 0 63601
@calls 0 63602
@calls 0 63603
@calls 0 63604
@calls 0 63605
@calls 0 63606
@calls 0 63607
@calls 0 63608
@calls 0 63609
@calls 0 63610
@calls 0 63611
@calls 0 63612
@calls 0 63613
@calls 0 63614
@calls 0 63615
@calls 0 63616
@calls 0 63617
@calls 0 63618
@calls 0 63619
@calls 0 63620
@calls 0 63621
@calls 0 63622
@calls 0 63623
@calls 0 63624
@calls 0 63625
@calls 0 63626
@calls 0 63627
@calls 0 63628
@calls 0 63629
@calls 0 63630
@calls 0 63631
@calls 0 63632
@calls 0 63633
@calls 0 63634
@calls 0 63635
@calls 0 63636
@calls 0 63637
@calls 0 63638
@calls 0 63639
@calls 0 63640
@calls 0 63641
@calls 0 63642
@calls 0 63643
@calls 0 63644
@calls 0 63645
@calls 0 63646
@calls 0 63647
@calls 0 63648
@calls 0 63649
@calls 0 63650
@calls 0 63651
@calls 0 63652
@calls 0 63653
@calls 0 63654
@calls 0 63655
@calls 0 63656
@calls 0 63657
@calls 0 63658
@calls 0 63659
@calls 0 63660
@calls 0 63661
@calls 0 63662
@calls 0 63663
@calls 0 63664
@calls 0 63665
@calls 0 63666
@calls 0 63667
@calls 0 63668
@calls 0 63669
@calls 0 63670
@calls 0 63671
@calls 0 63672
@calls 0 63673
@calls 0 63674
@calls 0 63675
@calls 0 63676
@calls 0 63677
@calls 0 63678
@calls 0 63679
@calls 0 63680
@calls 0 63681
@calls 0 63682
@calls 0 63683
@calls 0 63684
@calls 0 63685
@calls 0 63686
@calls 0 63687
@calls 0 63688
@calls 0 63689
@calls 0 63690
@calls 0 63691
@calls 0 63692
@calls 0 63693
@calls 0 63694
@calls 0 63695
@calls 0 63696
@calls 0 63697
@calls 0 63698
@calls 0 63699
@calls 0 63700
@calls 0 63701
@calls 0 63702
@calls 0 63703
@calls 0 63704
@calls 0 63705
@calls 0 63706
@calls 0 63707
@calls 0 63708
@calls 0 63709
@calls 0 63710
@calls 0 63711
@calls 0 63712
@calls 0 63713
@calls 0 63714
@calls 0 63715
@calls 0 63716
@calls 0 63717
@calls 0 63718
@calls 0 63719
@calls 0 63720
@calls 0 63721
@calls 0 63722
@calls 0 63723
@calls 0 63724
@calls 0 63725
@calls 0 63726
@calls 0 63727
@calls 0 63728
@calls 0 63729
@calls 0 63730
@calls 0 63731
@calls 0 63732
@calls 0 63733
@calls 0 63734
@calls 0 63735
@calls 0 63736
@calls 0 63737
@calls 0 63738
@calls 0 63739
@calls 0 63740
@calls 0 63741
@calls 0 63742
@calls 0 63743
@calls 0 63744
@calls 0 63745
@calls 0 63746
@calls 0 63747
@calls 0 63748
@calls 0 63749
@calls 0 63750
@calls 0 63751
@calls 0 63752
@calls 0 63753
@calls 0 63754
@calls 0 63755
@calls 0 63756
@calls 0 63757
@calls 0 63758
@calls 0 63759
@calls 0 63760
@calls 0 63761
@calls 0 63762
@calls 0 63763
@calls 0 63764
@calls 0 63765
@calls 0 63766
@calls 0 63767
@calls 0 63768
@calls 0 63769
@calls 0 63770
@calls 0 63771
@calls 0 63772
@calls 0 63773
@calls 0 63774
@calls 0 63775
@calls 0 63776
@calls 0 63777
@calls 0 63778
@calls 0 63779
@calls 0 63780
@calls 0 63781
@calls 0 63782
@calls 0 63783
@calls 0 63784
@calls 0 63785
@calls 0 63786
@calls 0 63787
@calls 0 63788
@calls 0 63789
@calls 0 63790
@calls 0 63791
@calls 0 63792
@calls 0 63793
@calls 0 63794
@calls 0 63795
@calls 0 63796
@calls 0 63797
@calls 0 63798
@calls 0 63799
@calls 0 63800
@calls 0 63801
@calls 0 63802
@calls 0 63803
@calls 0 63804
@calls 0 63805
@calls 0 63806
@calls 0 63807
@calls 0 63808
@calls 0 63809
@calls 0 63810
@calls 0 63811
@calls 0 63812
@calls 0 63813
@calls 0 63814
@calls 0 63815
@calls 0 63816
@calls 0 63817
@calls 0 63818
@calls 0 63819
@calls 0 63820
@calls 0 63821
@calls 0 63822
@calls 0 63823
@calls 0 63824
@calls 0 63825
@calls 0 63826
@calls 0 63827
@calls 0 63828
@calls 0 63829
@calls 0 63830
@calls 0 63831
@calls 0 63832
@calls 0 63833
@calls 0 63834
@calls 0 63835
@calls 0 63836
@calls 0 63837
@calls 0 63838
@calls 0 63839
@calls 0 63840
@calls 0 63841
@calls 0 63842
@calls 0 63843
@calls 0 63844
@calls 0 63845
@calls 0 63846
@calls 0 63847
@calls 0 63848
@calls 0 63849
@calls 0 63850
@calls 0 63851
@calls 0 63852
@calls 0 63853
@calls 0 63854
@calls 0 63855
@calls 0 63856
@calls 0 63857
@calls 0 63858
@calls 0 63859
@calls 0 63860
@calls 0 63861
@calls 0 63862
@calls 0 63863
@calls 0 63864
@calls 0 63865
@calls 0 63866
@calls 0 63867
@calls 0 63868
@calls 0 63869
@calls 0 63870
@calls 0 63871
@calls 0 63872
@calls 0 63873
@calls 0 63874
@calls 0 63875
@calls 0 63876
@calls 0 63877
@calls 0 63878
@calls 0 63879
@calls 0 63880
@calls 0 63881
@calls 0 63882
@calls 0 63883
@calls 0 63884
@calls 0 63885
@calls 0 63886
@calls 0 63887
@calls 0 63888
@calls 0 63889
@calls 0 63890
@calls 0 63891
@calls 0 63892
@calls 0 63893
@calls 0 63894
@calls 0 63895
@calls 0 63896
@calls 0 63897
@calls 0 63898
@calls 0 63899
@calls 0 63900
@calls 0 63901
@calls 0 63902
@calls 0 63903
@calls 0 63904
@calls 0 63905
@calls 0 63906
@calls 0 63907
@calls 0 63908
@calls 0 63909
@calls 0 63910
@calls 0 63911
@calls 0 63912
@calls 0 63913
@calls 0 63914
@calls 0 63915
@calls 0 63916
@calls 0 63917
@calls 0 63918
@calls 0 63919
@calls 0 63920
@calls 0 63921
@calls 0 63922
@calls 0 63923
@calls 0 63924
@calls 0 63925
@calls 0 63926
@calls 0 63927
@calls 0 63928
@calls 0 63929
@calls 0 63930
@calls 0 63931
@calls 0 63932
@calls 0 63933
@calls 0 63934
@calls 0 63935
@calls 0 63936
@calls 0 63937
@calls 0 63938
@calls 0 63939
@calls 0 63940
@calls 0 63941
@calls 0 63942
@calls 0 63943
@calls 0 63944
@calls 0 63945
@calls 0 63946
@calls 0 63947
@calls 0 63948
@calls 0 63949
@calls 0 63950
@calls 0 63951
@calls 0 63952
@calls 0 63953
@calls 0 63954
@calls 0 63955
@calls 0 63956
@calls 0 63957
@calls 0 63958
@calls 0 63959
@calls 0 63960
@calls 0 63961
@calls 0 63962
@calls 0 63963
@calls 0 63964
@calls 0 63965
@calls 0 63966
@calls 0 63967
@calls 0 63968
@calls 0 63969
@calls 0 63970
@calls 0 63971
@calls 0 63972
@calls 0 63973
@calls 0 63974
@calls 0 63975
@calls 0 63976
@calls 0 63977
@calls 0 63978
@calls 0 63979
@calls 0 63980
@calls 0 63981
@calls 0 63982
@calls 0 63983
@calls 0 63984
@calls 0 63985
@calls 0 63986
@calls 0 63987
@calls 0 63988
@calls 0 63989
@calls 0 63990
@calls 0 63991
@calls 0 63992
@calls 0 63993
@calls 0 63994
@calls 0 63995
@calls 0 63996
@calls 0 63997
@calls 0 63998
@calls 0 63999
@calls 0 64000
@calls 0 64001
@calls 0 64002
@calls 0 64003
@calls 0 64004
@calls 0 64005
@calls 0 64006
@calls 0 64007
@calls 0 64008
@calls 0 64009
@calls 0 64010
@calls 0 64011
@calls 0 64012
@calls 0 64013
@calls 0 64014
@calls 0 64015
@calls 0 64016
@calls 0 64017
@calls 0 64018
@calls 0 64019
@calls 0 64020
@calls 0 64021
@calls 0 64022
@calls 0 64023
@calls 0 64024
@calls 0 64025
@calls 0 64026
@calls 0 64027
@calls 0 64028
@calls 0 64029
@calls 0 64030
@calls 0 64031
@calls 0 64032
@calls 0 64033
@calls 0 64034
@calls 0 64035
@calls 0 64036
@calls 0 64037
@calls 0 64038
@calls 0 64039
@calls 0 64040
@calls 0 64041
@calls 0 64042
@calls 0 64043
@calls 0 64044
@calls 0 64045
@calls 0 64046
@calls 0 64047
@calls 0 64048
@calls 0 64049
@calls 0 64050
@calls 0 64051
@calls 0 64052
@calls 0 64053
@calls 0 64054
@calls 0 64055
@calls 0 64056
@calls 0 64057
@calls 0 64058
@calls 0 64059
@calls 0 64060
@calls 0 64061
@calls 0 64062
@calls 0 64063
@calls 0 64064
@calls 0 64065
@calls 0 64066
@calls 0 64067
@calls 0 64068
@calls 0 64069
@calls 0 64070
@calls 0 64071
@calls 0 64072
@calls 0 64073
@calls 0 64074
@calls 0 64075
@calls 0 64076
@calls 0 64077
@calls 0 64078
@calls 0 64079
@calls 0 64080
@calls 0 64081
@calls 0 64082
@calls 0 64083
@calls 0 64084
@calls 0 64085
@calls 0 64086
@calls 0 64087
@calls 0 64088
@calls 0 64089
@calls 0 64090
@calls 0 64091
@calls 0 64092
@calls 0 64093
@calls 0 64094
@calls 0 64095
@calls 0 64096
@calls 0 64097
@calls 0 64098
@calls 0 64099
@calls 0 64100
@calls 0 64101
@calls 0 64102
@calls 0 64103
@calls 0 64104
@calls 0 64105
@calls 0 64106
@calls 0 64107
@calls 0 64108
@calls 0 64109
@calls 0 64110
@calls 0 64111
@calls 0 64112
@calls 0 64113
@calls 0 64114
@calls 0 64115
@calls 0 64116
@calls 0 64117
@calls 0 64118
@calls 0 64119
@calls 0 64120
@calls 0 64121
@calls 0 64122
@calls 0 64123
@calls 0 64124
@calls 0 64125
@calls 0 64126
@calls 0 64127
@calls 0 64128
@calls 0 64129
@calls 0 64130
@calls 0 64131
@calls 0 64132
@calls 0 64133
@calls 0 64134
@calls 0 64135
@calls 0 64136
@calls 0 64137
@calls 0 64138
@calls 0 64139
@calls 0 64140
@calls 0 64141
@calls 0 64142
@calls 0 64143
@calls 0 64144
@calls 0 64145
@calls 0 64146
@calls 0 64147
@calls 0 64148
@calls 0 64149
@calls 0 64150
@calls 0 64151
@calls 0 64152
@calls 0 64153
@calls 0 64154
@calls 0 64155
@calls 0 64156
@calls 0 64157
@calls 0 64158
@calls 0 64159
@calls 0 64160
@calls 0 64161
@calls 0 64162
@calls 0 64163
@calls 0 64164
@calls 0 64165
@calls 0 64166
@calls 0 64167
@calls 0 64168
@calls 0 64169
@calls 0 64170
@calls 0 64171
@calls 0 64172
@calls 0 64173
@calls 0 64174
@calls 0 64175
@calls 0 64176
@calls 0 64177
@calls 0 64178
@calls 0 64179
@calls 0 64180
@calls 0 64181
@calls 0 64182
@calls 0 64183
@calls 0 64184
@calls 0 64185
@calls 0 64186
@calls 0 64187
@calls 0 64188
@calls 0 64189
@calls 0 64190
@calls 0 64191
@calls 0 64192
@calls 0 64193
@calls 0 64194
@calls 0 64195
@calls 0 64196
@calls 0 64197
@calls 0 64198
@calls 0 64199
@calls 0 64200
@calls 0 64201
@calls 0 64202
@calls 0 64203
@calls 0 64204
@calls 0 64205
@calls 0 64206
@calls 0 64207
@calls 0 64208
@calls 0 64209
@calls 0 64210
@calls 0 64211
@calls 0 64212
@calls 0 64213
@calls 0 64214
@calls 0 64215
@calls 0 64216
@calls 0 64217
@calls 0 64218
@calls 0 64219
@calls 0 64220
@calls 0 64221
@calls 0 64222
@calls 0 64223
@calls 0 64224
@calls 0 64225
@calls 0 64226
@calls 0 64227
@calls 0 64228
@calls 0 64229
@calls 0 64230
@calls 0 64231
@calls 0 64232
@calls 0 64233
@calls 0 64234
@calls 0 64235
@calls 0 64236
@calls 0 64237
@calls 0 64238
@calls 0 64239
@calls 0 64240
@calls 0 64241
@calls 0 64242
@calls 0 64243
@calls 0 64244
@calls 0 64245
@calls 0 64246
@calls 0 64247
@calls 0 64248
@calls 0 64249
@calls 0 64250
@calls 0 64251
@calls 0 64252
@calls 0 64253
@calls 0 64254
@calls 0 64255
@calls 0 64256
@calls 0 64257
@calls 0 64258
@calls 0 64259
@calls 0 64260
@calls 0 64261
@calls 0 64262
@calls 0 64263
@calls 0 64264
@calls 0 64265
@calls 0 64266
@calls 0 64267
@calls 0 64268
@calls 0 64269
@calls 0 64270
@calls 0 64271
@calls 0 64272
@calls 0 64273
@calls 0 64274
@calls 0 64275
@calls 0 64276
@calls 0 64277
@calls 0 64278
@calls 0 64279
@calls 0 64280
@calls 0 64281
@calls 0 64282
@calls 0 64283
@calls 0 64284
@calls 0 64285
@calls 0 64286
@calls 0 64287
@calls 0 64288
@calls 0 64289
@calls 0 64290
@calls 0 64291
@calls 0 64292
@calls 0 64293
@calls 0 64294
@calls 0 64295
@calls 0 64296
@calls 0 64297
@calls 0 64298
@calls 0 64299
@calls 0 64300
@calls 0 64301
@calls 0 64302
@calls 0 64303
@calls 0 64304
@calls 0 64305
@calls 0 64306
@calls 0 64307
@calls 0 64308
@calls 0 64309
@calls 0 64310
@calls 0 64311
@calls 0 64312
@calls 0 64313
@calls 0 64314
@calls 0 64315
@calls 0 64316
@calls 0 64317
@calls 0 64318
@calls 0 64319
@calls 0 64320
@calls 0 64321
@calls 0 64322
@calls 0 64323
@calls 0 64324
@calls 0 64325
@calls 0 64326
@calls 0 64327
@calls 0 64328
@calls 0 64329
@calls 0 64330
@calls 0 64331
@calls 0 64332
@calls 0 64333
@calls 0 64334
@calls 0 64335
@calls 0 64336
@calls 0 64337
@calls 0 64338
@calls 0 64339
@calls 0 64340
@calls 0 64341
@calls 0 64342
@calls 0 64343
@calls 0 64344
@calls 0 64345
@calls 0 64346
@calls 0 64347
@calls 0 64348
@calls 0 64349
@calls 0 64350
@calls 0 64351
@calls 0 64352
@calls 0 64353
@calls 0 64354
@calls 0 64355
@calls 0 64356
@calls 0 64357
@calls 0 64358
@calls 0 64359
@calls 0 64360
@calls 0 64361
@calls 0 64362
@calls 0 64363
@calls 0 64364
@calls 0 64365
@calls 0 64366
@calls 0 64367
@calls 0 64368
@calls 0 64369
@calls 0 64370
@calls 0 64371
@calls 0 64372
@calls 0 64373
@calls 0 64374
@calls 0 64375
@calls 0 64376
@calls 0 64377
@calls 0 64378
@calls 0 64379
@calls 0 64380
@calls 0 64381
@calls 0 64382
@calls 0 64383
@calls 0 64384
@calls 0 64385
@calls 0 64386
@calls 0 64387
@calls 0 64388
@calls 0 64389
@calls 0 64390
@calls 0 64391
@calls 0 64392
@calls 0 64393
@calls 0 64394
@calls 0 64395
@calls 0 64396
@calls 0 64397
@calls 0 64398
@calls 0 64399
@calls 0 64400
@calls 0 64401
@calls 0 64402
@calls 0 64403
@calls 0 64404
@calls 0 64405
@calls 0 64406
@calls 0 64407
@calls 0 64408
@calls 0 64409
@calls 0 64410
@calls 0 64411
@calls 0 64412
@calls 0 64413
@calls 0 64414
@calls 0 64415
@calls 0 64416
@calls 0 64417
@calls 0 64418
@calls 0 64419
@calls 0 64420
@calls 0 64421
@calls 0 64422
@calls 0 64423
@calls 0 64424
@calls 0 64425
@calls 0 64426
@calls 0 64427
@calls 0 64428
@calls 0 64429
@calls 0 64430
@calls 0 64431
@calls 0 64432
@calls 0 64433
@calls 0 64434
@calls 0 64435
@calls 0 64436
@calls 0 64437
@calls 0 64438
@calls 0 64439
@calls 0 64440
@calls 0 64441
@calls 0 64442
@calls 0 64443
@calls 0 64444
@calls 0 64445
@calls 0 64446
@calls 0 64447
@calls 0 64448
@calls 0 64449
@calls 0 64450
@calls 0 64451
@calls 0 64452
@calls 0 64453
@calls 0 64454
@calls 0 64455
@calls 0 64456
@calls 0 64457
@calls 0 64458
@calls 0 64459
@calls 0 64460
@calls 0 64461
@calls 0 64462
@calls 0 64463
@calls 0 64464
@calls 0 64465
@calls 0 64466
@calls 0 64467
@calls 0 64468
@calls 0 64469
@calls 0 64470
@calls 0 64471
@calls 0 64472
@calls 0 64473
@calls 0 64474
@calls 0 64475
@calls 0 64476
@calls 0 64477
@calls 0 64478
@calls 0 64479
@calls 0 64480
@calls 0 64481
@calls 0 64482
@calls 0 64483
@calls 0 64484
@calls 0 64485
@calls 0 64486
@calls 0 64487
@calls 0 64488
@calls 0 64489
@calls 0 64490
@calls 0 64491
@calls 0 64492
@calls 0 64493
@calls 0 64494
@calls 0 64495
@calls 0 64496
@calls 0 64497
@calls 0 64498
@calls 0 64499
@calls 0 64500
@calls 0 64501
@calls 0 64502
@calls 0 64503
@calls 0 64504
@calls 0 64505
@calls 0 64506
@calls 0 64507
@calls 0 64508
@calls 0 64509
@calls 0 64510
@calls 0 64511
@calls 0 64512
@calls 0 64513
@calls 0 64514
@calls 0 64515
@calls 0 64516
@calls 0 64517
@calls 0 64518
@calls 0 64519
@calls 0 64520
@calls 0 64521
@calls 0 64522
@calls 0 64523
@calls 0 64524
@calls 0 64525
@calls 0 64526
@calls 0 64527
@calls 0 64528
@calls 0 64529
@calls 0 64530
@calls 0 64531
@calls 0 64532
@calls 0 64533
@calls 0 64534
@calls 0 64535
@calls 0 64536
@calls 0 64537
@calls 0 64538
@calls 0 64539
@calls 0 64540
@calls 0 64541
@calls 0 64542
@calls 0 64543
@calls 0 64544
@calls 0 64545
@calls 0 64546
@calls 0 64547
@calls 0 64548
@calls 0 64549
@calls 0 64550
@calls 0 64551
@calls 0 64552
@calls 0 64553
@calls 0 64554
@calls 0 64555
@calls 0 64556
@calls 0 64557
@calls 0 64558
@calls 0 64559
@calls 0 64560
@calls 0 64561
@calls 0 64562
@calls 0 64563
@calls 0 64564
@calls 0 64565
@calls 0 64566
@calls 0 64567
@calls 0 64568
@calls 0 64569
@calls 0 64570
@calls 0 64571
@calls 0 64572
@calls 0 64573
@calls 0 64574
@calls 0 64575
@calls 0 64576
@calls 0 64577
@calls 0 64578
@calls 0 64579
@calls 0 64580
@calls 0 64581
@calls 0 64582
@calls 0 64583
@calls 0 64584
@calls 0 64585
@calls 0 64586
@calls 0 64587
@calls 0 64588
@calls 0 64589
@calls 0 64590
@calls 0 64591
@calls 0 64592
@calls 0 64593
@calls 0 64594
@calls 0 64595
@calls 0 64596
@calls 0 64597
@calls 0 64598
@calls 0 64599
@calls 0 64600
@calls 0 64601
@calls 0 64602
@calls 0 64603
@calls 0 64604
@calls 0 64605
@calls 0 64606
@calls 0 64607
@calls 0 64608
@calls 0 64609
@calls 0 64610
@calls 0 64611
@calls 0 64612
@calls 0 64613
@calls 0 64614
@calls 0 64615
@calls 0 64616
@calls 0 64617
@calls 0 64618
@calls 0 64619
@calls 0 64620
@calls 0 64621
@calls 0 64622
@calls 0 64623
@calls 0 64624
@calls 0 64625
@calls 0 64626
@calls 0 64627
@calls 0 64628
@calls 0 64629
@calls 0 64630
@calls 0 64631
@calls 0 64632
@calls 0 64633
@calls 0 64634
@calls 0 64635
@calls 0 64636
@calls 0 64637
@calls 0 64638
@calls 0 64639
@calls 0 64640
@calls 0 64641
@calls 0 64642
@calls 0 64643
@calls 0 64644
@calls 0 64645
@calls 0 64646
@calls 0 64647
@calls 0 64648
@calls 0 64649
@calls 0 64650
@calls 0 64651
@calls 0 64652
@calls 0 64653
@calls 0 64654
@calls 0 64655
@calls 0 64656
@calls 0 64657
@calls 0 64658
@calls 0 64659
@calls 0 64660
@calls 0 64661
@calls 0 64662
@calls 0 64663
@calls 0 64664
@calls 0 64665
@calls 0 64666
@calls 0 64667
@calls 0 64668
@calls 0 64669
@calls 0 64670
@calls 0 64671
@calls 0 64672
@calls 0 64673
@calls 0 64674
@calls 0 64675
@calls 0 64676
@calls 0 64677
@calls 0 64678
@calls 0 64679
@calls 0 64680
@calls 0 64681
@calls 0 64682
@calls 0 64683
@calls 0 64684
@calls 0 64685
@calls 0 64686
@calls 0 64687
@calls 0 64688
@calls 0 64689
@calls 0 64690
@calls 0 64691
@calls 0 64692
@calls 0 64693
@calls 0 64694
@calls 0 64695
@calls 0 64696
@calls 0 64697
@calls 0 64698
@calls 0 64699
@calls 0 64700
@calls 0 64701
@calls 0 64702
@calls 0 64703
@calls 0 64704
@calls 0 64705
@calls 0 64706
@calls 0 64707
@calls 0 64708
@calls 0 64709
@calls 0 64710
@calls 0 64711
@calls 0 64712
@calls 0 64713
@calls 0 64714
@calls 0 64715
@calls 0 64716
@calls 0 64717
@calls 0 64718
@calls 0 64719
@calls 0 64720
@calls 0 64721
@calls 0 64722
@calls 0 64723
@calls 0 64724
@calls 0 64725
@calls 0 64726
@calls 0 64727
@calls 0 64728
@calls 0 64729
@calls 0 64730
@calls 0 64731
@calls 0 64732
@calls 0 64733
@calls 0 64734
@calls 0 64735
@calls 0 64736
@calls 0 64737
@calls 0 64738
@calls 0 64739
@calls 0 64740
@calls 0 64741
@calls 0 64742
@calls 0 64743
@calls 0 64744
@calls 0 64745
@calls 0 64746
@calls 0 64747
@calls 0 64748
@calls 0 64749
@calls 0 64750
@calls 0 64751
@calls 0 64752
@calls 0 64753
@calls 0 64754
@calls 0 64755
@calls 0 64756
@calls 0 64757
@calls 0 64758
@calls 0 64759
@calls 0 64760
@calls 0 64761
@calls 0 64762
@calls 0 64763
@calls 0 64764
@calls 0 64765
@calls 0 64766
@calls 0 64767
@calls 0 64768
@calls 0 64769
@calls 0 64770
@calls 0 64771
@calls 0 64772
@calls 0 64773
@calls 0 64774
@calls 0 64775
@calls 0 64776
@calls 0 64777
@calls 0 64778
@calls 0 64779
@calls 0 64780
@calls 0 64781
@calls 0 64782
@calls 0 64783
@calls 0 64784
@calls 0 64785
@calls 0 64786
@calls 0 64787
@calls 0 64788
@calls 0 64789
@calls 0 64790
@calls 0 64791
@calls 0 64792
@calls 0 64793
@calls 0 64794
@calls 0 64795
@calls 0 64796
@calls 0 64797
@calls 0 64798
@calls 0 64799
@calls 0 64800
@calls 0 64801
@calls 0 64802
@calls 0 64803
@calls 0 64804
@calls 0 64805
@calls 0 64806
@calls 0 64807
@calls 0 64808
@calls 0 64809
@calls 0 64810
@calls 0 64811
@calls 0 64812
@calls 0 64813
@calls 0 64814
@calls 0 64815
@calls 0 64816
@calls 0 64817
@calls 0 64818
@calls 0 64819
@calls 0 64820
@calls 0 64821
@calls 0 64822
@calls 0 64823
@calls 0 64824
@calls 0 64825
@calls 0 64826
@calls 0 64827
@calls 0 64828
@calls 0 64829
@calls 0 64830
@calls 0 64831
@calls 0 64832
@calls 0 64833
@calls 0 64834
@calls 0 64835
@calls 0 64836
@calls 0 64837
@calls 0 64838
@calls 0 64839
@calls 0 64840
@calls 0 64841
@calls 0 64842
@calls 0 64843
@calls 0 64844
@calls 0 64845
@calls 0 64846
@calls 0 64847
@calls 0 64848
@calls 0 64849
@calls 0 64850
@calls 0 64851
@calls 0 64852
@calls 0 64853
@calls 0 64854
@calls 0 64855
@calls 0 64856
@calls 0 64857
@calls 0 64858
@calls 0 64859
@calls 0 64860
@calls 0 64861
@calls 0 64862
@calls 0 64863
@calls 0 64864
@calls 0 64865
@calls 0 64866
@calls 0 64867
@calls 0 64868
@calls 0 64869
@calls 0 64870
@calls 0 64871
@calls 0 64872
@calls 0 64873
@calls 0 64874
@calls 0 64875
@calls 0 64876
@calls 0 64877
@calls 0 64878
@calls 0 64879
@calls 0 64880
@calls 0 64881
@calls 0 64882
@calls 0 64883
@calls 0 64884
@calls 0 64885
@calls 0 64886
@calls 0 64887
@calls 0 64888
@calls 0 64889
@calls 0 64890
@calls 0 64891
@calls 0 64892
@calls 0 64893
@calls 0 64894
@calls 0 64895
@calls 0 64896
@calls 0 64897
@calls 0 64898
@calls 0 64899
@calls 0 64900
@calls 0 64901
@calls 0 64902
@calls 0 64903
@calls 0 64904
@calls 0 64905
@calls 0 64906
@calls 0 64907
@calls 0 64908
@calls 0 64909
@calls 0 64910
@calls 0 64911
@calls 0 64912
@calls 0 64913
@calls 0 64914
@calls 0 64915
@calls 0 64916
@calls 0 64917
@calls 0 64918
@calls 0 64919
@calls 0 64920
@calls 0 64921
@calls 0 64922
@calls 0 64923
@calls 0 64924
@calls 0 64925
@calls 0 64926
@calls 0 64927
@calls 0 64928
@calls 0 64929
@calls 0 64930
@calls 0 64931
@calls 0 64932
@calls 0 64933
@calls 0 64934
@calls 0 64935
@calls 0 64936
@calls 0 64937
@calls 0 64938
@calls 0 64939
@calls 0 64940
@calls 0 64941
@calls 0 64942
@calls 0 64943
@calls 0 64944
@calls 0 64945
@calls 0 64946
@calls 0 64947
@calls 0 64948
@calls 0 64949
@calls 0 64950
@calls 0 64951
@calls 0 64952
@calls 0 64953
@calls 0 64954
@calls 0 64955
@calls 0 64956
@calls 0 64957
@calls 0 64958
@calls 0 64959
@calls 0 64960
@calls 0 64961
@calls 0 64962
@calls 0 64963
@calls 0 64964
@calls 0 64965
@calls 0 64966
@calls 0 64967
@calls 0 64968
@calls 0 64969
@calls 0 64970
@calls 0 64971
@calls 0 64972
@calls 0 64973
@calls 0 64974
@calls 0 64975
@calls 0 64976
@calls 0 64977
@calls 0 64978
@calls 0 64979
@calls 0 64980
@calls 0 64981
@calls 0 64982
@calls 0 64983
@calls 0 64984
@calls 0 64985
@calls 0 64986
@calls 0 64987
@calls 0 64988
@calls 0 64989
@calls 0 64990
@calls 0 64991
@calls 0 64992
@calls 0 64993
@calls 0 64994
@calls 0 64995
@calls 0 64996
@calls 0 64997
@calls 0 64998
@calls 0 64999
@calls 0 65000
@calls 0 65001
@calls 0 65002
@calls 0 65003
@calls 0 65004
@calls 0 65005
@calls 0 65006
@calls 0 65007
@calls 0 65008
@calls 0 65009
@calls 0 65010
@calls 0 65011
@calls 0 65012
@calls 0 65013
@calls 0 65014
@calls 0 65015
@calls 0 65016
@calls 0 65017
@calls 0 65018
@calls 0 65019
@calls 0 65020
@calls 0 65021
@calls 0 65022
@calls 0 65023
@calls 0 65024
@calls 0 65025
@calls 0 65026
@calls 0 65027
@calls 0 65028
@calls 0 65029
@calls 0 65030
@calls 0 65031
@calls 0 65032
@calls 0 65033
@calls 0 65034
@calls 0 65035
@calls 0 65036
@calls 0 65037
@calls 0 65038
@calls 0 65039
@calls 0 65040
@calls 0 65041
@calls 0 65042
@calls 0 65043
@calls 0 65044
@calls 0 65045
@calls 0 65046
@calls 0 65047
@calls 0 65048
@calls 0 65049
@calls 0 65050
@calls 0 65051
@calls 0 65052
@calls 0 65053
@calls 0 65054
@calls 0 65055
@calls 0 65056
@calls 0 65057
@calls 0 65058
@calls 0 65059
@calls 0 65060
@calls 0 65061
@calls 0 65062
@calls 0 65063
@calls 0 65064
@calls 0 65065
@calls 0 65066
@calls 0 65067
@calls 0 65068
@calls 0 65069
@calls 0 65070
@calls 0 65071
@calls 0 65072
@calls 0 65073
@calls 0 65074
@calls 0 65075
@calls 0 65076
@calls 0 65077
@calls 0 65078
@calls 0 65079
@calls 0 65080
@calls 0 65081
@calls 0 65082
@calls 0 65083
@calls 0 65084
@calls 0 65085
@calls 0 65086
@calls 0 65087
@calls 0 65088
@calls 0 65089
@calls 0 65090
@calls 0 65091
@calls 0 65092
@calls 0 65093
@calls 0 65094
@calls 0 65095
@calls 0 65096
@calls 0 65097
@calls 0 65098
@calls 0 65099
@calls 0 65100
@calls 0 65101
@calls 0 65102
@calls 0 65103
@calls 0 65104
@calls 0 65105
@calls 0 65106
@calls 0 65107
@calls 0 65108
@calls 0 65109
@calls 0 65110
@calls 0 65111
@calls 0 65112
@calls 0 65113
@calls 0 65114
@calls 0 65115
@calls 0 65116
@calls 0 65117
@calls 0 65118
@calls 0 65119
@calls 0 65120
@calls 0 65121
@calls 0 65122
@calls 0 65123
@calls 0 65124
@calls 0 65125
@calls 0 65126
@calls 0 65127
@calls 0 65128
@calls 0 65129
@calls 0 65130
@calls 0 65131
@calls 0 65132
@calls 0 65133
@calls 0 65134
@calls 0 65135
@calls 0 65136
@calls 0 65137
@calls 0 65138
@calls 0 65139
@calls 0 65140
@calls 0 65141
@calls 0 65142
@calls 0 65143
@calls 0 65144
@calls 0 65145
@calls 0 65146
@calls 0 65147
@calls 0 65148
@calls 0 65149
@calls 0 65150
@calls 0 65151
@calls 0 65152
@calls 0 65153
@calls 0 65154
@calls 0 65155
@calls 0 65156
@calls 0 65157
@calls 0 65158
@calls 0 65159
@calls 0 65160
@calls 0 65161
@calls 0 65162
@calls 0 65163
@calls 0 65164
@calls 0 65165
@calls 0 65166
@calls 0 65167
@calls 0 65168
@calls 0 65169
@calls 0 65170
@calls 0 65171
@calls 0 65172
@calls 0 65173
@calls 0 65174
@calls 0 65175
@calls 0 65176
@calls 0 65177
@calls 0 65178
@calls 0 65179
@calls 0 65180
@calls 0 65181
@calls 0 65182
@calls 0 65183
@calls 0 65184
@calls 0 65185
@calls 0 65186
@calls 0 65187
@calls 0 65188
@calls 0 65189
@calls 0 65190
@calls 0 65191
@calls 0 65192
@calls 0 65193
@calls 0 65194
@calls 0 65195
@calls 0 65196
@calls 0 65197
@calls 0 65198
@calls 0 65199
@calls 0 65200
@calls 0 65201
@calls 0 65202
@calls 0 65203
@calls 0 65204
@calls 0 65205
@calls 0 65206
@calls 0 65207
@calls 0 65208
@calls 0 65209
@calls 0 65210
@calls 0 65211
@calls 0 65212
@calls 0 65213
@calls 0 65214
@calls 0 65215
@calls 0 65216
@calls 0 65217
@calls 0 65218
@calls 0 65219
@calls 0 65220
@calls 0 65221
@calls 0 65222
@calls 0 65223
@calls 0 65224
@calls 0 65225
@calls 0 65226
@calls 0 65227
@calls 0 65228
@calls 0 65229
@calls 0 65230
@calls 0 65231
@calls 0 65232
@calls 0 65233
@calls 0 65234
@calls 0 65235
@calls 0 65236
@calls 0 65237
@calls 0 65238
@calls 0 65239
@calls 0 65240
@calls 0 65241
@calls 0 65242
@calls 0 65243
@calls 0 65244
@calls 0 65245
@calls 0 65246
@calls 0 65247
@calls 0 65248
@calls 0 65249
@calls 0 65250
@calls 0 65251
@calls 0 65252
@calls 0 65253
@calls 0 65254
@calls 0 65255
@calls 0 65256
@calls 0 65257
@calls 0 65258
@calls 0 65259
@calls 0 65260
@calls 0 65261
@calls 0 65262
@calls 0 65263
@calls 0 65264
@calls 0 65265
@calls 0 65266
@calls 0 65267
@calls 0 65268
@calls 0 65269
@calls 0 65270
@calls 0 65271
@calls 0 65272
@calls 0 65273
@calls 0 65274
@calls 0 65275
@calls 0 65276
@calls 0 65277
@calls 0 65278
@calls 0 65279
@calls 0 65280
@calls 0 65281
@calls 0 65282
@calls 0 65283
@calls 0 65284
@calls 0 65285
@calls 0 65286
@calls 0 65287
@calls 0 65288
@calls 0 65289
@calls 0 65290
@calls 0 65291
@calls 0 65292
@calls 0 65293
@calls 0 65294
@calls 0 65295
@calls 0 65296
@calls 0 65297
@calls 0 65298
@calls 0 65299
@calls 0 65300
@calls 0 65301
@calls 0 65302
@calls 0 65303
@calls 0 65304
@calls 0 65305
@calls 0 65306
@calls 0 65307
@calls 0 65308
@calls 0 65309
@calls 0 65310
@calls 0 65311
@calls 0 65312
@calls 0 65313
@calls 0 65314
@calls 0 65315
@calls 0 65316
@calls 0 65317
@calls 0 65318
@calls 0 65319
@calls 0 65320
@calls 0 65321
@calls 0 65322
@calls 0 65323
@calls 0 65324
@calls 0 65325
@calls 0 65326
@calls 0 65327
@calls 0 65328
@calls 0 65329
@calls 0 65330
@calls 0 65331
@calls 0 65332
@calls 0 65333
@calls 0 65334
@calls 0 65335
@calls 0 65336
@calls 0 65337
@calls 0 65338
@calls 0 65339
@calls 0 65340
@calls 0 65341
@calls 0 65342
@calls 0 65343
@calls 0 65344
@calls 0 65345
@calls 0 65346
@calls 0 65347
@calls 0 65348
@calls 0 65349
@calls 0 65350
@calls 0 65351
@calls 0 65352
@calls 0 65353
@calls 0 65354
@calls 0 65355
@calls 0 65356
@calls 0 65357
@calls 0 65358
@calls 0 65359
@calls 0 65360
@calls 0 65361
@calls 0 65362
@calls 0 65363
@calls 0 65364
@calls 0 65365
@calls 0 65366
@calls 0 65367
@calls 0 65368
@calls 0 65369
@calls 0 65370
@calls 0 65371
@calls 0 65372
@calls 0 65373
@calls 0 65374
@calls 0 65375
@calls 0 65376
@calls 0 65377
@calls 0 65378
@calls 0 65379
@calls 0 65380
@calls 0 65381
@calls 0 65382
@calls 0 65383
@calls 0 65384
@calls 0 65385
@calls 0 65386
@calls 0 65387
@calls 0 65388
@calls 0 65389
@calls 0 65390
@calls 0 65391
@calls 0 65392
@calls 0 65393
@calls 0 65394
@calls 0 65395
@calls 0 65396
@calls 0 65397
@calls 0 65398
@calls 0 65399
@calls 0 65400
@calls 0 65401
@calls 0 65402
@calls 0 65403
@calls 0 65404
@calls 0 65405
@calls 0 65406
@calls 0 65407
@calls 0 65408
@calls 0 65409
@calls 0 65410
@calls 0 65411
@calls 0 65412
@calls 0 65413
@calls 0 65414
@calls 0 65415
@calls 0 65416
@calls 0 65417
@calls 0 65418
@calls 0 65419
@calls 0 65420
@calls 0 65421
@calls 0 65422
@calls 0 65423
@calls 0 65424
@calls 0 65425
@calls 0 65426
@calls 0 65427
@calls 0 65428
@calls 0 65429
@calls 0 65430
@calls 0 65431
@calls 0 65432
@calls 0 65433
@calls 0 65434
@calls 0 65435
@calls 0 65436
@calls 0 65437
@calls 0 65438
@calls 0 65439
@calls 0 65440
@calls 0 65441
@calls 0 65442
@calls 0 65443
@calls 0 65444
@calls 0 65445
@calls 0 65446
@calls 0 65447
@calls 0 65448
@calls 0 65449
@calls 0 65450
@calls 0 65451
@calls 0 65452
@calls 0 65453
@calls 0 65454
@calls 0 65455
@calls 0 65456
@calls 0 65457
@calls 0 65458
@calls 0 65459
@calls 0 65460
@calls 0 65461
@calls 0 65462
@calls 0 65463
@calls 0 65464
@calls 0 65465
@calls 0 65466
@calls 0 65467
@calls 0 65468
@calls 0 65469
@calls 0 65470
@calls 0 65471
@calls 0 65472
@calls 0 65473
@calls 0 65474
@calls 0 65475
@calls 0 65476
@calls 0 65477
@calls 0 65478
@calls 0 65479
@calls 0 65480
@calls 0 65481
@calls 0 65482
@calls 0 65483
@calls 0 65484
@calls 0 65485
@calls 0 65486
@calls 0 65487
@calls 0 65488
@calls 0 65489
@calls 0 65490
@calls 0 65491
@calls 0 65492
@calls 0 65493
@calls 0 65494
@calls 0 65495
@calls 0 65496
@calls 0 65497
@calls 0 65498
@calls 0 65499
@calls 0 65500
@calls 0 65501
@calls 0 65502
@calls 0 65503
@calls 0 65504
@calls 0 65505
@calls 0 65506
@calls 0 65507
@calls 0 65508
@calls 0 65509
@calls 0 65510
@calls 0 65511
@calls 0 65512
@calls 0 65513
@calls 0 65514
@calls 0 65515
@calls 0 65516
@calls 0 65517
@calls 0 65518
@calls 0 65519
@calls 0 65520
@calls 0 65521
@calls 0 65522
@calls 0 65523
@calls 0 65524
@calls 0 65525
@calls 0 65526
@calls 0 65527
@calls 0 65528
@calls 0 65529
@calls 0 65530
@calls 0 65531
@calls 0 65532
@calls 0 65533
@calls 0 65534
@calls 0 65535
@calls 0 65536
@calls 0 65537
@calls 0 65538
@calls 0 65539
@calls 0 65540
@calls 0 65541
@calls 0 65542
@calls 0 65543
@calls 0 65544
@calls 0 65545
@calls 0 65546
@calls 0 65547
@calls 0 65548
@calls 0 65549
@calls 0 65550
@calls 0 65551
@calls 0 65552
@calls 0 65553
@calls 0 65554
@calls 0 65555
@calls 0 65556
@calls 0 65557
@calls 0 65558
@calls 0 65559
@calls 0 65560
@calls 0 65561
@calls 0 65562
@calls 0 65563
@calls 0 65564
@calls 0 65565
@calls 0 65566
@calls 0 65567
@calls 0 65568
@calls 0 65569
@calls 0 65570
@calls 0 65571
@calls 0 65572
@calls 0 65573
@calls 0 65574
@calls 0 65575
@calls 0 65576
@calls 0 65577
@calls 0 65578
@calls 0 65579
@calls 0 65580
@calls 0 65581
@calls 0 65582
@calls 0 65583
@calls 0 65584
@calls 0 65585
@calls 0 65586
@calls 0 65587
@calls 0 65588
@calls 0 65589
@calls 0 65590
@calls 0 65591
@calls 0 65592
@calls 0 65593
@calls 0 65594
@calls 0 65595
@calls 0 65596
@calls 0 65597
@calls 0 65598
@calls 0 65599
@calls 0 65600
@calls 0 65601
@calls 0 65602
@calls 0 65603
@calls 0 65604
@calls 0 65605
@calls 0 65606
@calls 0 65607
@calls 0 65608
@calls 0 65609
@calls 0 65610
@calls 0 65611
@calls 0 65612
@calls 0 65613
@calls 0 65614
@calls 0 65615
@calls 0 65616
@calls 0 65617
@calls 0 65618
@calls 0 65619
@calls 0 65620
@calls 0 65621
@calls 0 65622
@calls 0 65623
@calls 0 65624
@calls 0 65625
@calls 0 65626
@calls 0 65627
@calls 0 65628
@calls 0 65629
@calls 0 65630
@calls 0 65631
@calls 0 65632
@calls 0 65633
@calls 0 65634
@calls 0 65635
@calls 0 65636
@calls 0 65637
@calls 0 65638
@calls 0 65639
@calls 0 65640
@calls 0 65641
@calls 0 65642
@calls 0 65643
@calls 0 65644
@calls 0 65645
@calls 0 65646
@calls 0 65647
@calls 0 65648
@calls 0 65649
@calls 0 65650
@calls 0 65651
@calls 0 65652
@calls 0 65653
@calls 0 65654
@calls 0 65655
@calls 0 65656
@calls 0 65657
@calls 0 65658
@calls 0 65659
@calls 0 65660
@calls 0 65661
@calls 0 65662
@calls 0 65663
@calls 0 65664
@calls 0 65665
@calls 0 65666
@calls 0 65667
@calls 0 65668
@calls 0 65669
@calls 0 65670
@calls 0 65671
@calls 0 65672
@calls 0 65673
@calls 0 65674
@calls 0 65675
@calls 0 65676
@calls 0 65677
@calls 0 65678
@calls 0 65679
@calls 0 65680
@calls 0 65681
@calls 0 65682
@calls 0 65683
@calls 0 65684
@calls 0 65685
@calls 0 65686
@calls 0 65687
@calls 0 65688
@calls 0 65689
@calls 0 65690
@calls 0 65691
@calls 0 65692
@calls 0 65693
@calls 0 65694
@calls 0 65695
@calls 0 65696
@calls 0 65697
@calls 0 65698
@calls 0 65699
@calls 0 65700
@calls 0 65701
@calls 0 65702
@calls 0 65703
@calls 0 65704
@calls 0 65705
@calls 0 65706
@calls 0 65707
@calls 0 65708
@calls 0 65709
@calls 0 65710
@calls 0 65711
@calls 0 65712
@calls 0 65713
@calls 0 65714
@calls 0 65715
@calls 0 65716
@calls 0 65717
@calls 0 65718
@calls 0 65719
@calls 0 65720
@calls 0 65721
@calls 0 65722
@calls 0 65723
@calls 0 65724
@calls 0 65725
@calls 0 65726
@calls 0 65727
@calls 0 65728
@calls 0 65729
@calls 0 65730
@calls 0 65731
@calls 0 65732
@calls 0 65733
@calls 0 65734
@calls 0 65735
@calls 0 65736
@calls 0 65737
@calls 0 65738
@calls 0 65739
@calls 0 65740
@calls 0 65741
@calls 0 65742
@calls 0 65743
@calls 0 65744
@calls 0 65745
@calls 0 65746
@calls 0 65747
@calls 0 65748
@calls 0 65749
@calls 0 65750
@calls 0 65751
@calls 0 65752
@calls 0 65753
@calls 0 65754
@calls 0 65755
@calls 0 65756
@calls 0 65757
@calls 0 65758
@calls 0 65759
@calls 0 65760
@calls 0 65761
@calls 0 65762
@calls 0 65763
@calls 0 65764
@calls 0 65765
@calls 0 65766
@calls 0 65767
@calls 0 65768
@calls 0 65769
@calls 0 65770
@calls 0 65771
@calls 0 65772
@calls 0 65773
@calls 0 65774
@calls 0 65775
@calls 0 65776
@calls 0 65777
@calls 0 65778
@calls 0 65779
@calls 0 65780
@calls 0 65781
@calls 0 65782
@calls 0 65783
@calls 0 65784
@calls 0 65785
@calls 0 65786
@calls 0 65787
@calls 0 65788
@calls 0 65789
@calls 0 65790
@calls 0 65791
@calls 0 65792
@calls 0 65793
@calls 0 65794
@calls 0 65795
@calls 0 65796
@calls 0 65797
@calls 0 65798
@calls 0 65799
@calls 0 65800
@calls 0 65801
@calls 0 65802
@calls 0 65803
@calls 0 65804
@calls 0 65805
@calls 0 65806
@calls 0 65807
@calls 0 65808
@calls 0 65809
@calls 0 65810
@calls 0 65811
@calls 0 65812
@calls 0 65813
@calls 0 65814
@calls 0 65815
@calls 0 65816
@calls 0 65817
@calls 0 65818
@calls 0 65819
@calls 0 65820
@calls 0 65821
@calls 0 65822
@calls 0 65823
@calls 0 65824
@calls 0 65825
@calls 0 65826
@calls 0 65827
@calls 0 65828
@calls 0 65829
@calls 0 65830
@calls 0 65831
@calls 0 65832
@calls 0 65833
@calls 0 65834
@calls 0 65835
@calls 0 65836
@calls 0 65837
@calls 0 65838
@calls 0 65839
@calls 0 65840
@calls 0 65841
@calls 0 65842
@calls 0 65843
@calls 0 65844
@calls 0 65845
@calls 0 65846
@calls 0 65847
@calls 0 65848
@calls 0 65849
@calls 0 65850
@calls 0 65851
@calls 0 65852
@calls 0 65853
@calls 0 65854
@calls 0 65855
@calls 0 65856
@calls 0 65857
@calls 0 65858
@calls 0 65859
@calls 0 65860
@calls 0 65861
@calls 0 65862
@calls 0 65863
@calls 0 65864
@calls 0 65865
@calls 0 65866
@calls 0 65867
@calls 0 65868
@calls 0 65869
@calls 0 65870
@calls 0 65871
@calls 0 65872
@calls 0 65873
@calls 0 65874
@calls 0 65875
@calls 0 65876
@calls 0 65877
@calls 0 65878
@calls 0 65879
@calls 0 65880
@calls 0 65881
@calls 0 65882
@calls 0 65883
@calls 0 65884
@calls 0 65885
@calls 0 65886
@calls 0 65887
@calls 0 65888
@calls 0 65889
@calls 0 65890
@calls 0 65891
@calls 0 65892
@calls 0 65893
@calls 0 65894
@calls 0 65895
@calls 0 65896
@calls 0 65897
@calls 0 65898
@calls 0 65899
@calls 0 65900
@calls 0 65901
@calls 0 65902
@calls 0 65903
@calls 0 65904
@calls 0 65905
@calls 0 65906
@calls 0 65907
@calls 0 65908
@calls 0 65909
@calls 0 65910
@calls 0 65911
@calls 0 65912
@calls 0 65913
@calls 0 65914
@calls 0 65915
@calls 0 65916
@calls 0 65917
@calls 0 65918
@calls 0 65919
@calls 0 65920
@calls 0 65921
@calls 0 65922
@calls 0 65923
@calls 0 65924
@calls 0 65925
@calls 0 65926
@calls 0 65927
@calls 0 65928
@calls 0 65929
@calls 0 65930
@calls 0 65931
@calls 0 65932
@calls 0 65933
@calls 0 65934
@calls 0 65935
@calls 0 65936
@calls 0 65937
@calls 0 65938
@calls 0 65939
@calls 0 65940
@calls 0 65941
@calls 0 65942
@calls 0 65943
@calls 0 65944
@calls 0 65945
@calls 0 65946
@calls 0 65947
@calls 0 65948
@calls 0 65949
@calls 0 65950
@calls 0 65951
@calls 0 65952
@calls 0 65953
@calls 0 65954
@calls 0 65955
@calls 0 65956
@calls 0 65957
@calls 0 65958
@calls 0 65959
@calls 0 65960
@calls 0 65961
@calls 0 65962
@calls 0 65963
@calls 0 65964
@calls 0 65965
@calls 0 65966
@calls 0 65967
@calls 0 65968
@calls 0 65969
@calls 0 65970
@calls 0 65971
@calls 0 65972
@calls 0 65973
@calls 0 65974
@calls 0 65975
@calls 0 65976
@calls 0 65977
@calls 0 65978
@calls 0 65979
@calls 0 65980
@calls 0 65981
@calls 0 65982
@calls 0 65983
@calls 0 65984
@calls 0 65985
@calls 0 65986
@calls 0 65987
@calls 0 65988
@calls 0 65989
@calls 0 65990
@calls 0 65991
@calls 0 65992
@calls 0 65993
@calls 0 65994
@calls 0 65995
@calls 0 65996
@calls 0 65997
@calls 0 65998
@calls 0 65999
@calls 0 66000
@calls 0 66001
@calls 0 66002
@calls 0 66003
@calls 0 66004
@calls 0 66005
@calls 0 66006
@calls 0 66007
@calls 0 66008
@calls 0 66009
@calls 0 66010
@calls 0 66011
@calls 0 66012
@calls 0 66013
@calls 0 66014
@calls 0 66015
@calls 0 66016
@calls 0 66017
@calls 0 66018
@calls 0 66019
@calls 0 66020
@calls 0 66021
@calls 0 66022
@calls 0 66023
@calls 0 66024
@calls 0 66025
@calls 0 66026
@calls 0 66027
@calls 0 66028
@calls 0 66029
@calls 0 66030
@calls 0 66031
@calls 0 66032
@calls 0 66033
@calls 0 66034
@calls 0 66035
@calls 0 66036
@calls 0 66037
@calls 0 66038
@calls 0 66039
@calls 0 66040
@calls 0 66041
@calls 0 66042
@calls 0 66043
@calls 0 66044
@calls 0 66045
@calls 0 66046
@calls 0 66047
@calls 0 66048
@calls 0 66049
@calls 0 66050
@calls 0 66051
@calls 0 66052
@calls 0 66053
@calls 0 66054
@calls 0 66055
@calls 0 66056
@calls 0 66057
@calls 0 66058
@calls 0 66059
@calls 0 66060
@calls 0 66061
@calls 0 66062
@calls 0 66063
@calls 0 66064
@calls 0 66065
@calls 0 66066
@calls 0 66067
@calls 0 66068
@calls 0 66069
@calls 0 66070
@calls 0 66071
@calls 0 66072
@calls 0 66073
@calls 0 66074
@calls 0 66075
@calls 0 66076
@calls 0 66077
@calls 0 66078
@calls 0 66079
@calls 0 66080
@calls 0 66081
@calls 0 66082
@calls 0 66083
@calls 0 66084
@calls 0 66085
@calls 0 66086
@calls 0 66087
@calls 0 66088
@calls 0 66089
@calls 0 66090
@calls 0 66091
@calls 0 66092
@calls 0 66093
@calls 0 66094
@calls 0 66095
@calls 0 66096
@calls 0 66097
@calls 0 66098
@calls 0 66099
@calls 0 66100
@calls 0 66101
@calls 0 66102
@calls 0 66103
@calls 0 66104
@calls 0 66105
@calls 0 66106
@calls 0 66107
@calls 0 66108
@calls 0 66109
@calls 0 66110
@calls 0 66111
@calls 0 66112
@calls 0 66113
@calls 0 66114
@calls 0 66115
@calls 0 66116
@calls 0 66117
@calls 0 66118
@calls 0 66119
@calls 0 66120
@calls 0 66121
@calls 0 66122
@calls 0 66123
@calls 0 66124
@calls 0 66125
@calls 0 66126
@calls 0 66127
@calls 0 66128
@calls 0 66129
@calls 0 66130
@calls 0 66131
@calls 0 66132
@calls 0 66133
@calls 0 66134
@calls 0 66135
@calls 0 66136
@calls 0 66137
@calls 0 66138
@calls 0 66139
@calls 0 66140
@calls 0 66141
@calls 0 66142
@calls 0 66143
@calls 0 66144
@calls 0 66145
@calls 0 66146
@calls 0 66147
@calls 0 66148
@calls 0 66149
@calls 0 66150
@calls 0 66151
@calls 0 66152
@calls 0 66153
@calls 0 66154
@calls 0 66155
@calls 0 66156
@calls 0 66157
@calls 0 66158
@calls 0 66159
@calls 0 66160
@calls 0 66161
@calls 0 66162
@calls 0 66163
@calls 0 66164
@calls 0 66165
@calls 0 66166
@calls 0 66167
@calls 0 66168
@calls 0 66169
@calls 0 66170
@calls 0 66171
@calls 0 66172
@calls 0 66173
@calls 0 66174
@calls 0 66175
@calls 0 66176
@calls 0 66177
@calls 0 66178
@calls 0 66179
@calls 0 66180
@calls 0 66181
@calls 0 66182
@calls 0 66183
@calls 0 66184
@calls 0 66185
@calls 0 66186
@calls 0 66187
@calls 0 66188
@calls 0 66189
@calls 0 66190
@calls 0 66191
@calls 0 66192
@calls 0 66193
@calls 0 66194
@calls 0 66195
@calls 0 66196
@calls 0 66197
@calls 0 66198
@calls 0 66199
@calls 0 66200
@calls 0 66201
@calls 0 66202
@calls 0 66203
@calls 0 66204
@calls 0 66205
@calls 0 66206
@calls 0 66207
@calls 0 66208
@calls 0 66209
@calls 0 66210
@calls 0 66211
@calls 0 66212
@calls 0 66213
@calls 0 66214
@calls 0 66215
@calls 0 66216
@calls 0 66217
@calls 0 66218
@calls 0 66219
@calls 0 66220
@calls 0 66221
@calls 0 66222
@calls 0 66223
@calls 0 66224
@calls 0 66225
@calls 0 66226
@calls 0 66227
@calls 0 66228
@calls 0 66229
@calls 0 66230
@calls 0 66231
@calls 0 66232
@calls 0 66233
@calls 0 66234
@calls 0 66235
@calls 0 66236
@calls 0 66237
@calls 0 66238
@calls 0 66239
@calls 0 66240
@calls 0 66241
@calls 0 66242
@calls 0 66243
@calls 0 66244
@calls 0 66245
@calls 0 66246
@calls 0 66247
@calls 0 66248
@calls 0 66249
@calls 0 66250
@calls 0 66251
@calls 0 66252
@calls 0 66253
@calls 0 66254
@calls 0 66255
@calls 0 66256
@calls 0 66257
@calls 0 66258
@calls 0 66259
@calls 0 66260
@calls 0 66261
@calls 0 66262
@calls 0 66263
@calls 0 66264
@calls 0 66265
@calls 0 66266
@calls 0 66267
@calls 0 66268
@calls 0 66269
@calls 0 66270
@calls 0 66271
@calls 0 66272
@calls 0 66273
@calls 0 66274
@calls 0 66275
@calls 0 66276
@calls 0 66277
@calls 0 66278
@calls 0 66279
@calls 0 66280
@calls 0 66281
@calls 0 66282
@calls 0 66283
@calls 0 66284
@calls 0 66285
@calls 0 66286
@calls 0 66287
@calls 0 66288
@calls 0 66289
@calls 0 66290
@calls 0 66291
@calls 0 66292
@calls 0 66293
@calls 0 66294
@calls 0 66295
@calls 0 66296
@calls 0 66297
@calls 0 66298
@calls 0 66299
@calls 0 66300
@calls 0 66301
@calls 0 66302
@calls 0 66303
@calls 0 66304
@calls 0 66305
@calls 0 66306
@calls 0 66307
@calls 0 66308
@calls 0 66309
@calls 0 66310
@calls 0 66311
@calls 0 66312
@calls 0 66313
@calls 0 66314
@calls 0 66315
@calls 0 66316
@calls 0 66317
@calls 0 66318
@calls 0 66319
@calls 0 66320
@calls 0 66321
@calls 0 66322
@calls 0 66323
@calls 0 66324
@calls 0 66325
@calls 0 66326
@calls 0 66327
@calls 0 66328
@calls 0 66329
@calls 0 66330
@calls 0 66331
@calls 0 66332
@calls 0 66333
@calls 0 66334
@calls 0 66335
@calls 0 66336
@calls 0 66337
@calls 0 66338
@calls 0 66339
@calls 0 66340
@calls 0 66341
@calls 0 66342
@calls 0 66343
@calls 0 66344
@calls 0 66345
@calls 0 66346
@calls 0 66347
@calls 0 66348
@calls 0 66349
@calls 0 66350
@calls 0 66351
@calls 0 66352
@calls 0 66353
@calls 0 66354
@calls 0 66355
@calls 0 66356
@calls 0 66357
@calls 0 66358
@calls 0 66359
@calls 0 66360
@calls 0 66361
@calls 0 66362
@calls 0 66363
@calls 0 66364
@calls 0 66365
@calls 0 66366
@calls 0 66367
@calls 0 66368
@calls 0 66369
@calls 0 66370
@calls 0 66371
@calls 0 66372
@calls 0 66373
@calls 0 66374
@calls 0 66375
@calls 0 66376
@calls 0 66377
@calls 0 66378
@calls 0 66379
@calls 0 66380
@calls 0 66381
@calls 0 66382
@calls 0 66383
@calls 0 66384
@calls 0 66385
@calls 0 66386
@calls 0 66387
@calls 0 66388
@calls 0 66389
@calls 0 66390
@calls 0 66391
@calls 0 66392
@calls 0 66393
@calls 0 66394
@calls 0 66395
@calls 0 66396
@calls 0 66397
@calls 0 66398
@calls 0 66399
@calls 0 66400
@calls 0 66401
@calls 0 66402
@calls 0 66403
@calls 0 66404
@calls 0 66405
@calls 0 66406
@calls 0 66407
@calls 0 66408
@calls 0 66409
@calls 0 66410
@calls 0 66411
@calls 0 66412
@calls 0 66413
@calls 0 66414
@calls 0 66415
@calls 0 66416
@calls 0 66417
@calls 0 66418
@calls 0 66419
@calls 0 66420
@calls 0 66421
@calls 0 66422
@calls 0 66423
@calls 0 66424
@calls 0 66425
@calls 0 66426
@calls 0 66427
@calls 0 66428
@calls 0 66429
@calls 0 66430
@calls 0 66431
@calls 0 66432
@calls 0 66433
@calls 0 66434
@calls 0 66435
@calls 0 66436
@calls 0 66437
@calls 0 66438
@calls 0 66439
@calls 0 66440
@calls 0 66441
@calls 0 66442
@calls 0 66443
@calls 0 66444
@calls 0 66445
@calls 0 66446
@calls 0 66447
@calls 0 66448
@calls 0 66449
@calls 0 66450
@calls 0 66451
@calls 0 66452
@calls 0 66453
@calls 0 66454
@calls 0 66455
@calls 0 66456
@calls 0 66457
@calls 0 66458
@calls 0 66459
@calls 0 66460
@calls 0 66461
@calls 0 66462
@calls 0 66463
@calls 0 66464
@calls 0 66465
@calls 0 66466
@calls 0 66467
@calls 0 66468
@calls 0 66469
@calls 0 66470
@calls 0 66471
@calls 0 66472
@calls 0 66473
@calls 0 66474
@calls 0 66475
@calls 0 66476
@calls 0 66477
@calls 0 66478
@calls 0 66479
@calls 0 66480
@calls 0 66481
@calls 0 66482
@calls 0 66483
@calls 0 66484
@calls 0 66485
@calls 0 66486
@calls 0 66487
@calls 0 66488
@calls 0 66489
@calls 0 66490
@calls 0 66491
@calls 0 66492
@calls 0 66493
@calls 0 66494
@calls 0 66495
@calls 0 66496
@calls 0 66497
@calls 0 66498
@calls 0 66499
@calls 0 66500
@calls 0 66501
@calls 0 66502
@calls 0 66503
@calls 0 66504
@calls 0 66505
@calls 0 66506
@calls 0 66507
@calls 0 66508
@calls 0 66509
@calls 0 66510
@calls 0 66511
@calls 0 66512
@calls 0 66513
@calls 0 66514
@calls 0 66515
@calls 0 66516
@calls 0 66517
@calls 0 66518
@calls 0 66519
@calls 0 66520
@calls 0 66521
@calls 0 66522
@calls 0 66523
@calls 0 66524
@calls 0 66525
@calls 0 66526
@calls 0 66527
@calls 0 66528
@calls 0 66529
@calls 0 66530
@calls 0 66531
@calls 0 66532
@calls 0 66533
@calls 0 66534
@calls 0 66535
@calls 0 66536
@calls 0 66537
@calls 0 66538
@calls 0 66539
@calls 0 66540
@calls 0 66541
@calls 0 66542
@calls 0 66543
@calls 0 66544
@calls 0 66545
@calls 0 66546
@calls 0 66547
@calls 0 66548
@calls 0 66549
@calls 0 66550
@calls 0 66551
@calls 0 66552
@calls 0 66553
@calls 0 66554
@calls 0 66555
@calls 0 66556
@calls 0 66557
@calls 0 66558
@calls 0 66559
@calls 0 66560
@calls 0 66561
@calls 0 66562
@calls 0 66563
@calls 0 66564
@calls 0 66565
@calls 0 66566
@calls 0 66567
@calls 0 66568
@calls 0 66569
@calls 0 66570
@calls 0 66571
@calls 0 66572
@calls 0 66573
@calls 0 66574
@calls 0 66575
@calls 0 66576
@calls 0 66577
@calls 0 66578
@calls 0 66579
@calls 0 66580
@calls 0 66581
@calls 0 66582
@calls 0 66583
@calls 0 66584
@calls 0 66585
@calls 0 66586
@calls 0 66587
@calls 0 66588
@calls 0 66589
@calls 0 66590
@calls 0 66591
@calls 0 66592
@calls 0 66593
@calls 0 66594
@calls 0 66595
@calls 0 66596
@calls 0 66597
